TIPO,OBSERVACION
Libre,
Libre,
Libre,El recurso se encuentra junto a la carretera que conduce al mirador Yurac Urco y no existe boletería o control alguno
"Previa presentación de boleto o ticket(especificar tarifa:niños, adultos, estudiantes, etc)",Compra de boleto para acceso a tres atractivos turísticos. Entrada general: S/5.00
"Previa presentación de boleto o ticket(especificar tarifa:niños, adultos, estudiantes, etc)","Se paga el ingreso al pueblo de Queropalca, S/. 40.00 Extranjeros y S/. 30.00 Nacionales. Monto único para visitar los recursos que se encuentran dentro de la reserva."
"Previa presentación de boleto o ticket(especificar tarifa:niños, adultos, estudiantes, etc)","El ingreso al recurso se paga en Queropalca con tarifa única de S/40, mientras que el acceso al campamento cuesta S/25 para nacionales y S/30 para extranjeros, pago en la comunidad de Quishuarcancha."
Libre,
Libre,
Libre,
Libre,
Semi-restringido(previo permiso),Previa coordinación con la persona responsable de la vigilancia del templo.
Semi-restringido(previo permiso),En la puerta esta el número del responsable del templo para que puedan ingresar.
"Previa presentación de boleto o ticket(especificar tarifa:niños, adultos, estudiantes, etc)",Locales: S/. 5.00 Nacionales y extranjeros: S/. 10.00
"Previa presentación de boleto o ticket(especificar tarifa:niños, adultos, estudiantes, etc)",Adultos : S/.5.00 Estudiantes de educación superior : S/.2.00 Estudiantes de educación escolar : S/.1.00
Libre,
Libre,
Libre,
"Previa presentación de boleto o ticket(especificar tarifa:niños, adultos, estudiantes, etc)","Costo del ticket es de S/1.00, para los niños y adultos. Los niños menores de 5 años ingresan gratis."
Semi-restringido(previo permiso),Presentar una solicitud dirigida a la Jefatura de Área a través de la mesa virtual: https:mesadepartesvirtual.sernanp.gob.pe
Libre,Recoger y retornar los desperdicios que se puedan generar durante la visita. Evitar la contaminación auditiva que pueda ahuyentar o molestar a las aves de la zona.
Libre,Sin restricciones
Libre,"Se recomienda llevar bloqueador solar, lentes de sol , agua,y repelente"
Libre,"Se recomienda llevar gorro, bloqueador solar, agua, lentes de sol y repelente"
Libre,
Libre,De lunes a viernes. Fines de semana previa coordinación con el Área de Imagen Institucional y Turismo de la Municipalidad del CP San Lucas de Colán.
Libre,"Importante especificar que solo combis llegan a la playa en enero,febrero, marzo, fuera de temporada solo es posible llegar por un auto particular"
"Previa presentación de boleto o ticket(especificar tarifa:niños, adultos, estudiantes, etc)",Costo de ingreso: Niños/as: S/ 2. 00 Adultos/as: S/ 5. 00 Estudiantes: S/ 2. 00 Extranjeros: S/ 5. 00
"Previa presentación de boleto o ticket(especificar tarifa:niños, adultos, estudiantes, etc)","El precio general de entrada es de S/ 5.00 la misma tendrá que ser adquirido en el parador turístico numparket, no se cuenta con precios diferenciados."
Libre,"Se recomienda coordinar con la municipalidad de Yamón, para gestionar el ingreso o comunicarse al celular 973732408 con la Sra. Marisol Fernández Sigueñas."
"Previa presentación de boleto o ticket(especificar tarifa:niños, adultos, estudiantes, etc)","Tarifa general: S./ 5.00, adultos mayores de 65 años, no pagan."
Libre,
"Previa presentación de boleto o ticket(especificar tarifa:niños, adultos, estudiantes, etc)",Entrada general S/ 5.00
"Previa presentación de boleto o ticket(especificar tarifa:niños, adultos, estudiantes, etc)",Entrada general S/ 10.00 soles
"Previa presentación de boleto o ticket(especificar tarifa:niños, adultos, estudiantes, etc)",Adultos:10.00-Estudiantes:5.00-Niños:1.00
Libre,Lunes a domingo
,
"Previa presentación de boleto o ticket(especificar tarifa:niños, adultos, estudiantes, etc)","Costo adultos: 10, estudiantes:5, niños: 1"
"Previa presentación de boleto o ticket(especificar tarifa:niños, adultos, estudiantes, etc)","Adultos: s/ 10.00 Universitarios: s/ 5.00 Niños, escolares: s/ 1.00 Jubilados: s/ 5.00"
Libre,
Libre,
Libre,"Llevar zapatillas de caminata, gorra o sombrero, bloqueador. En caso de ingresar con mascotas, tienen que llevar correa y bolsas para el recojo de sus heces."
"Previa presentación de boleto o ticket(especificar tarifa:niños, adultos, estudiantes, etc)",*EL INGRESO AL MUELLE TIENE UNA TARIFA DE S/2.00 POR PERSONA *LOS PASEOS EN BOTE O PEDALONES TIENEN UN COSTO DE S/5.00 POR PERSONA
Libre,
,
Libre,
Libre,
,
Libre,
"Previa presentación de boleto o ticket(especificar tarifa:niños, adultos, estudiantes, etc)",Costo de ingreso: S/.2.00 y con guía S/25.00
"Previa presentación de boleto o ticket(especificar tarifa:niños, adultos, estudiantes, etc)",Adulto S/ 3.00 -Niño S/ 1.00 - Extranjero S/. 10.00
"Previa presentación de boleto o ticket(especificar tarifa:niños, adultos, estudiantes, etc)",Adultos S/ 6.00 - Niños de 5 a 11 años S/ 3.00 - Menores de 5 año no pagan ingreso.
,
,
Libre,
Semi-restringido(previo permiso),El ingreso es con previo permiso en el área de recepción al número de celular 965834759 con el administrador Oscar Fang.
Libre,
"Previa presentación de boleto o ticket(especificar tarifa:niños, adultos, estudiantes, etc)",Niños: s/3.00 Adultos: s/5.00 Extranjeros: s/10.00
"Previa presentación de boleto o ticket(especificar tarifa:niños, adultos, estudiantes, etc)",Niños de 4 a 11 años: s/5.00 Personas de 12 a 64 años: s/10.00 Extranjeros: s/15.00
Libre,Lunes - Domingo
"Previa presentación de boleto o ticket(especificar tarifa:niños, adultos, estudiantes, etc)#Libre","Tarifa general: S/.8.00 - Especial: S/ 4.00, Estudiantes S/ 3.00, Escolares: S/.1.50#Primer domingo de cada mes, ingreso libre para los peruanos y residentes previa presentación de DNI Para menores de 18 años por todo el 2024"
,
Libre,
"Previa presentación de boleto o ticket(especificar tarifa:niños, adultos, estudiantes, etc)",Entrada general S/. 1.00
,
"Previa presentación de boleto o ticket(especificar tarifa:niños, adultos, estudiantes, etc)#Libre","General S/ 8.00 - Estudiantes universitaria o técnica S/ 4.00 - Adultos mayores de 60 años, personas en servicio militar voluntario y profesores 50% de descuento sobre el valor de la entrada de adulto#- Menores de edad, según R.M. N° 000092-2024-MC - 1er domingo de cada mes, 18 de Mayo (Dia Internacional de los Museos) y 19 de Setiembre (aniversario del Museo) - En 2024 personas con discapacidad."
Semi-restringido(previo permiso),"Previa autorización SERNAMP, Ing. Carolina Guevara Molina - cel 968218439"
Libre,
"Previa presentación de boleto o ticket(especificar tarifa:niños, adultos, estudiantes, etc)",• Adultos: S/15.00 • Estudiantes / Universitarios: S/ 10.00 • Niños: S/3.00 (incluye taza de café) Capacidad para 30 personas.
Libre,
,
Libre,
Libre,
Libre,
"Previa presentación de boleto o ticket(especificar tarifa:niños, adultos, estudiantes, etc)","Costo de ingreso por un día. •Extranjero: s/. 30.00. •Nacional: Adultos s/. 15.00, Niños de 5 a 17 años: S/. 5.00 • Local: Adultos s/. 5.00 y, Niños de 5 a 17 años: S/. 3.00"
Libre,
Otros (especificar),"El acceso al recinto de la casa se encuentra restringido con la finalidad de preservar su valor cultural e histórico; afortunadamente, la arquitectura y diseño se pueden apreciar desde el exterior."
Semi-restringido(previo permiso),Previa coordinación al correo electrónico parroquiaquillazu@gmail.com
Libre,
"Previa presentación de boleto o ticket(especificar tarifa:niños, adultos, estudiantes, etc)",Tarifa : s/. 3.00 adultos s/. 2.00 niños
"Previa presentación de boleto o ticket(especificar tarifa:niños, adultos, estudiantes, etc)","Adultos S/. 7.00; universitarios y docentes S/. 5.00 y escolares S/. 2.00 La visita al museo forma parte del recorrido turístico del Monumento Arqueológico de Sechín, ya que ambos pueden ser apreciado"
"Previa presentación de boleto o ticket(especificar tarifa:niños, adultos, estudiantes, etc)",Adultos S/. 7.00; universitarios y docentes S/. 5.00 y escolares S/. 2.00
"Previa presentación de boleto o ticket(especificar tarifa:niños, adultos, estudiantes, etc)","El costo para Adultos es de S/. 8.00 nuevos soles, estudiantes de nivel superior, docentes y jubilados S/.4.00 y niño escolar 1 nuevos soles."
Semi-restringido(previo permiso),"Ticket de ingreso: Adultos: 15.00 (quince nuevos soles), incluye visita turística guiada, coctel de bienvenida y degustación de vinos y piscos. Niños de 12 a 17 años de edad: 5.00 (cinco nuevos soles)"
Libre,
Libre,El ingreso libre es dentro del Ambiente Urbano Monumental
Semi-restringido(previo permiso),"El ingreso a la bodega es previa reservación, puede comunicarse al cel. 973 623747 o enviar un correo a: admi_hotel@ocucaje.com erosero@ocucaje.com"
Libre,
Libre,
"Previa presentación de boleto o ticket(especificar tarifa:niños, adultos, estudiantes, etc)",El tour guiado dura aproximadamente 45 min a 1 hora (solo guiado en español) Tarifa normal: Adultos S/ 30.00 Niños S/ 10.00 Adultos mayores S/ 15.00 (65 años a más) Feriados: Adultos S/ 40.00 Niños
Libre,
,
Libre,Registrase en el punto de control.
Libre,
"Previa presentación de boleto o ticket(especificar tarifa:niños, adultos, estudiantes, etc)","El costo de Ingreso es: Adulto S/. 3.00 Soles, estudiantes con carnet 2.00 soles, jubilados 2.00 soles y escolares 1.00 sol."
"Previa presentación de boleto o ticket(especificar tarifa:niños, adultos, estudiantes, etc)","Adulto: 10 soles, niños: 5 soles"
Libre,
"Previa presentación de boleto o ticket(especificar tarifa:niños, adultos, estudiantes, etc)","Se paga una tasa aérea de 30 nuevos soles, el derecho al circuito aéreo cuesta 47 soles, el costo del sobrevuelo por packs fluctúa entre los 70 y 120 dólares."
"Previa presentación de boleto o ticket(especificar tarifa:niños, adultos, estudiantes, etc)",Tarifa Nacional y Extranjero (Válido Por Un Día) • Adultos: S/. 11.00 • Menores: S/ 3.00 Tarifa Local – Región Ica (Válido Por un Día) • Adultos: S/. 5.00 • Menores: S/. 3.00
Libre,
Libre,No cuenta con monitoreo de ingreso de los visitantes
Libre,libre
Semi-restringido(previo permiso),El acceso turístico al exconvento actualmente es restringido. El edificio se encuentra en estado proceso de estudios para restauración.
Libre,
Libre,
Libre,Lunes-viernes de 11.00 am -12.00pm Sabados - domingos 7.00 am- 10.00 am y 7.00pm.
Libre,Libre
"Previa presentación de boleto o ticket(especificar tarifa:niños, adultos, estudiantes, etc)","Tickets en el área de boletería: Adultos (S/ 8.00), medio nacional (S/ 3.00), niños (S/ 1.00), servicio de guiado (S/ 50.00). Ingreso libre: 1er domingo de cada mes, Aniversario del Museo, día Interna"
Libre,
Libre,"Llevar agua, gorro, bloqueador solar, lentes de sol, ropa y calzado adecuado de verano. Tomar en cuenta las indicaciones de Capitania de Pimentel, respecto a los niveles del oleaje."
,
Libre,
"Previa presentación de boleto o ticket(especificar tarifa:niños, adultos, estudiantes, etc)#Libre",- Extranjero: Adulto y niño S/ 30.00 - Nacional: Adulto S/ 11.00 y Niño () S/ 5.00 - Locales (residentes locales presentan DNI) Adulto S/ 5.00 Niño (*) S/ 3.00 (*)Menores entre 5 a 16 años#Para población nacional a menores de 5 años y mayores de 65 años.
Libre,
"Previa presentación de boleto o ticket(especificar tarifa:niños, adultos, estudiantes, etc)",Entrada general S/. 2.00 y Pimenteleños: S/ 1.00
Libre,
Libre,Lunes - Domingo
Libre,
Libre,
Semi-restringido(previo permiso),coordinación con la Ofic. de Información de la QRM
,
,
,
,
,
,
,
,
,
,
Libre,
,
,
Libre,
Semi-restringido(previo permiso),"Previa coordinación con la Beneficencia Pública de Moquegua, la cual se ubica al costado de la Iglesia o llamar al (053) 461211"
Semi-restringido(previo permiso),Autorización otorgada por la familia Chocano.
Semi-restringido(previo permiso),Previa coordinación con uno de las propietarias Sra. Nora Centeno Falcon. Cel: 993590896.
"Previa presentación de boleto o ticket(especificar tarifa:niños, adultos, estudiantes, etc)",BAÑOS PRIVADOS: Residentes en la región s/2.00 L-V / Sab.Dom S/. 3.00 Nacionales: L-V s/4.00 / sáb.dom. s/6.00 Extranjeros: L-V s/10.00 /sáb.dom. s/ 20.00 Delegaciones Públicas: L-V 50%
Libre,
Libre,
"Previa presentación de boleto o ticket(especificar tarifa:niños, adultos, estudiantes, etc)","5 solos adultos, niños 1 sol."
Libre,
Libre,
Semi-restringido(previo permiso),Previa coordinación con los agricultores
Libre,
Libre,
Libre,
Libre,
Libre,
Libre,
"Previa presentación de boleto o ticket(especificar tarifa:niños, adultos, estudiantes, etc)","Menores Locales(Moquegua)de 5a16 años S/. 3.00, Adultos Locales(Moquegua) y Menores Nacionales(5a16 años)S/5.00, Adultos Nacionales S/.11.00, Extranjeros S/. 30.00"
Libre,
Libre,
"Previa presentación de boleto o ticket(especificar tarifa:niños, adultos, estudiantes, etc)",Adultos: 5 nuevos soles. Niños: 3 nuevos soles
Libre,
Libre,Esta abierto todos los días de 6:00 a.m. a 9.00 p.m.
Libre,Firmar el libro de registro del visitante.
"Previa presentación de boleto o ticket(especificar tarifa:niños, adultos, estudiantes, etc)",Adultos S/. 5.00 soles. Menores de 7 años y adultos mayores es ingreso libre .
Libre,Horario variable según actividades litúrgicas
Libre,"Es una calle de libre tránsito, sin embargo, las galerías artesanales atienden de 9.00 am. hasta las 8.00 p.m."
Libre,"Se recomienda ingresar con guía. También llevar protector solar, lentes de sol, gorra, repelente y agua."
Libre,
Libre,
Libre,
Libre,
Libre,
Libre,
Libre,"Se recomienda llevar gorro, bloqueador solar, agua, lentes de sol."
Libre,
Semi-restringido(previo permiso),Es necesario solicitar autorización de ingreso a SERNANP. Dirección de la Oficina(Av. Los Cocos H-23 Urb. Grau - Piura - Piura - Piura - (073) 321668
Semi-restringido(previo permiso),Actualmente solo se realizan visitas de la fachada.
Libre,"Se recomienda, llevar bloqueador solar, lentes de sol, gorros y un snack como galleta y agua."
Libre,
Libre,En caso de emergencias coordinar con el Sacristan Rene Choque 969935083 / Párroco Carlos Miguel Mestanza Mainetto.
Libre,
Libre,
"Semi-restringido(previo permiso)#Previa presentación de boleto o ticket(especificar tarifa:niños, adultos, estudiantes, etc)","*Ingreso a Islas Uros Titino con agencias autorizadas. *Ingreso a islas Chimu. y a Islas Chimu con agencias autorizadas o previa coordinación con emprendedores.#*Para ingresar a las islas de Los Uros, se compra el boleto que emite la comunidad. S/ 8.00 extranjeros, S/ 5.00 nacionales"
"Libre#Previa presentación de boleto o ticket(especificar tarifa:niños, adultos, estudiantes, etc)","Al Lago Titicaca#A las Islas flotantes de los Uros S/. 8.00, Isla Taquile S/. 8.00, Isla Amantani S/. 8.00"
"Previa presentación de boleto o ticket(especificar tarifa:niños, adultos, estudiantes, etc)",Adultos S/. 5.00 Niños S/. 3.00
Libre,Previa coordinación con el párroco o con el guardián
Libre,
Libre,
"Previa presentación de boleto o ticket(especificar tarifa:niños, adultos, estudiantes, etc)",Tarifa general S/15.00 Tarifa estudiante S/5.00 Tarifa menores de edad S/2.00
"Previa presentación de boleto o ticket(especificar tarifa:niños, adultos, estudiantes, etc)","Adulto Extranjero: S/. 6.00, Adulto Nacional: S/. 3.00, Niños: S/. 1.00"
Libre,Previa coordinación con el párroco Gregorio Remirez Jordán cel 924243275
Libre,
Libre,Acceso y circulación libre
Libre,Previa coordinación con el parroco.
"Previa presentación de boleto o ticket(especificar tarifa:niños, adultos, estudiantes, etc)",Adultos S/. 15.00 Estudiantes S/. 5.00 Niños S/. 2.00
Libre,Coordinación con el párroco; Cesar Ruelas Velarde
Libre,
Libre,
Libre,Previa coordinación con la parroquia
Semi-restringido(previo permiso),"Previa coordinación con el párroco, Juan José Huaraya Mamani cel. 964793574"
Libre,
Libre,
"Previa presentación de boleto o ticket(especificar tarifa:niños, adultos, estudiantes, etc)","Piscina S/ 5.00 adultos, S/1.50 niños S/8.00 visitantes, Pozas; S/.5.00 adultos, S/.5.00 visitantes, Duchas S/.2.00 adultos, S/.4.00 visitantes"
Libre,En coordinación con teniente gobernador de la comunidad cel. 907292911
Libre,Todos los días del año
Semi-restringido(previo permiso),Coordinar con el guardián del templo - Parroquia de Juli
"Previa presentación de boleto o ticket(especificar tarifa:niños, adultos, estudiantes, etc)","Adultos S/ 15.00, estudiantes S/ 5.00, niños hasta los 17 años con entrada gratuita"
"Previa presentación de boleto o ticket(especificar tarifa:niños, adultos, estudiantes, etc)","adultos S/.15.00, estudiantes S/.5.00, niños hasta los 17 años gratuito"
Libre,"Previa coordinación con el párroco, o con el guardián"
Libre,
Semi-restringido(previo permiso),Previa coordinación con la Municipalidad distrital de Zepita
Libre,"Recomendable coordinar con la comunidad, por cuestiones de seguridad."
Libre,
"Previa presentación de boleto o ticket(especificar tarifa:niños, adultos, estudiantes, etc)","Estudiantes S/1.00, Nacionales S/3.00, Extranjeros S/5.00"
Libre,
Libre,
Libre,El acceso es libre
"Previa presentación de boleto o ticket(especificar tarifa:niños, adultos, estudiantes, etc)","S/15.00 adultos, S/5.00 estudiantes, S/2.00 niños y escolares, S/7.50 adulto mayor, población local gratuito con la presentación de DNI"
"Previa presentación de boleto o ticket(especificar tarifa:niños, adultos, estudiantes, etc)",Entradas adultos = S/ 5.00 niños = S/2.50
Libre,Previa coordinación con la comunidad de Tinajani
Libre,"Se debe coordinar con el Párroco, o con el vigilante."
Libre,
Libre,En coordinación con la comunidad por motivos de seguridad
"Previa presentación de boleto o ticket(especificar tarifa:niños, adultos, estudiantes, etc)","Niños S/1.00, adultos locales S/2.00, general S/4.00"
Libre,
Libre,Debe registrar su ingreso en el libro de registro de visitantes.
Libre,"El acceso al recurso es gratuito, ya que se encuentra ubicado en un espacio público. No existen restricciones de pago o boletería para la apreciación del bien mueble desde el área peatonal."
Semi-restringido(previo permiso),Debe anunciar en administración que ingresará al Museo y registrarse en el libro de visitantes.
"Previa presentación de boleto o ticket(especificar tarifa:niños, adultos, estudiantes, etc)",Tarifa Única S/. 2.00
"Previa presentación de boleto o ticket(especificar tarifa:niños, adultos, estudiantes, etc)",Pozas Termales(Privadas/Multifamiliar)-Adultos-30 min S/.10.00 Pozas Termales (Privadas/Multifamiliar)-Niños (hasta 11 años)30 min S/.5.00 Piscina-Adultos-30 min-S/.10.00 Piscina Niños - 30 min-S/7.00
Libre,
Libre,Con equipo e indumentaria para montañismo y buena preparación física.
"Previa presentación de boleto o ticket(especificar tarifa:niños, adultos, estudiantes, etc)","Precio general (adultos y niños) S/. 5.00 soles. Llevar ropa de baños, ropa abrigadora, agua para hidratarse."
Libre,
Semi-restringido(previo permiso),Previa coordinación con la empresa: SOUTHERN PERU COPPER CORPORATION
Libre,
Libre,
"Previa presentación de boleto o ticket(especificar tarifa:niños, adultos, estudiantes, etc)",Tarifa pozas privadas: S/.10 Tarifa de la Piscina Termal: S/.5.00
Libre,
"Previa presentación de boleto o ticket(especificar tarifa:niños, adultos, estudiantes, etc)",Entradas generales: 30.00 soles
Libre,
Libre,
Libre,
"Previa presentación de boleto o ticket(especificar tarifa:niños, adultos, estudiantes, etc)","S/. 5.00 adultos, S/2. Niños"
Libre,
"Previa presentación de boleto o ticket(especificar tarifa:niños, adultos, estudiantes, etc)",Tarifa general S/5.00
Libre,
"Previa presentación de boleto o ticket(especificar tarifa:niños, adultos, estudiantes, etc)",S/65.00 extranjeros y S/30.00 nacionales.
"Previa presentación de boleto o ticket(especificar tarifa:niños, adultos, estudiantes, etc)",S/ 65.00 extranjeros y S/ 30.00 nacionales.
,
"Previa presentación de boleto o ticket(especificar tarifa:niños, adultos, estudiantes, etc)",Tarifa del PNH estadía: extranjeros S/60.00 y Nacionales S/30.00
Libre,
"Previa presentación de boleto o ticket(especificar tarifa:niños, adultos, estudiantes, etc)",Parque Nacional Huascarán (Extranjeros s/.30.00 y Nacional s/.12.00)
Libre,
"Previa presentación de boleto o ticket(especificar tarifa:niños, adultos, estudiantes, etc)",Extranjero S/.30.00 Nacional Adulto S/. 12.00 Niños (5 a 16 años )S/. 5.00 Nacionales (Menores de 5 años y Mayores de 65 años no pagan)
"Previa presentación de boleto o ticket(especificar tarifa:niños, adultos, estudiantes, etc)","Parque Nacional Huascarán (El costo de ingreso para visitantes extranjeros es de S/. 30.00, para nacionales S/. 12.00 y para locales S/. 5.00)."
Semi-restringido(previo permiso),Previo pago de ingreso al PNH S/.65.00 para 21 días de ingresos o permanencia al PNH
"Previa presentación de boleto o ticket(especificar tarifa:niños, adultos, estudiantes, etc)",Tarifa: Adultos S/.5.00 soles - Niños S/.3.00 soles
"Previa presentación de boleto o ticket(especificar tarifa:niños, adultos, estudiantes, etc)","Adultos (Nacionales y Extranjeros) S/. 15.00, Estudiantes S/.5.00 y Niños S/.3.00 y S/.5.00."
Libre,
"Previa presentación de boleto o ticket(especificar tarifa:niños, adultos, estudiantes, etc)","Tarifa de Ingreso: Local S/. 5.00, Nacional y Extranjero S/. 8.00"
Libre,
"Previa presentación de boleto o ticket(especificar tarifa:niños, adultos, estudiantes, etc)",Nacional: S/ 11.00 Extranjero: S/ 30.00
"Previa presentación de boleto o ticket(especificar tarifa:niños, adultos, estudiantes, etc)",General: S/ 3.00
Libre,
Libre,
Libre,
Libre,
Libre,
Libre,
Libre,
"Previa presentación de boleto o ticket(especificar tarifa:niños, adultos, estudiantes, etc)",Tarifa: Adulto S/ 15.00 Niños hasta 12 años y adultos mayores de 60 años con DNI o pasaporte S/ 10.00
Libre,
Libre,Se ha colocado 1 puerta metálica a modo de protección
Libre#Semi-restringido(previo permiso),"Ruta a través de Selva Alegre#En el caso de la Ruta Norte, solicitar permisos a AUTODEMA con 48 hrs de anticipación, hay AAVV que ya cuentan con autorización, en el caso de Ruta Sur solicita permisos Asociación en el mismo sitio"
Libre,
Libre,
Libre,
"Previa presentación de boleto o ticket(especificar tarifa:niños, adultos, estudiantes, etc)",Costo en general de S/10.00 (El boleto se compra en la recepción del Hotel de Turistas de Yura)
Libre,
Libre,
"Previa presentación de boleto o ticket(especificar tarifa:niños, adultos, estudiantes, etc)","S/. 7.00 entrada general S/. 3.00 entrada estudiantes S/. 2.00 entrada menores de edad, 50% descuento según ley -Tarifa especial"
"Previa presentación de boleto o ticket(especificar tarifa:niños, adultos, estudiantes, etc)","Turistas extranjeros es S/15.00 y nacionales S/10.00 soles, para las piscinas N°1 y N°5. Para la población local es: S/0.50; S/1.50 y S/2.50 soles (piscinas N°2, N°3 y N°4) y nacionales S/5.00 soles"
"Previa presentación de boleto o ticket(especificar tarifa:niños, adultos, estudiantes, etc)","Esta incluido dentro del Boleto turístico del Colca, Extranjeros S/. 70.00; Nacionales S/. 20.00 y estudiantes S/. 5.00. Los residentes de Caylloma están exonerados.."
"Previa presentación de boleto o ticket(especificar tarifa:niños, adultos, estudiantes, etc)",- Extranjeros S/.70.00 - Sudamericano S/. 40.00 - Nacionales S/. 20.00 - Estudiantes S/. 5.00 - Adulto Mayor S/. 5.00
"Previa presentación de boleto o ticket(especificar tarifa:niños, adultos, estudiantes, etc)","Esta incluido dentro del Boleto turístico del Colca, Extranjeros S/. 70.00; Nacionales S/. 20.00 y estudiantes S/. 5.00. Los residentes de Caylloma están exonerados."
Libre,
Libre,
Libre,
"Previa presentación de boleto o ticket(especificar tarifa:niños, adultos, estudiantes, etc)","Extranjeros S/ 30.00, nacionales S/15.00, locales - S/8.00. Tarifa Prom Región Arequipa S/.11.00 (<17 años S/.5.00, < 17 años Prov de Islay. S/.3.00) Exonerados <05 años y > de 65 años de edad."
Libre,
Libre,
"Previa presentación de boleto o ticket(especificar tarifa:niños, adultos, estudiantes, etc)",Adultos. s/1.00 y Niños: s/. 0.50.
"Previa presentación de boleto o ticket(especificar tarifa:niños, adultos, estudiantes, etc)",Adultos s/.8.00; Estud.Univ. s/.4.00 y Niños menos de 17 años ingreso gratuito.
"Previa presentación de boleto o ticket(especificar tarifa:niños, adultos, estudiantes, etc)",Adultos 8.00; Estud.Universit. 4.00. Niños menos de 17 años gratuito.
Libre,
Semi-restringido(previo permiso),"Previa coordinación con personal DDC al 978273950, o al correo cajamarca@cultura.gob.pe"
"Previa presentación de boleto o ticket(especificar tarifa:niños, adultos, estudiantes, etc)",Adultos: s/. 5.00 Estud.Universit.: s/. 2.00 Niños y adolecentes de 3años a 17 años : s/.1.00
"Previa presentación de boleto o ticket(especificar tarifa:niños, adultos, estudiantes, etc)",adultos: S/.10.00 niños 5.00
"Previa presentación de boleto o ticket(especificar tarifa:niños, adultos, estudiantes, etc)","Adultos:s/ 8.00; Estudiantes Univ.: s/. 4.00 Niños menores de 17 años, gratuito."
"Previa presentación de boleto o ticket(especificar tarifa:niños, adultos, estudiantes, etc)",Adultos s/. 10.00 Niños s/. 5.00 Estudiantes Zona Rural s/. 3.00
Libre,
"Previa presentación de boleto o ticket(especificar tarifa:niños, adultos, estudiantes, etc)",Nacional y Extranjero: s/. 5.00 Loca: s/. 2.00 Niños: s/. 1.00
Libre,
Libre,
"Previa presentación de boleto o ticket(especificar tarifa:niños, adultos, estudiantes, etc)",Adultos: S/ 15.00 Universitarios S/ 7.00 Escolares: S/ 4.00 Datos actualizados a la fecha de la publicación de la presente ficha.
Libre,
"Previa presentación de boleto o ticket(especificar tarifa:niños, adultos, estudiantes, etc)",arifa: Adultos S/. 10; Universitarios: S/.5; Escolares 2; Extranjeros:12.
"Previa presentación de boleto o ticket(especificar tarifa:niños, adultos, estudiantes, etc)#Otros (especificar)","Pozas: s/.9.00 y 10.00 soles Poza Exclusiva y familiar: 25.00 soles Piscinas: 7.00, 8.00 y 10.00 soles Hidromasajes y sauna: 20.00 soles Visitas: 6.00 soles Hospedaje Pultumarka: 60.00 y 90.00 soles#Hidromasajes y sauna : 20.00 soles, visitas: 2.00 soles"
Libre,
Libre,
"Previa presentación de boleto o ticket(especificar tarifa:niños, adultos, estudiantes, etc)",Ingreso general s/. 10.00
Libre,
Semi-restringido(previo permiso),Para ingresar a las instalaciones es previa coordinación con PEJEZA -Ing. Jesús Cumpa 957357414
Libre,
"Previa presentación de boleto o ticket(especificar tarifa:niños, adultos, estudiantes, etc)",Entrada Adulto S/5 Estudiante S/2 Escolar S/1
Libre,Solicitar permiso a la secretaria de la iglesia para poder ingresar fuera del horario de misa. Teléfono: 062-512455
Libre,Solicitar permiso a la secretaria de la Parroquia para poder ingresar fuera del horario de misa. Teléfono: 062-610452
Libre,"Solicitar permiso a la secretaria de la Iglesia, Srta. Margaret Espinoza Laos, para poder ingresar fuera del horario de misa."
Libre,Solicitar permiso a la secretaria de la Iglesia para poder ingresar fuera del horario de misa. Teléfono: 062 - 621956
Libre,
Semi-restringido(previo permiso),Previo permiso con la administración y es de libre costo
"Previa presentación de boleto o ticket(especificar tarifa:niños, adultos, estudiantes, etc)","Ticket expendido por el Ministerio de Cultura Adultos S/ 5.00, Estudiante superior S/ 2.00 , escolar 1.00"
"Previa presentación de boleto o ticket(especificar tarifa:niños, adultos, estudiantes, etc)","Único pago para el ingreso a la laguna S/.5 soles, la boletería esta ubicado en la localidad de Yaurin ruta a las lagunas de Pichgacocha."
"Previa presentación de boleto o ticket(especificar tarifa:niños, adultos, estudiantes, etc)","Adulto nacional y extranjero S/. 5.00, Universitario S/. 2.00, Niños y Escolares S/. 1.00"
"Previa presentación de boleto o ticket(especificar tarifa:niños, adultos, estudiantes, etc)","Expendido por el SERNANP, las tarifas varían de acuerdo a la procedencia del visitantes: Visitante Regional: S/. 5.00 soles Visitante Nacional: S/. 11.00 Visitante Internacional: S/. 30.00"
Libre,
Libre,
Libre,
"Previa presentación de boleto o ticket(especificar tarifa:niños, adultos, estudiantes, etc)",Pago de 20 soles a la comunidad de Pacllón
Libre,
Libre,
"Previa presentación de boleto o ticket(especificar tarifa:niños, adultos, estudiantes, etc)","Adultos S/. 4.00. Estudiantes, docentes con acreditación y adulto mayor con identificación Tarifa Especial S/. 2.00. Niños y adolescentes hasta los 17 años gratuito."
"Previa presentación de boleto o ticket(especificar tarifa:niños, adultos, estudiantes, etc)","El costo de ingreso: Adulto S/. 2.00 soles, Niño S/.1.00 sol."
"Previa presentación de boleto o ticket(especificar tarifa:niños, adultos, estudiantes, etc)","Boleto: Adultos S/. 10.00, univeristario S/. 5.00 (previa presentación del carne), Estudiantes S/. 3.00. Niños de 4 a 9 años S/. 2.00. Consultas con Secretaría del Convento: Cel. 910134807"
"Previa presentación de boleto o ticket(especificar tarifa:niños, adultos, estudiantes, etc)",Tarifario SERNANP-RNTAMB Extranjeros: S/30.00 por día Nacionales: S/.15.00 por día Locales: S/. 8.00 por día
"Previa presentación de boleto o ticket(especificar tarifa:niños, adultos, estudiantes, etc)",Tarifario SERNANP-RNTAMB Extranjeros: S/30.00 por día Nacionales: S/.15.00 por día Locales: S/. 8.00 por día (ticket físico o digital)
"Previa presentación de boleto o ticket(especificar tarifa:niños, adultos, estudiantes, etc)",Tarifario SERNANP-RNTAMB Extranjeros: S/30.00 por día Nacionales: S/.15.00 por día Locales: S/. 8.00 por día
Semi-restringido(previo permiso),Previa coordinación con el Concesionario Abed Mancilla Muchari - 982683888
"Previa presentación de boleto o ticket(especificar tarifa:niños, adultos, estudiantes, etc)",Pago S/. 8.00 en la caseta de Ingreso Comunidad Tres Chimbadas
"Previa presentación de boleto o ticket(especificar tarifa:niños, adultos, estudiantes, etc)",Tarifario RNTAMB Extranjeros: S/.30.00 por día. Nacionales: S/. 15.00 por día. Local: S/.8.00 por día
"Previa presentación de boleto o ticket(especificar tarifa:niños, adultos, estudiantes, etc)",Tarifario RNTAMB Extranjeros: S/.30.00 por día. Nacionales: S/. 15.00 por día. Local: S/.8.00 por día
Semi-restringido(previo permiso),Coordinación con el administrador del Área de Conservación Privada (ACP) “El Gato” Eduardo Ramirez Pizango. Celular: 941223676.
"Previa presentación de boleto o ticket(especificar tarifa:niños, adultos, estudiantes, etc)",Tarifario SERNANP-RNTAMB Extranjeros: S/30.00 por día Nacionales: S/.15.00 por día Locales: S/. 8.00 por día
Libre,
"Previa presentación de boleto o ticket(especificar tarifa:niños, adultos, estudiantes, etc)",EN SOLES: 1 día: Ext.: 30 / Nac.: Adulto: 15 - Menor: 8 /Loc : 8 2 - 3 días: Ext.: 60 / Nac.: Adulto: 30 - Menor: 15 / Loc : 15 4 - 30 días: Ext.: 150 / Nac.: Adulto: 75 / Menor: 35 / Loc : 35
Libre,
"Previa presentación de boleto o ticket(especificar tarifa:niños, adultos, estudiantes, etc)",Los visitantes adquieren su ticket en la Municipalidad Distrital de La Jalca -Adulto: 20 soles -Estudiante: 15 soles -Niños: 10 soles
"Previa presentación de boleto o ticket(especificar tarifa:niños, adultos, estudiantes, etc)",Adulto: 15.00 soles
Libre,"Para conocer la historia y demás, es necesario comunicar a la municipalidad para que designen a una persona natural para ser intérprete."
Libre,Es necesario ser acompañado por un Guía.
Libre,
Libre,"El acceso es libre; sin embargo, es necesario contar con la compañía de un guía turístico desde la ciudad de Chachapoyas."
Libre,"Pero, es necesario registrarse en la municipalidad distrital de Magdalena, con la encargada la srta. Cecilia Soplin al cel 901538352"
Libre,Se puede apreciar desde la vía publica .
Libre,Es necesario ir con guía turístico.
"Previa presentación de boleto o ticket(especificar tarifa:niños, adultos, estudiantes, etc)",- Adultos : 3 soles - Niño: 2 soles
"Previa presentación de boleto o ticket(especificar tarifa:niños, adultos, estudiantes, etc)",Para la visita al recurso los visitantes adquieren su ticket en la asociación a un costo de S/ 5.00
"Previa presentación de boleto o ticket(especificar tarifa:niños, adultos, estudiantes, etc)",Adquirir el boleto en el local de la Asociación de Turismo Revash. Costo: Adultos S/ 15.00 Adulto mayor/universitarios S/ 8.00 Niños S/ 3.00 Personas con discapacidad: Libre(presentar carnet CONADIS)
"Previa presentación de boleto o ticket(especificar tarifa:niños, adultos, estudiantes, etc)","Ciudadanos extranjeros S/ 30.00, visitantes nacionales S/ 20.00, estudiantes extranjeros S/ 15.00, estudiantes nacionales S/ 10.00, menores de edad S/ 2.00, boletos que podrán ser adquiridos en la DDC"
"Previa presentación de boleto o ticket(especificar tarifa:niños, adultos, estudiantes, etc)",Extranjeros: S/. 30.00 Nacionales: S/. 15.00 Local S/. 5.00
"Previa presentación de boleto o ticket(especificar tarifa:niños, adultos, estudiantes, etc)",Extranjero S/. 30.00 Adulto Nacional S/. 15.00 Locales Adulto S/. 5.00 Niños S/. 3.00 Nacionales (Menores de 5 años y Mayores de 65 años no pagan) Niños de 5 a 16 años pagan S/. 5.00
,
"Previa presentación de boleto o ticket(especificar tarifa:niños, adultos, estudiantes, etc)",Pago de S/.65.00 nuevos soles al PNH para 30 días de permanencia. Extranjero S/. 30.00 Nacional S/.15.00 Local S/. 5.00
Libre,durante todo el año
Libre,
"Previa presentación de boleto o ticket(especificar tarifa:niños, adultos, estudiantes, etc)","Piscina baja S/. 10.00, Niños de 3 a 4 años S/.5.00 y Pozas por persona S/. 10.00"
"Previa presentación de boleto o ticket(especificar tarifa:niños, adultos, estudiantes, etc)",Adulto S/. 7.00 Estudiante S/. 5.00 Niños S/. 2.00
Libre,"Para visitar el recurso, es necesario el registro respectivo en la municipalidad de Cheto."
Libre,
Libre,Lunes - domingos 08:00 am -12:00 h/ 16:00 h- 20:00 h. Los días miércoles no hay atención.
Libre,
Libre,
Libre,
Libre,
Libre,
Libre,
Libre,
"Previa presentación de boleto o ticket(especificar tarifa:niños, adultos, estudiantes, etc)","Para el ingreso a la laguna se paga S/. 2.00 soles por vehículo sólo sábados, domingos y feriados. Los demás días de la semana el ingreso es libre."
"Previa presentación de boleto o ticket(especificar tarifa:niños, adultos, estudiantes, etc)","Para el ingreso al sitio arqueológico de Arwaturo se paga S/. 2.00 soles por vehículo sólo sábados, domingos y feriados (ingreso N° 2). Los demás días de la semana el ingreso es libre."
Libre,
"Previa presentación de boleto o ticket(especificar tarifa:niños, adultos, estudiantes, etc)",Boleto adultos S/. 10.00 y niños S/. 5.00
Libre,
Libre,
Libre,
Libre,
Libre,
Libre,
Libre,
Libre,
Libre,
Libre,
"Previa presentación de boleto o ticket(especificar tarifa:niños, adultos, estudiantes, etc)","Adulto Local: S/5.00, Adulto Nacional S/11.00, Adulto Extranjero: S/30.00 , Niño Local: S/3.00 , Niño Nacional: S/ 5.00."
"Previa presentación de boleto o ticket(especificar tarifa:niños, adultos, estudiantes, etc)","Adulto S/4.00- Niño S/0.50- Adulto Mayor S/2.00. El primer domingo de cada mes se a tiende gratis ""Museo puertas abiertas"""
Libre,
Libre,
Libre,
Libre,
Libre,Las visitas se pueden efectuar en el horario de atención de la Parroquia
Libre,
Libre,
Libre,
Libre,
"Previa presentación de boleto o ticket(especificar tarifa:niños, adultos, estudiantes, etc)",Tarifa: Adultos - 2 soles y Niños -1 sol El pago se realiza en la oficina de Tesorería de la Municipalidad Distrital de Tunan Marca
"Previa presentación de boleto o ticket(especificar tarifa:niños, adultos, estudiantes, etc)","Adulto (Nacional) S/ 11.00, Niño (Nacional 5 a 17 años) S/ 5.00 Adulto (Local*) S/ 5.00, Niño (Local* 5 a 17 años) S/ 3.00 Garita de Control SERNANP (*) Local se refiere a poblador de la Región Junín"
"Previa presentación de boleto o ticket(especificar tarifa:niños, adultos, estudiantes, etc)","Ingreso al lago para observación de aves, con autorización de la Jefatura del ANP (Telf. 064-344146) o presentación del boleto de ingreso, costo: Extranjero S/ 30.00, Nacional S/ 11.00 y Local S/ 5.00"
"Previa presentación de boleto o ticket(especificar tarifa:niños, adultos, estudiantes, etc)",Niños S/. 6.00 Adultos S/. 10.00
Libre,.
Libre,
"Previa presentación de boleto o ticket(especificar tarifa:niños, adultos, estudiantes, etc)","Costo de ingreso para niños es de 3 soles, adultos 5 soles"
"Previa presentación de boleto o ticket(especificar tarifa:niños, adultos, estudiantes, etc)",Costo de boletos: Adultos: S/. 4.00 y niños S/. 1.00
Libre,
Libre,
"Previa presentación de boleto o ticket(especificar tarifa:niños, adultos, estudiantes, etc)",Boleto adultos S/. 4.00 y niños: S/. 1.50
"Previa presentación de boleto o ticket(especificar tarifa:niños, adultos, estudiantes, etc)",Ingreso al recurso S/5.00 entrada general niños menores de de 12 años S/2.50
"Previa presentación de boleto o ticket(especificar tarifa:niños, adultos, estudiantes, etc)",Tarifa PNH: Extranjeros S/65.00 Nacionales S/30.00.
,
"Previa presentación de boleto o ticket(especificar tarifa:niños, adultos, estudiantes, etc)",Adultos: S/ 4.00 - Niños S/ 2.00
Libre,
"Previa presentación de boleto o ticket(especificar tarifa:niños, adultos, estudiantes, etc)",2 soles por adulto y niños ingreso libre
"Previa presentación de boleto o ticket(especificar tarifa:niños, adultos, estudiantes, etc)",Adultos:2.00 soles Niños: 1.00 soles
Libre,
"Previa presentación de boleto o ticket(especificar tarifa:niños, adultos, estudiantes, etc)","Adultos S/ 5.00 , estudiantes de educación superior S/ 2.00 y escolar 1.00"
Semi-restringido(previo permiso),"Para su visita se requiere previa cita. Por ello, los números de comunicación son : 978 308 162 (párroco) y 927 491 265- 926 244 972 (secretaria)."
"Previa presentación de boleto o ticket(especificar tarifa:niños, adultos, estudiantes, etc)",Ingreso de Adultos: S/ 3.00 Ingreso Niños: S/ 1.50
"Previa presentación de boleto o ticket(especificar tarifa:niños, adultos, estudiantes, etc)",Adultos: S/. 5.00 Niños: S/. 2.00
Libre,
"Previa presentación de boleto o ticket(especificar tarifa:niños, adultos, estudiantes, etc)",Extranjeros: S/20 Estudiante ext. S/10 Nacionales: S/ 10 Estudiante Nac. S/5
"Previa presentación de boleto o ticket(especificar tarifa:niños, adultos, estudiantes, etc)",Adultos S/ 20 Estudiantes S/ 10 Cusqueños S/ 3
Libre,Previa coordinación con el parroco o con el guardian
"Previa presentación de boleto o ticket(especificar tarifa:niños, adultos, estudiantes, etc)#Libre","INCLUIDO DENTRO DEL BOLETO TURISTICO GENERAL BTG ADULTO S/130 ESTUDIANTE S/70; Ó BOLETO TURISTICO PARCIAL CIRCUITO II S/70#Para cusqueños y residentes, previa presentacion del DNI."
"Previa presentación de boleto o ticket(especificar tarifa:niños, adultos, estudiantes, etc)",Adultos: S/ 2.50 soles Estudiantes mayores a 11 años: S 1.50 soles Estudiantes menores a 11 años: S/ 1.00 soles
"Previa presentación de boleto o ticket(especificar tarifa:niños, adultos, estudiantes, etc)#Libre","Boleto del Circuito religioso del Arzobispado del Cusco Adulto S/. 25.00 Estudiante S/. 12.50#Cusqueños y residentes, previa presentacion del DNI, o en horarios de culto."
"Previa presentación de boleto o ticket(especificar tarifa:niños, adultos, estudiantes, etc)#Libre",Ingreso: 15 soles por persona (estudiante y turista nacional 10 soles). Tarifa para toda la ruta del barroco andino: 25 soles por persona (estudiante y turista nacional 15 soles).#Cusqueños - Previa Presentación de su DNI
"Previa presentación de boleto o ticket(especificar tarifa:niños, adultos, estudiantes, etc)#Libre",-S/ 20 adultos -S/ 10 estudiantes -S/ 3 cusqueños.#a la zona de la igleasia en el horario de culto
"Previa presentación de boleto o ticket(especificar tarifa:niños, adultos, estudiantes, etc)#Libre","Incluido en el circuito Religioso del Cusco , General S/ 30 , estudiantes S/ 15#en horario de culto"
"Previa presentación de boleto o ticket(especificar tarifa:niños, adultos, estudiantes, etc)","General : S/ 10, Estudiantes: S/5, Cusqueños: S/ 2, Niños: S/ 1"
Semi-restringido(previo permiso),"084 - 226361, despacho parroquial"
"Libre#Previa presentación de boleto o ticket(especificar tarifa:niños, adultos, estudiantes, etc)",Cusqueños y residentes previa presentación de DNI#INCLUIDO DENTRO DEL BOLETO TURISTICO GENERAL BTG ADULTO S/130 ESTUDIANTE S/70; Ó BOLETO TURISTICO PARCIAL CIRCUITO I S/70
"Libre#Previa presentación de boleto o ticket(especificar tarifa:niños, adultos, estudiantes, etc)","Cusqueños y residentes previa presentación de DNI#Boleto Integral Turista extranjero “BTCI” S/130.00, Estudiante “BEE” S/70.00 Boleto Parcial I Turista extranjero “BTCPI” S/70.00 Boleto Integral Turista Nacional “BIN” S/70.00, Estudiante “BEN” S/40."
"Libre#Previa presentación de boleto o ticket(especificar tarifa:niños, adultos, estudiantes, etc)","Cusqueños y residentes previa presentación de DNI#BTG Extranjero general S/130, parcial S/70, Estudiante ext. S/70 Nacional S/70, Estudiante Nac. S/40"
"Libre#Previa presentación de boleto o ticket(especificar tarifa:niños, adultos, estudiantes, etc)","Cusqueños y residentes previa presentación de DNI#Boleto Integral Turista extranjero “BTCI” S/130.00, Estudiante “BEE” S/70.00 Boleto Parcial I Turista extranjero “BTCPI” S/70.00 Boleto Integral Turista Nacional “BIN” S/70.00, Estudiante “BEN” S/40"
Libre,
Libre,
"Previa presentación de boleto o ticket(especificar tarifa:niños, adultos, estudiantes, etc)","Extranjero: S/20, niño ext. S/15 Peruanos: S/15, niño peruano: S/ 10 cuscqueños: S/ 5, niño cusqueño:S/2"
Libre,
"Previa presentación de boleto o ticket(especificar tarifa:niños, adultos, estudiantes, etc)","Extranjero: Adulto: 60.00 USD Estudiante, Niño: 35.00 USD Peruanos: Adulto: 26.00 USD Estudiante, Niño : 17.00 USD"
"Previa presentación de boleto o ticket(especificar tarifa:niños, adultos, estudiantes, etc)#Libre","Esta Incluido Dentro Del Boleto Turístico General BTG Adulto Extranjero S/130 Estudiante S/70; o Boleto Turístico Parcial Circuito II S/70. Boleto parcial II - S/70#Ingreso libre para Cusqueños, previa presentación de DNI"
"Previa presentación de boleto o ticket(especificar tarifa:niños, adultos, estudiantes, etc)#Otros (especificar)","Incluido en el boleto de Circuito Religioso del Arzobispado del Cusco, Adultos S/ 30, Estudiantes S/ 15#entrada general al campanario S/ 10"
Libre,
"Libre#Previa presentación de boleto o ticket(especificar tarifa:niños, adultos, estudiantes, etc)",Para cusqueños y residentes previa presentación de DNI#Esta Incluido Dentro Del Boleto Turístico General BTG Adulto Extranjero S/130 Estudiante S/70; o Boleto Turístico Parcial Circuito II S/70.
"Previa presentación de boleto o ticket(especificar tarifa:niños, adultos, estudiantes, etc)","Boleto de Ingreso a cargo de la Dirección Desconcentrada de Cultura Cusco, Adulto S/. 10.00 y estudiante S/. 5.00"
"Previa presentación de boleto o ticket(especificar tarifa:niños, adultos, estudiantes, etc)","La administración del recurso Turístico está a cargo de las 4 comunidades del distrito.Quehue:Huinchiri,CcollanaQuehue, Chaupibanda y ChoccayhuA; El cual se realiza un cobro general de 10 soles"
"Libre#Previa presentación de boleto o ticket(especificar tarifa:niños, adultos, estudiantes, etc)",Cusqueños y residentes previa presentación de DNI.#ESTA INCLUIDO DENTRO DEL BOLETO TURÍSTICO GENERAL BTG ADULTO S/130 ESTUDIANTE S/70; Ó BOLETO TURÍSTICO PARCIAL CIRCUITO III S/70
"Libre#Previa presentación de boleto o ticket(especificar tarifa:niños, adultos, estudiantes, etc)",Cusqueños y residentes previa presentación de DNI#ESTA INCLUIDO DENTRO DEL BOLETO TURISTICO GENERAL BTG ADULTO S/130 ESTUDIANTE S/70; Ó BOLETO TURISTICO PARCIAL CIRCUITO III S/70
Libre#Semi-restringido(previo permiso),#De lunes a Domingo en horario de Culto
"Previa presentación de boleto o ticket(especificar tarifa:niños, adultos, estudiantes, etc)",Esta Incluido Dentro Del Boleto Turístico General BTG Adulto Extranjero S/130 Estudiante S/70; o Boleto Turístico Parcial Circuito II S/70.
"Previa presentación de boleto o ticket(especificar tarifa:niños, adultos, estudiantes, etc)",Tarifa: Nacionales: S/ 10.00 Extranjeros: S/ 15.00 Estudiantes: S/ 5.00
Libre,Es recomendable visitar el recurso turístico acompañado por un guía.
Semi-restringido(previo permiso),"Estudiantes S/1.00, Nacionales S/3.00, Extranjeros S/5.00"
Libre,
Libre,
"Previa presentación de boleto o ticket(especificar tarifa:niños, adultos, estudiantes, etc)","Extranjeros S/15.00, Estudiantes extranjeros S/10.00, Nacionales S/10.00, Locales S/2.00, estudiante universitario S/. 2.00 y escolares S/1.00."
Libre,Libre acceso
Libre,Todos los días
"Previa presentación de boleto o ticket(especificar tarifa:niños, adultos, estudiantes, etc)",S/8.00 por persona
"Previa presentación de boleto o ticket(especificar tarifa:niños, adultos, estudiantes, etc)","S/.8.00 por persona, niños ingreso gratuito"
"Previa presentación de boleto o ticket(especificar tarifa:niños, adultos, estudiantes, etc)",Entrada general S/. 8.00
"Previa presentación de boleto o ticket(especificar tarifa:niños, adultos, estudiantes, etc)","Costo: adulto S/. 7.00, Estudiantes y jubilados S/.5.00, escolares S/.2.00"
"Previa presentación de boleto o ticket(especificar tarifa:niños, adultos, estudiantes, etc)",S/.5.00 Entrada general
"Previa presentación de boleto o ticket(especificar tarifa:niños, adultos, estudiantes, etc)","Nacionales S/ 5.00, Extranjeros S/ 10.00, estudiantes y niños S/ 3.00"
Libre,
Libre,
"Previa presentación de boleto o ticket(especificar tarifa:niños, adultos, estudiantes, etc)",Entrada General Adultos Ext y Nac. S/. 45.00 Extranjeros 7 a 21 años S/ 25.00 Universitarios Peruanos pre grado S/15.00 Adultos Mayores Peruanos S/ 25.00 Escolares Peruanos S/. 6.00 No incluye guiado
"Libre#Previa presentación de boleto o ticket(especificar tarifa:niños, adultos, estudiantes, etc)",Ingreso solo a la iglesia#Ingreso a la Capilla S/. 5.00 extranjeros y nacionales
"Previa presentación de boleto o ticket(especificar tarifa:niños, adultos, estudiantes, etc)#Libre",Adultos S/10.00 Universitarios S/5.00 Escolares y niños S/.3.00 Menores de 6 años no pagan.#Para la Iglesia
Libre#Otros (especificar),Referido a la Iglesia#La entrada no es permitida al convento
"Libre#Previa presentación de boleto o ticket(especificar tarifa:niños, adultos, estudiantes, etc)","Ingreso para la iglesia.#Ingreso para el museo, tiene Costo de entrada de s/10.00 adulto, S/5.00 estudiantes e universitarios."
"Previa presentación de boleto o ticket(especificar tarifa:niños, adultos, estudiantes, etc)",Tarifa para el ingreso al Museo: Nacional y Extranjero S/. 20.00 Adulto mayor: S/ 10.00 Escolares S/ 4.00 (guiado incluido) Universitarios S/. 6.00 (guiado incluido)
Libre,
Libre,Barrio de San Lazaro
"Previa presentación de boleto o ticket(especificar tarifa:niños, adultos, estudiantes, etc)",General: S/. 5 Estudiante superior: S/. 2 Escolar : S/. 1 Exonerados de pago: Estudiantes de la UNSA. Adultos mayores de 60 años. Niños menores de 6 años. Personas con habilidades diferentes.
"Previa presentación de boleto o ticket(especificar tarifa:niños, adultos, estudiantes, etc)","Esta Incluido dentro del Boleto Turístico del Colca, Extranjeros S/. 70 y S/. 40.00, Nacionales S/. 20.00, Estudiantes y Niños S/. 5.00"
Libre,Lunes-Domingo
Libre,"El recurso es un bien público, y toda persona que visita el lugar lo realiza de manera libre."
Libre,
"Previa presentación de boleto o ticket(especificar tarifa:niños, adultos, estudiantes, etc)#Otros (especificar)","-Extranjeros: S/30.00 -Nacionales: Adultos:S/15.00, Niños: S/8.00 -Locales: Adultos: S/8.00, Niños: S/8.00 *Menores de 5 años: Ingreso libre#Exoneración de pagos de derecho de ingreso a guías oficiales de turismo y a personas con discapacidad que presenten la acreditación respectiva"
Libre,El acceso a la laguna es libre
Libre,El acceso al Pueblo Pebas es libre
Libre,
"Previa presentación de boleto o ticket(especificar tarifa:niños, adultos, estudiantes, etc)","Controlado y Administrado por la Municipalidad Provincial de Ucayali Contamana - SERNANP Tarifas: Locales (niños S/3 ), (adultos S/5) nacionales (standar S/ 5) turistas internacionales ( S/10)"
Libre,
"Previa presentación de boleto o ticket(especificar tarifa:niños, adultos, estudiantes, etc)",Adultos: S/. 5.00 Estudiantes de educación superior: S/. 2.00 Estudiantes de educación escolar: S/. 1.00
Libre,Recurso turístico de acceso libre
Libre,
Libre,"Visitas de Lunes a Domingos. Es recomendable respetar las normas de convivencia y mantener el silencio dentro del templo, especialmente durante celebraciones religiosas."
Libre,
,
"Previa presentación de boleto o ticket(especificar tarifa:niños, adultos, estudiantes, etc)",Tarifas de ingreso: Extranjero S/. 10.00 Nacional S/. 5.00 Local S/ 2.oo
,
Libre,
Libre,
Libre,
,
Libre,
"Previa presentación de boleto o ticket(especificar tarifa:niños, adultos, estudiantes, etc)",Adultos S/ 4.00 soles Estudiantes de educación superior S/ 3.00 soles Estudiantes de educación básica menor S/ 2:00
Libre,
,
Libre,
,
"Previa presentación de boleto o ticket(especificar tarifa:niños, adultos, estudiantes, etc)",Pago de S/.65.00 nuevos soles al PNH para 30 días de permanencia.
"Libre#Previa presentación de boleto o ticket(especificar tarifa:niños, adultos, estudiantes, etc)","De lunes a sábado, en el horario de 5:00 am a 7:00 pm. Domingos, en el horario de 6:00 am a 11:00 am. En caso de actividades religiosas, el horario se puede extender.#Ingreso a la catacumba, museo de la sacristía y el campanario a S/ 15.00 soles tarifa general. Solo campanario a S/ 3.00 soles, tarifa general."
"Libre#Previa presentación de boleto o ticket(especificar tarifa:niños, adultos, estudiantes, etc)",#Para el ingreso del campanario y museo tiene un costo de S/ 5.00 soles (tarifa general)
Libre,Al templo y atrio
Libre#Semi-restringido(previo permiso),"Ingreso al templo en horarios de misa y ceremonias religiosas#Ingreso al convento, previa coordinación con la parte administrativa."
Libre#Semi-restringido(previo permiso),"Cuando hay misas y actividades religiosas#El monasterio se puede acceder solo en temporada de Semana Santa, el costo de ingreso es de S/10.00 soles, que va destinado para el mantenimiento interno."
Libre,
Libre,
"Libre#Previa presentación de boleto o ticket(especificar tarifa:niños, adultos, estudiantes, etc)",#Las visitas a las catacumbas se realizan solo en Semana Santa con un costo de S/ 5.00 soles tarifa general
Libre,
Libre,
"Previa presentación de boleto o ticket(especificar tarifa:niños, adultos, estudiantes, etc)","Adulto: S/ 6.00 soles - Estudiantes: S/ 3.00 soles *El primer domingo de cada mes, el ingreso es gratuito"
"Previa presentación de boleto o ticket(especificar tarifa:niños, adultos, estudiantes, etc)",Adultos: S/ 3.00 Escolares/Universitarios: S/ 1.00
Libre,
Libre#Semi-restringido(previo permiso),"#Para ingresar a los talleres artesanales, algunos se requiere llamar o tocar la puerta"
"Libre#Previa presentación de boleto o ticket(especificar tarifa:niños, adultos, estudiantes, etc)",#Para el ingreso de museo y campanario tiene un costo general de S/ 5.00 soles
Libre,
Libre,
Semi-restringido(previo permiso),Previa adquisición de ticket de entrada (5 soles)
"Previa presentación de boleto o ticket(especificar tarifa:niños, adultos, estudiantes, etc)",Adultos = S/ 6.00 - Estudiantes de educación superior y adulto mayor = S/ 3.00 - Escolares = S/ 1.00 - Niños (3 a 17 años previa presentación de DNI) = Gratis
Libre,
Libre,
Libre,
"Previa presentación de boleto o ticket(especificar tarifa:niños, adultos, estudiantes, etc)",s/ 2.00 Estudiante s/5.00 Turista Nacional s/7.00 Turista Extranjero Administrado por La Municipalidad Provincial de Vilcas Huamán
Libre,
Libre,
Libre,
"Previa presentación de boleto o ticket(especificar tarifa:niños, adultos, estudiantes, etc)",Niños 0.50 céntimos y adultos 1 sol.
Libre,
Libre,"La comunidad de Sacsamarca hace registro de visitas loa días viernes, sábado y domingo"
Libre,
"Previa presentación de boleto o ticket(especificar tarifa:niños, adultos, estudiantes, etc)",Entrada general S/ 2.50 Piscina De 3 años a 12 años S/ 0.50 De 13 años a 17 años S/ 1.50 Entrada a Baños Privados Por persona S/ 5.00
Semi-restringido(previo permiso),"Permiso de la comunidad de Pumaccoria, Celular Nº 942403634"
Libre,
Libre,
Semi-restringido(previo permiso),"Previa cordinaciòn con la Comunidad, para ingresar."
"Previa presentación de boleto o ticket(especificar tarifa:niños, adultos, estudiantes, etc)","Pago para: Niños1.00 sol, universitarios, 2.00 soles, adultos 3.00 soles."
Libre,
"Previa presentación de boleto o ticket(especificar tarifa:niños, adultos, estudiantes, etc)",Adultos S/ 2.00 Niños S/. 1.00
Libre,
"Previa presentación de boleto o ticket(especificar tarifa:niños, adultos, estudiantes, etc)","Costo de Pasajes - Sector 1 y Sector 2 Público en general S/ 20 soles Público en general $ 5500 pesos chilenos Niños de 3 años a más no pagan pasaje, pero si son registrados Compra de tickets con 24"
"Previa presentación de boleto o ticket(especificar tarifa:niños, adultos, estudiantes, etc)",Adultos : S/.2.0 - Estudiantes de educación superior : S/.1.0 - Estudiantes de educación escolar : S/.0.0
"Previa presentación de boleto o ticket(especificar tarifa:niños, adultos, estudiantes, etc)",Adultos: S/.5.00.Estudiantes:S/.3.00. Niños y/o Escolares: S/.2.00. No esta permitido fotografías y filmaciones. Para visitas de delegaciones coordinar al Cel. 972808625 Lic. Rocío Marticorena Cosme.
Libre,
"Previa presentación de boleto o ticket(especificar tarifa:niños, adultos, estudiantes, etc)","Costo de ingreso por unidad vehicular S/. 5.00 soles, en tanto que visitante que llega a pie no paga"
Libre,
Libre,
Libre,
Libre,Se puede ingresar después de visitar el Convento Santa Rosa de Ocopa
Libre,
"Previa presentación de boleto o ticket(especificar tarifa:niños, adultos, estudiantes, etc)","costo de la entrada para adultos: S/.20 , para niños: S/. 10 y para escolares: S/. 3 por alumno y el costo de piscina: S/.5 y cochera: S/.10."
,
Libre,
Semi-restringido(previo permiso),"Previa coordinación con la Gerencia de Recursos Naturales y Gestion del Medio Ambiente-GRL. Guias de observacion de aves : Daniel Rojas cel : 902276163, David Garcia cel : 940256293"
Libre,
"Previa presentación de boleto o ticket(especificar tarifa:niños, adultos, estudiantes, etc)",Adulto: S/ 11.00 - Estudiantes de Educación Superior : S/ 4.00 - Niños / Escolares : S/ 1.00 - Entrada Especial S/ 5.50 - Personas con Discapacidad S/ 5.50 - Guía Grupo hasta 9 personas S/ 20.00
Libre,
Semi-restringido(previo permiso),"Para solicitar permiso, contactarse con el Padre Fredy Beltran, número de celular: 979932393"
Libre,
Libre,
Semi-restringido(previo permiso),Pedir autorización a los Guardaparques en el Centro de Interpretación ubicada en las instalaciones de la Reserva. Tarifa Gral.: S/ 30.00; Tarifa Promocional Nacional Adultos S/ 11.00; Niños: S/ 5.00;
Libre,
Libre,Es un conjunto de Lagunas de diferentes tamaños y formas.
Libre,Todo los meses
Libre,8:30 am - 4:00 p.m con registro de flujo de visitantes Teléfono: 972550691 Resp. Turismo Ingreso para personas sin impedimento física (caminata moderada en la zona)
Libre,Comunicarse con responsable de la Municipalidad para el registro de Flujo de Visitantes Teléfono: 972550691
Libre,Contactarse con la municipalidad área de Turismo para el registro de flujo de visitas. Teléfono 972550691
Libre,
"Previa presentación de boleto o ticket(especificar tarifa:niños, adultos, estudiantes, etc)",Tarifa de cueva S/10.00; tarifa de poza S/. 6.00
"Previa presentación de boleto o ticket(especificar tarifa:niños, adultos, estudiantes, etc)",Adultos s/.8.00; Estud.Univers s/.4.00; Niños menos de 17 años ingreso gratuito.
Libre,
"Previa presentación de boleto o ticket(especificar tarifa:niños, adultos, estudiantes, etc)",Adultos Nacional : S/5.00 Soles Adultos Local : S/4.00 Soles Niños y Jubilados: S/3.00 soles Extranjeros : S/15.00 Soles
"Previa presentación de boleto o ticket(especificar tarifa:niños, adultos, estudiantes, etc)","Tarifas de ingreso al ANP: Extranjeros: S/11.00, Nacional Adulto: S/11.00, Nacional niño (05-16 años): S/5.00, Local Adulto y niño: S/5.00 El ingreso es mediante servicios autorizados por SERNANP"
"Previa presentación de boleto o ticket(especificar tarifa:niños, adultos, estudiantes, etc)",El costo promedio par visitar las Islas Ballestas es de S/. 35.00 a 40.00 Nuevos Soles temporada alta y 35.00 a 30.00 Nuevos soles temporada baja. Las salidas dependerá de la estación climática.
Libre,
"Previa presentación de boleto o ticket(especificar tarifa:niños, adultos, estudiantes, etc)#Otros (especificar)","Precios de Ingresos en Nuevos Soles: Adulto Nacional y Extranjero S/. 12.00, Escolares y niños (hasta los 12) S/. 5.00 y Jubilados S/.6.00 Fuerza Armada y PNP S/.6.00 Para coordinaciones en general#Guías Oficial de Turismo no pagan por ley 28529."
"Previa presentación de boleto o ticket(especificar tarifa:niños, adultos, estudiantes, etc)","Adultos S/ 5.00 / Niños o estudiantes S/ 3.00 | Miembros de las FFAA, PNP y familiares pagan el 50%. De la misma manera Adulto mayor y CONADIS exonerado de pago."
Libre,se realizan misas todos los dias a las 05:00 p.m.
Libre,
Libre,Horario recomendado para inmuebles públicos: 9:00 am a 5:00 pm
Libre,
Libre,
Libre,
"Previa presentación de boleto o ticket(especificar tarifa:niños, adultos, estudiantes, etc)","Tarifa del PNH estadía por 3 días, extranjeros S/60.00 y Nacionales S/30.00"
"Previa presentación de boleto o ticket(especificar tarifa:niños, adultos, estudiantes, etc)","Las tarifas al PNH, según el tiempo de permanencia: para 2 a 3 días, S/ 60.00 (extranjeros) y S/ 30.00 (nacionales); y ingreso diario cuesta S/ 30. (extranjeros), S/15. (nacionales) y S/5.00 (locales)"
"Previa presentación de boleto o ticket(especificar tarifa:niños, adultos, estudiantes, etc)",Pago de S/.65.00 nuevos soles al PNH para 30 días de permanencia. Extranjero S/. 30.00 Nacional S/.15.00 Local S/. 5.00
,
"Previa presentación de boleto o ticket(especificar tarifa:niños, adultos, estudiantes, etc)",Tarifas establecidas por el SERNANP para dos a tres dias: S/60.00 extranjeros y S/ 30.00 nacionales
,
Semi-restringido(previo permiso),"Previo pago al PNH, S/.65.00 para 21 días de ingreso o permanencia dentro del PNH"
"Previa presentación de boleto o ticket(especificar tarifa:niños, adultos, estudiantes, etc)","Esta Incluido dentro del Boleto Turístico del Colca, Extranjeros S/. 70 y S/. 40.00, Nacionales S/. 20.00, Estudiantes y Niños S/. 5.00"
Libre,
Libre,
"Previa presentación de boleto o ticket(especificar tarifa:niños, adultos, estudiantes, etc)","General S/.40 Peruanos y Residentes S/.15 Estudiantes +8 años y Docentes acreditados S/.7.50 Docentes extranjeros S/.15 Niños -8 años, adultos +65 años miembros del PAM:gratis. Noches MALI S/. 9.90"
"Previa presentación de boleto o ticket(especificar tarifa:niños, adultos, estudiantes, etc)",S/7.00 adultos; S/5.00 estudiantes y jubilados; ingreso libre para mayores de 65 años y personas con habilidades diferentes.
,
"Previa presentación de boleto o ticket(especificar tarifa:niños, adultos, estudiantes, etc)",Adultos y extranjeros: S/.8.00 Universitarios: S/.4.00 Adultos mayores y escolares: S/. 2.00
"Previa presentación de boleto o ticket(especificar tarifa:niños, adultos, estudiantes, etc)",Público general: S/3.00 - Mayores de 60 años y menores de 17 años: entrada gratuita
Semi-restringido(previo permiso)#Libre,De lunes a viernes. Para grupos de 10 a 50 personas por turno de visita. Previa reserva y confirmación https://www.congreso.gob.pe/participacion/visitas/solicitud/ Presentar DNI o pasaporte.#Sábados. Grupos menores de 10 personas por turno. Presentarse 10 min antes con DNI o Pasaporte. Consultas o dudas Teléfono: 01 3117534 Correo: visitas@congreso.gob.pe.
Libre,"Previa presentación de documentos (DNI, Pasaporte, Libreta militar)."
Semi-restringido(previo permiso),"Se ingresa en horario de misa o eventos programados como bodas, bautizos, etc."
Semi-restringido(previo permiso),"Previa autorización de la municipalidad, enviar al correo agonzaless@muniventanilla.gob.pe o pueden ingresar su solicitud por mesa de partes virtual"
"Previa presentación de boleto o ticket(especificar tarifa:niños, adultos, estudiantes, etc)",Tarifa Extranjero: s/30.00 Tarifa Nacionales Adultos: s/12.00 Niños: s/6.00 Locales Adultos: s/6.00 Niños: s/3.00
Libre,
Libre,
,
"Previa presentación de boleto o ticket(especificar tarifa:niños, adultos, estudiantes, etc)",Extranjero S/. 30.00 Nacional S/. 15.00 Local S/. 5.00
"Previa presentación de boleto o ticket(especificar tarifa:niños, adultos, estudiantes, etc)","Las tarifas al PNH, según el tiempo de permanencia: para 2 a 3 días, S/ 60.00 (extranjeros) y S/ 30.00 (nacionales); y ingreso diario cuesta S/ 30. (extranjeros), S/15. (nacionales) y S/5.00 (locales)"
Libre,Existe un puesto de control que resguarda el recurso turistico y vigila la insfraestructura.
,
,
"Previa presentación de boleto o ticket(especificar tarifa:niños, adultos, estudiantes, etc)",Pago de S/. 65.00 nuevos soles al Parque Nacional Huascarán para 30 días exonerados de pago aplica a ciudadanos peruanos menores de 05 y mayores de 65 años
Libre,
"Previa presentación de boleto o ticket(especificar tarifa:niños, adultos, estudiantes, etc)",Pago de S/.65.00 nuevos soles al PNH para 30 días de permanencia. Extranjero S/. 30.00 Nacional S/.15.00 Local S/. 5.00
Semi-restringido(previo permiso),El ingreso está supeditado a la disponibilidad de las madres Benedictinas. Los visitantes se deberán anunciarse en la portería para la autorización de la madre superior o al teléfono (073) 377271.
Libre#Otros (especificar),"#En caso de eventos privados, es previa verificación de lista de invitado o ticket"
Libre,
,
Libre,
Semi-restringido(previo permiso),Es necesario solicitar autorización dado el deterioro del Templo. Telfeno de la parroquia santa rosa 066634345
Libre,En horario de misa.
Libre,El templo permanece abierto todo el dia.
Semi-restringido(previo permiso),Previa coordinación con el padre Julián Feliciano . celular 966160867.
Libre,
,
Libre,Se recomienda hacer la visita entre los meses de junio a diciembre.
Libre,
Libre,
"Previa presentación de boleto o ticket(especificar tarifa:niños, adultos, estudiantes, etc)","Niños y estudiantes S/2.00, Adultos y extranjeros S/5.00. El costo de ingreso incluye la visita a las Aguas Sulfurosas de Oromina."
"Previa presentación de boleto o ticket(especificar tarifa:niños, adultos, estudiantes, etc)",Turistas Extranjeros y Nacionales: Adultos S/ 10.00 Soles y Niños S/ 8.00 Soles Locales: S/ 5.00 Soles
Semi-restringido(previo permiso),Los visitantes reservan su ingreso y orientación con el area de turismo de la municipalidad distrital de Soritor. Con 24 horas de anticipación.
"Previa presentación de boleto o ticket(especificar tarifa:niños, adultos, estudiantes, etc)",Adulto S/ 2.00- Niño S/ 1.00
"Previa presentación de boleto o ticket(especificar tarifa:niños, adultos, estudiantes, etc)","Costo de ingreso: S/10.00 Estudiantes: S/5.00 niños menores de 12 años no ingresan a las áreas de proceso y elaboración, de 13 a 17 años con autorización de un adulto. Horario: 8am - 12m"
Libre,
Libre,
"Previa presentación de boleto o ticket(especificar tarifa:niños, adultos, estudiantes, etc)","La Bodega cuenta con 10 tours diferentes, por ello los costos de ingreso varían. para mayor información contactarse al siguiente número de celular: 997 542 481."
"Previa presentación de boleto o ticket(especificar tarifa:niños, adultos, estudiantes, etc)",Adulto: 4 soles; niños: 2 soles y escolares: 1 soles.
"Previa presentación de boleto o ticket(especificar tarifa:niños, adultos, estudiantes, etc)","Adulto: 8 soles, niños: 4 soles"
"Previa presentación de boleto o ticket(especificar tarifa:niños, adultos, estudiantes, etc)","Adulto: 10 soles, niños: 5 soles"
Libre,
"Previa presentación de boleto o ticket(especificar tarifa:niños, adultos, estudiantes, etc)","Adulto general: S/. 2.00, Estudiante S/. 1.00"
Semi-restringido(previo permiso),"Previa coordinación con los Centros de Manejo Picotani, Cala Cala y Cambria"
Libre,En coordinación con el párroco de Capachica; Sr. Ever Ali Ramos.
Libre,
Libre,
"Previa presentación de boleto o ticket(especificar tarifa:niños, adultos, estudiantes, etc)",Adultos S/4.00 Niños S/ 2.00 Información actualizada a la fecha.
,
Libre,
Libre,
"Previa presentación de boleto o ticket(especificar tarifa:niños, adultos, estudiantes, etc)","Parque Nacional Huascarán (El costo de ingreso para visitantes extranjeros es de S/. 30.00, para nacionales S/. 12.00 y para locales S/. 5.00)."
,
,
"Previa presentación de boleto o ticket(especificar tarifa:niños, adultos, estudiantes, etc)",Extranjero S/.30.00 Nacional Adulto S/. 12.00 Niños (5 a 16 años )S/. 5.00 Nacionales (Menores de 5 años y Mayores de 65 años no pagan)
,
Libre,
,
,
Libre,
Libre,
Libre,
"Previa presentación de boleto o ticket(especificar tarifa:niños, adultos, estudiantes, etc)",Costo de boleto: Adultos S/ 3.00 - Niños S/ 1.00
"Previa presentación de boleto o ticket(especificar tarifa:niños, adultos, estudiantes, etc)","Entrada General S/. 8.00 -Estudiantes universitarios o técnicos S/. 3.00 -Adultos mayores de 60 años, personas en servicio militar voluntario y profesores S/. 4.00 Gratis menores de edad y personas co"
"Previa presentación de boleto o ticket(especificar tarifa:niños, adultos, estudiantes, etc)","Esta incluido dentro del Boleto Turistico del Colca, Extranjeros S/. 35.00; Nacionales S/. 17.50, Estudiantes y Niños S/. 3.50"
Libre,
Libre,
Libre,
Semi-restringido(previo permiso),"Comunicarse vía teléfono o enviar oficio a APROBOC dando a conocer el motivo y las personas que irán, dirigido a Eli Peicles Coronel Mezones, telef. 947047487/e-mail: aprobocelbreo@hotmail.com"
Semi-restringido(previo permiso),"Previa coordinación con 24 horas de anticipación, con la Asociación Civil para la Promoción del Ecoturismo Nikolov Pioneros, al teléfono 918 918 651. Costo en entrada general: S/ 10. 00"
Semi-restringido(previo permiso),"Se debe solicitar permiso de ingreso en la Asociación Civil para la Promoción del Ecoturismo Nikolov Pioneros del Rio Abiseo – Juanjui al 918918651 / 942656802, con 24 horas de anticipación."
Libre,Previo registro al ingreso del sitio
Libre,Se recomienda en los horarios de 6:00 am a 3:00 pm
Libre,
"Previa presentación de boleto o ticket(especificar tarifa:niños, adultos, estudiantes, etc)","Para recorrido a Islas previo pago en la plataforma de embarque del muelle 1sol, Zoocriadero 3.5 soles, Centro de interpretacion 2 soles."
"Previa presentación de boleto o ticket(especificar tarifa:niños, adultos, estudiantes, etc)","Boleto extranjero, Nacional o local S/. 2.0 soles"
Libre,
"Previa presentación de boleto o ticket(especificar tarifa:niños, adultos, estudiantes, etc)",Nacionales o Extranjeros Adultos: S/ 20 Estudiantes: S/ 10 niños menores de 9 años no pagan Cusqueños entrada libre presentando DNI
Libre,En horas de Culto religioso de 8:00 a.m. a 7:00 p.m.
"Previa presentación de boleto o ticket(especificar tarifa:niños, adultos, estudiantes, etc)",Adquirir el boleto de ingreso en el local de la Asociación de Turismo. Costo: entrada general S/ 10.00 niños/estudiantes S/ 5.00
Libre,
Libre,
Libre,
Libre,
Libre,Se da un aporte económico voluntario al entrar.
Libre,
Semi-restringido(previo permiso),Coordinar con el Padre Genaro Huamán s. cel: 965070303
"Previa presentación de boleto o ticket(especificar tarifa:niños, adultos, estudiantes, etc)","Boleto único de Ingreso extranjero y Nacional. S/. 10.00,"
"Previa presentación de boleto o ticket(especificar tarifa:niños, adultos, estudiantes, etc)",Incluido dentro del boleto turístico Cusco parcial III. (BTCPIII): • Peruanos: s/. 40 • Extranjeros: s/. 70 • El boleto es gratis para niños menores de 9 años • Cusqueños previa presentación de DNI.
Semi-restringido(previo permiso),Comunicarse con el Párroco : Genaro Huamán Huayllapuma N° de Celular : 965070303
"Previa presentación de boleto o ticket(especificar tarifa:niños, adultos, estudiantes, etc)#Otros (especificar)","Previa presentación de boleto o ticket Tarifas: Nacionales: S/10.00 Extranjeros: S/18.00 Estudiantes: S/10.00#Cusqueños o residentes en Cusco (mostrando su DNI): Gratuito Niños hasta 10 años no pagan El boleto sirve para ingresar a tres templos: Templo San Pedro Apóstol de Andahuaylillas, Templo San Juan Baut"
Semi-restringido(previo permiso),Previa presentación de boleto o ticket Tarifas: Nacionales: S/10.00 Extranjeros: S/18.00 Estudiantes: S/10.00 Cusqueños o residentes en Cusco (mostrando su DNI): Gratuito Niños hasta 10 años no pag
Libre,
"Previa presentación de boleto o ticket(especificar tarifa:niños, adultos, estudiantes, etc)",
Libre,
"Previa presentación de boleto o ticket(especificar tarifa:niños, adultos, estudiantes, etc)",TARIFARIO: POZA PRIVADA: S/6.00 PISCINA SEMI OLIMPICA: S/5.00 PISCINA MEDIANA: S/4.00 PISCINA PARA NIÑOS: S/2.00 DUCHAS: S/2.00
Libre,De Lunes a viernes.
"Previa presentación de boleto o ticket(especificar tarifa:niños, adultos, estudiantes, etc)",Adultos: S/.5 - Estudiantes de educación superior: S/.2 - Docentes y Adulto Mayor: S/.2.50 - Escolares y menores de 18 años: gratis - Guiado: S/.20
Libre,
"Previa presentación de boleto o ticket(especificar tarifa:niños, adultos, estudiantes, etc)",-Adulto nacional: S/ 6.00; Niño nacional: S/ 3.00 -Adulto local: S/ 4.00; Niño local: S/ 2.50
Semi-restringido(previo permiso),Previa coordinación con el Arqueólogo Ernesto Lázaro . Celular : 992940678
Libre,
"Previa presentación de boleto o ticket(especificar tarifa:niños, adultos, estudiantes, etc)",Tarifas: De 5 a 10 años: s/. 4.00 De 11 años a más: s/. 5.00
Libre,
"Previa presentación de boleto o ticket(especificar tarifa:niños, adultos, estudiantes, etc)",Tarifa general: S/ 1.00
Libre,
"Previa presentación de boleto o ticket(especificar tarifa:niños, adultos, estudiantes, etc)",Público general: S/ 2.00
Libre,
Libre,
Libre,
Libre,
Libre,Zona pública disponible todos los días las 24 horas
Libre,De Lunes a Sábado de 08:00 am a 05:00 pm. Servicios gratuitos.
Libre,
Libre,
Libre,
Libre,Se recomienda dejar un óbolo al ingreso
Libre,
Libre,
,
Libre,
"Previa presentación de boleto o ticket(especificar tarifa:niños, adultos, estudiantes, etc)","Pago de 1 Día, general S/30, nacional adulto S/.12, menor S/5, De 2 a 3 días, general S/60, nacional adulto S/.30, menor S/15, De 4 a 30 días, general S/150, nacional adulto S/.75, menor S/35."
"Previa presentación de boleto o ticket(especificar tarifa:niños, adultos, estudiantes, etc)",Tarifa : Pozas Publicas 32° 36° 38°: S/. 10.00
Semi-restringido(previo permiso),"Permiso con 15 dias de anticipación pncutervo@sernanp.gob.pe, Liz Gamonal Sánchez, Cel 942053456"
Semi-restringido(previo permiso),"Permiso con 24 horas de anticipación mediante documento, indicando nombres N° DNI y motivo de visita, dirigido al Sr. Víctor Macedo Cuenca, Jefe del PNRA, cel. 968218437"
Semi-restringido(previo permiso),"Enviar una solicitud de visita al área con 15 días de anticipación al Blgo. Fredi A. Abanto Terrones, jefe de la Reserva Nacional de Calipuy. Correos: fabanto@sernanp.gob.pe fredyabrahamabant"
Libre,
,
Semi-restringido(previo permiso),Contactarse con el Sr. Miguel Mosquera Terrones - 992162223
Libre,"Es un recurso de acceso libre, al tratarse de un espacio público abierto a la comunidad y visitantes."
Libre,Se recomienda llamar al 968218461
"Previa presentación de boleto o ticket(especificar tarifa:niños, adultos, estudiantes, etc)","General: S/ 10.00 - Reducida: S/ 5.00 , menores de edad, Adultos( 65), Conadis y estudiantes de nivel superior. - Grupos ( 50 estudiantes): S/ 4.00.-Gratuito: Lic. en turismo, G.O.T. y docentes"
Libre,
Semi-restringido(previo permiso),Autorizacíon del SERNANP
"Previa presentación de boleto o ticket(especificar tarifa:niños, adultos, estudiantes, etc)#Otros (especificar)","Ingreso: Extranjero 30 soles, Nacional Adulto 11 soles, nacional niños (5-16 años) 5 soles, Locales Adultos 5 soles, Locales niños 3 soles Adquisición de entradas: Calle Jorge Chavez 930#Exoneración de pagos de derecho de ingreso a guías oficiales de turismo y a personas con discapacidad que presenten la acreditación respectiva"
"Previa presentación de boleto o ticket(especificar tarifa:niños, adultos, estudiantes, etc)",Entrada General: S/. 15; Niños: S/.8; Adultos Mayores: S/. 4; Personas con Discapacidad: Gratis. Considerando el ingreso por el Parque de las Leyendas
"Previa presentación de boleto o ticket(especificar tarifa:niños, adultos, estudiantes, etc)","Adultos: S/. 6.00; Estudiantes de educación superior, adulto mayor, docentes y militares: S/. 3.00; Escolares, menores de edad y discapacitados: ingreso libre. Ingreso libre cada 1er domingo de mes."
Libre,
Libre,
"Previa presentación de boleto o ticket(especificar tarifa:niños, adultos, estudiantes, etc)",Nacionales: S/ 10.00 Escolares: S/5.00 Adulto mayor: S/ 5.00 Extranjeros: S/. 15.00
,
"Previa presentación de boleto o ticket(especificar tarifa:niños, adultos, estudiantes, etc)",Adultos: S/10.00 Niños y estudiantes: S/06.00 Personas adultas mayores: S/06.00 Personas con CONADIS: Gratis Comunidad URP: Gratis
Libre,Llevar sombrero y bloqueador durante el verano
Libre,
Otros (especificar),"Ingreso restringido, por el momento solo se visita y se aprecia desde afuera."
Libre,
Libre,
Libre,
Libre,
Semi-restringido(previo permiso),"Previa coordinacion con Billy Gamboa tlf. 930886020, encargado de la Reserva Nacional Sistema de Islas, Islotes y Puntas Guaneras - SERNANP"
Libre,
Libre,
Libre,
Libre,
"Previa presentación de boleto o ticket(especificar tarifa:niños, adultos, estudiantes, etc)",Extranjero S/. 30.00 Adulto Nacional S/. 15.00 Locales Adulto S/. 5.00 Niños S/. 3.00 Nacionales (Menores de 5 años y Mayores de 65 años no pagan) Niños de 5 a 16 años pagan S/. 5.00
Libre,
,
,
,
,
,
,
,
Libre,
Libre,
Libre,
Libre,Zona pública disponible todos los días las 24 horas
Libre,"Para el ingreso, se solicita a la cuidadora Sra. Norma García, que se encuentra permanentemente en la casa que está a un costado de la Capilla."
Libre,
"Previa presentación de boleto o ticket(especificar tarifa:niños, adultos, estudiantes, etc)",Actualmente el costo del ticket es de 3 soles por posa y el tiempo de uso es de 30 min.
"Previa presentación de boleto o ticket(especificar tarifa:niños, adultos, estudiantes, etc)",La tarifa es adultos y/o niños: Tina personal: s/. 7.00 Pareja: s/.10.00 Piscina: S/. 3.00
"Previa presentación de boleto o ticket(especificar tarifa:niños, adultos, estudiantes, etc)",La tarifa es adultos y/o niños: Tina personal: s/. 7.00 Pareja: s/.10.00 Piscina: S/. 3.00
"Previa presentación de boleto o ticket(especificar tarifa:niños, adultos, estudiantes, etc)",Nacional s/.5.00; Extranjero s/.10.00; Local es libre. Contacto:Sr. Jhon Kenedy Milian Nuñez Celular 929744901
,
,
Libre,
Semi-restringido(previo permiso),Previa coordinación al teléfono 073-285670 y con DNI
,
,
,
,
"Previa presentación de boleto o ticket(especificar tarifa:niños, adultos, estudiantes, etc)",Pago de s/.20.00 a la Comunidad Campesina de Llamac / Pocpa.
,
,
"Previa presentación de boleto o ticket(especificar tarifa:niños, adultos, estudiantes, etc)",Tarifas de ingreso: Extranjero S/. 10.00; nacionales adulto S/. 5.00; nacionales niños y estudiantes S/. 3.00
Libre,
Semi-restringido(previo permiso),De 8 a.m.-2 p.m. Las Agencias de viajes y Turismo realizan las coordinaciones con embarcaciones.
Libre,
Libre,
Libre,
,
"Previa presentación de boleto o ticket(especificar tarifa:niños, adultos, estudiantes, etc)","COCACHIMBA:-Menores(5-17años),adultos mayores(65 años a más) y Universitarios S/10.00. -Adultos(18-64 años) S/15.00. SAN PABLO:-Niños S/8.00. -Adultos S/15.00.-Universitarios y estudiantes S/10.00"
"Previa presentación de boleto o ticket(especificar tarifa:niños, adultos, estudiantes, etc)",Ingresos al santuario nacional bosque de rocas de Huayllay. Recorrido 1: Adultos 2.00 soles Niños 1.00 sol Recorrido 2: Adultos 2.50 soles Niños no pagan 5.00 soles por vehículo
"Previa presentación de boleto o ticket(especificar tarifa:niños, adultos, estudiantes, etc)#Otros (especificar)",-Adultos: S/. 20; -Niños: S/. 5; -Escolares: S/. 8; -Adulto Mayor: S/. 10; -Universitarios: S/. 13; -Extranjeros: S/. 30; -CONADIS: S/. 5#-Guiado especializado en aves: S/. 50; -Guiado bilingüe (inglés): S/. 50
,
Libre,
Semi-restringido(previo permiso),"Previa reserva con la Asociación ADECARAM, al teléfono 942 958 538."
"Previa presentación de boleto o ticket(especificar tarifa:niños, adultos, estudiantes, etc)",En cobro se realiza en Tinke: la tarifa es de 10 soles.
,
Libre,
Libre,
Libre,Se recomienda ir con un guía local o por medio de un operador turístico que conozca el recorrido al recurso turístico.
"Previa presentación de boleto o ticket(especificar tarifa:niños, adultos, estudiantes, etc)","Incluido en el Circuito Religioso del Cusco Adultos S/30, Estudiantes S/ 15"
Semi-restringido(previo permiso)#Libre,"Previa autorización del parroco, Pbro. Daniel Huallparimachi Huamán / 948779963#Horario de Culto"
Libre,
Semi-restringido(previo permiso),Previa coordinación con el párroco o monjas
Libre,
Libre,
"Previa presentación de boleto o ticket(especificar tarifa:niños, adultos, estudiantes, etc)","adultos S/.2.00, niños S/.1.00"
Semi-restringido(previo permiso),"Coordinar con Sr. Marcos Apaza Alejo, cel. 952058670"
Libre,Extranjeros s/ 5.00 soles Nacionales y locales s/ 1.00
,
Libre,
Libre,
Libre,Sin restricciones
Libre,
Libre,
Libre,
Libre,
Libre,El ingreso es libre sin embargo si se desea el servicio de guiado tiene un costo adicional de S/2.00
"Previa presentación de boleto o ticket(especificar tarifa:niños, adultos, estudiantes, etc)",Adultos: s/. 8.00 Especial (niños de 5 a 12 años y Universitarios) s/.5.00 Estudiantes en grupo: s/. 4.00
Libre,
Semi-restringido(previo permiso),Previo permiso de SERNANP a través de: 1. Correo institucional: pncerrosdeamotape@sernanp.gob.pe 2. Número de contacto: 997 014 752 Esp. Leidy Valle. 3. En el puesto de control del sector.
Libre,Agencia Bancaria
Libre,
Libre,
Libre,Todo el día
Libre,Previa coordinación con las autoridades de la comunidad campesina de Quelcaya.
Libre,
Libre,
Libre,
Libre,
Libre,
Libre,
Libre,
Semi-restringido(previo permiso),"Permiso a la Gerencia General del PEOT, con un mes de anticipación, adjuntar lista de visitantes (nombres completos, número DNI, fecha de nacimiento) y una declaración jurada. Ca. Las Violetas 148-Ch"
Libre,
"Semi-restringido(previo permiso)#Previa presentación de boleto o ticket(especificar tarifa:niños, adultos, estudiantes, etc)",Previa llamada telefónica; al 074-433194 ó 978836377#Entrada general S/ 10.00 Costo de guiado 60.00 x grupos de hasta 10 personas. Contamos con 2 tipos de visita: Full Day y con Pernocte. El ingreso es previa reserva y contar con un guía local.
"Previa presentación de boleto o ticket(especificar tarifa:niños, adultos, estudiantes, etc)#Libre#Otros (especificar)",Adultos: S/ 10.00; Universitarios: S/ 4.00; Niños: S/.1.50; Tarifa especial: 5.00#Para personas con discapacidad y residentes del C.P. Huaca Rajada Sipán (Previa Presentación de DNI) según TUSNE del Ministerio de Cultura 2022#Parqueo S/. 2.0
"Previa presentación de boleto o ticket(especificar tarifa:niños, adultos, estudiantes, etc)",Ruta Integral: Adultos en general: 12 soles. Estudiantes de educación superior universitaria y no universitaria: 5 soles. Menores de edad: 1.5 soles. Consultar por las tarifas especiales.
,
Libre,
Libre,
Libre,
,
Libre,
Libre,Cuando hay celebraciones religiosas
Libre,Lunes a Domingo
Libre,
Semi-restringido(previo permiso),Coordinar con las autoridades de la comunidad campesina de Quelcaya.
Libre,
Libre,
Libre,
"Previa presentación de boleto o ticket(especificar tarifa:niños, adultos, estudiantes, etc)",-Niños: s/.1:00 -Adultos: s/. 2.00
Libre,Barrio tradicional
,
Libre,
Libre,
Libre,
Libre,En coordinacion con la comunidad
Libre,
Libre,
Libre,
Libre,Permanece abierto a partir de las 7.00 am a 12 m.
Libre,
,
Libre,
Libre,Las 24 horas del dia
Libre,Todo el día
,
Libre,
,
"Previa presentación de boleto o ticket(especificar tarifa:niños, adultos, estudiantes, etc)",Costo de Ingreso General S/ 1.00 (un sol) por persona sea adulto o niño.
Libre,
Semi-restringido(previo permiso),"No se paga por el ingreso, pero se debe coordinar la disponibilidad del espacio, aforo y recorrido con el Responsable del museo, el Sr. Abraham Picoy - Num: 963652794."
Libre,
Libre,
"Previa presentación de boleto o ticket(especificar tarifa:niños, adultos, estudiantes, etc)",El pago es de s/. 2.00 en general.
"Previa presentación de boleto o ticket(especificar tarifa:niños, adultos, estudiantes, etc)",Entrada general S/5.00
Libre,
"Previa presentación de boleto o ticket(especificar tarifa:niños, adultos, estudiantes, etc)","S/. 10.00 Adultos, S/. 5.00 Niños"
"Previa presentación de boleto o ticket(especificar tarifa:niños, adultos, estudiantes, etc)",Adulto S/. 7.00 Estudiante S/. 5.00 Niños S/. 2.00
Libre,Se recomienda contactar al Sr. Alfonso Delgado. Cel 931547604; visita guiada.
"Previa presentación de boleto o ticket(especificar tarifa:niños, adultos, estudiantes, etc)",La tarifa general es de S/. 2.00 Nuevos Soles.
Semi-restringido(previo permiso),"Previa coordinación con el guardián, teléfono 967669958"
"Previa presentación de boleto o ticket(especificar tarifa:niños, adultos, estudiantes, etc)",INGRESO: NIÑOS Y ADULTOS 1.00 PISCINA: NIÑOS Y ADULTOS 2.00 POZA PRIVADA: 5.00 GENERAL
,
,
,
,
Semi-restringido(previo permiso),"Solicitar el ingreso a las sra Ema Bernuy, catequista de la Iglesia Católica de Vicco. Celular: 963 688 929"
Libre,
Libre,
Libre,
,
Libre,
Libre,
Libre,
Libre,Coordinar con las autoridades del centro poblado de Aymaña
Libre,
Libre,
"Previa presentación de boleto o ticket(especificar tarifa:niños, adultos, estudiantes, etc)","Costo de ingreso: S/ 3.00 | Los tickets se adquieren en la Casa del Turista Onercocha, ubicada en el caserío Paraíso del Alto Mayo."
,
Libre,
Libre,
Libre,
Libre,
Libre,
"Previa presentación de boleto o ticket(especificar tarifa:niños, adultos, estudiantes, etc)",S/. 10.00 Comunidad de Pampas Chico
Libre,
Libre,Horarios de L a V : 9:00 A 5:00 PM SABADOS Y DOMINGO CERRADO
Libre,
,
Libre,
Libre,Los Humedales se observan desde los Miradores existentes en la zona
Libre,
,
"Previa presentación de boleto o ticket(especificar tarifa:niños, adultos, estudiantes, etc)","Previo permiso de la autoridad encargada, Adultos pagan S/. 20.00 soles niños S/. 15.00 soles, escolares S/.10.00(previa coordinación con el colegio)."
Libre,Las playas tienen libre acceso
Libre,
"Previa presentación de boleto o ticket(especificar tarifa:niños, adultos, estudiantes, etc)",
,
,
,
Otros (especificar),Con presentacin de boleto para el escenario preferencial y libre en la parte exterior
Libre,
,
Libre,
"Previa presentación de boleto o ticket(especificar tarifa:niños, adultos, estudiantes, etc)",El ingreso a Siete Tinajas es previa presentación de ticket de entrada por cualquiera de los 02 accesos de las Familias Serrano o Familia Quispe. La tarifa es de 2.00 soles por persona adulta y 1.00
Semi-restringido(previo permiso),Coordinar con el encargado para la visita 920528962
"Previa presentación de boleto o ticket(especificar tarifa:niños, adultos, estudiantes, etc)",Entrada General S/60.00
"Previa presentación de boleto o ticket(especificar tarifa:niños, adultos, estudiantes, etc)",Tarifas: Turista nacional: S/8.00 Turista nacional niño: S/4.00 Turista extranjero: S/15
"Previa presentación de boleto o ticket(especificar tarifa:niños, adultos, estudiantes, etc)",Tarifa General: 3 soles
Semi-restringido(previo permiso),Previa comunicación con el encargado de la comisión de vicuñas.
Libre,
Libre,LLevar medidas de protección solar
Semi-restringido(previo permiso),Previa autorización de la comunidad de Tintinco/ Javier Huilca 926122218
Libre,
Libre,
,
,
Semi-restringido(previo permiso),Previa autorización de la comunidad de Yaucat días sin actividades programadas / Luis Auquille 935010641
,
,
,
"Previa presentación de boleto o ticket(especificar tarifa:niños, adultos, estudiantes, etc)",Costo del boleto s/.5.00 soles entrada general.
"Previa presentación de boleto o ticket(especificar tarifa:niños, adultos, estudiantes, etc)",Tarifa General S/2.00
,
,
,
Libre,
Libre,
Semi-restringido(previo permiso),Previa autorización de la comunidad de Paropucjio / Carlos Chino 997278701
"Previa presentación de boleto o ticket(especificar tarifa:niños, adultos, estudiantes, etc)",Turista extranjero o nacional S/. 5.00 soles y visitante local S/. 2.00
Libre,
Libre,
Libre,De lunes a domingo
Libre,
"Previa presentación de boleto o ticket(especificar tarifa:niños, adultos, estudiantes, etc)",Extranjero: S/20.00 soles Nacionales: S/10.00 soles Local DNI : S/ 5.00 soles
,
Libre,"8:30 a. m. - 5:00 p.m. con registro de flujo de visitantes: teléfono: 959435470, Responsable de Turismo, Ingreso para personas sin impidimento física (caminata moderada en la zona)."
Libre,
,
Libre,
Libre,
,
Libre,
,
Libre,
Libre,
Libre,
Libre,Todo el dia
Semi-restringido(previo permiso),Previa autorización de la comunidad de Mocoraise/ Pedro Lima 931629039
"Previa presentación de boleto o ticket(especificar tarifa:niños, adultos, estudiantes, etc)","Adultos (8 años a más): 5 soles, niños (5 a 7 años): 2.5 soles, menores de 5 años no pagan."
Semi-restringido(previo permiso),"Previa coordinación con la Presidenta de Servicios turisticos Santa Rosa de Quives Valle Chillon Sra.Flor Elena Alzamora Aranguren , Celular : 991179122"
Semi-restringido(previo permiso),Para el acceso al recurso turístico se debe solicitar una autorización de ingreso a la Jefatura del Santuario Nacional Megantoni. Mariana Salazar SERNAP al 937513240
,
Libre,
"Libre#Previa presentación de boleto o ticket(especificar tarifa:niños, adultos, estudiantes, etc)","Adultos mayores ( Nacionales, mayores de 65 años) , Personas con Discapacidad y Niños Menores de 5 años (Gratuito).#Tarifa: Extranjeros s/. 25.00 Estudiantes Extranjeros S/ 13.00 Nacionales S/ 5.00 Universitarios y Escolares S/3.00 Delegación Escolar por Estudiante S/ 2.00 Propina voluntaria al guía."
Libre,
Libre,
Libre,
Libre,
Libre,
Libre,Existe un aporte voluntario de S/. 5.00
Libre,
Libre,
Libre,
Libre,
Libre,
Libre,
"Previa presentación de boleto o ticket(especificar tarifa:niños, adultos, estudiantes, etc)","Se debe realizar un pago, costo adultos 2.00 y niños 1.00"
,
Libre,
,
,
Libre,Realización de misas
Libre#Semi-restringido(previo permiso),"El ingreso para el la iglesia de acuerdo al horario#Para ingresar al convento se solicita permiso verbal en el área de administración de la parroquia, indicando el motivo. Restringido para el segundo piso del convento."
Libre,Coordinar con el Sr. Maximo Flores Flores (tripulante) 995253004 / Antonia Quispe Cahuana (tripulante) 951524988 Se puede dejar un obolo luego de la visita.
Semi-restringido(previo permiso),Previa inscripción en Visitas Guiadas Mensuales Gratuitas realizadas por la Municipalidad de Lurín. 20 personas por visita. Inscripciones: Subgerencia de Turismo turismo@munilurin.gob.pe 941553906
,
Libre,
,
,
Libre,
,
,
,
Libre,
Libre,Se recomienda llevar repelente y bloqueador solar.
Libre,
,
Libre,
Libre,
Libre,
Libre,
Semi-restringido(previo permiso),Se debe pedir permiso al presidente de la comunidad o secretario comunicarse al siguiente numero: 961551855 - 980151245
,
Semi-restringido(previo permiso),Previa coordination con la comunidad
,
,
,
Libre,
Libre,
Libre,
,
Libre,
"Previa presentación de boleto o ticket(especificar tarifa:niños, adultos, estudiantes, etc)",Tarifa única S/ 2.00
Libre,
Libre,
,
,
,
"Previa presentación de boleto o ticket(especificar tarifa:niños, adultos, estudiantes, etc)",Las comunidades campesinas realizan cobros por cada campamento de entre S/.10.00 y S/.30.00 nuevos soles por turista extranjero.
Libre,
,
,
Libre,
"Previa presentación de boleto o ticket(especificar tarifa:niños, adultos, estudiantes, etc)","Parque Nacional Huascarán (El costo de ingreso para visitantes extranjeros es de S/. 30.00, para nacionales S/. 12.00 y para locales S/. 5.00)."
Libre,
,
"Libre#Previa presentación de boleto o ticket(especificar tarifa:niños, adultos, estudiantes, etc)",#Entrada Adulto S/ 5.00 y estudiante S/ 3.00
Libre,
Semi-restringido(previo permiso),Previa coordinación con el propietario al celular: 959610435 (Carlos Puertas)
Libre,
Libre,
Libre,
Libre,
Libre,
Libre,
Libre,
Libre,
Libre,
"Libre#Previa presentación de boleto o ticket(especificar tarifa:niños, adultos, estudiantes, etc)",Cuando se usa los servicios como restaurante#Costo único del boleto S/ 3.00
Libre,
Libre,
Libre,
Libre,
,
Libre,Recomendable la visita con el orientador local.
,
Semi-restringido(previo permiso),Previa coordinación con la comunidad de Ichucullo
Libre,
Libre,
"Previa presentación de boleto o ticket(especificar tarifa:niños, adultos, estudiantes, etc)","Tarifas establecidas por el SERNANP para un día S/. 30.00 extranjeros, S/. 12.00 nacionales; y para dos a tres dias: S/. 60.00 extranjeros y S/. 30.00 nacionales"
"Previa presentación de boleto o ticket(especificar tarifa:niños, adultos, estudiantes, etc)",Ingreso General S/. 10.00 Servicio de guiado nacional y extranjero por pax es de S/. 50.00 Servicio de guiado locales por 5 pax total S/. 100
"Previa presentación de boleto o ticket(especificar tarifa:niños, adultos, estudiantes, etc)",Ingreso General S/. 10.00 Servicio de guiado nacional y extranjero por pax es de S/. 50.00 Servicio de guiado locales por 5 pax total S/. 100
"Previa presentación de boleto o ticket(especificar tarifa:niños, adultos, estudiantes, etc)",Adultos S/. 3.00 Estudiantes universitarios y no universitarios S/. 2.00 Escolares S/.1.00
Libre,
Libre#Otros (especificar),Todo el día#Se recomiemda contactar con la Asociación de Turismo Rural Comunitario Cuyaqui Wayi
Semi-restringido(previo permiso),Costo de ingreso: adulto S/ 3 - niño(a): S/ 1
Libre,
,
"Previa presentación de boleto o ticket(especificar tarifa:niños, adultos, estudiantes, etc)","Parque Nacional Huascarán (El costo de ingreso para visitantes extranjeros es de S/. 30.00, para nacionales S/. 12.00 y para locales S/. 5.00)."
Libre,"Contactar con el Sr. Eliseo Nuñez Bautista, Cel 998041812"
"Previa presentación de boleto o ticket(especificar tarifa:niños, adultos, estudiantes, etc)",Entrada general para el recorrido en fábrica: S/7.00 Estudiantes: S/5.00 Ingreso libre a tienda
Libre,
Semi-restringido(previo permiso),Previa coordinación con la Parroquia - 944109837
,
"Previa presentación de boleto o ticket(especificar tarifa:niños, adultos, estudiantes, etc)",Tarifa general S/ 2.00
Libre,Previa coordinación con el presidente de la asociación
Libre,
"Previa presentación de boleto o ticket(especificar tarifa:niños, adultos, estudiantes, etc)",Ingreso adultos: S/15.00 niños y adulto mayor: S/8.00
"Previa presentación de boleto o ticket(especificar tarifa:niños, adultos, estudiantes, etc)","Tarifa nacional o extranjero S/. 5.00 soles, Visitante local S/. 3.00"
Libre,Recomendable con un orientador local. Comunicarse con la Oficina de Información Turística Tel: 972550691
Libre,
Semi-restringido(previo permiso),Coordinar con el Alcalde del Centro Poblado de Challapampa Sr. Wilfredo Mayta Velasquez - telefono celular 931893836
Libre,"Los putucos son visibles desde la carretera, se debe pedir permiso al propietario para la visita turística."
,
,
,
,
,
Libre,
,
"Previa presentación de boleto o ticket(especificar tarifa:niños, adultos, estudiantes, etc)",Entrada general: S/ 10.00 Entrada para observadores de aves: S/ 20.00.
Libre,
Semi-restringido(previo permiso),Coordinar con los pobladores de la comunidad. Asociación Encanto de la fauna silvestre de las cataratas de alto shambillo
,
,
,
,
Libre,
,
,
,
Semi-restringido(previo permiso),Previa coordinación con el párroco o con el guardián
,
Libre,Todos los días desde las 9am hasta las 4pm.
Libre,
Libre,
Libre,
Libre,Previa coordinación con el Centro Poblado de Lamparaquen Marno
,
,
,
Libre,
Libre,
Libre,
Libre,
,
,
Libre,
"Previa presentación de boleto o ticket(especificar tarifa:niños, adultos, estudiantes, etc)",Pago de S/.65.00 nuevos soles al PNH para 30 días de permanencia. Extranjero S/. 30.00 Nacional S/.15.00 Local S/. 5.00
Semi-restringido(previo permiso),Ingreso autorizado por SERNANP. Ing. Carolina Guevara 968218439
,
Libre,
Libre,
,
Libre,
Semi-restringido(previo permiso),Previa coordinación con Leydi Ugalde Solórzano (943 924 409)
Libre,
Libre,
Libre,
Semi-restringido(previo permiso),Previa coordinación con el párroco Pbro Elisban Cayulla - tlf. 051 799239
Libre,
"Previa presentación de boleto o ticket(especificar tarifa:niños, adultos, estudiantes, etc)",Niños S/5.50 (03-11 años) Adultos S/10.00 (12 años a más) Adulto mayor S/5.50 (60 años a más) Contactarse con la Asociación Circuito Ecoturístico Lomas de Lúcumo al +51 997 944 148
Semi-restringido(previo permiso),Permiso del Parque Nacional Alto Purus
"Previa presentación de boleto o ticket(especificar tarifa:niños, adultos, estudiantes, etc)",Tarifa adulto S/ 2.00 soles Tarifa Niños S/ 1.00 sol
"Previa presentación de boleto o ticket(especificar tarifa:niños, adultos, estudiantes, etc)",Tarifa de por persona para recorrido completo: Estudiantes S/ 10.00; Adultos S/ 20.00. No incluye el servicio de alimentación.
Libre,
Libre,
,
Libre,PIURA
,
,
Libre,
,
Libre,
Libre,
Libre,
Libre,
Libre,
,
Libre,En coordinación con la comunidad
,
Semi-restringido(previo permiso),"Se puede observar desde fuera la represa, pero para el interior se debe obtener un permiso por Oficio al director del PECHP."
Libre,
Libre,
Libre,
Libre,
,
Libre,Previo registro de datos en la recepción
Libre,
Libre,
Libre,
Libre,
,
"Previa presentación de boleto o ticket(especificar tarifa:niños, adultos, estudiantes, etc)","- Derecho de ingreso al recurso: S/ 3.00 adultos, S/ 2.00 niños. - Costo por el servicio de las agencias de viajes autorizadas: S/ 30.00 a S/ 35.00"
Libre,Las actividades de canotaje y otras se realizan con agencias autorizadas
Libre,El espacio es abierto
,
,
Libre,
Libre,
,
Semi-restringido(previo permiso),"Previa coordinación con el. Sr. Juan Cisnero Villanueva, Celular : 993926886 .Tarifa es de 5 nuevos soles: Niños menores de 5 años y Adulto mayor no pagan."
,
Libre,En coordinación con la comunidad de Caya tocco encargado sr. Hector Gusman 973542255
Semi-restringido(previo permiso),Coordinación previa en el C.P. de Acconsaya - 950 383 833
,
Libre,
Libre,"Se recomienda llevar lentes de sol, bloqueador solar, agua y gorra."
"Previa presentación de boleto o ticket(especificar tarifa:niños, adultos, estudiantes, etc)","Visita diurna: General: S/15 Reducida: S/7.50 (niños de 5 a 12 años, estudiantes supe., profesores, adultos mayores) Escolares en delegación: S/ 1.00 Visita nocturna: General: S/ 17 Reducida: S/ 8.5"
,
Libre,
Libre,
Libre,
Libre,
Libre,
Libre,
Libre,
,
Otros (especificar),Restringido. Autorización Padre Pedro Hidalgo Díaz. Celular: 937192753 Fijo: (01) 4770472. Correo informes@lasantisimacruzdebarranco.org.pe
Libre,
"Previa presentación de boleto o ticket(especificar tarifa:niños, adultos, estudiantes, etc)","Entrada turistas: S/30 soles. Peruanos y residentes: S/20 soles Estudiantes, niños y jubilados: S/ 10 soles"
,
,
Libre,
,
,
Libre,PLAYA
Libre,
Semi-restringido(previo permiso),"Previa inscripción -con días de anticipación- a los teléfonos 3113908 ó 3113900 anexo 4308, de lunes a jueves de 08:30 am a 05:00 pm."
Semi-restringido(previo permiso),"Previa inscripción al Facebook Desarrollo Económico MML. En caso de instituciones, deberán realizar su reserva al correo visitalima@munlima.gob.pe."
"Previa presentación de boleto o ticket(especificar tarifa:niños, adultos, estudiantes, etc)",S/10.00 Adultos; S/5.00 Estudiantes; S/.1.00 Niños y escolares
Libre,
Libre,
Libre,
Libre,
"Previa presentación de boleto o ticket(especificar tarifa:niños, adultos, estudiantes, etc)","Las visitas guiadas tienen un costo de S/ 7.00, universitario S/3.50, niño y adulto mayor S/1.50"
,
Semi-restringido(previo permiso),"Previa coordinación con la Gerencia de Gestión del Desarrollo Social de la Municipalidad Provincial de Huaura - Huacho. José Tuesta, teléfono: 2325334. jtuesta@munihuacho.gob.pe."
Libre,
Libre,
Libre,
,
"Previa presentación de boleto o ticket(especificar tarifa:niños, adultos, estudiantes, etc)",Para visita S/. 5 adultos y S/. 1.50 niños. Para acampar: S/. 10 adultos y S/. 5 x día. Grupos mayores de 25 personas previa autorización.
Semi-restringido(previo permiso),Coordinar con la Dirección de la Institución Educativa Secundaria María Auxiliadora
Libre,
Libre,
Semi-restringido(previo permiso),"Coordinación previa con la Sra. Maritza Mosquera, cel: 991 837 258"
,
"Previa presentación de boleto o ticket(especificar tarifa:niños, adultos, estudiantes, etc)","Parque Nacional Huascarán (El costo de ingreso para visitantes extranjeros es de S/. 30.00, para nacionales S/. 12.00 y para locales S/. 5.00)."
,
Libre,
Libre,
Libre,De lunes a domingo
,
,
,
,
,
,
Semi-restringido(previo permiso),"Previa coordinación con los miembros de la Comunidad Campesina San Cristóbal de Rapaz. Sr. Miguel Gallardo Condor , Celular : 957450181"
Semi-restringido(previo permiso),"Previo permiso de la Sra. Dionicia Quispe, cel: 910345673"
Libre,Recomendable con un orientador turístico local.
Semi-restringido(previo permiso),"Previa coordinación con presidente de comité de turismo de la Comunidad Campesina Santiago de Carampoma, vía correo electrónico: turismocarampomah@gmail.com y al teléfono 997693168."
,
Libre,"Ingreso libre previa coordinación con el siguiente contacto ,Secretaria: María Luisa Talavera Vásquez ,mtalavera@unjfsc.edu.pe – Cel: 999458531"
Libre,"Coordinar con el sr. Saturnino Quispe Presidente de la comunidad, cel. 951338958"
,
,
,
,
,
,
,
,
Semi-restringido(previo permiso),Coordinación con el Padre María 989880764
Libre,HORA DE VISITA: Lunes a viernes de 10:00 am a 01:00 pm / Domingo en horario de misa de 05:00 pm a 08:00 pm
,
,
Libre,
Libre,
Semi-restringido(previo permiso),"Previa coordinación con Sr.Wilfredo Santa Cruz Tocto , Celular : 902153102"
,
"Previa presentación de boleto o ticket(especificar tarifa:niños, adultos, estudiantes, etc)",Adultos S/ 10.00 - Estudiantes S/ 5.00 - Niños S/ 5.00
Libre,
"Previa presentación de boleto o ticket(especificar tarifa:niños, adultos, estudiantes, etc)#Libre","Ingreso por el complejo arqueológico de Sillustani: Tarifa general S/. 15.00, Tarifa estudiante universitario S/ 5.00, Tarifa menores de edad S/ 2 .00, gratis para residentes del distrito Atuncolla.#Por otros puntos que no sean el complejo arqueológico de Sillustani."
Libre,
Libre,Previa coordinación con el párroco cel. 919155839.
Libre,Durante las ceremonias y acciones religiosas
"Previa presentación de boleto o ticket(especificar tarifa:niños, adultos, estudiantes, etc)#Semi-restringido(previo permiso)","Previa autorización de la jefatura del PNBS Extranjeros: s/. 30.00 Nacionales: s/. 15.00 Menores: s/. 8.00#Autorización y venta de tickets en oficina de Puno, Pasaje 2 de Febrero n° 154, 3er piso. Telef: 051-363960. Registro de visitantes en el puesto de vigilancia y control Putina Punco. El primer domingo"
"Previa presentación de boleto o ticket(especificar tarifa:niños, adultos, estudiantes, etc)","Adultos S/.3.00, Jovenes S/.3.00, Niños S/.1.50"
"Previa presentación de boleto o ticket(especificar tarifa:niños, adultos, estudiantes, etc)",adultos 5.00 soles y estudiantes 1.00 sol
Semi-restringido(previo permiso),Previa coordinación con el Sr. Erik Trurrizaga Payano. Celular :922 145 451
Semi-restringido(previo permiso),"Ingreso libre previa coordinación con el Sr. Juan Carlos La Rosa López – Oficina de Educación, Cultura, Deporte, Recreación y Juventudes, Celular : 995870663"
Libre,
"Previa presentación de boleto o ticket(especificar tarifa:niños, adultos, estudiantes, etc)","Adultos: S/. 11.00; Niños, Jubilados: S/. 1.00; Universitarios, escolares y docentes: S/. 4.00. Servicio de guiado: S/. 20.00 por grupo de 15 persona"
,
,
"Previa presentación de boleto o ticket(especificar tarifa:niños, adultos, estudiantes, etc)",Entrada general S/ 2.00
,
,
Libre,
Libre,
Libre,
Libre,
Semi-restringido(previo permiso),Se coordina previamente con el representante religioso Juan Antonio Fernández Salvador para el permiso. N° de contacto : 239-3011.
Libre,
,
,
,
Libre,"El ingreso es libre, respetando el horario que ha designado la administración de lunes a viernes de 8am. A 7pm. Sábados y domingos de 8am. A 1pm."
Semi-restringido(previo permiso),"Permiso con 24 horas de anticipado mediante documento, indicando nombres N.º DNI y motivo de visita, dirigido al Sr. Víctor Macedo Cuenca, Jefe del PNRA, cel. 968218437"
Libre,
Libre,
,
Libre,
Semi-restringido(previo permiso),"Se debe solicitar permiso de ingreso a la Asociación Civil para la Promoción del Ecoturismo Nikolov Pioneros del Rio Abiseo – Juanjui al 918918651 / 942656802, con 24 horas de anticipación."
"Previa presentación de boleto o ticket(especificar tarifa:niños, adultos, estudiantes, etc)",S/. 2.00 adultos
Libre,
"Previa presentación de boleto o ticket(especificar tarifa:niños, adultos, estudiantes, etc)","Costo de ingreso por un día. •Extranjero: s/. 30.00. •Nacional: Adultos s/. 15.00, Niños de 5 a 17 años: S/. 5.00 • Local: Adultos s/. 5.00 y niños de 5 a 17 años: S/. 3.00"
"Previa presentación de boleto o ticket(especificar tarifa:niños, adultos, estudiantes, etc)",s/. 2.00 adultos
Libre,
"Previa presentación de boleto o ticket(especificar tarifa:niños, adultos, estudiantes, etc)","Adulto S/ 5.00 - Niños y estudiantes S/ 3.00, el primer domingo de cada mes el ingreso es libre."
Libre,
Libre,
Libre,
Libre,
Libre,
Libre,
Semi-restringido(previo permiso),Previa autorización de Paucarpata/ Jose Contreras 966397570
Semi-restringido(previo permiso),"Previo registro en el pueblo de Yantac; para actividades turísticas programadas comunicarse previamente con el Encargado: Emilio J. Robles Guadalupe, Cel. 956722798 Email: emilioroblesg22@gmail.com"
Libre,
,
,
Semi-restringido(previo permiso),"Contactar en la tienda de la Sra. Luisa Campos, quién tiene la llave de la iglesia. También Sra Domilita Mendoza trabajadora de la Municipalidad Distrital de Yura 919460124 Sub Gerencia Desarrollo Ec"
,
Libre,
,
,
Libre,
Libre,
,
Libre,
Libre,
Libre,
Libre,
,
Libre,
,
"Previa presentación de boleto o ticket(especificar tarifa:niños, adultos, estudiantes, etc)","La boletería está administrada por la asociación, la cual cobra un ticket de ingreso al recurso turístico con un valor de S/ 4.00 para adultos y S/ 2.00 para niños."
,
"Previa presentación de boleto o ticket(especificar tarifa:niños, adultos, estudiantes, etc)",Tarifa General: 20 soles
Semi-restringido(previo permiso),"Se debe coordinar con la administración de COCLA, ubicada en la Av. Edgar de la Torre N.° 1353 – Quillabamba, al número telefónico 944 206 636, con la administradora Rosa de Fátima Curo."
Libre,
"Previa presentación de boleto o ticket(especificar tarifa:niños, adultos, estudiantes, etc)",Tarifa general (adulto nacional o extranjero) S/228.00; Estudiante universitario o técnico: S/ 114.00; Menores de edad S/ 57.00.
"Previa presentación de boleto o ticket(especificar tarifa:niños, adultos, estudiantes, etc)",Adulto ( Nacional o extranjero) = S/22 ; Estudiante S/ 11.00 soles; Escolar (8 a 17 años) S/ 8 y Niños menores de 8 años gratis.
Semi-restringido(previo permiso),"Coordinar con el Padre Marco Acostupa, al celular 950060533"
Libre,
"Previa presentación de boleto o ticket(especificar tarifa:niños, adultos, estudiantes, etc)","Adulto general (nacional o extranjero) S/ 300.00, estudiante universitario o técnico (con carnet válido) S/ 150.00, menores de edad (hasta 17 años) S/ 75.00."
Libre,
"Previa presentación de boleto o ticket(especificar tarifa:niños, adultos, estudiantes, etc)","Público general (nacionales y extranjeros) S/ 300.00; Estudiantes universitarios (con carnet) s/ 150.00; Menores de edad : S/75.00 ; Personal de apoyo (porteadores, etc.): S/ 50.00"
"Previa presentación de boleto o ticket(especificar tarifa:niños, adultos, estudiantes, etc)","Adulto general (nacional o extranjero) S/ 300.00, estudiante universitario o técnico (con carnet válido) S/ 150.00, menores de edad (hasta 17 años) S/ 75.00."
Libre,
Semi-restringido(previo permiso),Previo permiso de la ASOCIACIÓN AGRARIA THASTAYOC ABRA MÁLAGA : Presidente de la Asociación: señor Juan Tillca
Libre,
Libre,
Libre,
,
Libre,
Libre,Se recomienda registrarse en el Cuaderno de Registro de Visitantes habilitado en la Municipalidad Distrital de Parco
,
,
,
,
,
,
,
,
,
,
,
Libre,
"Previa presentación de boleto o ticket(especificar tarifa:niños, adultos, estudiantes, etc)",Adultos S/. 5.00 - Estudiantes de educación escolares: S/. 3.00.
Libre,
,
Libre,
Libre,"Debido a la falta de señalización en la ruta, solo se permite la visita durante el día y con la compañía de un guía autorizado para garantizar la seguridad y la correcta orientación en el recorrido."
,
"Previa presentación de boleto o ticket(especificar tarifa:niños, adultos, estudiantes, etc)",Entrada general S/. 1.00
,
,
Semi-restringido(previo permiso),Solo con autorización de la Municipalidad Distrital de Saña. Contacto: Jaime Linares - Cel. 972 697 426.
Libre,
Semi-restringido(previo permiso),Observación externa; acceso interior restringido y solo con autorización de la Municipalidad Distrital de Saña. Contacto: Jaime Linares - Ce.l 972 697 426.
"Previa presentación de boleto o ticket(especificar tarifa:niños, adultos, estudiantes, etc)",Entrada: Adultos S/ 10.00; Niños hasta 10 años S/ 5.00; Estudiantes: Universitarios S/ 8.00; Institutos S/ 6.00; Desde kinder al 5º secund. S/ 5.00; acompañante/PPFF S/ 8.00; Profesor delegado no paga
"Previa presentación de boleto o ticket(especificar tarifa:niños, adultos, estudiantes, etc)#Libre","Entradas: adulto S/ 6.00 - universitarios S/ 4.00 - Escolar S/ 2.00#Para adultos mayor, discapacitados y pobladores de Saña, es gratuito."
,
,
,
,
,
,
,
,
,
,
,
,
Libre,
,
,
Semi-restringido(previo permiso),Se solicita permiso al personal de turno de la Fuerza Aérea del Perú – FAP y se deja un bono voluntario.
Libre,"Aunque no hay un horario oficial establecido, es aconsejable visitar los humedales durante las primeras horas de la mañana o al final de la tarde."
"Previa presentación de boleto o ticket(especificar tarifa:niños, adultos, estudiantes, etc)",Tarifa: Adultos S/3.00 y Niños S/2.00 soles
Libre,
Libre,
,
"Libre#Otros (especificar)#Previa presentación de boleto o ticket(especificar tarifa:niños, adultos, estudiantes, etc)","Menores de edad: ingreso gratuito según Resolución Ministerial N° 000092-2024-MC.Durante el 2024. Personas con discapacidad debidamente acreditadas, tienen ingreso gratuito#Ruta integral: Adultos S/ 12.00, Estudiantes universitarios y no universitaria S/ 5.00, Adultos mayores de 60 años, personas en servicio militar voluntario y profesores 50% de dscto de entrada general#Rutas A y B: General S/ 8.00, Estudiantes universitarios y/o técnica: S/ 3.00, Adultos mayores de 60 años, profesores y personas en servicio militar voluntario 50% de descuento de entrada general."
,
,
Semi-restringido(previo permiso),Se debe solicitar permiso de ingreso en la oficina SERNANP PNRA – Juanjui al 042 545781 / 968218425.
Semi-restringido(previo permiso),"Permiso con 24 horas de anticipación mediante documento, indicando nombres N° DNI y motivo de visita, dirigido al Sr. Víctor Macedo Cuenca, Jefe del PNRA, cel. 968218437"
,
,
,
,
Libre,
Libre,
"Libre#Previa presentación de boleto o ticket(especificar tarifa:niños, adultos, estudiantes, etc)","Para los lugareños de lo zona.#Al estar incluida en el circuito Valle del Colca, se paga un boleto turístico. Extranjero S/.70.00 – Latinoamericano S/. 40.00 – Nacional S/. 20.00 (Niño, estudiante y adulto mayor S/. 5.00)"
Libre,
Libre,
Libre,
"Previa presentación de boleto o ticket(especificar tarifa:niños, adultos, estudiantes, etc)#Libre",Esta incluido dentro del Boleto turístico del Colca: Extranjeros S/. 70.00; Nacionales S/. 20.00 y Estudiantes S/. 5.00#
"Previa presentación de boleto o ticket(especificar tarifa:niños, adultos, estudiantes, etc)","Costo de entrada: turista extranjero S/ 15.00, nacional S/ 15.00 y locales (S/ 5.00, S/ 2.00 y S/ 1.00)"
,
Libre,
Libre,"Previa coordinación con el párroco Leonardo J. Astete Valenzuela, o con el guardián"
Libre,"Previa coordinación con el guardián, Sr. Mariano S. Churata Colca Telf. 916816792"
Libre,
"Previa presentación de boleto o ticket(especificar tarifa:niños, adultos, estudiantes, etc)",Tarifa: Adultos: S/ 5.00 Estudiantes en general S/ 3.00
Libre,
,
Semi-restringido(previo permiso),Solicitar permiso a la Administración de la Empresa Agro Pucalá. Administrador: José Llanos Saavedra - Celular 943417845
,
,
,
"Previa presentación de boleto o ticket(especificar tarifa:niños, adultos, estudiantes, etc)",Niños de 05 a 10 años S/. 3.00 Adultos de 11 a 65 años S/. 7.00 Mayores de 65 años entrada libre.
,
Semi-restringido(previo permiso),Previa coordinación con el encargado de comité de hermandad Santísima Virgen de la Asunción. SR Alcibar Salsavilca Quispe. Celular: 980486237
Libre,
Libre,
Libre,
"Previa presentación de boleto o ticket(especificar tarifa:niños, adultos, estudiantes, etc)",Niño : S/ 2.00 Adulto: S/ 5.00 Estudiantes: S/ 3.00
"Previa presentación de boleto o ticket(especificar tarifa:niños, adultos, estudiantes, etc)",Extranjero: Adultos y niños S/. 30.00 Nacional: Adultos S/. 11 Niños S/. 5 Locales: Adultos S/. 5 Niños S/. 3
Libre,
Libre,
,
,
Libre,
Libre,"Debe ser con un Guia, que conozca la ruta"
Semi-restringido(previo permiso),"Previa coordinacion con la Lic. Brissethe Del Rosario Quispe Cayahuallpa , Celular:934951847"
,
,
"Previa presentación de boleto o ticket(especificar tarifa:niños, adultos, estudiantes, etc)","Tarifas: Poza privada regulable agua fría/caliente = S/ 10.00 - Poza familiar, sauna a vapor 8 personas = S/ 130.00 - Poza de lodo, sauna a vapor = S/ 15.00 - Pozas públicas = S/ 10.00"
,
Libre,Mañana y Tarde
Semi-restringido(previo permiso),Solicitar permiso al Señor RODRIGUEZ GARCIA JOSE DEL CARMEN. Cel 920657864
Libre,
Semi-restringido(previo permiso),Previa comunicación a la Municipalidad Distrital de Huaso con Silvana Del Rocío. Telf. (989246445)
Libre,
"Previa presentación de boleto o ticket(especificar tarifa:niños, adultos, estudiantes, etc)","a) Extranjeros: S/20, Adulto mayor y estudiantes S/15, Niños y escolares S/5 – b) Nacionales: S/15, Adulto mayor y estudiantes S/10, Niños y escolares S/5"
Semi-restringido(previo permiso),Con autorización de la RCP Amarakaeri
"Previa presentación de boleto o ticket(especificar tarifa:niños, adultos, estudiantes, etc)","Al ingreso se cuenta con una boletería, costo general S/5.00."
Libre,
Libre,
Libre,
Libre,"Para visitas coordinar con Secretaría de Parroquia Cel. 951614352, telf. 064-435190"
Libre,
Semi-restringido(previo permiso),"Solicitar autorización a la Secretaría de la Parroquia: Cel. 969351012, quienes brindaran acceso e información turística."
,
Libre,
Semi-restringido(previo permiso),Previa coordinación con las religiosas de la iglesia y registro en el cuaderno de visitantes. Llamando al celular 979437651 / 940774743.
"Previa presentación de boleto o ticket(especificar tarifa:niños, adultos, estudiantes, etc)","Adultos: S/. 4.00. Estudiantes, adultos mayores y docentes previa acreditación con identificación (Tarifa especial): S/. 2.00. Niños y adolescentes hasta 17 años: S/. 1.00"
Libre,
Libre,
Libre,
"Previa presentación de boleto o ticket(especificar tarifa:niños, adultos, estudiantes, etc)",DIURNO: Adulto: S/10 - Niños (Hasta 12 años): S/2 CONADIS con DNI: S/3 NOCTURNO: Adulto: S/22 - Niños (Hasta 12 años): S/11 - CONADIS con DNI: S/11 - Whatsapp: 972868216
"Previa presentación de boleto o ticket(especificar tarifa:niños, adultos, estudiantes, etc)",Costo de ingreso a la cascada Adultos: S/. 5.00 Niños: S/. 2.00 Estudiantes: S/. 3.00
"Previa presentación de boleto o ticket(especificar tarifa:niños, adultos, estudiantes, etc)",Entrada General: S/ 5.00 - Menores de 5 años no pagan.
Libre,
Libre,
,
"Previa presentación de boleto o ticket(especificar tarifa:niños, adultos, estudiantes, etc)",Costo de ingreso a la Cascada: Adulto: S/ 5.00 / Niños S/ 2.00
Libre,No adecuado para personas con discapacidad motriz
Libre,Para coordinación fuera de los horarios establecidos con el Pbro. Julio Mansilla al celular: 95964728
Libre,"El pueblo de Panahua recibe a todos los turistas locales, nacionales sin restricciones."
,
,
"Previa presentación de boleto o ticket(especificar tarifa:niños, adultos, estudiantes, etc)#Libre","General:S/.8.00; Especial: S/.4.00; Estudiantes:S/. 3:00 Escolares:S/.1.50 (ingreso libre niños, niñas y adolescentes de 3 a 17 años solo año 2024, Ingreso libre el primer domingo de cada mes a peruan#Primer domingo de cada mes, ingreso libre para los peruanos y residentes previa presentación de DNI."
,
Libre,
,
,
"Previa presentación de boleto o ticket(especificar tarifa:niños, adultos, estudiantes, etc)",Boleto publico en general S/1.00 niños a partir de los 10 años pagan tarifa como publico en general .
,
Libre,
Libre,
Libre,
Libre,
,
,
"Previa presentación de boleto o ticket(especificar tarifa:niños, adultos, estudiantes, etc)",Costo por persona es de S/. 5.00 - Niños menores de 10 años no pagan.
Libre,
Libre,
"Libre#Previa presentación de boleto o ticket(especificar tarifa:niños, adultos, estudiantes, etc)",07:00 a.m. - 11:00 a.m.#Adulto mayor (60 años a mas): s/ 2.50 - Conadis: s/ 2.50 - General: s/ 5.00 - Niños menores de cinco años: gratis.
,
,
Libre,
,
,
,
Semi-restringido(previo permiso),Previo Permiso del Padre Manuel Arroyo Castilla . Cel 991676342.
Libre,Previa coordinación e información a la comunidad
Semi-restringido(previo permiso),Coordinar con el encargado Sr. Mariano Quispe Mayta.
,
Semi-restringido(previo permiso),Coordinar con Lic. Carolina Roque - Área de Turismo de la Municipalidad Provincial de Junín. Cel.: 999624203.
Libre,"Previa coordinación con el padre encargado de la parroquia Santa Rosa, telefono: 066634345"
"Libre#Previa presentación de boleto o ticket(especificar tarifa:niños, adultos, estudiantes, etc)","#Dependiendo del evento que se realice, algunas ocasiones es previa presentación de ticket o lista de invitados."
Libre,"Se permite la visita en todos los ambientes, con excepción de las resticciones a las habitaciones del hotel."
,
,
"Previa presentación de boleto o ticket(especificar tarifa:niños, adultos, estudiantes, etc)",Piscina N°1 entrada 4.00 soles Piscina N°2 entrada 5 .00 soles Piscina N°3 entrada 7.00 soles
Libre,
"Previa presentación de boleto o ticket(especificar tarifa:niños, adultos, estudiantes, etc)",El Tickets solo indica el conteo de personas que visitan la Casa Hacienda Naranjal
"Previa presentación de boleto o ticket(especificar tarifa:niños, adultos, estudiantes, etc)",Adultos: S/ 4.00 - Niños: S/ 2.00
Libre,
Libre,"Por seguridad, coordinar con el Sr. Alipio Hinojoza Apaza, Presidente de la Comunidad, cel. 912708751"
Libre,Acceso desde la Plaza principal de Asillo.
"Previa presentación de boleto o ticket(especificar tarifa:niños, adultos, estudiantes, etc)","Adultos S/ 4.00, niños menores de 10 años S/ 2.00."
Libre,En coordinación con las comunidades campesinas de Ajohuito y Huiñirapujo y el centro poblado Tantamaco
Libre,En coordinación con la comunidades de Chimboya y centro poblado de Aymaña
"Otros (especificar)#Previa presentación de boleto o ticket(especificar tarifa:niños, adultos, estudiantes, etc)","Filmación con fines comerciales Solicitud, - Contrato, S/. 750.00 diaFotografía y/o Filmación por turistas gratuito. Cine TV - Contrato S/.3500 dia#S/15.00 adultos, S/5.00 estudiantes, S/ 2.00 niños y escolares, S/ 7.50 adultos mayores, gratis población local con presentación de DNI"
Semi-restringido(previo permiso),Previa inscripción al teléfono (01) 632-1539 o al correo electrónico pinacoteca@munlima.gob.pe
"Previa presentación de boleto o ticket(especificar tarifa:niños, adultos, estudiantes, etc)",Adultos: S/ 5.00 y niños: S/ 2.00
Libre,
Libre,
Libre,
,
Libre,
Libre,
,
,
,
Semi-restringido(previo permiso),Previa coordinación con el presidente de la comunidad; Cel: 956643329
,
Semi-restringido(previo permiso),"Previa coordinación con el administrador, señor Giancarlo Rivas Mori. Teléfono: 921855256. No existe ningún tipo de cobro para el ingreso."
Libre,
Semi-restringido(previo permiso),"Comunicarse vía teléfono al 956604502 o por e-mail: aprobocelbreo@hotmail.com a APROBOC, indicando el motivo de visita, la tarifa varía según cada operador turístico, el ingreso es de 9:00am a 4:00pm."
Semi-restringido(previo permiso),"Solicitar autorización de ingreso a la Jefatura del Parque Nacional Río Abiseo, en la ciudad de Juanjui (Teléfono: 042 545781 / 968218425)"
Libre,Se recomienda registrarse en el libro de visitantes del museo.
,
,
,
Libre,
Libre,El ingreso a las salas de exhibición son libres. Puede haber un cobro por ingreso al teatro según el tipo de actividad y el organizador.
"Previa presentación de boleto o ticket(especificar tarifa:niños, adultos, estudiantes, etc)",Adultos: S/.6.00 Soles Niños: S/. 2.00 Soles
Semi-restringido(previo permiso),"Coordinar la visita previamente con Edilberto Quintana, administrador contratado por la empresa Agrícola Ganadera Chontabamba del Valle de Chanchamayo S.A. (Tlf.: 986686176)."
Libre,
Libre,
Libre,
,
Libre,"Sin embargo, se recomienda registrarse en el Registro de los Visitantes del Puesto de Vigilancia y Control de Pachacayo, o en la garita instalada en el puente Pachacayo - ingreso al ANP."
Libre,
Libre,
Semi-restringido(previo permiso),Realizar la reserva con la administración al número: 954 965 006
,
Libre,
,
,
Libre,
Libre,
"Previa presentación de boleto o ticket(especificar tarifa:niños, adultos, estudiantes, etc)",Adultos s/. 3.00 Niños s/. 2.00 ( pagan a partir de 5 años)
Libre,
Libre,
Libre,
Libre,Ingreso libre y el servicio de guiado es gratuito.
"Previa presentación de boleto o ticket(especificar tarifa:niños, adultos, estudiantes, etc)",Entrada general S/. 30.00. Ingreso previa confirmación al (01)4277736 o al correo reservas@casadealiaga.com y acompañado de un guía oficial de turismo
Libre,
"Previa presentación de boleto o ticket(especificar tarifa:niños, adultos, estudiantes, etc)","El ingreso es previa presentación de ticket Con las siguientes tarifas: PISCINAS(hora libre) Adultos:S/ 4,00 Niños:S/ 2,00 JACUZZIS (la hora) Adultos:S/ 7,00 Niños:S/ 3,50 BUNGALOWS (12 horas) previa"
,
,
,
Libre,
,
Libre,Se recomienda ingresar acompañado de un guía.
"Previa presentación de boleto o ticket(especificar tarifa:niños, adultos, estudiantes, etc)",Adultos S/. 3.00 soles y niños S/. 2.00 soles
"Previa presentación de boleto o ticket(especificar tarifa:niños, adultos, estudiantes, etc)","Entrada a S/. 5.00, niños menores de 05 años y adultos mayores de 60 años no pagan."
Semi-restringido(previo permiso),"Previa coordinación con el presidente, representante de la Isla Juspique al telefono celular 948067305."
Libre,
"Previa presentación de boleto o ticket(especificar tarifa:niños, adultos, estudiantes, etc)",Adultos S/. 40.00; Adultos mayores S/. 32.00; Niños menores de 5 a 17 S/. 17.00; Estudiantes S/. 17.00. www.museoroperu.com.pe
Libre,
Libre,
,
"Previa presentación de boleto o ticket(especificar tarifa:niños, adultos, estudiantes, etc)",Adultos: S/.7.00 Universitarios y adultos mayores: S/.4.00 Escolares: S/.2.00 Reservas al celular: 920 413 640
Libre,
Libre,
Libre,
,
"Previa presentación de boleto o ticket(especificar tarifa:niños, adultos, estudiantes, etc)","-General: S/.10.00; -Reducida: S/.5.00 , menores de edad, Adultos( 65), Conadis y estudiantes de nivel superior; - Grupos ( 50 estudiantes): S/. 4.00; -Gratuito: Lic. en turismo, G.O.T. y docentes."
,
Libre,
Libre,
Semi-restringido(previo permiso),Previa autorización de los responsables del fundo Carmen Aracely Cera Ortega
Libre,
Libre,
Libre,
Semi-restringido(previo permiso),Previa coordinaciòn con Electroperù
"Previa presentación de boleto o ticket(especificar tarifa:niños, adultos, estudiantes, etc)","Ingreso boleto adulto;S/3.00, niños y escolares S/1.00, universitarios y educación superior S/2.00."
Semi-restringido(previo permiso),Previa coordinación con los propietarios. Familia Altez Zambrano
Libre,
Libre,
Libre,
Libre,De lunes a domingo
Libre,
Libre,
"Previa presentación de boleto o ticket(especificar tarifa:niños, adultos, estudiantes, etc)","Adultos 3 soles, niños ingreso libre"
"Previa presentación de boleto o ticket(especificar tarifa:niños, adultos, estudiantes, etc)",Encargado Francisco Rodriguez – Presidente de Turismo de la CC.NN puerto Ocopa – celular 925 850 995 costo de ingreso Adultos 3 Soles; Niños 1 Sol; Extranjeros 6 Soles
"Previa presentación de boleto o ticket(especificar tarifa:niños, adultos, estudiantes, etc)","Peruanos y residentes (DNI o CE): S/. 20 - Adulto mayor ( 60), Estudiante de universidad/instituto, niños 6 a 12 años: S/.10, extranjeros: S/.30 Niños Extranjeros de 6 a 12 años: S/.15"
Libre,
,
Libre,
,
Semi-restringido(previo permiso),Se pide permiso a la persona a cargo del taller en el momento.
,
"Previa presentación de boleto o ticket(especificar tarifa:niños, adultos, estudiantes, etc)","Entrada general S/. 10; Estudiantes de nivel superior, niños, escolares, adultos mayores de 60 años, CONADIS: S/. 5"
Libre,
Libre,
Semi-restringido(previo permiso),"Previa coordinación de la Zona Arqueológica de Caral. Sr. Alan Ríos , Celular : 998730334"
Libre,Zona Comercial
,
Libre,
Semi-restringido(previo permiso),"Previa coordinación, los visitantes pueden ingresar al hall central o consumir directamente en el restaurante bar del hotel. www.granhotelbolivar.pe"
,
Libre,
,
,
Libre,
,
,
Libre,
,
,
Libre,
Semi-restringido(previo permiso),"Previa coordinación de la Zona Arqueológica de Caral. Sr. Alan Ríos , Celular : 998730334"
Libre,
"Previa presentación de boleto o ticket(especificar tarifa:niños, adultos, estudiantes, etc)","Nacionales adulto /12.00, Adulto local y niño nacional s/ 5.00 Niño local s/ 3.00 Extranjero s/ 30.00. Exonerados de pago aplica a ciudadanos peruanos menores de 05 y mayores de 65 años"
,
"Previa presentación de boleto o ticket(especificar tarifa:niños, adultos, estudiantes, etc)",Precio general s/. 10.00 por persona.
,
Libre,Previa coordinación con las autoridades
,
Libre,de 9.00 am a 5.00 pm
Libre,
Libre,
Libre,
Semi-restringido(previo permiso),Autorización de la Comunidad Túpac Amaru.
Semi-restringido(previo permiso),Para ingresar se realiza un pago simbólico de S/. 1.00
Libre,
,
Libre,
"Previa presentación de boleto o ticket(especificar tarifa:niños, adultos, estudiantes, etc)",Costo de ingreso: S/. 2.00 Adultos y S/. 1.00 Niños
Libre,
,
Otros (especificar),Para ingresar se realiza un pago simbólico de S/. 1.00
Libre,Precio de la sesión de cata personalizada S/ 20.00
Libre,
,
"Libre#Previa presentación de boleto o ticket(especificar tarifa:niños, adultos, estudiantes, etc)","Para los lugareños de lo zona.#Al estar incluida en el circuito Valle del Colca, se paga un boleto turístico. Extranjeros S/.70.00 - Sudamericano S/. 40.00 - Nacionales S/. 20.00 - Estudiantes S/. 5.00 - Adulto Mayor S/. 5.00"
Libre,
Libre,
"Previa presentación de boleto o ticket(especificar tarifa:niños, adultos, estudiantes, etc)",TARIFA: Nacionales: s/5.00 Extranjeros: s/10.00
Libre,
,
"Previa presentación de boleto o ticket(especificar tarifa:niños, adultos, estudiantes, etc)",Tarifario: S/ 1 por persona (Adultos mayores - ingreso libre)
Libre,"Previa coordinación con el Presidente comunidad, Sr. Yony Rubiño Peña Almendre."
,
Semi-restringido(previo permiso),"Previa reservación:Sr. Raúl Óscar Saldías Haettenschweiler,correo electrónico:rsaldias@bodegaras.com, número de celular: 982171939"
,
,
,
Libre,
Semi-restringido(previo permiso),Previa coordinación con el encargado de comité de fiesta San José de los Chorrillos. Sr. José Ulfer Ramos Melo. Celular: 914628660
"Previa presentación de boleto o ticket(especificar tarifa:niños, adultos, estudiantes, etc)",Adultos S/. 10.00 soles Niños y Yauyinos S/. 5.00 soles
Libre,"En coordinación con Presidente Comunal, Sr. Yony Rubiño Cahuaya Chino"
Libre,
Libre,"Coordinar con el Sr. Julio Cesar Uchasara Mamani, presidente del Barrio Apacheta."
Libre,Llevar un envase para traer agua medicinal en caso sea el objetivo.
Libre,
Libre,
Libre,
Libre,
"Previa presentación de boleto o ticket(especificar tarifa:niños, adultos, estudiantes, etc)","Boleto de ingreso , tarifa general S/. 5.00, Tarifa Estudiante de educación superior universitaria y/o técnica Estudiantes S/. 2.00, tarifa a menores de edad S/. 1.00"
Libre,
Semi-restringido(previo permiso),Previa coordinación en la Municipalidad distrital de San Anton.
Semi-restringido(previo permiso),En coordinación con la comunidad
Libre,"Por seguridad coordinar antes con el Sr. Faustino Valentín Mamani Apaza, cel 951345860"
Libre,
Libre,
Libre,
Semi-restringido(previo permiso),"Poor seguridad coordinar con el Presidente de la C. Unión Soratira, Juan Marcelino Cel 915086365"
Libre,
Libre,
Libre,
Libre,Solo se puede apreciar desde el exterior
"Previa presentación de boleto o ticket(especificar tarifa:niños, adultos, estudiantes, etc)",Única Tarifa S/. 5.00
Libre,
Libre,
Libre,
Libre,"Llevar agua, sombrero y/o bloqueador solar."
,
Libre,
,
,
Libre,
"Previa presentación de boleto o ticket(especificar tarifa:niños, adultos, estudiantes, etc)","Adultos: S/. 10.00; Estudiantes de educación superior, docentes y adultos mayores: S/. 5.00; Escolares y niños: S/. 1.00. 50% para personas con discapacidad, sobre el valor de las tarifas indicadas"
"Previa presentación de boleto o ticket(especificar tarifa:niños, adultos, estudiantes, etc)",Entrada general S/ 2.00
"Previa presentación de boleto o ticket(especificar tarifa:niños, adultos, estudiantes, etc)",Entrada general S/ 5.00
"Previa presentación de boleto o ticket(especificar tarifa:niños, adultos, estudiantes, etc)",Costo del ticket Adultos S/.10.00 Nuevo Soles Niños S/.5.00 Nuevo Soles
Semi-restringido(previo permiso),Coordinación con el consesionario Sr. Jerguei López Valles. Celular: 980901322.
"Previa presentación de boleto o ticket(especificar tarifa:niños, adultos, estudiantes, etc)",Tarifa extranjeros S/ 30.00 Adulto Nacional S/12.00 Niño Nacional: S/6.00 Adulto Local S/ 6.00 Niño Local S/ 3.00 Ingreso libre para menores de 5 años y adulto mayor de 65 años.
Semi-restringido(previo permiso),Tarifa establecida: S/. 3.00 soles Público en general: A partir de los 10 años hasta los 70 años de edad.
Libre,La Municipalidad distrital dispuso personal de seguridad los siete (07) días de la semana para la protección y orientación a los visitantes.
"Previa presentación de boleto o ticket(especificar tarifa:niños, adultos, estudiantes, etc)","Contactar con el CASTUR (960725581) en caso que el visitante no acuda con guías turísticos, de ese modo los socios del CASTUR servirían de guías locales para garantizar la seguridad de los visitantes."
"Previa presentación de boleto o ticket(especificar tarifa:niños, adultos, estudiantes, etc)",Entrada General: S/5.00 Exonerados: Menores de 9 años no pagan y mayores de 65 años.
Otros (especificar),El ingreso al lugar es gratuito; únicamente se realiza un pago de S/ 6.00 por persona por el servicio de traslado en huaro para cruzar el río (ida y vuelta).
Semi-restringido(previo permiso),Tarifa establecida para el publico en general: S/3.00. Niños hasta 10 años no pagan entrada.
"Previa presentación de boleto o ticket(especificar tarifa:niños, adultos, estudiantes, etc)","De 5 a 15 años de edad, costo S/ 2.00 Mayores a 15 años de edad, costo S/ 5.00"
Semi-restringido(previo permiso),Tarifa establecida al público en general: S/. 3.00 Soles. A partir de los 9 años hasta los 69 años de edad.
Libre,Previa coordinación con el presidente de la comunidad y/o responsable de la Municipalidad del Centro Poblado de Titilaca
"Previa presentación de boleto o ticket(especificar tarifa:niños, adultos, estudiantes, etc)",Público en general S/.5.00 Niños mayores de 8 años S/3.00
"Previa presentación de boleto o ticket(especificar tarifa:niños, adultos, estudiantes, etc)#Libre","Existen 03 carreteras circundantes a la Laguna de los Milagros y los recreos ubicados en la zona venden tickets de ingreso. Entrada general: S/5.00, paseo en bote: S/15.00 (por persona)#Por el camino del centro poblado Los Milagros."
"Previa presentación de boleto o ticket(especificar tarifa:niños, adultos, estudiantes, etc)",Costo del ticket S/. 5.00 adultos y S/. 2.00 niños y estudiantes.
Libre,
Libre,
Libre,
,
,
,
"Previa presentación de boleto o ticket(especificar tarifa:niños, adultos, estudiantes, etc)",Ruta A y B: Adultos en general: 8 soles Estudiantes de educación superior universitaria y no universitaria: 3 soles Menores de edad: 0 soles Preguntar por las tarifas especiales.
"Previa presentación de boleto o ticket(especificar tarifa:niños, adultos, estudiantes, etc)#Libre","General S/ 8.00 - Estudiantes universitarios o técnica S/ 4.00 - adultos mayores de 60 años, personas en servicio militar voluntario y profesores 50% descuento sobre el valor de la entrada de adultos#Menores de edad según R.M. N° 000092-2024-MC. - 1er domingo de cada mes, 18 Mayo (Dia Internacional de los Museos), y 19 Setiembre (aniversario del Museo) - En el 2024 personas con discapacidad debida"
Libre,
"Previa presentación de boleto o ticket(especificar tarifa:niños, adultos, estudiantes, etc)#Libre","Ingreso general S/ 4.00 -Estudiantes universitaria y/o técnica S/ 2.00 -Menores entre los 3 y 17 años S/ 0.50 -Adultos mayores de 60 años, personas en servicio militar voluntario 50% de entrada gnral.#Primer domingo de cada mes, para los peruanos y residentes, previa presentación DNI - Población del Centro Poblado Ventarrón, tiene el ingreso gratuito."
"Previa presentación de boleto o ticket(especificar tarifa:niños, adultos, estudiantes, etc)",Entrada general al recurso: S/ 5 soles/ Comunidad de Lauricocha
Libre,
Libre,
"Previa presentación de boleto o ticket(especificar tarifa:niños, adultos, estudiantes, etc)",Entrada general al recurso: S/ 5 soles/ Comunidad de Lauricocha
,
,
,
Libre,Ideal para ver los amaneces desde la Plaza Mirador Miguel Grau
,
Libre,
Libre,
,
Libre,
Semi-restringido(previo permiso),Previa comunicación con el administrador o encargado de los Molinos de Piedra Hidráulicos.
,
Libre,
,
,
,
Libre,
Libre,
Libre,"Zona de venta de productos lácteos, y en el segundo nivel mirador, exhibidor de danzas típicas, exhibidor de premios obtenido y la vaquita de CONCELAC."
Libre,
Libre,
Libre,"El acceso al mirador es libre. Si se desea subir al mirador que se encuentra en la corona de la estatua de la Virgen, la tarifa del ticket adultos es S/. 3.00 y niños S/ 1.50"
Semi-restringido(previo permiso),"Al momento de visita, solicitar permiso al alcalde del C.P. de Alayo, en el local ubicado al costado de la Iglesia de Alayo, de lunes a viernes de 09:00 a.m. a 05:00 p.m."
,
,
Libre,Previa Coordinación con la comunidad
Libre,De 6:00 am - 16:00 pm
Libre,Todos los días del año
Libre,"Por motivos de seguridad, coordinar con la Sra. Regina Ortega cel. 995676430"
Libre,Ingreso libre todo el año
Libre,
,
Libre,
Libre,
Libre,
Libre,
Libre,
Libre,
Libre,
"Previa presentación de boleto o ticket(especificar tarifa:niños, adultos, estudiantes, etc)",Entrada - Nacional: Adultos: S/. 10.00 / Estudiante: S/. 5.00 / Niños: S/. 3.00 / Entrada - Extranjeros: Adultos: S/. 20.00 / Estudiante: S/. 10.00 / Niños: S/. 5.00
Libre,todo el año
"Previa presentación de boleto o ticket(especificar tarifa:niños, adultos, estudiantes, etc)",Entrada General: S/. 15; Niños: S/. 8; Adultos Mayores: S/. 4; Personas con Discapacidad: Gratis.
"Previa presentación de boleto o ticket(especificar tarifa:niños, adultos, estudiantes, etc)",Adultos: S/. 18; Niños: S/. 10; y Adulto Mayor: S/.4 https: //huachipa.leyendas.gob.pe
Libre,
Libre,
Libre,Por motivos de seguridad hacer de conocimiento de la comunidad
,
,
Semi-restringido(previo permiso),Realizar coordinaciones con el representante de la asociación el sr. Ever Silva Ruiz al cel: 956617022
Libre,El acceso es libre.
,
Semi-restringido(previo permiso),"Para visita específica solicitar autorización al Ingeniero de Servicio de la Estación de Chilca - Telf. 064-217724, 064-216662 y 064-215387"
Semi-restringido(previo permiso),"Solicitar autorización de ingreso a la Municipalidad Distrital de Huaricolca - Sub Gerencia de Desarrollo Económico: Ing. Susan Rosales, Cel. 916543269"
Semi-restringido(previo permiso),Se recomienda coordinar con la población local para que permita el ingreso.
Libre,Para el acenso llevar liquidos y abrigo por el viento y protector del sol.
Semi-restringido(previo permiso),Solicitar autorización a la Comunidad Campesina de Ocopilla. Presidente Señor Efraín Ordoñez Cunyas - Cel. 976207470.
Libre,
,
Semi-restringido(previo permiso),"Se solicita los permisos por a través llamando al cel. 968218448, remiten una ficha de registro virtual."
Libre,
"Previa presentación de boleto o ticket(especificar tarifa:niños, adultos, estudiantes, etc)",Adulto S/.15.00 soles; Adolescentes y escolares secundaria (10- 17 años) S/.10.00 soles; niños y escolares primaria S/.5.00 soles.
Libre,
"Previa presentación de boleto o ticket(especificar tarifa:niños, adultos, estudiantes, etc)",Costo de ingreso: S/ 4.00 para adultos; S/ 2.00 para niños
Libre,
Libre,
Libre,
Libre,
Libre,
Libre,
Semi-restringido(previo permiso),Previa consulta al propietario sr Ernesto Gavino y/o responsable de la Municipalidad
Libre,
Libre,
"Previa presentación de boleto o ticket(especificar tarifa:niños, adultos, estudiantes, etc)","Niños, estudiantes un sol y adultos dos soles."
Semi-restringido(previo permiso),Coordinar con el presidente de la Comunidad.
,
"Previa presentación de boleto o ticket(especificar tarifa:niños, adultos, estudiantes, etc)","Nacionales y extranjeros s/.5.00, Estudiante superior s/3.00, escolares s/1.00, niños de 4 a 11 años s/1.00 y adulto mayor (65 años a más) s/2.50"
Semi-restringido(previo permiso),Previa coordinacion con la Comunidad Nativa de Arasaeri.
Libre,
Libre,
"Previa presentación de boleto o ticket(especificar tarifa:niños, adultos, estudiantes, etc)","Adultos: S/.5.00, Estudiantes de educación superior a nivel nacional: S/. 2.00, Adultos Mayores y profesores: S/2.50, Otros: Estudiantes escolares a nivel nacional sin costo."
Semi-restringido(previo permiso),Coordinación previa con la secretaria del Obispado de Chachapoyas. Celular: 932295949. Correo electrónico: obispadochacha@gmail.com
Libre,Este sitio arqueológico es visitado por los pobladores locales.
,
Libre,Se recomienda acudir con un guía o poblador local para llegar hasta el mirador
,
Libre,
"Previa presentación de boleto o ticket(especificar tarifa:niños, adultos, estudiantes, etc)",Los visitantes adquieren su ticket en boletería. -Adulto: 30 soles. -Adulto Mayor y Universitarios: 15 soles. -Escolares: 05 soles.
"Previa presentación de boleto o ticket(especificar tarifa:niños, adultos, estudiantes, etc)","Tarifa de pago: adulto S/. 25.00, especial peruano S/. 15.00, joven viajero S/.10.00,por ley nacional primer domingo de cada mes S/. 10.00 (nacional),gratis menor de 5 años y personas con discapacidad"
Libre,"Es recomendable llevar ropa adecuada para trekking, agua, bloquedor, gorro y bastones."
Semi-restringido(previo permiso),Como parte del servicio del albergue (120 dólares)
Semi-restringido(previo permiso),"De LUNES a VIERNES previa coordinación con el Prof. Misael Torres Ames - Presidente de la Hermandad del Señor de los Milagros Celular N° 981934362, los SÁBADOS y DOMINGOS el ingreso es libre."
Semi-restringido(previo permiso),Coordinar previamente con el Director y propietario Don Walter Mercado Ramos / Cel.: 998805200; quien brindará el acceso y orientación.
,
Semi-restringido(previo permiso),Con autorización de la Comunidad Nativa Tres Islas Cel: 997066564
Semi-restringido(previo permiso),Previa autorización de la Comunidad San Jacinto - Ángel Jipa Vargas.
Semi-restringido(previo permiso),Previo permiso solicitado a la Comunidad Nativa Tres Islas. Celular: 9970666564.
Libre,
,
Semi-restringido(previo permiso),previo permiso de la comunidad San Jacinto
"Previa presentación de boleto o ticket(especificar tarifa:niños, adultos, estudiantes, etc)",El costo de ticket es de s/2.00 ( Dos nuevos soles) en general
Libre,
,
Semi-restringido(previo permiso),Coordinar previamente con el Presidente de la Comunidad Campesina de LLocllapampa - Cel.: 903324591; quien brindará acceso y asignará personal de la comunidad para brindar orientación al visitante.
,
,
Libre,
"Previa presentación de boleto o ticket(especificar tarifa:niños, adultos, estudiantes, etc)",Adultos S/ 10.00 - Niños S/ 5.00 - Orientador S/30.00
Libre,
Libre,
,
Libre,Previa coordinación con la comunidad
Libre,
,
Semi-restringido(previo permiso),Previa coordinación con el propietario Sr. Nicasio Mamani Quispe 941476330
Libre,Previa coordinación con la comunidad
,
Semi-restringido(previo permiso),Precio de entrada: Adultos S/ 15.00 - Niños S/8.00. Previa coordinación con la asociación ABOFOA al teléfono 980999354
Libre,Previa coordinación con el encargado
,
"Previa presentación de boleto o ticket(especificar tarifa:niños, adultos, estudiantes, etc)","Locales ruta corta S/.5.00, ruta larga S/.10.00, nacionales ruta corta S/.10.00, ruta larga S/.20.00, extranjeros ruta corta S/.20.00, ruta larga S/.40.00, pernote S/.10.00"
Libre,Previa coordinación con el presidente de la comunidad
Libre,Previa coordinacion con el presidente de la comunidad
,
Libre,
"Previa presentación de boleto o ticket(especificar tarifa:niños, adultos, estudiantes, etc)",Adultos: S/ 12.00 – Jóvenes; S/ 5.00 (12 – 17 años) – Niños: S/ 3.00 (4 – 11 años) – Menores de 3 años: Gratis
,
Libre,
Libre,
Libre,
Libre,"Es necesario tener en cuenta las épocas de lluvias, sobre todo entre los meses de enero y abril."
,
Libre,
,
Libre,Previa coordinación con el propietario Sr. Raul Mamani
Libre,"Se recomienda, llevar bloqueador solar, lentes de sol, gorro y un snack como galleta y agua."
Libre,
Libre,Todo el año
,
Libre,
Libre,A la playa las Gaviotas se puede acceder únicamente en carro particular o contratado.
,
Libre,
"Previa presentación de boleto o ticket(especificar tarifa:niños, adultos, estudiantes, etc)","Locales Ruta Corta S/. 5.00, ruta larga s/. 10.00, Nacionales Ruta Corta S/. 10.00, Ruta Larga 20.00, Extrangeros Ruta Corta S/. 20.00, Ruta Larga S/. 40.00, Pernote S/. 10.00"
Semi-restringido(previo permiso),Para el ingreso a la iglesia se pide permiso a la congregación y/o Centro Poblado de Maynay. Numero de contacto Padre Manuel 991676342 y Guillermo Rimachi 980272320
Semi-restringido(previo permiso),"Para visitar las instalaciones coordinar con el Comité de Turismo, llamando previamente al Cel. 965939732. El ingreso no tiene costo."
Libre,
Libre,de 9.00 a 12.00 hrs. y de 14.00 a 17.00 hrs.
"Previa presentación de boleto o ticket(especificar tarifa:niños, adultos, estudiantes, etc)",Tarifario SERNANP-RNTAMB Extranjeros: S/30.00 por día Nacionales: S/.15.00 por día Locales: S/. 8.00 por día
,
Libre,"Previa coordinación, el grupo de visitantes puede ser guiado por personal responsable del C.A."
"Previa presentación de boleto o ticket(especificar tarifa:niños, adultos, estudiantes, etc)",Se cobra en la Puerta de ingreso al recurso. Las tarifa para los adultos S/. 3.00 soles - niños y estudiantes S/. 1.50
,
"Previa presentación de boleto o ticket(especificar tarifa:niños, adultos, estudiantes, etc)",Adulto S/2.00 Niño S/1.00
,
"Previa presentación de boleto o ticket(especificar tarifa:niños, adultos, estudiantes, etc)",General: S/.8; Estudiantes: S/. 4; Niños: S/. 4;Adultos Mayores. S/. 4. No residentes General: S/. 14; Estudiantes: S/. 8; Niños: S/. 8; Adultos Mayores: S/. 8
Libre,
,
Libre,
Libre,
Libre,
Libre,
Libre,
Libre,"Para intenciones de Misa, coordinar con el párroco que se encuentre a cargo"
Libre,
Semi-restringido(previo permiso),Previo permiso solicitado al concesionario. Sr. Gilberto Vela. Celular: 974615271.
Libre,
Libre,
Libre,
,
Libre,
,
Libre,
,
Libre,
Libre,
Libre,
Libre,
,
,
,
"Previa presentación de boleto o ticket(especificar tarifa:niños, adultos, estudiantes, etc)",Lunes - Domingos: De 0-12 Años : No pagan. De 13 - 17 Años : S/ 5.00 Soles De 18 - 59 Años : S/. 10.00 Soles
Libre,
,
,
Libre,"En los meses de diciembre a marzo, se cobra el ingreso por vehículo."
,
"Previa presentación de boleto o ticket(especificar tarifa:niños, adultos, estudiantes, etc)","Recurso de acceso libre, pero para actividades turísticas programadas comunicarse previamente. Encargado: Emilio J. Robles Guadalupe 956722798 emilioroblesg22@gmail.com"
Libre,"Recurso de acceso libre, pero para actividades turísticas programadas comunicarse previamente. Encargado: Emilio J. Robles Guadalupe 956722798 emilioroblesg22@gmail.com"
,
Libre,
,
,
,
"Previa presentación de boleto o ticket(especificar tarifa:niños, adultos, estudiantes, etc)",Ingreso general: Adultos s/12.00 - Niños s/.8.00
Libre,
"Previa presentación de boleto o ticket(especificar tarifa:niños, adultos, estudiantes, etc)",Tarifas: Piscinas S/.10.00 Pozas privadas (1 hora): S/. 15.00 Adulto mayor S/. 5.00 Niños de 5 a 10 años: S/. 5.00
Libre,
"Previa presentación de boleto o ticket(especificar tarifa:niños, adultos, estudiantes, etc)",Adultos : S/.10.00 Niños : S/. 5.00
Libre,
"Libre#Previa presentación de boleto o ticket(especificar tarifa:niños, adultos, estudiantes, etc)",En los espacios públicos y contemplación del exterior.#Dependiendo de cada museo.
Libre,
Libre,
Libre,Se ha establecido una tarifa de ingreso para adultos S/. 3.00 y niños S/ 2.00
Libre,
"Libre#Previa presentación de boleto o ticket(especificar tarifa:niños, adultos, estudiantes, etc)",Cusqueños y residentes previa presentación de DNI#Incluido en el BTG Extranjero adulto: S/ 130 Ext. Estudiante: S/ 70 Nacional adulto: S/ 70 Nac. Estudiante: S/ 40
"Previa presentación de boleto o ticket(especificar tarifa:niños, adultos, estudiantes, etc)#Libre","Incluido en el BTG: Extranjeros S/ 130, Estudiante Ext. S/ 70, Nacionales S/ 70, Estudiantes Nac. S/ 40.#Cusqueños previa presentación de DNI"
Semi-restringido(previo permiso),Previo permiso de la familia Chino Coaquira
Semi-restringido(previo permiso),Coordinación: Sr. Giovanni Valdivia Cornejo Cel. 958760581
Semi-restringido(previo permiso),"Previa coordinación con el administrador de la Asociación Agrícola Cerro Blanco. Sr.Juan Emilio Bravo Flores,Celular :956005677"
,
Libre,
Libre,
Libre,
Semi-restringido(previo permiso),El boleto de ingreso tiene el costo de S/ 1.00.
,
Libre,
Libre,
Libre,
,
,
,
,
,
Libre,Comunicarse con la Municipalidad para el registro de flujo de visitantes Teléfono : 972550691
Libre,Comunicarse a la Municipalidad para el Registro de Flujo visitantes Teléfono: 972550691
Libre,Comunicarse con la municipalidad para el registro de flujo de visitantes Teléfono 972550691.
Libre,Para el registro de flujo de Visitantes comunicarse con la municipalidad área de Turismo teléfono 972550691
Libre,
Libre,
Semi-restringido(previo permiso),El ingreso es con previa coordinación con el señor Neyra al número:944558038
Libre,
Libre,Presentar documento de identidad en el ingreso.
,
,
Libre,
,
Libre,
,
"Previa presentación de boleto o ticket(especificar tarifa:niños, adultos, estudiantes, etc)",S/ 20.00 soles adultos y niños S/10.00
Libre,
Semi-restringido(previo permiso),"Previa coordinación con el Sr. Julio Leónidas Enríquez Garrido, cel: 946684322. La C. C. de Ccochahuma, tiene una Asociación de Turismo, que asiste y orienta al visitante."
Libre,"Se recomienda ir en compañía de un guía, por la naturaleza del recurso, que se encuentra en cuevas, quebradas y rocas."
Semi-restringido(previo permiso),Previa coordinación con la comunidad campesina de Pacunasa
Libre,
Libre,Todo el dia
Libre,Todos los días del año
Libre,Previa coordinación con la comunidad
Libre,Todos los días del año
Libre,
Libre,Todo el año
Semi-restringido(previo permiso),Previa coordinación con la Municipalidad de Chaclacayo
,
Libre,
Libre,El ingreso dentro de la cueva tiene que ser con equipos de iluminación y seguridad
,
Libre,
Libre,
Semi-restringido(previo permiso),"Se recomienda coordinar con el propietario del Bosque Berlín, para el ingreso y guiado; al celular 979405298 con el señor Ricardo Rimarachín Altamirano"
Libre,
Libre,
Semi-restringido(previo permiso),Previa coordinación con el Sr. Wilson Sucaticona Larico - cel 989755262
Libre,
Libre,
Libre,
,
,
,
,
,
Libre,
,
Libre,
Libre,Lunes a domingo. Entre las 9.00 am a 5.00 pm
,
Libre,
,
"Previa presentación de boleto o ticket(especificar tarifa:niños, adultos, estudiantes, etc)","La tarifa de pago es S/ 10.00 adultos y S/ 3.00 niños, S/ 5. adultos mayores y estudiantes universitarios, se precisa además que dichas tarifa son aplicables para turistas nacionales y extranjeros."
Libre,Es recomendable hacer la visita durante el día.
Semi-restringido(previo permiso),Previa coordinación para visitas nocturnas y acompañamiento de guías. 8:00 am - 3:00 pm cel. 931 922 478
"Previa presentación de boleto o ticket(especificar tarifa:niños, adultos, estudiantes, etc)","La tarifa de pago es: adultos s/ 6.00, adultos mayores y estudiantes s/3.00 y niños de 5 a 11 años de edad s/2"
Libre,de 9.00 am a 5.00.pm
Libre,
"Previa presentación de boleto o ticket(especificar tarifa:niños, adultos, estudiantes, etc)","La tarifa de pago es: Adultos s/ 6.00, adultos mayores y estudiantes s/3.00 y niños de 5 a 12 años de edad s/2"
Libre,Solo se visita la parte exterior de la iglesia.
Libre,
Semi-restringido(previo permiso),"El ingreso a la finca, por ser de propiedad privada se realizó previa coordinación con la propietaria Vicentina Phocco al teléfono móvil 946746960"
Libre,
Libre,
Libre,Época de lluvia Diciembre - Abril
Libre,
,
Libre,
Libre,
"Previa presentación de boleto o ticket(especificar tarifa:niños, adultos, estudiantes, etc)","Tarifario extranjero S/ 20.00 ruta corta, S/. 40 ruta larga, Tarifario Nacional S/10.00 ruta corta, S/. 20 ruta Larga y Tarifario Local S/ 5.00 ruta corta, S/. 10 ruta Larga."
,
,
,
,
,
"Previa presentación de boleto o ticket(especificar tarifa:niños, adultos, estudiantes, etc)",Adquirir en la Subgerencia de Turismo de la Municipalidad de Lamud. -Adulto: 10 Soles (de 18 a 60 años). -Adulto Mayor: 8 soles (de 60 años a mas años). -Escolares: 3 soles. -Universitarios: 5 soles
"Previa presentación de boleto o ticket(especificar tarifa:niños, adultos, estudiantes, etc)","Locales ruta corta S/.5.00, ruta larga S/.10.00, nacionales ruta corta S/.10.00, ruta larga S/.20.00, extranjeros ruta corta S/.20.00, ruta larga S/.40.00, pernote S/.10.00"
Libre,
Libre,
Libre,
Libre,
Libre,
Semi-restringido(previo permiso),Se solicita permiso a la Comunidad Campesina de chincheros a través de su comisión de cultura presidida por el señor Urbano Geronimo Chavez Cel. 988347572
Libre,
Semi-restringido(previo permiso),Previo permiso de la Comunidad Campesina de Chincheros a través de su comisión de cultura presidida por Urbano Geronimo Chavez con Cel. 988347572
Libre,"Para recorrer el ACP, es necesario coordinar con la Asociación Palmeras de Ocol, con anticipación. Al cel.926551625 con el sr. Nixon o al 995142847 con la sra. Marleny"
Libre,
,
Libre,
Libre,
,
Semi-restringido(previo permiso),Solicitar autorización a los responsables del Templo. Municipalidad distrital encargada la srta. Leidy Culqui Alvarado al 941940734
,
,
Libre,
,
Libre,
Libre,
,
"Previa presentación de boleto o ticket(especificar tarifa:niños, adultos, estudiantes, etc)","La tarifa de pago es S/ 10.00 adultos y S/ 5.00 niños, adultos mayores y estudiantes universitarios, se precisa además que dichas tarifa son aplicables para turistas nacionales y extranjeros."
Libre,
,
Libre,
,
Libre,
Libre,
Libre,
Libre,"Es recomendable llevar ropa adecuada para trekking, agua, bloquedor, gorro y bastones."
Libre,"Es recomendable llevar ropa adecuada para trekking, agua, bloquedor, gorro y bastones. Además es necesario, ser acompañado por un guía."
Libre,
"Previa presentación de boleto o ticket(especificar tarifa:niños, adultos, estudiantes, etc)","Entrada General S/30.00, Estudiantes Universitarios S/. 15.00 y Niños S/10.00"
Libre,
Libre,
,
Libre,
Libre,El Sr. Luis Calderón Vera atiende en el recurso. Cel.917016379
Libre,
Otros (especificar),"Exoneración de pagos de derecho de ingreso a las instalaciones, previa documentación de solicitud de visita a la acuícola fundo Tonny"
Libre,
Libre,
"Previa presentación de boleto o ticket(especificar tarifa:niños, adultos, estudiantes, etc)",El ingreso es mediante un pago previo en el control de ingreso de visitantes. El costo de ingreso es de s/. 5.00 adultos y s/. 3.00 para niños
,
Libre,
Libre,
"Previa presentación de boleto o ticket(especificar tarifa:niños, adultos, estudiantes, etc)",Entrada general S/20.00 y estudiantes S/5.00 los mismos que deberan ser adquiridos en la casa del señor Leovegildo Lopez.
"Previa presentación de boleto o ticket(especificar tarifa:niños, adultos, estudiantes, etc)",Costo: Adultos s/ 15.00; menores de 15 años s/ 5.00
"Previa presentación de boleto o ticket(especificar tarifa:niños, adultos, estudiantes, etc)",Los visitantes adquieren su ticket en el parador turístico. -Adultos: 10 soles -Niños: 5 soles -Mayores de 65 años no pagan entradas -Niños menores de 5 años no pagan entradas
"Previa presentación de boleto o ticket(especificar tarifa:niños, adultos, estudiantes, etc)",S/. 4.00 - Público en general
Libre,
Libre,
,
Libre,
Libre,
Semi-restringido(previo permiso),Previo permiso: Administradora Sra. Gaby Reynoso. Cel. 953647254
Semi-restringido(previo permiso),Previa coordinación: - Zenaida Catari 958800787 - Edith Cabana 972784499
Semi-restringido(previo permiso),Previa coordinación con: Jimena Pacho Salas 953677801 / 948256774. Anel Salas Juárez 953960718
Libre,
,
Libre,
Libre,
Libre,
Libre,
Libre,No cuenta con boleto de ingreso
,
Libre,
Libre,
Libre,
Libre,
Libre,
Libre,
,
Libre,
Semi-restringido(previo permiso),"Previa comunicación con el presidente el comunero Oscar Huayllani Tupia, celular: 925097509"
Semi-restringido(previo permiso),"Previa comunicación con el encargado de la iglesia, el señor Alejandrino Huiza, celular: 955808336"
Libre,
,
Semi-restringido(previo permiso),"Previa a la reserva, se requiere enviar un correo electrónico a: loidacastro365@gmail.com También se puede comunicar a través de los siguientes números móviles: 953 198 484"
"Previa presentación de boleto o ticket(especificar tarifa:niños, adultos, estudiantes, etc)",Adulto Nacional o extranjero S/. 2.00 soles Niños Nacional o extranjero S/. 1.00 sol
Libre,Especialmente entre abril a diciembre (época de sequía)
Libre,
,
Libre,
Semi-restringido(previo permiso),Coordinación: Padre Jorge Luis Gonzáles Cel: 938723804.
Libre,
Libre,"Para el uso de la pisicina, se realiza el pago de S./5.00"
Libre,
"Previa presentación de boleto o ticket(especificar tarifa:niños, adultos, estudiantes, etc)",En soles: 1 día: Ext.: 30 / Nac.: Adulto: 15 - Menor: 8 /Loc : 8 2 - 3 días: Ext.: 60 / Nac.: Adulto: 30 - Menor: 15 / Loc : 15 4 - 30 días: Ext.: 150 / Nac.: Adulto: 75 / Menor: 35 / Loc : 35
"Previa presentación de boleto o ticket(especificar tarifa:niños, adultos, estudiantes, etc)",En soles: 1 día: Ext.: 30 / Nac.: Adulto: 15 - Menor: 8 /Loc : 8 2 - 3 días: Ext.: 60 / Nac.: Adulto: 30 - Menor: 15 / Loc : 15 4 - 30 días: Ext.: 150 / Nac.: Adulto: 75 / Menor: 35 / Loc : 35
"Previa presentación de boleto o ticket(especificar tarifa:niños, adultos, estudiantes, etc)",En soles: 1 día: Ext.: 30 / Nac.: Adulto: 15 - Menor: 8 /Loc : 8 2 - 3 días: Ext.: 60 / Nac.: Adulto: 30 - Menor: 15 / Loc : 15 4 - 30 días: Ext.: 150 / Nac.: Adulto: 75 / Menor: 35 / Loc : 35
"Previa presentación de boleto o ticket(especificar tarifa:niños, adultos, estudiantes, etc)",150 nuevos soles
"Previa presentación de boleto o ticket(especificar tarifa:niños, adultos, estudiantes, etc)","Extranjeros S/15.00, Nacionales S/10.00 y Locales S/5.00"
"Previa presentación de boleto o ticket(especificar tarifa:niños, adultos, estudiantes, etc)",En soles: 1 día: Ext.: 30 / Nac.: Adulto: 15 - Menor: 8 /Loc : 8 2 - 3 días: Ext.: 60 / Nac.: Adulto: 30 - Menor: 15 / Loc : 15 4 - 30 días: Ext.: 150 / Nac.: Adulto: 75 / Menor: 35 / Loc : 35
Libre,
Semi-restringido(previo permiso),Previa autorización de la comunidad campesina de Tintinco / Javier Huilca 926122218
Libre,
"Previa presentación de boleto o ticket(especificar tarifa:niños, adultos, estudiantes, etc)","La tarifa de pago es S/ 10.00 extranjeros y S/. 5.00 nacionales, locales, estudiantes, niños S/. 5.00"
Semi-restringido(previo permiso),"Previa coordinación con la Municipalidad Distrital de San Carlos, comunicarse con ( Srta. Jessica Lisbeth Zelada Tuesta al número de celular 966187199)"
Semi-restringido(previo permiso),Se solicita permiso al sr. Marcelino Rivera Palomino - Ecónomo de la iglesia.
,
Libre,
Libre,
"Previa presentación de boleto o ticket(especificar tarifa:niños, adultos, estudiantes, etc)",El costo por persona es de S/.2.00
"Previa presentación de boleto o ticket(especificar tarifa:niños, adultos, estudiantes, etc)",Boleto: Adultos S/.4.00 y niños S/.2.00
Semi-restringido(previo permiso),Previa autorización del padre (encargado) Padre Victoriano Baca Espinoza cel: 978630775
Semi-restringido(previo permiso),Previo permiso de la ecónoma: Elbertina Santoyoc; celular : 931640100
Libre,
Libre,
Libre,
Libre,
Libre,
,
,
,
,
,
,
,
Libre,
"Previa presentación de boleto o ticket(especificar tarifa:niños, adultos, estudiantes, etc)","La tarifa es de 2.00 soles por persona. Asimismo, se recomienda previa coordinación con el señor Celestino Curahua León (Administrador del recurso turístico) para cualquier reserva. Celular: 983857285"
Semi-restringido(previo permiso),Previo permiso del administrador.(Bach. Zoot. Dussant Tapia Fernández) - 988111101
,
Libre#Semi-restringido(previo permiso),Durante la apertura del Templo para las misas y los fines de semana por la mañana.#En caso se encuentre cerrado comunicarse con el Pbro. Jesus Estofanero Sucapura 945868206
,
,
"Previa presentación de boleto o ticket(especificar tarifa:niños, adultos, estudiantes, etc)",Costo de S/. 2.00 para todas las edades y nacionalidades.
Libre,
Libre,
,
Libre,
Semi-restringido(previo permiso),"Contacto: José Florencio Lozano Terrones, cel 927411852"
Libre,
,
,
Libre,
Libre,
Libre,
,
,
Libre,
"Previa presentación de boleto o ticket(especificar tarifa:niños, adultos, estudiantes, etc)",El paseo en bote es de 5 nuevos soles por persona.
Libre,
Libre,
Libre,
"Previa presentación de boleto o ticket(especificar tarifa:niños, adultos, estudiantes, etc)",• Menores de 5 años (gratis) • Niños de 6 a 10 años (3 soles) • Jóvenes de 11 a 17 (5 Soles) • Mayores de 18 años (10 Soles) (Incluye el Servicio de guiado y degustación de productos (cocteles y/o ca
"Previa presentación de boleto o ticket(especificar tarifa:niños, adultos, estudiantes, etc)",• Adultos: S/15.00 • Estudiantes / Universitarios: S/ 10.00 • Niños: S/5.00 Capacidad para 25 personas.
Libre,
Libre,En horario de misas (domingo 7 a 10 am.)
Semi-restringido(previo permiso),"Previo permiso de la Administración. (un día antes. Sr, José Venancio León Vásquez .- 960449164"
,
,
Libre,"Preguntar por el Pdte Comité de Turismo, señor Mariano Fernández Guevara."
,
Libre,
"Previa presentación de boleto o ticket(especificar tarifa:niños, adultos, estudiantes, etc)",• Adultos: S/15.00 • Estudiantes / Universitarios: S/ 10.00 • Niños: S/5.00 Incluye una taza de Café de cortesía. Capacidad para 30 personas.
Libre,
Libre,Registro en Libro de Visitantes
Libre,
,
Libre,
Semi-restringido(previo permiso),Previa autorización del padre del templo.
,
Libre,
Libre,De preferencia por la mañana
Semi-restringido(previo permiso),"En coordinación con el encargado del control; Sr. Elisbán Pizarro Pacco, cel. 982606026."
Libre,
Libre,
Libre,
,
Libre,
Libre,
,
Semi-restringido(previo permiso),"En coordinación con Tito Macario Pacco Ramos, Cel. 938468247"
Semi-restringido(previo permiso),"Previa coordinación con el propietario, señor Roldan Rojas Paredes. Telefono: 953410781. No existe ningún tipo de cobro para el ingreso."
Libre,
Semi-restringido(previo permiso),"Previo coordinacion con el presidente de la Red de Turismo Comunitario Ayrumas Carumas, Felix Vasquez (983991323)"
Libre,
Libre,
Libre,
Libre,
Libre,
Libre,
Libre,
,
Libre,
,
Libre,
,
Libre,"Se recomienda no arrojar residuos en la laguna, así como evitar la caza de las aves nativas que la habitan o que llegan con fines reproductivos, migratorios o de descanso."
Libre,
,
,
Libre,
Libre,Por seguridad previa coordinación con la comunidad
"Previa presentación de boleto o ticket(especificar tarifa:niños, adultos, estudiantes, etc)","Se paga el ingreso al pueblo de Queropalca, S/. 40.00 Extranjeros y S/. 30.00 Nacionales. Monto único para visitar los recursos que se encuentran dentro de la reserva."
Libre,La libertad de acceso y visita a Jatun Rumi permite que cualquier persona puede disfrutar y aprender sobre este importante sitio cultural y arqueológico.
Semi-restringido(previo permiso),Para mayor información contactarse con la secretaria parroquial al teléfono: 01 461-9523
Semi-restringido(previo permiso),"Gratuito, requiere contactarse al teléfono 998497872."
Libre,
Libre,Se acepta donaciones de manera voluntaria
"Previa presentación de boleto o ticket(especificar tarifa:niños, adultos, estudiantes, etc)","5.00 soles Turistas Extranjeros, 1.00 sol Turistas Locales, el boleto se debe adquirir en la Unidad de Turismo y Artesania de la Municipalidad Distrital de Pucara, con el Lic. Gamaniel Huargaya Quispe"
Libre,
"Previa presentación de boleto o ticket(especificar tarifa:niños, adultos, estudiantes, etc)","Visitante Nacional S/ 8.00, Visitante extranjero S/. 10.00."
Libre,Espacio Público.
Libre,
Libre,
Semi-restringido(previo permiso),Previo compra de ticket de ingreso. Tarifa: Adultos: 8;00 soles y niños 5:00 soles
"Previa presentación de boleto o ticket(especificar tarifa:niños, adultos, estudiantes, etc)",En soles: 1 día: Ext.: 30 / Nac.: Adulto: 15 - Menor: 8 /Loc : 8 2 - 3 días: Ext.: 60 / Nac.: Adulto: 30 - Menor: 15 / Loc : 15 4 - 30 días: Ext.: 150 / Nac.: Adulto: 75 / Menor: 35 / Loc : 35
Libre,
Libre,Previa coordinador con la Comunidad
"Previa presentación de boleto o ticket(especificar tarifa:niños, adultos, estudiantes, etc)",Tarifa: Turista nacional: S/ 3.00 Turista Extranjero: S/ 5.00
Libre,
,
,
,
,
,
Libre,
,
,
Libre,
"Previa presentación de boleto o ticket(especificar tarifa:niños, adultos, estudiantes, etc)",Adultos S/. 10.00 soles Estudiantes S/. 5.00 soles Niños S/. 5.00 soles
Libre,
"Previa presentación de boleto o ticket(especificar tarifa:niños, adultos, estudiantes, etc)",Adultos S/. 10.00 soles Estudiantes S/. 5.00 soles Niños S/. 5.00 soles
Libre,
"Previa presentación de boleto o ticket(especificar tarifa:niños, adultos, estudiantes, etc)",S/ 10.00 por derecho de ingreso
Otros (especificar),Previa coordinación con la Asociación de turismo Sinchimarka. N° de contacto 999726764
Semi-restringido(previo permiso),Coordinar con la Asociación turistica Sinchimarka N° de contacto: 999726764
Libre,
Semi-restringido(previo permiso),Coordinar previamente con la Asociación turistica Sinchimarka N° de contacto: 999726764
Libre,
,
Libre,
Semi-restringido(previo permiso),Solicitar el ingreso con 5 días de anticipación al presidente de la cooperativa sr. Gregorio Atencio Tufino N°Cel: 950828354 o comunicarse con el Sr. Bernardo de la Cruz Santiago N° cel: 942005646
"Previa presentación de boleto o ticket(especificar tarifa:niños, adultos, estudiantes, etc)",Al borde del recurso existen distintos establecimientos con tarifas diferentes.
Semi-restringido(previo permiso),Previo permiso del presidente de la comunidad de Unión Ccora.Braulio Huamani Chevarría Nº Celular 940360745
Libre,
,
,
Libre,
Libre,
,
Libre,de 5:00 am a 7:00pm
,
,
Libre,
Libre,
,
Libre,
Libre,
Libre,
Libre,
Libre,
Libre,
Libre,
,
Libre,
Libre,
Semi-restringido(previo permiso),"Para las coordinaciones contactar con el Sr. José Elías, celular 986 766 666"
,
Semi-restringido(previo permiso),"Comunicarse con el Arqueólogo Quirino Olivera Núñez, al Celular 995034380 para el ingreso al lugar."
Libre,
Semi-restringido(previo permiso),De manera partigular s/ 40.00 Por una agencia s/20.00 Niños 5 - 12 años con agencia s/10 Niños 5 - 12 años sin agencia s/20 Menors de 5 años no pagan
,
Libre,
Libre,
,
Libre,"Solicitar permiso con 1 día antes de la visita, al guardaparques del refugio; Lic. Reyler David Rojas Hernández Celular 968114587"
Libre,
Semi-restringido(previo permiso),El costo de entrada es de S/.5 y cubre la totalidad de servicios presentes en el lugar. Coordinar con la dueña Dora Castro Vienrich al Teléfono: 957262277.
,
Libre,
Libre,
Libre,
Libre,
,
Libre,"Se sugiere acudir al municipio, a la subgerencia de turismo, para poder ser guiados por algun personal o comunero."
Libre,
Libre,
,
Libre,
Libre,
Libre,
Libre,
,
,
,
Libre,
"Previa presentación de boleto o ticket(especificar tarifa:niños, adultos, estudiantes, etc)","S/ 2.00 público en general (niños, adultos, estudiantes, nacionales, extranjeros)"
Libre,
Libre,
Libre,
Libre,
Libre,el Recurso está muy próximo a la Comunidad de Cochabamba.
Semi-restringido(previo permiso),Permiso a la Junta Directiva de la Comunidad
Semi-restringido(previo permiso),"Todo visitante se tiene que resgitrar, pero no se hace pago alguno."
Libre,
Libre,
Libre,
"Previa presentación de boleto o ticket(especificar tarifa:niños, adultos, estudiantes, etc)","El boleto de ingreso es de S/.1.00 nuevo sol, entrada general."
Otros (especificar),Se ingresa por el Centro Recreacional La Estancia de Chonta. Se realiza un pago de ingreso general de S/ 2.00 para mantenimiento. Contacto: 993 333 813.
,
Libre,
Libre,
Libre,de 05:00 am a 11:00 pm
"Previa presentación de boleto o ticket(especificar tarifa:niños, adultos, estudiantes, etc)",Adultos: S/15.00; Universitarios S/ 7.00; niños S/4.00 Información actualizada a la publicación de la presente ficha.
Libre,Previa reserva al correo: rhilarior@unmsm.edu.pe
"Previa presentación de boleto o ticket(especificar tarifa:niños, adultos, estudiantes, etc)",Estudiantes: S/ 2.00 Adultos: S/ 5.00 Adultos mayores: gratis
Libre,
Libre,
,
,
,
,
,
,
,
,
,
Libre,Información en la Municipalidad Distrital de Chetilla al Cel 967894179
Libre,
,
,
Libre,
Libre,
Libre,
,
Libre,
"Previa presentación de boleto o ticket(especificar tarifa:niños, adultos, estudiantes, etc)",Adultos S/. 2.00 Menores de 16 años S/. 1.00
Libre,
,
Libre,
Libre,
"Previa presentación de boleto o ticket(especificar tarifa:niños, adultos, estudiantes, etc)",Ingreso general S/.2
Libre,
Libre,
Libre,
Libre,
Libre,
Libre,
Libre,
Libre,
Libre,
Libre,
Libre,
Semi-restringido(previo permiso),"Tomar en consideración las recomendaciones del personal de la DDC - CUSCO Dirección Desconcentrada de Cultura de Cusco, comunicarse al telefono fijo 084 - 582030"
Libre,
Libre,
Libre,
Libre,
,
Libre,
Semi-restringido(previo permiso),Previa coordinación con el Sr. Mario Obregón Cel. 964909881
"Previa presentación de boleto o ticket(especificar tarifa:niños, adultos, estudiantes, etc)",Entrada general S/. 5.00.
Libre,Previa identificación. El turista puede realizar sus compras de productos.
,
,
"Previa presentación de boleto o ticket(especificar tarifa:niños, adultos, estudiantes, etc)",Ingreso general S/. 5.00 soles
Semi-restringido(previo permiso),"Solicitar permiso a la institución 10 días de anticipación, al sr. Marlit Valdiviezo Guevara."
Libre,
,
Libre,
Libre,La atención es únicamente los sábados y domingos
,
"Previa presentación de boleto o ticket(especificar tarifa:niños, adultos, estudiantes, etc)",Ticket de Ingreso: Adultos S/. 5.00 y Niños S/. 3.00 Informes Cel. 964345229 Telf. 064-438114
Semi-restringido(previo permiso),"Coordinar la visita con el Párroco de Chacayan. Héctor Román Cruz, número de celular 988509308."
"Previa presentación de boleto o ticket(especificar tarifa:niños, adultos, estudiantes, etc)",s/. 5.00
Semi-restringido(previo permiso),Puede realizar sus consultas y/o reservas enviando un mail a: turismo@lacaravedo.com También podrá comunicarse a los siguientes números telefónicos: Teléfono fijo: 056 – 641090 Celular : 981-249789
Libre,Todo el día
Libre,Puede realizar sus consultas al mail: consuelo@piscotresgeneraciones.com También podrá comunicarse a los siguientes números telefónicos: Teléfono fijo: 056 – 403565 Celular : 972-912717
Libre,
Libre,
Semi-restringido(previo permiso),Previa coordinación al contacto 972679060 señor Eduardo De La Cadena Mory
Semi-restringido(previo permiso),"Previa coordinación con el Jefe de la comunidad, Orlando Wilmer Ballesteros Colina - 953533104"
Semi-restringido(previo permiso),"Ingreso previa coordinación con la propietaria Sra. Margarita López Vente, teléfono : 963 948 125"
"Previa presentación de boleto o ticket(especificar tarifa:niños, adultos, estudiantes, etc)",Extranjeros S/50 - Nacionales S/45
Libre,
Libre,
Libre,
Libre,
Libre,
Libre,
Libre,
Libre,
"Previa presentación de boleto o ticket(especificar tarifa:niños, adultos, estudiantes, etc)","Tarifa: S/. 3.00 adultos y jóvenes, niños menores de 8 años dos pagan 1 boleto"
,
Libre,
Semi-restringido(previo permiso),"Previa coordinación telefónica, especialmente para grupos grandes de visitantes. Coordinaciones al teléfono 063 462467, el ingreso es sin costo."
Libre,
Semi-restringido(previo permiso),"La bodega brinda sus servicios previa reservación, para ello, se deberá enviar un mail a: enoturistica.22@gmail.com También podrá comunicarse a los siguientes números de celular: 981 001478 / 9982991"
Libre,
Libre,
,
,
,
,
,
,
,
,
Libre,
Libre,
,
,
Libre,"El ingreso es libre; sin embargo, hay una persona encargada que acompaña al visitante durante el recorrido."
,
,
"Previa presentación de boleto o ticket(especificar tarifa:niños, adultos, estudiantes, etc)",Tarifario adultos y niños a partir de 8 años de edad: Circuito convencional: s/3.00 Circuito vivencial: s/5.00 Taller de carpintería: s/10.00 Taller de panadería: s/10.00 Fogata nocturna: s/3.00
Libre,
,
,
Libre,
"Previa presentación de boleto o ticket(especificar tarifa:niños, adultos, estudiantes, etc)",Entrada general S/.5.00 Niños menores de 10 años no pagan - Visita guiada S/. 20.00
Libre,Abierto todos los dias del año. Sin costo de ingreso establecido
Libre,
Libre,
Libre,
Libre,
,
,
Libre,
,
Libre,
,
Libre,
,
,
,
Libre,
Libre,El ingreso al Mirador Siete Vueltas es libre.
Semi-restringido(previo permiso),El ingreso al Petroglifo Perla Chaco es previa coordinación con el señor Paul Román Figueroa(Administrador del Centro de Interpretación del Café). Celular: 984777450.
Semi-restringido(previo permiso),El ingreso a la Capilla Limonpampa es previa coordinación con el señor Valentín Zamalloa Solís (Administrador). Celular: 984286197.
Libre,
Semi-restringido(previo permiso),El ingreso a las Cascadas Torontoy es previa coordinación con el señor Celestino Curahua León (administrador). Celular 983857285.
Libre,
Libre,
Libre,
Otros (especificar),Previa coordinación al numero 056-264567 o al correo bodegachincha@tabernero.com
Libre,
Libre,
Libre,
Libre,
Libre,
"Previa presentación de boleto o ticket(especificar tarifa:niños, adultos, estudiantes, etc)","Tarifa general : s/. 2.00, niños a partir de 10 años. s/ 1.00 visitas escolares"
,
Libre,
"Previa presentación de boleto o ticket(especificar tarifa:niños, adultos, estudiantes, etc)",Precio: Sólo adultos S/. 10.00 ( incluye visita guiada)
"Previa presentación de boleto o ticket(especificar tarifa:niños, adultos, estudiantes, etc)","S/. 5.00 con el servicio de guiado, catación de café y degustación"
"Previa presentación de boleto o ticket(especificar tarifa:niños, adultos, estudiantes, etc)",La tarifa para ingresar al ACP es S/ 2.00 soles por persona si realizan solo caminata y S/ 4.00 soles si acampan.
"Previa presentación de boleto o ticket(especificar tarifa:niños, adultos, estudiantes, etc)","S/. 2.50 entrada general, mayores de 65 años no pagan"
,
,
Libre,
Libre,
,
"Previa presentación de boleto o ticket(especificar tarifa:niños, adultos, estudiantes, etc)","Costo promedio s/ 5.00, dependiendo del día ."
Libre,
Libre,
,
Libre,"Al momento de ingresar a la Planta de procesamiento, un personal de trabajo del establecimiento lo recepcionará y atenderá dentro del horario de 09:00 a.m. - 06:00 p.m., de lunes a domingo."
,
,
Libre,
Libre,
Libre,
,
Libre,
Libre,
Libre,
"Previa presentación de boleto o ticket(especificar tarifa:niños, adultos, estudiantes, etc)",- General: S/. 4.00 - Adulto mayor: S/. 2.00 - Universitario y/o técnico: S/. 1.00 - Menores de edad hasta los 12 años: S/. 0.50 Personas con discapacidad no pagan.
,
Libre,
Libre,
,
,
Libre,
Semi-restringido(previo permiso),Se requiere autorización de la Jefatura del la Reserva Comunal Ashaninka - Satipo (SERNANP). Ing. David Cárdenas (Jefe de la Reserva) Celular:968218466 e-mail: dcardenas@sernanp.gob.pe
Semi-restringido(previo permiso),"Con autorización de la Central Asháninka de Río Ene (FARE), quien comunica al jefe de la Comunidad Nativa de Cutivireni y al jefe de la comunidad Nativa de Tsyapo Luciano Aventi Lopez - Cel 910881179"
Semi-restringido(previo permiso),"Solicitar permiso a la Central Ashaninka Rio Tambo (CART), luego a la jefa Yeny Pilar Martinez Marcos de la comunidad nativa Otica al numero 939018470"
Semi-restringido(previo permiso),"Previa Autorización de la madre superiora de la misión, Mónica Suarez al número 925140451"
Semi-restringido(previo permiso),"Solicitar permiso a la Central Ashaninka río Tambo (CART), luego al Jefe de la comunidad Arvin Esteban Vasquez al número 910866601"
Libre,"El ingreso al recurso turístico es libre, permitiendo el acceso al público sin restricciones ni control de entrada."
"Previa presentación de boleto o ticket(especificar tarifa:niños, adultos, estudiantes, etc)",10 soles adultos 5 soles niños
,
Libre,
Semi-restringido(previo permiso),"Previo permiso del Jefe de la Comunidad Nativa de Teoría, mediante comunicación al celular N° 962255086"
Semi-restringido(previo permiso),"Previo permiso al jefe de la Comunidad Nativa de Teoría, comunicándose al celular N° 962255086"
,
"Previa presentación de boleto o ticket(especificar tarifa:niños, adultos, estudiantes, etc)",Costo de la entrada: Adultos: S/ 5.00 y Niños: S/ 3.00
"Previa presentación de boleto o ticket(especificar tarifa:niños, adultos, estudiantes, etc)",Entrada: Adultos S/. 3.00 y Niños S/.1.50
Libre,
Semi-restringido(previo permiso),Coordinación con la división territorial y administrativa básica de la Iglesia Católica / de manera presencial en la ciudad de Tacna.
Libre,
Libre,
Libre,
Libre,
Libre,
Libre,Se recomienda registrarse en el cuaderno de visitantes que lo administra la comunidad de Palaco. Comunicarse con el señor Javier Bello al numero 964393614.
,
Libre,
Semi-restringido(previo permiso),"El ingreso es previo permiso del propietario, Sr. William Samaniego; llamando al cel. N° 954646907"
Semi-restringido(previo permiso),"El ingreso es previo permiso al jefe de la Comunidad Nativa de Teoría, contacto previo llamando al celular N° 962255086"
Libre,La Comunidad Campesina de Palaco invita a efectuar su registro en el cuaderno de visitantes que lo lleva el señor Javier Bello comunicándose al Cel. 964393614.
Libre,Se invita a los visistantes a registrarse en el cuaderno de registros del Municipio de Chongos Alto ubicado en la plaza principal.
Semi-restringido(previo permiso),"El ingreso es previo permiso del propietario del predio Sr. Teodoro Apolinario, llamando al celular N° 975094443"
Semi-restringido(previo permiso),"El ingreso es previo permiso del Sr. Antonio Valera, llamando al número de celular 958942605"
Libre,La Comunidad Campesina de Palmayoc invita a efectuar su registro en el cuaderno de visitantes que se encuentra en el local de la comunidad (Plaza principal).
Semi-restringido(previo permiso),Previa coordinacion con los representantes de la comunidad Nativa de Bélgica. Ing. Daniel Ramirez o Flor Vargas Cel:982796030.
"Previa presentación de boleto o ticket(especificar tarifa:niños, adultos, estudiantes, etc)",Adultos: S/ 5.00 - Niños hasta 10 años: S/ 3.00 - Adulto mayor y personas con discapacidad: ingreso libre
Libre,Sin costo alguno
,
Libre,
,
"Previa presentación de boleto o ticket(especificar tarifa:niños, adultos, estudiantes, etc)",Adultos S/. 5.00 Niños S/. 2.50
,
Libre,
Semi-restringido(previo permiso),Previo permiso a la Comunidad Campesina de Cahuide.
Semi-restringido(previo permiso),Solicitar permiso a la Municipalidad Distrital de Mollebamba - Cel. 930965443
Libre,El ingreso es por la calle …. que esta a lado de la plaza de armas
Semi-restringido(previo permiso),"Contactar con: Padre Isoe Dominguez Ramiro, Párroco CEL. 987347008"
,
Libre,"Se recomienda solicitar información al responsable del Área de Turismo de la Municipalidad Distrital de Zaña, al número de celular 940984018"
Semi-restringido(previo permiso),Solicitar permiso Municipalidad Distrital de Carabayllo
Semi-restringido(previo permiso),Previa coordinación con los agricultores de los Olivos.
Libre,
,
Libre,
Libre,
,
Libre,
Semi-restringido(previo permiso),"Romani De La Torre Jose Luis, presidente del comité de turismo - teléfono: 945 566 531 Registro y pago Adultos: 3.00 soles - Niños: 1.50, adultos mayores y discapacitados ingresan gratis."
Libre,
Semi-restringido(previo permiso),"Previo permiso del coordinador de turismo de la comunidad nativa Cubantia el Sr. Noe Geronimo Chumpate, numero de teléfono 935 517 248."
Libre,
Libre,
,
Libre,El ingreso es libre y gratuito durante los horarios de misa y actividades parroquiales.
Semi-restringido(previo permiso),"Previo permiso del presidente de turismo de la comunidad nativa San Antonio de Sonomoro el Sr. Napoleon Chimanga Shumpate, numero de teléfono 927 364 366."
Libre,
Semi-restringido(previo permiso),solicitar previamente el permiso del jefe de la comunidad nativa de San Jerónimo el Sr. Edgar Mercado Barja su numero de teléfono es el 972 791 165.
Libre,Se recomienda registrarse en el cuaderno de visitantes de la iglesia de Chongos Alto. Contacto llamando al celular 979437651 o 940774743.
,
Libre,
Libre,
Libre,
,
Libre,
Semi-restringido(previo permiso),Previa coordinación con el propietario. Sr. Mario Durand Olave Tel Cel.(995258531)
Semi-restringido(previo permiso),Previo Permiso de la Comunidad Nativa de Bélgica. Srta Flor Vargas. Celular: 982796030.
Semi-restringido(previo permiso),Previa coordinación con la Municipalidad Distrital de Iñapari.
Libre,
"Previa presentación de boleto o ticket(especificar tarifa:niños, adultos, estudiantes, etc)",Tarifario SERNANP-RNTAMB Extranjeros: S/30.00 por día Nacionales: S/.15.00 por día Locales: S/. 8.00 por día
Semi-restringido(previo permiso),Tarifario SERNANP-PNBS Extranjeros: S/30.00 por día Nacionales: S/.15.00 por día Locales: S/. 8.00 por día
Semi-restringido(previo permiso),Previa coordinación con la Comunidad Nativa de Bélgica
"Previa presentación de boleto o ticket(especificar tarifa:niños, adultos, estudiantes, etc)","Niños (a partir de 3 años), escolares y universitarios S/. 5.00 Adultos y/o docentes S/. 10.00 A partir de 60 años y CONADIS GRATIS"
Semi-restringido(previo permiso),"La visita a la Hacienda Consac es gratuita. En caso de requerir asistencia del personal, coordinar con el Comité de Turismo – Sede Pachacayo, llamando prev. al Cel. 965939732."
Libre,
"Previa presentación de boleto o ticket(especificar tarifa:niños, adultos, estudiantes, etc)","Adultos 7 soles, niños 3 soles."
Libre,
Libre,
Libre,
,
Libre,
Libre,
Libre,
Libre,
"Previa presentación de boleto o ticket(especificar tarifa:niños, adultos, estudiantes, etc)",Costo de entrada: Niño s/. 2.00 soles y Adulto: s/.4.00 soles
Libre,
,
,
,
Libre,
Libre,
,
Libre,
,
Libre,
Libre,
Semi-restringido(previo permiso),Previa coordinación con el Sr. Ismael Anicama un día antes al cel 951401134
Semi-restringido(previo permiso),Solicitar la visita al teléfono (056)239288
Libre,
Libre,El ingreso es libre al mirador y para la actividad religiosa se congregan de manera voluntaria y devota el dia 3 de mayo de cada año.
"Previa presentación de boleto o ticket(especificar tarifa:niños, adultos, estudiantes, etc)",Ingreso general para adultos S/ 5.00 y para menores de 10 años es gratuito.
"Previa presentación de boleto o ticket(especificar tarifa:niños, adultos, estudiantes, etc)","S/. 5.00 entrada general, en época de escolaridad noviembre y setiembre la entrada esta S/. 3.00"
Libre,
Libre,El ingreso se adecua al horario de las misas.
Libre,
Libre,"Se recomienda llevar agua,bloqueador solar, gorra,calzado comodo y ropa impermeable"
Libre,"Se recomienda llevar agua,bloqueador solar, gorra,calzado comodo y ropa impermeable"
Libre,"Se recomienda llevar agua,bloqueador solar, gorra,calzado comodo y ropa impermeable"
Libre,"Se recomienda llevar agua,bloqueador solar, gorra,calzado comodo y ropa impermeable"
Libre,
Libre,
Libre,
"Previa presentación de boleto o ticket(especificar tarifa:niños, adultos, estudiantes, etc)","S/.3.00, para público en general."
Semi-restringido(previo permiso),"Para el ingreso es necesario solicitar el permiso al ecónomo Alberto Luna ( celular : 926593654) o al Sr. Andres Yepes, presidente de la comunidad ;celular : 916873435"
Semi-restringido(previo permiso),"Solicitar permiso a la CAU Maria Parado de Bellido. N° Celular: +51 944729776 (Atiende Emiliano Félix, también utiliza whatsapp)"
Libre,
NA,NA
"Previa presentación de boleto o ticket(especificar tarifa:niños, adultos, estudiantes, etc)","Ticket general adulto S/. 8,00, especial-peruano (60 año) S/. 4,00, joven viajero (Estudiantes) s/. 4,00, niños S/. 3,00."
NA,NA
Libre,Previa autorización al responsable del Templo( Segunda Gutierrez Olida al celular 957529788)
Libre,
Libre,
Libre,
Libre,
NA,NA
Libre,
Semi-restringido(previo permiso),"Coordinar con el Presidente de la Comunidad; Basilio Supo Parillo, cel. 951664881"
NA,NA
"Libre#Previa presentación de boleto o ticket(especificar tarifa:niños, adultos, estudiantes, etc)",#Entrada general S/. 3.00 Soles
Semi-restringido(previo permiso),Es necesario contar con la compañía de un orientador local para la visita. Los podemos ubicar en centro poblado de Consuelo y la municipalidad de Pucayacu. 927702325
Libre,
Libre,
Libre,
Libre,
NA,NA
Semi-restringido(previo permiso),Previa autorización de la Dirección Desconcentrada de Cultura de Apurímac
Libre,
Libre,
Libre,
NA,NA
NA,NA
NA,NA
NA,NA
NA,NA
NA,NA
Libre,
NA,NA
NA,NA
NA,NA
Libre,
Libre,
Semi-restringido(previo permiso),Extranjero: Previo pago de S/.65.000 al Parque Nacional Huascarán para la permanencia o ingreso al PNH por 21 días. Nacional S/5.00
Libre,
Libre,"Llevar medidas de protección solar, ropa cómoda para caminar."
NA,NA
Libre,Recomendable visitar entre las 9.00 am a 17.00 horas
Libre,9:00am a 3:00pm
Libre,Ingreso de 9:00 am a 3:00pm
Libre,de 9 am a 5pm
Libre,de 9 am a 5 pm
Libre,de 9 am a 5pm
Libre,de 9 am a 5 pm
Libre,"Horarios: 9.00 am a 6.00 pm temporadas de primavera, verano (setiembre - abril) y 9.00 a 5.00 pm Temporadas de otoño, invierno (mayo-setiembre)"
Libre,9:00am a 5:00pm
Libre,
Libre,
Libre,
NA,NA
Libre,
NA,NA
Libre,
Libre,
Libre,
Libre,
Libre,
NA,NA
Libre,Atención de lunes a domingo desde las 8:00 a.m. hasta las 5 p.m.
Libre,
Libre,
Libre,
Libre,
NA,NA
NA,NA
Libre,
"Previa presentación de boleto o ticket(especificar tarifa:niños, adultos, estudiantes, etc)","Ponerse en contacto con la Asociación de Conservación Aguajales y Renacales del Rio Romero – ACARR, al celular: 916 999 209 / 964 779 537"
Libre,
NA,NA
Libre,
NA,NA
Libre,
Semi-restringido(previo permiso),Solicitar autorización al responsable de la Iglesia Matriz del Tingo. José Eudecio Sánchez López (Catequista) al 948772412
Libre,
NA,NA
Libre,
NA,NA
Libre,
Libre,No se controla el ingreso
Libre,
"Previa presentación de boleto o ticket(especificar tarifa:niños, adultos, estudiantes, etc)",Tarifa Adultos: 5 soles Niños: 2 soles
Semi-restringido(previo permiso),"Coordinar con la Sra Ruth Cutipa Cel. 901 178 104 ó Luz Marina Sotomayor Cel. 900 843 138, ya que se realizan pagos dependiendo la actividad, Visita, Exposicion, Noche Cultural, u otros"
NA,NA
NA,NA
Libre,
Semi-restringido(previo permiso),Coordinar la visita con la Sociedad de Beneficencia de Yauli La Oroya - Cel. 958688045
Libre#Semi-restringido(previo permiso),En horarios de culto#Fray Franklin Peña/ 084221051/ 985219781
NA,NA
NA,NA
Semi-restringido(previo permiso),"Comunicarse previamente con el artista Leo Hilario, cel. 979264226."
Libre,
"Previa presentación de boleto o ticket(especificar tarifa:niños, adultos, estudiantes, etc)#Libre",Incluido en el BTG Extranjero adulto: S/ 130 Ext. estudiante: S/ 70 Nacional adulto: S/ 70 Nac. estudiante: S/ 40#Cusqueños y residentes previa presentación de DNI
"Previa presentación de boleto o ticket(especificar tarifa:niños, adultos, estudiantes, etc)","Adultos Extranjeros y Nacionales S/. 5.00, Locales S/.2.00 y Niños S/.1.00."
Libre,
Libre,
Libre,
Libre,
Libre,No se cobra entrada de ingreso
NA,NA
Libre,
Libre,
Libre,
NA,NA
NA,NA
"Previa presentación de boleto o ticket(especificar tarifa:niños, adultos, estudiantes, etc)",General: S/. 2.00
Libre,
Libre,
Libre,
Semi-restringido(previo permiso),"Coordinar con el propietario Manuel Navarro Ramírez, teléfono +51 959 444 594"
Libre,
Libre,
NA,NA
Libre,
Libre,
"Previa presentación de boleto o ticket(especificar tarifa:niños, adultos, estudiantes, etc)",Tarifa de cueva S/5.00
"Previa presentación de boleto o ticket(especificar tarifa:niños, adultos, estudiantes, etc)","La entrada al recurso pagan Adultos: s/ 3 soles, Ñiños y adultos: s/ 1.00 para las tomas fotográficas en el recurso."
Libre,No existen restricciones.
Libre,Es recomendable solicitar a la autoridad del centro poblado de Villa Aurora la designación de un poblador que actúe como guía durante el recorrido.
NA,NA
Libre,
NA,NA
Libre,
Libre,
NA,NA
NA,NA
Semi-restringido(previo permiso),Previa Reserva al celular Nro° 999102293
"Previa presentación de boleto o ticket(especificar tarifa:niños, adultos, estudiantes, etc)#Libre","Adultos: S/. 5.00, niños y niños S/. 2.00#Para los lugareños de lo zona."
Libre,
Libre,No requiere permisos
Libre,Siempre con orientador local.
Libre,Se ingresa por una vía de trocha carrozable o sendero.
NA,NA
NA,NA
Libre,
"Previa presentación de boleto o ticket(especificar tarifa:niños, adultos, estudiantes, etc)","Ticket general adulto S/. 5,00, especial-peruano (60 año) S/. 3,00, joven viajero (Estudiantes) s/. 3,00, niños S/. 1,00, 1er domingp de cada mes ingreso libre"
"Previa presentación de boleto o ticket(especificar tarifa:niños, adultos, estudiantes, etc)",Entrada en General: S/. 15.00 / Niños de 5 a 12 años: S/. 5.00 / Adolescentes de 13 a 17 años: S/. 10.00 / Estudiantes: S/. 10.00 / Adulto Mayor: S/. 10.00
Libre,
Libre#Semi-restringido(previo permiso),"#Los centros de estudios inicial, primaria secundaria, institutos superios, universitarios, remiten previo solicitud de ingreso al recurso, dirigido al señor Alcalde de la comuna."
"Previa presentación de boleto o ticket(especificar tarifa:niños, adultos, estudiantes, etc)",Adulto : S/. 10.00 nuevos soles / Niños : S/. 5.00 nuevos soles / Extranjero : S/. 20.00 nuevos soles
NA,NA
NA,NA
Semi-restringido(previo permiso),Previo permiso a la Municipalidad de Pacobamba
Libre,Observacion externa desde Jr. Próspero Nº 401-437 Esq. Jr. Morona Nº 181-199 (Casa Cohen 1905)
"Previa presentación de boleto o ticket(especificar tarifa:niños, adultos, estudiantes, etc)",Extranjeros S/. 20.00 / estudiantes extranjero S/. 10.00 Nacionales S/. 10.00 y estudiantes nacionales S/. 5.00
Libre,
Libre,
Libre,
Semi-restringido(previo permiso),Con previa autorización del personal de seguridad o al número 959 703 756
NA,NA
NA,NA
NA,NA
Libre,
NA,NA
"Previa presentación de boleto o ticket(especificar tarifa:niños, adultos, estudiantes, etc)",Tarifa general: 5.00 soles
"Previa presentación de boleto o ticket(especificar tarifa:niños, adultos, estudiantes, etc)",Tarifa: Turista nacional: S/ 3.00 Turista Extranjero: S/ 5.00
"Previa presentación de boleto o ticket(especificar tarifa:niños, adultos, estudiantes, etc)","Pozas privadas Adulto S/. 8.00 soles Piscinas al aire libre Adulto S/. 5.00 soles. Niño S/. 2.00 soles El boleto de ingreso turista nacional o visitante local, es el mismo precio."
Semi-restringido(previo permiso),"El acceso al recurso se realiza con el previo permiso del presidente de la comunidad, señor Francisco Paricahua Kana (Cel. 953742229)."
Semi-restringido(previo permiso),"El párroco encargado del Templo es Eduardo Adelman con número de teléfono 975078108, siendo su ecónomo el Sr. Benancio Mamani Quispe, del centro poblado con teléfono 984511142"
Libre,Lunes a Sábado de 10:30 am a 07:30 pm
Semi-restringido(previo permiso),"Se coordina con el mayordomo, que son cuidantes y administradores del templo, los mismo que son elegidos por la comunidad. Sr. Emeterio Amanca Arqque Cel. 995708479"
Libre,
NA,NA
Libre,
Semi-restringido(previo permiso),Solo ingresan masones (integrantes) de la Logia Unión Amazónica al interior de las instalaciones
Libre,
Libre,
Libre,
Libre,
Libre,
Libre,
Libre,"Luego de visitar los recursos turísticos de Pueblos de los Muertos y Sitio a Arqueológico de Lengache, se hace una pequeña parada en el Mirador de Lámud Urco para tomas fotográficas del paisaje."
Libre,
Libre,
Libre,
Libre,Atención de lunes a domingo
Libre,
Libre,
Libre,
Libre,
Libre,
NA,NA
Libre,
Libre,
Libre,Horarios recomendado: 9 am a 5 pm
Libre,Previa coordinación con las autoridades de la comunidad
NA,NA
Libre,Previa coordinación para el guiado
Libre,Previa coordinación con la comunidad
Libre,
Libre,
Libre,
Libre,
Libre,
Libre,Previa coordinación con la autoridada comunal
Libre,"Previa coordinación con la comunidad, por temas de seguridad"
NA,NA
NA,NA
Semi-restringido(previo permiso),Previo permiso de la Municipalidad Provincial de Huanta. Contacto 927421873 .
Libre,
NA,NA
NA,NA
Libre,
NA,NA
Libre,
NA,NA
Libre,
"Previa presentación de boleto o ticket(especificar tarifa:niños, adultos, estudiantes, etc)",Niños de 0 a 6 años: Gratis / Niños de 07 a 12 años: S/. 5.00 / Adulto de 13 años y más: S/. 10.00
Libre,
Libre,Horarios Recomendados : 8:00am a 5:00 pm
Libre,
NA,NA
NA,NA
Semi-restringido(previo permiso),"Previa coordinación con el Sr. Edgar Quispe Zapata, cel. 974583282"
NA,NA
Libre,
NA,NA
"Previa presentación de boleto o ticket(especificar tarifa:niños, adultos, estudiantes, etc)",Costo general S/. 3.00
NA,NA
NA,NA
Libre,
Libre,
Libre,Previa coordinación con la comunidad
NA,NA
NA,NA
Libre,Se pueden apreciar desde la vía publica.
Libre,Se recomienda ir con personas conocedoras de la zona
"Previa presentación de boleto o ticket(especificar tarifa:niños, adultos, estudiantes, etc)","Costo de ingreso por un día. •Extranjero: s/. 30.00. •Nacional: Adultos s/. 15.00, Niños de 5 a 17 años: S/. 5.00 • Local: Adultos s/. 5.00 y niños de 5 a 17 años: S/. 3.00"
Libre,
Libre,
Libre,
"Previa presentación de boleto o ticket(especificar tarifa:niños, adultos, estudiantes, etc)",Adultos: S/ 3.00
Libre,Todo el año
NA,NA
Libre,
"Libre#Previa presentación de boleto o ticket(especificar tarifa:niños, adultos, estudiantes, etc)",#Esta incluido dentro del Boleto turístico del Colca: Extranjeros S/. 70.00; Nacionales S/. 20.00 y Estudiantes S/. 5.00
Libre,
Libre,La capacidad máxima del puente es de 5 personas
"Previa presentación de boleto o ticket(especificar tarifa:niños, adultos, estudiantes, etc)",Adultos: S/. 4.00 Estudiantes: S/. 3.00 Adulto mayor: S/. 2.00 Niños: S/. 1.00 Guiado: S/. 2.00
Libre,
Libre,
Libre,
Libre,
NA,NA
Libre,
Libre,
NA,NA
NA,NA
NA,NA
Libre,
NA,NA
Libre,
Libre,
Libre,
Libre,
Libre,
Libre,
Libre,
Libre,
Libre,
Libre,
Libre,
Libre,
Libre,
NA,NA
NA,NA
Libre,
NA,NA
NA,NA
NA,NA
NA,NA
NA,NA
Semi-restringido(previo permiso),Previo pago al PNH de S/.65.00 por 21 días de ingreso a los recursos o permanencia dentro del PNH
Libre,
NA,NA
Libre,
NA,NA
Libre,
Libre,
NA,NA
Libre,
Libre,
Libre,
Libre,
Libre,"Coordinaciones con el presidente de Parcialidad; Sr. Elmer Mamani Butron, cel. 928191002"
Libre,todo el dia
"Previa presentación de boleto o ticket(especificar tarifa:niños, adultos, estudiantes, etc)","Niños S/1.00, Adultos locales S/2.00, General S/4.00"
Semi-restringido(previo permiso),Previa comunicación con el señor Teodoro cel: 966945412
Libre,LLevar protección solar
Libre,
Libre,
"Previa presentación de boleto o ticket(especificar tarifa:niños, adultos, estudiantes, etc)","Adulto nacional: S/12.00 Adulto local, niño nacional: S/5.00 (5 a 16 años) Niño local: S/3.00 Extranjeros: S/30.00"
"Previa presentación de boleto o ticket(especificar tarifa:niños, adultos, estudiantes, etc)",Tarifa única: S/ 10.00
Libre,9:00 a 12:30 / 13:30 - 18:30
Libre,
Libre,
Libre,
Libre,
Libre,
Libre,
"Previa presentación de boleto o ticket(especificar tarifa:niños, adultos, estudiantes, etc)","Adulto nacional: S/12.00 Adulto local, niño nacional: S/5.00 (5 a 16 años) Niño local: S/3.00 Extranjeros: S/30.00"
Libre,
"Previa presentación de boleto o ticket(especificar tarifa:niños, adultos, estudiantes, etc)","Adulto nacional: S/12.00 Adulto local, niño nacional: S/5.00 (5 a 16 años) Niño local: S/3.00 Extranjeros: S/30.00"
NA,NA
Libre,
NA,NA
"Previa presentación de boleto o ticket(especificar tarifa:niños, adultos, estudiantes, etc)",Pago de S/.65.00 nuevos soles al PNH para 30 días de permanencia. Extranjero S/. 30.00 Nacional S/.15.00 Local S/. 5.00
Libre,
"Previa presentación de boleto o ticket(especificar tarifa:niños, adultos, estudiantes, etc)",Extranjero S/. 30.00 Nacional S/ 15.00 Local S/. 5.00
NA,NA
Otros (especificar),"En la entrada al Centro Poblado de Chavín, la comunidad cobra S/. 5.00 por vehículo"
Libre,
Libre,
NA,NA
Libre,
Libre,
Semi-restringido(previo permiso),"Coordinación con la Municipalidad Distrital de Mangas, Comunidad Campesinas de Mangas o Parroquia San Francisco de Mangas al teléfono 978090809 o al Correo Electrónico municipalidaddemangas1@gmail.co"
"Previa presentación de boleto o ticket(especificar tarifa:niños, adultos, estudiantes, etc)","Entrada general entre nacionales, extranjeros y niños: Piscina S/3.00; Poza individual S/5.00; Poza familiar S/6.00 y Poza rústica S/7.00."
Libre,Carretera Carhuaz - Asunción
Semi-restringido(previo permiso),"La tarifa de ingreso al Nevado Mateo, al estar ubicado dentro del Parque Nacional Huascarán, es de S/ 30.00 soles por persona para turistas nacionales y extranjeros"
NA,NA
Libre,
NA,NA
"Previa presentación de boleto o ticket(especificar tarifa:niños, adultos, estudiantes, etc)",Adulto S/. 2.00 Niño S/1.00
NA,NA
NA,NA
Libre,
NA,NA
Libre,
Libre,
NA,NA
Libre,
Libre,
Libre,
Libre,de preferencia en los meses de abril a noviembre
Libre,
Libre,
Libre,
Libre,
Libre,
Libre,
Libre,
Libre,
Libre,
NA,NA
NA,NA
Semi-restringido(previo permiso),Coordinar con el Sr. Marco Franco Montoya celular +51 953 920 481 o con el Sr. Luis Franco Montoya celular +51 938 804 163
Semi-restringido(previo permiso),Coordinación con el propietario al celular: 958684315 (Jesús García )
Semi-restringido(previo permiso),Coordinación con la encargada al celular: 959727772 (Guadalupe Solari)
Semi-restringido(previo permiso),Coordinación con el propietario al celular: 995665482 (Mariano Pisfil)
Libre,
Libre,Se encuentra una garita de seguridad al ingreso por parte de la Municipalidad distrital de Ventanilla
Semi-restringido(previo permiso),"Preferentemente, coordinar la visita al correo torresdelagala@yahoo.es o ingresar directamente a la bodega y dar conocimiento."
Semi-restringido(previo permiso),Coordinación previa con el Gerente de la Bodega Pisco Camaná. Celular: 958950905
Semi-restringido(previo permiso),Coordinación con el propietario al celular:991807267 (Cesar Uyen)
Semi-restringido(previo permiso),Coordinación con el propietario al celular: 959742080 (Marco Zuñiga)
NA,NA
"Previa presentación de boleto o ticket(especificar tarifa:niños, adultos, estudiantes, etc)","Boletas nacionales, ruta corta menores S/. 5.00, mayores S/. 10.00; ruta larga, menores S/. 10.00 y mayores S/. 30.00 Boletas extranjeros, ruta corta, menores S/. 10.00, mayores S/. 20.00"
Libre,
NA,NA
NA,NA
Semi-restringido(previo permiso)#Otros (especificar),"El ingreso al área de ventas es libre, Ruta 1 costo general S/7.00. Ruta 2: costo general S/15.00. Niños hasta 5 años ingresan libre. Reserva: 945750905 Jorge Moreno - email: pasikiwichacra@gmail.com#Taller de elaboración de chocolate artesanal y crianza de abejas tiene un costo general de S/30.00 a partir de 2 personas a más."
Libre,La Reserva de Biosfera Oxapampa-Asháninka-Yánesha en la ciudad de Oxapampa.
Libre,Se recomienda visitar el recurso turístico a partir de las 8 am hasta las 9 pm.
NA,NA
NA,NA
Libre,
Libre,No cuenta con boletería.
"Previa presentación de boleto o ticket(especificar tarifa:niños, adultos, estudiantes, etc)",Adultos S/ 10.00 y Niños S/ 5.00
Libre,
NA,NA
Libre,Zona pública disponible todos los días las 24 horas
Libre,Parque Principal
NA,NA
NA,NA
Libre,"Llevar bloqueador solar, bebidas hidratantes y refrigerio."
NA,NA
Libre,Llevar gorro y bebidas hidratantes.
Libre,"Llevar su protector solar, gorro y/o sombrero."
Libre,
Libre,"Llevar bloqueador solar, bebidas hidratantes, refrigerio y carpa."
Libre,"Llevar gorra, sombrero y/o bloqueador solar."
Libre,
Libre,todo el año
Libre,
Libre,
Libre,
NA,NA
NA,NA
Libre,
Libre,
Libre,
Otros (especificar),Costo de ingreso es de 3.00 soles. pero no cuentan con registro. El señor este año se compromete a entregar un ticket por el cobro.
Libre,
"Previa presentación de boleto o ticket(especificar tarifa:niños, adultos, estudiantes, etc)",Entrada general S/ 2.00 soles para turista nacional. Los visitantes locales están exonerados de pago.
Libre,"todo el año / Se recomienda llevar ropa ligera, bloqueador solar, traje de baño y gorra"
Libre,todo el año
NA,NA
Libre,Todo el año
NA,NA
Libre,
Libre,
Libre,
NA,NA
Libre,
NA,NA
NA,NA
NA,NA
NA,NA
Libre,
Libre,
Libre,
NA,NA
Libre,
Libre,
NA,NA
Libre,
Libre,
Libre,
Libre,
Libre,
Semi-restringido(previo permiso),Reservas Sotelo - 947161723
Libre,
Libre,
Libre,Ninguno
Libre,
Libre,
Libre,
NA,NA
Libre,Se invita a registrarse en el cuaderno de registro en la Municipalidad Distrital de Masma Chicche.
Libre,Se encuentra entre la primera playa (Margaritas) y segunda playa de Mejía
Libre,
Libre,
Libre,8 a.m.-5p.m.
Libre,
Libre,El acceso es libre
Libre,
Libre,El acceso a la comunidad es libre
Libre,
Libre,
Libre,
NA,NA
"Previa presentación de boleto o ticket(especificar tarifa:niños, adultos, estudiantes, etc)",Extranjero S/30.00 Nacional S/15.00 Adulto regional S/11.00 Niño regional S/5.00 Adulto local S/8.00 Niño local S/3.00
"Previa presentación de boleto o ticket(especificar tarifa:niños, adultos, estudiantes, etc)",Adultos S/ 3.00 Estudiantes Superior S/2.00 Estudiantes Básica Regular S/ 1.00
Semi-restringido(previo permiso),Coordinación con el área administrativa 990993049
Libre,
Libre,
NA,NA
Libre,
Libre,
NA,NA
Libre,
Semi-restringido(previo permiso),"Coordinación para realización de visita, con el posesionario Sr. Raymundo Jaen Cel: 962744733"
Semi-restringido(previo permiso),"Previa coordinación con la Sra. América Vargas Beltrán al cel. 959796979, encargada de la empresa Pampa Hermosa Lake Resort S.R.L."
Libre,
Libre,
Libre,
NA,NA
Libre,"Es un lugar alejado de la ciudad, aún no hay ningún tipo de infraestructura ni instalaciones como servicios higiénicos, estacionamiento, casetas de seguridad u otro."
"Previa presentación de boleto o ticket(especificar tarifa:niños, adultos, estudiantes, etc)",Adultos S/ 10.00 Soles y Niños S/ 5.00 Soles
NA,NA
Libre,
Libre,"Para acceder a nadar con las tortugas, el precio es de 50 soles aprox. Se recomienda, llevar bloqueador solar, lentes de sol, gorro o sombrero y ropa ligera."
Libre,
Libre,
Libre,
Semi-restringido(previo permiso),"Se puede ingresar previa coordinación con el encargado Percy López (996742060), también en los horarios de misa y fiestas patronales."
Libre,
Libre,
Semi-restringido(previo permiso),Cuando hay misas y procesiones. En caso deseen ingresar en otro momento es previo aviso a la sacristía que se encuentra ubicado al costado del templo
NA,NA
Libre,
Libre,
Libre,La visita es previa coordinación con las autoridades comunales para información.
Libre,No existen restricciones
Libre,En algunas ocasiones se pide permiso a la Municipalidad Distrital de Luricocha y a las autoridades locales.
NA,NA
NA,NA
Libre,
Libre,
NA,NA
NA,NA
NA,NA
NA,NA
NA,NA
NA,NA
Libre,
Libre,
NA,NA
NA,NA
NA,NA
"Previa presentación de boleto o ticket(especificar tarifa:niños, adultos, estudiantes, etc)",Administrado por la Comunidad Campesina del Caserío Las Palmeras de Yaranche. Adultos S/. 2.00 Niños y/o Estudiantes S/. 1.00
"Previa presentación de boleto o ticket(especificar tarifa:niños, adultos, estudiantes, etc)","Entrada general 2.00 Soles, previo pago en caja"
Libre,
Semi-restringido(previo permiso),Enviar solicitud a la Dirección General de Patrimonio Arqueológico Inmueble via mesa de partes virtual del Ministerio de Cultura. El tiempo de respuesta es normalmente 5 días útiles
NA,NA
Libre,Previa coordinacion con el parroco
Libre,Previa coordinacion con el Parroco
Semi-restringido(previo permiso),Previa autorización del responsable del templo: Pbro. César John Caparachin Villaverde (984722626)
Libre,
NA,NA
"Previa presentación de boleto o ticket(especificar tarifa:niños, adultos, estudiantes, etc)",Adulto Extranjero S/. 30.00 soles Niño Extranjero 15.00 soles Adulto Nacional S/. 15.00 soles Niño Nacional S/. 7.50 soles
NA,NA
NA,NA
NA,NA
Libre,
Libre,
Libre,
Libre,
"Previa presentación de boleto o ticket(especificar tarifa:niños, adultos, estudiantes, etc)","Tarifa promocional convencional: Adultos :S/ 11.00 Población adulta local: S/ 5.00 Promocional social menor, menor de 05 años a 16 años: S/. 3.00."
"Previa presentación de boleto o ticket(especificar tarifa:niños, adultos, estudiantes, etc)","Costo de ingreso: niños y estudiantes S/ 3.00 - adultos S/ 5.00. Puede contactarse con el representante de la Asociación Las Maravillas de Tocache, al teléfono 932238324"
"Previa presentación de boleto o ticket(especificar tarifa:niños, adultos, estudiantes, etc)",Costo general de ingreso S/ 3.00
Libre,
Libre,Es espacio libre
Libre,No se controla el ingreso
NA,NA
"Libre#Previa presentación de boleto o ticket(especificar tarifa:niños, adultos, estudiantes, etc)",#El recurso es administrado por la Asociación Caracucho.
Libre,todo el año
Libre,
Libre,
Libre,
NA,NA
NA,NA
NA,NA
Libre,
NA,NA
Libre,
Libre,"Solicitar orientación turística en la Oficina de Turismo de la Municipalidad Distrital de Mesones Muro, en el Horario de 08:00 a.m. a 12m."
Libre,
Libre,"Llevar agua, bloqueador, repelente, ropa y zapatillas para caminata larga. Se recomienda la visita al recurso por las mañanas y estar acompañado del personal de la Municipalidad."
"Previa presentación de boleto o ticket(especificar tarifa:niños, adultos, estudiantes, etc)",
Libre,Llevar gorro y bloqueador.
Semi-restringido(previo permiso),Previo permiso con el Eclesiastés sr.Pablo Gómez Onisano. Cel: 941652515
Libre,
Libre,
NA,NA
Semi-restringido(previo permiso),"Coordinar con el señor Bartolomé, encargado de la iglesia."
NA,NA
NA,NA
NA,NA
Libre,
Semi-restringido(previo permiso),El ingreso al recurso turístico Casa de piedra es previa coordinación con el presidente actual de la comunidad de Chectuyoc Emilio Alvares Ponce. Cel: 977146339/contacto@munimarangani.gob.pe
Libre,
Semi-restringido(previo permiso),Previo permiso solicitado a la secretaría de la parroquia.
Semi-restringido(previo permiso),"Para visitar la Casa Museo, acercarse a la M.D. de Pucará, un personal capacitado guiará al visitante o llamar previamente a la Sub Gerencia de Desarrollo Social (Lic. Juan Landeo 900557902)."
NA,NA
NA,NA
NA,NA
Libre,
NA,NA
Libre,
Libre,los visitantes solo pueden apreciar la Represa desde fuero por las restricciones operativas y de seguridad establecidas por la empresa
NA,NA
NA,NA
Semi-restringido(previo permiso),Realizar coordinaciones con el Jefe del ACR (Ing. Nelson Witting. Cel. Nº 989699143)
Libre,
Semi-restringido(previo permiso),"Para su ingreso solicitar autorización al presidente de la comunidad de Chiuruco. Ya que el control esta a cargo de la minería Nexa Resources Perú. Contactos: Mendoza Garay Alejandro, N° 910 959 505"
"Previa presentación de boleto o ticket(especificar tarifa:niños, adultos, estudiantes, etc)",Poza normal:S/5.00 por persona. Poza herbal: S/12.00 por persona. Piscina adultos: S/5.00 por persona. Piscina niños: S/2.50 por persona.
NA,NA
NA,NA
Libre,"Es un espacio abierto, no requiere reserva o autorización de ingreso."
Libre,"Comunicarse con el Bosque de Protección Alto Mayo con una semana de anticipación, al teléfono 968 218 472. Se registra en el cuaderno de visitantes en el Puesto de Vigilancia y Control Venceremos."
NA,NA
NA,NA
"Previa presentación de boleto o ticket(especificar tarifa:niños, adultos, estudiantes, etc)",Extranjero S/.30.00 Nacional Adulto S/. 12.00 Niños (5 a 16 años )S/. 5.00 Nacionales (Menores de 5 años y Mayores de 65 años no pagan)
"Previa presentación de boleto o ticket(especificar tarifa:niños, adultos, estudiantes, etc)",Extranjero S/.30.00 Nacional Adulto S/. 12.00 Niños (5 a 16 años) S/. 5.00 Nacionales (Menores de 5 años y mayores de 65 años no pagan)
Semi-restringido(previo permiso),Permiso a la Municipalidad de Huari a traves del teléfono: 043 - 380365
Libre,de 9 am a 5 pm
NA,NA
NA,NA
NA,NA
NA,NA
NA,NA
NA,NA
NA,NA
NA,NA
NA,NA
Libre,Lunes - Domingo
NA,NA
NA,NA
NA,NA
NA,NA
NA,NA
NA,NA
NA,NA
Libre,
Libre,
"Previa presentación de boleto o ticket(especificar tarifa:niños, adultos, estudiantes, etc)",Entrada General S/. 3.00
Semi-restringido(previo permiso),Coordinación con la propietario al celular: 993158690 (Rosana Valdivia)
Semi-restringido(previo permiso),Coordinación con el propietario al celular: 998894184 (Wilfredo Acapana)
Semi-restringido(previo permiso),Coordinación con el propietario al celular: 959096474 (Godofredo Reinoso)
NA,NA
NA,NA
Libre,
Libre,
Libre,
"Previa presentación de boleto o ticket(especificar tarifa:niños, adultos, estudiantes, etc)",Adultos S/ 5.00 - Niños S/ 2.00
"Previa presentación de boleto o ticket(especificar tarifa:niños, adultos, estudiantes, etc)",Tarifa: Adultos: S./ 5.00; Niños: S./ 3.00; Escolares: S./ 2.00
Libre,
Semi-restringido(previo permiso),"El ingreso es previo permiso. Contactándose con la Sra. Ruth Camarena, celular N° 935675714"
NA,NA
Libre,
NA,NA
NA,NA
Libre,
NA,NA
NA,NA
"Previa presentación de boleto o ticket(especificar tarifa:niños, adultos, estudiantes, etc)","S/. 5.00 Adultos, S/. 3.00 niños"
Libre,
NA,NA
Libre,
Semi-restringido(previo permiso),"Coordinar con la jefatura del ACR-CHOQUEQUIRAO con el ING. Edwin Mansilla Ucañani , celular: 986751910"
NA,NA
Libre,
Libre,
NA,NA
Semi-restringido(previo permiso),"Previa coordinación con la Municpalidad de Kimbiri, para el ingreso a la piscigranja Comunicarse al numero 995464977"
NA,NA
"Previa presentación de boleto o ticket(especificar tarifa:niños, adultos, estudiantes, etc)",Entrada general: S/ 5.00. El ingreso es libre para el visitante que solo realiza el consumo de bebidas y productos regionales.
Libre,El ingreso a la Montaña Delicias Aputinya es libre.
Libre,
NA,NA
NA,NA
"Previa presentación de boleto o ticket(especificar tarifa:niños, adultos, estudiantes, etc)",Adultos : S./ 10.00 / Niños: S./ 6.00
NA,NA
Semi-restringido(previo permiso),"Previa coordinación con la Encargada del Área de Turismo de la Municipalidad distrital de San Lorenzo de Quinti :Lic. Lisbeth Nolasco Zarate, Celular:983792233"
Libre,
"Previa presentación de boleto o ticket(especificar tarifa:niños, adultos, estudiantes, etc)",Precio Nacionales: s/25.00 Precio Extranjeros: s/50.00 Presidente de turismo Sr. Teodocio Espinoza teléfono: 939718120
NA,NA
NA,NA
Libre,
NA,NA
Libre,
Libre,
Libre,
Libre,
Libre,
Libre,
Libre,
Libre,
Libre,
"Previa presentación de boleto o ticket(especificar tarifa:niños, adultos, estudiantes, etc)","Tarifas: - Niños menores de 10 años no pagan - Nacionales S/. 15.00 - Extranjeros S/. 30.00 Sr. Paúl León Cueva 928844886, Comunero de la Comunidad campesina de Uramasa"
Libre,
NA,NA
NA,NA
Libre,Si se desea contar orientador local se realiza un pago de 5 soles a la comunidad de Huando.
Libre,
Libre,
Libre,
NA,NA
NA,NA
NA,NA
NA,NA
NA,NA
Libre,
"Previa presentación de boleto o ticket(especificar tarifa:niños, adultos, estudiantes, etc)",Adultos s/. 5.00 soles Niños s/. 3.00 soles
Libre,
"Previa presentación de boleto o ticket(especificar tarifa:niños, adultos, estudiantes, etc)","Tarifa única de s/. 3.00 , niños 5 años de edad. Tarifa de s/.5.00 soles por concepto de paseo en bote, a partir de los 5 años de edad. Encargado: Emilio J. Robles Guadalupe 956722798"
"Previa presentación de boleto o ticket(especificar tarifa:niños, adultos, estudiantes, etc)","Adultos S/ 3,00 y niños S/1.50"
NA,NA
"Previa presentación de boleto o ticket(especificar tarifa:niños, adultos, estudiantes, etc)",Adultos S/. 10.00 soles Niños y Yauyinos S/. 5.00
Semi-restringido(previo permiso),Solicitar el permiso a la municipalidad distrital de Vilcabamba en la gerencia de desarrollo económico.
Libre,
Libre,
Otros (especificar),Mediante compra de Boleto de 5 soles
"Previa presentación de boleto o ticket(especificar tarifa:niños, adultos, estudiantes, etc)",Pago de 5 soles por ticket
NA,NA
Libre,
Libre,
"Previa presentación de boleto o ticket(especificar tarifa:niños, adultos, estudiantes, etc)",Tarifa: Escolares S/. 5.00 Adultos S/. 10.00 Campamentos S/. 20.00 Caminatas nocturnas S/. 15.00 - Coordinación con el Director del Proyecto Lomas de Asia: Iván Reyna Ramos 993027767
NA,NA
"Previa presentación de boleto o ticket(especificar tarifa:niños, adultos, estudiantes, etc)",Tarifa extranjero S/. 15.00 soles Tarifa nacional S/. 10.00 soles Tarifa visitante local S/. 5.00 soles
Libre,
Libre,
Libre,
"Previa presentación de boleto o ticket(especificar tarifa:niños, adultos, estudiantes, etc)",Nacionales S/.10.00 Extranjeros S/.20.00 Niños no pagan
"Previa presentación de boleto o ticket(especificar tarifa:niños, adultos, estudiantes, etc)",Municipalidad Distrital de Checacupe Tarifas: Extranjero S/.10.00 Nacional S/.5.00 Local S/.2.00
Libre,
Libre,
"Previa presentación de boleto o ticket(especificar tarifa:niños, adultos, estudiantes, etc)",Adultos : S./ 10.00 / Niños: S./ 6.00
"Previa presentación de boleto o ticket(especificar tarifa:niños, adultos, estudiantes, etc)","Costo de ingreso: Adultos S/ 10.00 - Niños S/ 5.00. Coordinar con la Asociación de Desarrollo Económico Sostenible Unidos por Palestina, al teléfono 968 374 777 o 949 424 662."
NA,NA
NA,NA
Semi-restringido(previo permiso),"Se recomienda solicitar autorización de ingreso a la Municipalidad Distrital de Yuracyacu, a través del Gerente de Desarrollo Económico y Gestión Ambiental, Ing. Samuel Cieza al teléfono 988 322 938."
NA,NA
Libre,
Libre,
Libre,
Libre,
NA,NA
Libre,
Libre,
NA,NA
Libre,
NA,NA
Libre,
Libre,
Libre,"Previo registro en cuaderno, ingreso gratuito."
Libre,
Libre,
Libre,
NA,NA
NA,NA
Libre,
Libre,
Libre,
Libre,
Libre,
Libre,
Libre,
NA,NA
NA,NA
NA,NA
Libre,
NA,NA
NA,NA
NA,NA
Libre,
Semi-restringido(previo permiso),Coordinar previamente con la Municipalidad Distrital de Huasicancha - Unidad de Turismo: Cel. 996560655.
"Previa presentación de boleto o ticket(especificar tarifa:niños, adultos, estudiantes, etc)",Adultos nacionales: S/15.00 Niños nacionales: S/8.00 Adultos de la región: S/8.00 Niños de la región: S/3.00 Extranjeros (sea adulto o niño): S/30.00
NA,NA
Libre,
NA,NA
Semi-restringido(previo permiso),Previo permiso y coordinación con la comunidad campesina Cochabamba responsables del cuidado del Bosque.
NA,NA
Libre,
NA,NA
Libre,
NA,NA
Semi-restringido(previo permiso),Previa coordinación con el Presidente de la Comunidad Campesina de San Andrés de Tupicocha. Sr. Cacimiro Rueda Antiporta . Cel: 974368722
"Previa presentación de boleto o ticket(especificar tarifa:niños, adultos, estudiantes, etc)",El costo de tarifa: Comunidades; s/ 2. 00 soles Distritos: s/ 3.00 soles Niños: s/ 1.00 sol Extranjeros: s/ 5.00 soles
"Previa presentación de boleto o ticket(especificar tarifa:niños, adultos, estudiantes, etc)",Adultos S/ 5.00 - Niños S/ 2.50
"Previa presentación de boleto o ticket(especificar tarifa:niños, adultos, estudiantes, etc)",Adultos S/.5.00 - Niños S/. 2.50
"Previa presentación de boleto o ticket(especificar tarifa:niños, adultos, estudiantes, etc)","Adultos S/ 5.00 - Niños S/ 2.50. Para visitas guiadas previa coordinación con encargado de turismo Sr. Carlos Orosco, celular 995565340"
Semi-restringido(previo permiso),Previa coordinación con la encargada de comité de la iglesia. Sra. Buenaventura Savero Quispe. Celular: 956583587
NA,NA
Libre,
Libre,
NA,NA
Libre,
Libre,"Para el servicio de guiado o atención especializada, reservar mediante el siguiente link: https://wa.me/51934657998"
Libre,
Semi-restringido(previo permiso),"Previo registro vía página web https://asociacionunacem.org/santuariodeamancay/ visitas tienen costo de 60 soles por grupo de 10 personas. Luego de registro web, se confirmará por correo o teléfono."
Semi-restringido(previo permiso),"Reservas al 922369667 o al correo casablancafundoagro@gmail.com. Talleres S/. 20.00, Máx. 20 personas por taller. Experiencia “Cosecha y cómelo” S/. 15.00. Máx. 25 personas."
NA,NA
NA,NA
Libre,
Libre,
Libre,En coordinación con la comunidad. Presidente de la comunidad Sr. Gonzales Vilca Valeriano cel. 951666385
NA,NA
NA,NA
Libre,
NA,NA
"Previa presentación de boleto o ticket(especificar tarifa:niños, adultos, estudiantes, etc)",El ingreso es previa presentación de un ticket. Adultos: 2.00 nuevos soles. Niños: no pagan Se recomienda visitar este mirador entre los meses de mayo a noviembre.
Libre,
NA,NA
NA,NA
NA,NA
Semi-restringido(previo permiso),- Solo visita guiada (S/10.00 escolares y S/15.00 adultos) - Visita guiada más almuerzo (el precio varía dependiendo el menú elegido) Contactarse con la Sra Carmen Felipe al número 999184590
Libre,
Libre,
Semi-restringido(previo permiso),"Coordinaciones previas, contactar con el Sr. Piero Peirano Portella nº 995967384"
NA,NA
"Previa presentación de boleto o ticket(especificar tarifa:niños, adultos, estudiantes, etc)",En soles: 1 día: Ext.: 30 / Nac.: Adulto: 15 - Menor: 8 /Loc: 8 2 - 3 días: Ext.: 60 / Nac: Adulto: 30 - Menor: 15 / Loc : 15 4 - 30 días: Ext.: 150 / Nac:Adulto: 75 / Menor: 35 / Loc: 35
Libre,
"Previa presentación de boleto o ticket(especificar tarifa:niños, adultos, estudiantes, etc)",Adultos s/.5.00 Niños s/.1.00
Libre,
"Previa presentación de boleto o ticket(especificar tarifa:niños, adultos, estudiantes, etc)",En soles: 1 día: Ext.: 30 / Nac.: Adulto: 15 - Menor: 8 /Loc : 8 2 - 3 días: Ext.: 60 / Nac.: Adulto: 30 - Menor: 15 / Loc : 15 4 - 30 días: Ext.: 150 / Nac.: Adulto: 75 / Menor: 35 / Loc : 35
"Previa presentación de boleto o ticket(especificar tarifa:niños, adultos, estudiantes, etc)",En soles: 1 día: Ext.: 30 / Nac.: Adulto: 15 - Menor: 8 /Loc : 8 2 - 3 días: Ext.: 60 / Nac.: Adulto: 30 - Menor: 15 / Loc : 15 4 - 30 días: Ext.: 150 / Nac.: Adulto: 75 / Menor: 35 / Loc : 35
Semi-restringido(previo permiso),Previa coordinación con la Asociación de Gestores Ambientales de Lomas de Ancón (AGALA) y a Desert Expeditions para reservas de turismo de aventura Correo: i.desertexpeditions@gmail.com
Semi-restringido(previo permiso),"Previa coordinación en el párroco, Héctor Román Cruz, número de celular 988509308."
"Previa presentación de boleto o ticket(especificar tarifa:niños, adultos, estudiantes, etc)","Para el ingreso al recurso turístico se debe presentar un ticket de ingreso, que tienen los costos: Niños S/. 0.00 Adultos S/. 5.00 Se alquila ropa de baño y flotadores."
Libre,"Llevar medidas de proteccion solar, ropa comoda para realizar caminata."
"Previa presentación de boleto o ticket(especificar tarifa:niños, adultos, estudiantes, etc)","Adultos S/ 2.00, niños S/ 0.50"
NA,NA
Libre,
Libre,
NA,NA
"Previa presentación de boleto o ticket(especificar tarifa:niños, adultos, estudiantes, etc)","Extranjeros: S/. 10.00, Nacionales S/. 7.00, Niños S/. 5.00."
NA,NA
Libre,
NA,NA
Semi-restringido(previo permiso),"previo permiso, al SERNANP al celular N° 072 526489"
Semi-restringido(previo permiso),"previo permiso a la Administración del Club o con invitación de socio.Dirección: Grau 107, PacasmayoTeléfono: (044) 522029"
Libre,
NA,NA
NA,NA
Libre,
Semi-restringido(previo permiso),Coordinar previamente con Presidencia de la Comunidad Campesina de LLocllapampa - Cel.: 903324591; que brindará acceso y asignará personal de la comunidad para brindar orientación al visitante.
NA,NA
Libre,
NA,NA
NA,NA
NA,NA
Libre,
Libre,
NA,NA
Libre,
NA,NA
Libre,
Semi-restringido(previo permiso),Coordinar la visita llamando al celular de la Parroquia: 964060709
Libre,
NA,NA
Semi-restringido(previo permiso),"Solicitar autorización de ingreso a la Municipalidad Distrital de Huaricolca - Sub Gerencia de Desarrollo Económico: Ing. Susan Rosales, Cel. 916543269. Brindaran personal de acompañamiento."
Libre,
NA,NA
NA,NA
NA,NA
Libre,
NA,NA
Libre,
Semi-restringido(previo permiso),"Previa reservación:Sra. Andrea Porteros Ventocilla,correo electrónico:lineadesangre.vinos@gmail.com, número de celular:986 649 785 / 971 266 758"
NA,NA
Libre,
Semi-restringido(previo permiso),"Permiso con la Jefatura del Parque Nacional Cerros de Amotape en las instalaciones de SERNANP . Solicitud dirigida al Ing. Juan La Rosa Boggio, cel n° 954342819."
Libre,
Libre,
Libre,
Libre,
Libre,
NA,NA
Semi-restringido(previo permiso),"Para visitar la Casa Museo, acercarse a la M.D. de Pucará, personal capacitado guiará al visitante o llamar previamente a la Sub Gerencia de Desarrollo Social - Cel.: 900557902."
Semi-restringido(previo permiso),"Previo registro garita de control, comunicarse con Área de Turismo de la Munic. Distrital de Huayhuay - Cel. 930211395 y/o Presidente del Comité de Turismo de la C.C de Huayhuay - Cel. 916900734."
Semi-restringido(previo permiso),"Previo registro garita de control, comunicarse con Área de Turismo de la M.D. de Huayhuay Cel. 930211395 y/o con el presidente del Comité de Turismo de la CC. de Huayhuay Cel. 916900734."
Libre,"Previo registro Garita de Control, comunicarse con Área de Turismo – Municip. Distrital Huay Huay, Cel. 930211395 y/o Presidente del Comité de Turismo Comunidad Campesina de Huay Huay, Cel. 916900734."
NA,NA
NA,NA
"Previa presentación de boleto o ticket(especificar tarifa:niños, adultos, estudiantes, etc)","Adultos S/. 3.00, niños no pagan."
Libre,
Libre,
Libre,"Cierra al medio día. Atiende todos los días para mayor información comunicarse con el Sr. Julio Contreras Astudillo, Cel. 994885953"
NA,NA
NA,NA
NA,NA
"Previa presentación de boleto o ticket(especificar tarifa:niños, adultos, estudiantes, etc)",Previo pago: Adultos S/. 8.00 y niños S/. 5.00
NA,NA
Libre,"Previa coordinación con la Lic. Lisbeth Nolasco Zarate, Celular: 983792233,responsable de la oficina de Turismo de la Municipalidad Distrital de San Lorenzo de Quinti"
Libre,
Libre,
Libre,
Semi-restringido(previo permiso),"Previa coordinación con los miembros de la Comunidad Campesina San Cristóbal de Rapaz. Sr. Miguel Gallardo Condor , Celular : 957450181"
NA,NA
Semi-restringido(previo permiso),Tarifa de ingreso: niños 5.00 soles y adultos 10.00 soles. Se recomienda contactar previamente a la Ing. Norma Vidalon al teléfono 964 627 783.
Libre,Se entrega tickets para contabilizar la afluencia de turistas a la Plaza Mayor
Semi-restringido(previo permiso),S/.5.00 entrada general y S/.10.00 extranjeros.
Libre,El Ingreso es libre; la presentación de los tickets es para saber cuantas personas ingresan.
Libre,
Libre,
NA,NA
Libre,
NA,NA
Libre,
Libre,
NA,NA
Libre,
Libre,
Libre,
Libre,
Libre,
"Previa presentación de boleto o ticket(especificar tarifa:niños, adultos, estudiantes, etc)",Adulto: 5.00 soles y Niño 3.00 soles
Libre,
NA,NA
NA,NA
Semi-restringido(previo permiso),"Coordinar con el Presidente de la Comunidad; cel: 910385301, Felipe Zaira"
NA,NA
Semi-restringido(previo permiso),Solicitar Permiso al encargado de llaves
Libre,
"Previa presentación de boleto o ticket(especificar tarifa:niños, adultos, estudiantes, etc)",Adulto Extranjero S/. 30.00 soles Niño Extranjero 15.00 soles Adulto Nacional S/. 15.00 soles Niño Nacional S/. 7.50 soles
Libre,En el Caserío Faique Quemado hay guías voluntarios que te acompañan en el recorrido.
"Previa presentación de boleto o ticket(especificar tarifa:niños, adultos, estudiantes, etc)",Adulto Nacional S/. 3.00 soles Adulto Extranjero S/. 5.00 soles Niño nacional o extranjero S/. 2.00 soles
"Previa presentación de boleto o ticket(especificar tarifa:niños, adultos, estudiantes, etc)",Visita Extranjeros S/. 10.00 Nacionales S/. 5.00 Locales S/. Gratuito previa presentación del DNI
Libre,
Libre,
Libre,
Libre,
Libre,
NA,NA
Libre,
NA,NA
Libre,
NA,NA
Libre,En la época seca (de mayo a setiembre) es propicia
Libre,
Libre,
Libre,
Libre,
Libre,
Libre,
Libre,
Libre,
"Previa presentación de boleto o ticket(especificar tarifa:niños, adultos, estudiantes, etc)","Tina: S/. 1.50, Piscina: S/.1.00, Socavón: S/.1.50."
Libre,
Semi-restringido(previo permiso),previo permiso por la comunidad de Colpa.
Libre,
Libre,
Otros (especificar),El precio de ingreso en general es S/ 20.00 nuevos
Semi-restringido(previo permiso),El ingreso es previa coordinación con el presidente de la Comunidad.
Libre,
Libre,
Libre,
Libre,"Se debe ingresar a la Universidad, ya que la sala de interpretación se encuentra en el interior."
Libre,
NA,NA
Libre,
Libre,
NA,NA
Libre,
Libre,
NA,NA
Libre,
NA,NA
NA,NA
NA,NA
NA,NA
NA,NA
NA,NA
NA,NA
NA,NA
NA,NA
NA,NA
NA,NA
NA,NA
Libre,
Libre,
Libre,
Libre,
Libre,
NA,NA
Libre,
Libre,"Se paga un derecho por ingresar a la comunidad, a la Asociación para el turismo comunitario. En la comunidad también pueden observar Victoria Regia y variedad de flora y fauna"
Libre,"El acceso a la comunidad es libre. Sin embargo, existe la costumbre de que el visitante deje un aporte económico voluntario ."
Libre,
Libre,
Libre,El acceso a la comunidad es libre
Libre,El acceso a la comunidad es libre
Libre,
Libre,El acceso a la isla y a la comunidad es libre
Libre,El acceso a la comunidad es libre
NA,NA
Libre,
Semi-restringido(previo permiso),Previa coordinación con el Presidente de la Comisión de Turismo de la Comunidad campesina de Huacho. Sr. Nestor Evangelista Beteta . Cel: 992654153
Libre,
"Previa presentación de boleto o ticket(especificar tarifa:niños, adultos, estudiantes, etc)","Tarifario extranjero S/ 20.00 ruta corta, S/. 40 ruta larga, Tarifario Nacional S/10.00 ruta corta, S/. 20 ruta Larga y Tarifario Local S/ 5.00 ruta corta, S/. 10 ruta Larga."
Libre,
NA,NA
Semi-restringido(previo permiso),"olicitar autorización con documento por mesa de partes virtual: https://sisgedo3.regionlambayeque.gob.pe/mpartes_virtual/?pass=Mg==, o por email a: grrn@regionlambyeque.gob.pe, a G.R. RR.NN."
Libre,
Libre,
Libre,
Libre,
Libre,
Libre,
Libre,
"Previa presentación de boleto o ticket(especificar tarifa:niños, adultos, estudiantes, etc)",Adulto: S/. 2.00 Ingreso libre para niños
Libre,
Libre,
Libre,
Semi-restringido(previo permiso),Se solicita permiso al jefe de la Reserva Comunal Purús para ingresar al área protegida a través de una carta de solicitud.
Libre,
Libre,
Libre,
Semi-restringido(previo permiso),Se debe coordinar con los administradores de la Comunidad. Celular de Oficina 965492024.
Semi-restringido(previo permiso),Se permite la visita previa coordinacion con los administradores de la Comunidad Nativa De Kotsimba Cel:965492024
Libre,
Libre,"No existe ninguna restricción, es un lugar de paso a otros distritos de la provincia de San Marcos."
Semi-restringido(previo permiso),"Comunicarse con el presidente de la Comunidad Nativa Kotsimba, Plinio Pilco 961490606 o con el gerente Jorge Isaac 984324080."
NA,NA
"Previa presentación de boleto o ticket(especificar tarifa:niños, adultos, estudiantes, etc)",Niños y Estudiantes s/. 2.50; Adultos s/. 3.00
NA,NA
"Previa presentación de boleto o ticket(especificar tarifa:niños, adultos, estudiantes, etc)",Adultos S/ 5.00 - Niños S/ 3.00
"Previa presentación de boleto o ticket(especificar tarifa:niños, adultos, estudiantes, etc)",Adulto: S/ 3.00 Niño : S/ 2.00 Estudiante: S/ 3.00
"Previa presentación de boleto o ticket(especificar tarifa:niños, adultos, estudiantes, etc)",Adulto: S/ 5.00 Niño y/o escolar: S/3.00 Universitario: S/ 3.00
"Previa presentación de boleto o ticket(especificar tarifa:niños, adultos, estudiantes, etc)","10 soles de entrada general, se paga a a la comunidad"
Libre,"El ingreso al mirador es libre, a pesar de que la collpa está dentro de la propiedad de CREES Manu S.A.C."
NA,NA
"Previa presentación de boleto o ticket(especificar tarifa:niños, adultos, estudiantes, etc)",EXTRANJEROS S/ 30.00 NACIONALES S/ 20.00 NIÑOS S/.5.00 ESTUDIANTES S/.10.00
Libre,Los visitantes pueden acceder por los senderos y grutas de manera libre. Se recomienda solicitar el acompañamiento de un orientador local.
"Previa presentación de boleto o ticket(especificar tarifa:niños, adultos, estudiantes, etc)",Costo de ingreso: Niños S/ 5.00 y Adultos S/ 10.00
Libre,
Semi-restringido(previo permiso),"Reserva con 24 horas de anticipación. Contactar a los teléfonos: 964350635 / 917416552). El servicio incluye: ingreso, alimentación, recorrido por el bosque y souvenir. Costo: S/ 230.00 por dos pax."
"Previa presentación de boleto o ticket(especificar tarifa:niños, adultos, estudiantes, etc)",Tarifario de ingreso: - General S/. 5.00 - Guiado de recorrido corto: S/10.00 - Guiado de recorrido completo + refrigerio S/ 20.00
NA,NA
NA,NA
Semi-restringido(previo permiso),Previa autorización del párroco del Templo de Paccareqtambo. Comunicarse con el Arzobispado de Cusco. Tel.084-225211 Anexo 112.
NA,NA
Libre,
Otros (especificar),"Para el mantenimiento y cuidado del sitio, El Comité Ventanillas de Bellavista, hace un cobro diferencial para niños s/. 1.00, adultos s/.3,00."
Libre,
Libre,
NA,NA
Libre,
"Previa presentación de boleto o ticket(especificar tarifa:niños, adultos, estudiantes, etc)",Tarifas : Precio Nacionales: s/25.00 Precio Extranjeros: s/50.00 Presidente de turismo Sr. Teodocio Espinoza teléfono: 939718120
"Previa presentación de boleto o ticket(especificar tarifa:niños, adultos, estudiantes, etc)",Tarifas: - Niños menores de 10 años no pagan - Nacionales S/. 15.00 - Extranjeros S/. 30.00 Sr. Paúl León Cueva 928844886
"Previa presentación de boleto o ticket(especificar tarifa:niños, adultos, estudiantes, etc)","Tarifas: - Niños menores de 10 años no pagan - Nacionales S/. 15.00 - Extranjeros S/. 30.00 Sr. Paúl León Cueva 928844886, Comunero de la Comunidad campesina de Uramasa"
"Previa presentación de boleto o ticket(especificar tarifa:niños, adultos, estudiantes, etc)",Tarifas: - Niños menores de 10 años no pagan - Nacionales S/. 15.00 - Extranjeros S/. 30.00
"Previa presentación de boleto o ticket(especificar tarifa:niños, adultos, estudiantes, etc)","Entrada General: S/. 4; Niños, escolares, estudiantes de nivel superior, adultos mayores y personas con discapacidad inscritas en CONADIS: S/. 2. El ingreso a la Galería Limaq y Biblioteca es libre"
Semi-restringido(previo permiso),"Las reservas deben realizarse directamente con el administrador, señor Demetrio Villavicencio, al teléfono 984189163."
"Previa presentación de boleto o ticket(especificar tarifa:niños, adultos, estudiantes, etc)","General: S/10.00 - Reducida: S/5.00, menores de edad, adultos mayores, Conadis, estudiantes de nivel superior - Grupos (50 estudiantes): S/ 4.00- Gratuito: Lic. en turismo, G.O.T. y docentes"
Libre,
"Previa presentación de boleto o ticket(especificar tarifa:niños, adultos, estudiantes, etc)",Costo de aporte por ingreso: S/ 7.00 (Personas de 8 años a más)
Semi-restringido(previo permiso),"Los visitantes reservan su ingreso previa coordinación con la oficina de turismo de la Municipalidad distrital de Soritor, al teléfono: 042-557459"
"Previa presentación de boleto o ticket(especificar tarifa:niños, adultos, estudiantes, etc)",Tarifa diferenciada Visitante Local 1.00 sol Visitante Nacional 2.00 soles Visitante Extranjero 5.00 soles Los boletos de ingreso se adquieren en la oficina de rentas de la municipalidad Tupac Amaru
NA,NA
NA,NA
NA,NA
NA,NA
Libre,
"Previa presentación de boleto o ticket(especificar tarifa:niños, adultos, estudiantes, etc)",-Adultos: S/. 15 -Niños (5-12 años): S/. 10 -Adultos mayores de 60: S/. 10
Libre,Telf. (01)6266608
NA,NA
Libre,
Libre,"Los terrenos donde están situadas las ruinas arqueológicas de Churajon pertenecen a la comunidad campesina de Polobaya, sin embargo, estás fueron concedidas bajo concesión a la municipalidad distrital"
Libre#Semi-restringido(previo permiso),Para visitantes que no requieran acompañamiento y sean grupos menores de 5 personas#Para grupos de 5 personas a más contactar con la Gerencia de Recursos Naturales y del Medio Ambiente del Gobierno Regional de Callao 206-0430/201-4411 anexos 292–272 ó a humedalesdeventanilla@yahoo.es
Semi-restringido(previo permiso),Extranjeros: 40 soles; Nacionales: 30 soles Regionales 20 soles; Niños menores de 12 años pagan la mitad de la tarifa de regionales.
"Previa presentación de boleto o ticket(especificar tarifa:niños, adultos, estudiantes, etc)",Tarifario: Nacionales = 2 soles Extranjeros = 5 soles Locales : ingreso Libre
Libre,
"Previa presentación de boleto o ticket(especificar tarifa:niños, adultos, estudiantes, etc)","Compra de ticket en boletería, entrada general s/. 1.00"
Semi-restringido(previo permiso),Ingreso a bebederos de colibríes...S/30.00 Ingreso a comederos antpittas...S/30.00 Ingreso a trocha de Lechucita bigotona...S/120 Previa coordinación con el propietario Carlos Calle al cel: 995090370
Libre,"Para ingresar al área específica de avistamiento de aves, se realiza un pago de 20 soles (tarifa general por persona)."
Libre,Se recomienda llevar DNI o carnet de extranjería para su ingreso.
Libre,
Semi-restringido(previo permiso),Número a coordinar 961528896 - E-mail: jannyvilla2@hotmail.com pishcotavsh2017@hotmail.com
Libre,
Semi-restringido(previo permiso),"Ingreso previa coordinacion con Silverio Trejo,presidente de la Asociacion (cel 971979544)"
NA,NA
NA,NA
"Previa presentación de boleto o ticket(especificar tarifa:niños, adultos, estudiantes, etc)",Tarifa general: S/5.00
Libre,Visita con previa reserva al correo : rmmendoza@cultura.gob.pe
Libre,Solo deberá registrarse al ingreso.
NA,NA
Semi-restringido(previo permiso),"Sábados, domingos y feriados de 12:00m a 05:00 pm. Para visitas días de semana, previa reserva al número de wsp 972446412, administración del restaurante campestre ""Don Torcuato""."
Libre,
Libre,
Libre,
Libre,
Libre,
Libre,
Libre,
Libre,
NA,NA
"Previa presentación de boleto o ticket(especificar tarifa:niños, adultos, estudiantes, etc)",Nacional: Adulto s/15.00 Niños s/. 8.00 Internacional: Adultos s/.30.00 Niños s/. 15.00 Para el Circuito de Balsa el costo general es de s/. 5.00
Libre,
Libre,
"Previa presentación de boleto o ticket(especificar tarifa:niños, adultos, estudiantes, etc)","La tarifa de ingreso es de 15 soles para extranjeros, 10 soles para visitantes nacionales, 5 soles para ciudadanos cusqueños y 2 soles para residentes locales."
Libre,
"Previa presentación de boleto o ticket(especificar tarifa:niños, adultos, estudiantes, etc)","El ingreso es de S/2.00 para visitantes locales, S/ 3.00 para visitantes nacionales y extranjeros"
Semi-restringido(previo permiso),Previa reserva a través de la página web http://www.acca.org.pe/visite-nuestras-estaciones/turistas/ o al número telefónico (084) 222-329 Tarifas de acomodación: -Cabaña Turística-SWB: Extranjeros USD
Semi-restringido(previo permiso),"Números de contacto: 993291964, 941902643. E-mail: ASOCONPREBIOCHA@gmail.com"
Semi-restringido(previo permiso),"El ingreso a la Catarata Gallito de las Rocas no tiene costo alguno, pero se necesita una previa coordinación con el administrador del Fundo Mesapata el señor Samuel Rondan Pérez. Celular: 951436376."
Semi-restringido(previo permiso),El ingreso a la Catarata de las Orquídeas es libre; pero se necesita una previa coordinación con el administrador del Fundo Mesapata el señor Samuel Rondan Pérez. Celular: 951436376.
Semi-restringido(previo permiso),El ingreso a la Catarata Puente de las Sirenas es previa coordinación con el administrador del Fundo Mesapata el señor Samuel Rondan Pérez. Celular: 951436376.
Semi-restringido(previo permiso),Previo aviso con 24 horas de anticipación al Comité de Turismo y Vigilancia Urkuchaki al 931298398 o 972829915. Entrada General S/ 5.00
"Previa presentación de boleto o ticket(especificar tarifa:niños, adultos, estudiantes, etc)","Entrada General: Niños y adultos: S/ 20 soles (Incluye: Botas, guantes, casco, luminaria y acompañamiento de líder de aventura)"
Libre,
Libre,
Libre,
Libre,
Libre,
Libre,
NA,NA
"Previa presentación de boleto o ticket(especificar tarifa:niños, adultos, estudiantes, etc)",El costo para adultos es de S/ 15.00 soles y niños de S/ 10.00 soles.
NA,NA
Libre,
Libre,
Libre,
NA,NA
Libre,
"Previa presentación de boleto o ticket(especificar tarifa:niños, adultos, estudiantes, etc)",Adultos S/ 10.00 - Estudiantes S/ 5.00 - Niños S/ 5.00
NA,NA
Libre,
Libre,
Libre,
"Previa presentación de boleto o ticket(especificar tarifa:niños, adultos, estudiantes, etc)",Adultos s/. 10.00 soles Estudiantes s/. 5.00 soles Niños s/. 5.00 soles
"Previa presentación de boleto o ticket(especificar tarifa:niños, adultos, estudiantes, etc)",Adultos S/. 10.00 soles Estudiantes S/. 5.00 soles Niños S/. 5.00 soles
Libre,
"Previa presentación de boleto o ticket(especificar tarifa:niños, adultos, estudiantes, etc)",Adultos S/. 10.00 soles Estudiantes S/. 5.00 soles Niños S/. 5.00 soles
Libre,
Libre,
Libre,
NA,NA
Semi-restringido(previo permiso),"Previa coordinación de la Zona Arqueológica de Caral. Sr. Alan Ríos , Celular : 998730334"
"Previa presentación de boleto o ticket(especificar tarifa:niños, adultos, estudiantes, etc)",Niño : S/ 2.00 Adulto: S/ 5.00 Estudiantes: S/ 3.00
"Previa presentación de boleto o ticket(especificar tarifa:niños, adultos, estudiantes, etc)",Previa coordinación con el propietario Elmer Chuque al contacto 935134151 y presentación de boleto o ticket Tarifa niños estudiantes: S/ 5.00 Tarifa adultos: S/30.00
Libre,
Libre,
Libre,Se debe contratar un orientador local para que realice el guiado.
Libre,
Semi-restringido(previo permiso),Los operadores de turismo deben solicitar autorización de ingreso a la Jefatura del PNRA. (Teléfonos: 042 545781 / 968218425)
Libre,
Libre,
Libre,
"Previa presentación de boleto o ticket(especificar tarifa:niños, adultos, estudiantes, etc)","El boleto se adquiere en la oficina de información turística de la Asociación, frente a la plaza principal. El costo es como se detalla: Adultos: S/ 8.00 Estudiantes: S/ 5.00 Niños: S/ 2.00"
"Previa presentación de boleto o ticket(especificar tarifa:niños, adultos, estudiantes, etc)",Niños: 1 sol. Adultos y estudiantes: 2 soles
Libre,
NA,NA
Semi-restringido(previo permiso),"Contactar con: Padre Alberto Saavedra Berrú, Superior del convento. CEL. 942218456"
NA,NA
Libre,Se recomienda coordinar las visitas al lugar con la Unidad de Desarrollo Turístico y Económico de la Municipalidad Distrital de Razuri.
NA,NA
NA,NA
Semi-restringido(previo permiso),"Contactar con: Padre Alberto Saavedra Berrú, Superior del convento. CEL. 942218456"
NA,NA
NA,NA
"Previa presentación de boleto o ticket(especificar tarifa:niños, adultos, estudiantes, etc)",Adultos: S/. 8.00. Niños de 3 a 10 años y Adulto Mayor: S/ 4.00 (niños menores de 3 años no pagan).
NA,NA
Libre,
Libre,
Libre,
Libre,
Libre,
Libre,
"Previa presentación de boleto o ticket(especificar tarifa:niños, adultos, estudiantes, etc)","tarifa: niños s/. 6.00, adultos s/.10.00. Las visitas son con previa reserva, para ello se debe contactar al 917849017."
Libre,
NA,NA
Libre,
Libre,Se requiere hacer coordinaciones con la administración para realizar el paseo en bote
Semi-restringido(previo permiso),"Recomendable pedir permiso a los propietarios- usualmente están en el mismo ,lugar."
Libre,
Libre,
Libre,De 12a.m.-12 a.m.
"Previa presentación de boleto o ticket(especificar tarifa:niños, adultos, estudiantes, etc)",Costo general S/5.00 soles.
Libre,
Libre,
Libre,
Libre,
NA,NA
Libre,
"Previa presentación de boleto o ticket(especificar tarifa:niños, adultos, estudiantes, etc)","15 Nuevos soles-adultos. 10 Nuevos soles-niño, adultos mayores y personas con discapacidad."
NA,NA
Semi-restringido(previo permiso),Solicitar el ingreso para visitar en Mesa de Partes de la misma oficina de la Dirección Desconcentrada de Moquegua o llamar al (053) 461691
Libre,
"Previa presentación de boleto o ticket(especificar tarifa:niños, adultos, estudiantes, etc)",el costo de ingreso general es de S/5.00 sujeto a modificación
Semi-restringido(previo permiso),"Se puede visitar la parte exterior del templo y previo permiso el ingreso hacia el interior del templo, coordinando con el presidente Sr. Samuel Ccora cel. 995954973"
Libre,
Libre,
"Previa presentación de boleto o ticket(especificar tarifa:niños, adultos, estudiantes, etc)","Adultos: S/. 2.50, Niños: S/. 1.00, Estud. Sup.: S/. 2.00. Tarifa Espec. Adulto mayor y PCD. S/. 1.30. Ingreso libre, según Ley N°30599 Proyecto ""Museos Abiertos"" cada 1er domingo de mes, todo el año."
Semi-restringido(previo permiso),"Previa autorización: Jefatura Santuario Nacional Pampa Hermosa SERNANP. Gratuito, gestionar con 24 horas de anticipación. Teléf. celular: 95675653. Email: azambrano@sernanp.gob.pe"
"Previa presentación de boleto o ticket(especificar tarifa:niños, adultos, estudiantes, etc)","tarifa: niños a partir de 7 años s/. 5.00, adultos s/.10.00."
Libre,
Libre,
Libre,
Libre,
"Previa presentación de boleto o ticket(especificar tarifa:niños, adultos, estudiantes, etc)","Niños/as: S/ 5. 00, Adultos/as: S/ 10. 00, personas con discapacidad están exoneradas del costo."
"Previa presentación de boleto o ticket(especificar tarifa:niños, adultos, estudiantes, etc)",Entrada: nacionales (S/. 25.00 adultos) (S/.10.00 niños) – extranjeros (S/.30.00 adultos) (S/.20.00 niños)
"Libre#Previa presentación de boleto o ticket(especificar tarifa:niños, adultos, estudiantes, etc)","Para los lugareños de lo zona.#Al estar incluida en el circuito Valle del Colca, se paga un boleto turístico. Extranjeros S/.70.00 - Sudamericano S/. 40.00 - Nacionales S/. 20.00 - Estudiantes S/. 5.00 - Adulto Mayor S/. 5.00"
"Previa presentación de boleto o ticket(especificar tarifa:niños, adultos, estudiantes, etc)","Tarifa general S/ 5.00 Tarifa estudiante S/ 2.00 Tarifa menores de edad S/ 1.00 Tarifa especial 50% de la tarifa general (Adulta mayor, servicio militar, profesores, personas con discapacidad)"
Libre,
Libre,
"Previa presentación de boleto o ticket(especificar tarifa:niños, adultos, estudiantes, etc)","Niño local S/. 3.00, Adulto local S/. 3.00, Niño foráneo S/. 5.00, Adulto foráneo S/. 5.00. Playa de estacionamiento: Moto S/. 1.00, Carro S/. 3.00"
"Previa presentación de boleto o ticket(especificar tarifa:niños, adultos, estudiantes, etc)",Boleto Internacional S/8.00 Boleto Nacional S/ 5.00 Boleto Regional S/ 3.00 Boleto provincial S/ 2.00 -Niños menores de 5 años no pagan -Estudiantes pagan la mitad
Libre,
NA,NA
Libre,
Libre,
NA,NA
Libre,
Libre,
NA,NA
Libre,
Libre,
Libre,
Libre,
"Previa presentación de boleto o ticket(especificar tarifa:niños, adultos, estudiantes, etc)","Adultos S/.2 , Niño y/o escolar S/. 1"
Libre,
NA,NA
NA,NA
NA,NA
NA,NA
NA,NA
NA,NA
Libre,
Libre,
Libre,De 07:00 am - 10:00 pm.
Libre,
Semi-restringido(previo permiso),"El ingreso se realiza con reserva a los teléfonos y correo siguiente:01-4621195 - 981349230, ventas@finca314.com. El precio por persona es de S/.60. incluye la visita a la bodega y una cata de pisco."
NA,NA
Semi-restringido(previo permiso),Se coordina previamente con el presidente de PROTEMPLO del distrito para el permiso. N° de contacto : 943204199
Libre,
Libre,
NA,NA
NA,NA
NA,NA
Libre,No es permitido subir al petroglifo
Libre,
Libre,
Libre,De 8.30 a.m-4.30 pm.
"Previa presentación de boleto o ticket(especificar tarifa:niños, adultos, estudiantes, etc)",Tarifa Unica: S/.5.00 soles
NA,NA
NA,NA
Libre,
NA,NA
NA,NA
NA,NA
NA,NA
Libre,"Actualmente se visita la Laguna de Piàs y luego la zona del Sitio , donde estan los restaurantes campestres y centros recreativos , en todos los lugares la entrada es libre."
NA,NA
NA,NA
NA,NA
NA,NA
NA,NA
Libre,
NA,NA
NA,NA
NA,NA
NA,NA
NA,NA
"Previa presentación de boleto o ticket(especificar tarifa:niños, adultos, estudiantes, etc)","1 hora S/. 5.00 por persona Reservaciones de servicios de alojamiento, restaurante, baños termales y otras actividades al número +51 927398035"
"Previa presentación de boleto o ticket(especificar tarifa:niños, adultos, estudiantes, etc)",S/.2.00 tarifa por niño o adulto.
Libre,
NA,NA
NA,NA
NA,NA
NA,NA
"Previa presentación de boleto o ticket(especificar tarifa:niños, adultos, estudiantes, etc)",Pago por concepto de tour en fundo S/ 10.00 adultos y S/ 5.00 niños Ticket se adquiere en el establecimiento de vinos Don Manuelito. A cargo de Franco Iglesias Celular: 968746774
NA,NA
NA,NA
NA,NA
NA,NA
NA,NA
NA,NA
NA,NA
NA,NA
NA,NA
NA,NA
NA,NA
NA,NA
NA,NA
NA,NA
NA,NA
NA,NA
NA,NA
Libre,
Libre,"De lunes a domingo, comunicar a los pobladores de Casire que su visita es por motivos de turismo."
NA,NA
NA,NA
NA,NA
NA,NA
NA,NA
NA,NA
NA,NA
NA,NA
NA,NA
NA,NA
NA,NA
NA,NA
NA,NA
NA,NA
NA,NA
"Previa presentación de boleto o ticket(especificar tarifa:niños, adultos, estudiantes, etc)","Precio general adultos, niños S/1.00"
NA,NA
"Previa presentación de boleto o ticket(especificar tarifa:niños, adultos, estudiantes, etc)","2 soles adultos, 1 sol niños"
NA,NA
NA,NA
Libre,
Libre,
Libre,"En caso que no se tenga conocimiento previo de la zona, se recomienda contactar un guía u orientador local en la ciudad de Jauja o en los distritos de Sausa y Yauyos."
"Previa presentación de boleto o ticket(especificar tarifa:niños, adultos, estudiantes, etc)",Se realiza un pago para acceder a los recursos turísticos de S/. 10.00 nuevos soles.
Libre,
Libre,
Libre,
Semi-restringido(previo permiso),"Se coordina con el área de Turismo de Tomas, Sr. Oscar Herrera , Celular : 956009110."
Libre,
NA,NA
Libre,
Libre,
Semi-restringido(previo permiso),"Para ingresar, se coordina previamente con la Dirección de la RNSIIPG Zona Sur a través del número de celular: +51 968 218 652"
Libre,
"Previa presentación de boleto o ticket(especificar tarifa:niños, adultos, estudiantes, etc)",Niños: 1.50 Adultos: 2.00
Libre,
Libre,
NA,NA
Libre,
NA,NA
"Previa presentación de boleto o ticket(especificar tarifa:niños, adultos, estudiantes, etc)",Niños: S/.3.00 (Mayores de 5 años) Adultos: S/. 5.00 (Mayores de 18 años)
Semi-restringido(previo permiso),Ingreso libre previa coordinación con los siguientes contactos: -Maria Romero Tamara celular 940944394 -Jilver Antonio Espinoza celular 943501885
NA,NA
Libre,
NA,NA
Libre,El ingreso el libre.
Libre,De 7.30 a.m-4.30 p.m.
Libre,Es libre durante todo el día. (6 a.m a 6.pm
Libre,10 am-5p.m.
Libre,De 10 a.m.-5 p.m.
Libre,
NA,NA
Semi-restringido(previo permiso),"Se coordina con el área de turismo de Tanta, Margarita Montes 938489983."
Otros (especificar),"Se realiza un pago voluntario, que se justifica para realizar la limpieza de maleza y mantenimiento del sendero que conduce a la Catarata"
Libre,Horario de 9 a.m.-4 p.m.
Semi-restringido(previo permiso),Contacto Sr. Henry Chía al celular:956793284 Ingreso: Entrada General S/.10.00
Libre,
Libre,
NA,NA
Libre,
NA,NA
Libre,8.00a.m.-5.00 p.m.
Libre,Se pasa por cafetales de los lugareños del sector.
Libre,
Libre,
NA,NA
Libre,
Libre,
Libre,
Libre,
Libre,
NA,NA
Libre,
Libre,
Libre,
Libre,
Libre,
"Previa presentación de boleto o ticket(especificar tarifa:niños, adultos, estudiantes, etc)","Tarifa: 2 soles niños, 3 soles adultos, 1 sol estudiantes)"
Libre,
Semi-restringido(previo permiso),"Se accede con autorización y guía local de la comunidad de Tres Ríos, mediante la asociación de turismo al número +51 968 311 013. Para evitar inconvenientes y tener una mejor experiencia del lugar."
NA,NA
NA,NA
NA,NA
NA,NA
NA,NA
NA,NA
NA,NA
Libre,Es zona pública
Libre,
Libre,
NA,NA
Libre,
NA,NA
Libre,
Libre,
NA,NA
Libre,
"Previa presentación de boleto o ticket(especificar tarifa:niños, adultos, estudiantes, etc)",Entrada general S/ 2.00
NA,NA
Libre,
Semi-restringido(previo permiso),Previo permiso del presidente de la Comunidadad de Lambani (Sr. Benigno Condori Hualla DNI 45627995 ) al celular 988110211
NA,NA
"Previa presentación de boleto o ticket(especificar tarifa:niños, adultos, estudiantes, etc)",-Adultos: S/. 6.00 -Estudiantes de educación superior: S/. 3.00 -Escolares y niños: S/. 1.00
Libre,
Libre,
"Previa presentación de boleto o ticket(especificar tarifa:niños, adultos, estudiantes, etc)",Adultos (Nacionales y Extranjeros) S/.3.00 y Estudiantes y Niños S/.1.00.
Libre#Semi-restringido(previo permiso),De lunes a viernes de 8:00 am a 3:00 pm y los sábados de 8:00 am a 1:00 pm#En otro horario comunicarse al número de secretaría 980768397.
NA,NA
NA,NA
Libre,
Libre,
Semi-restringido(previo permiso),"Para visitar el lugar, se solicita el permiso con el sr Víctor Alva, personal permanente de la bodega La Penta. El número de contacto es 958579748."
Libre,
Semi-restringido(previo permiso),"Permiso en Secretaria de Municipalidad del C.P. La Viña, Sr Jelmy Parrago 974672674 jelmyyner@gmail.com, o área de turismo de Municipalidad de Jayanca Uber Távara: 913009029) -flacotavara@gmail.com"
Libre,
Libre,
Libre,
Libre,
Libre,
Libre,
Libre,
Semi-restringido(previo permiso),El permiso es de forma verbal con el propietario quien vive en la misma Casa Hacienda.
NA,NA
Semi-restringido(previo permiso),El ingreso a la Catarata Kanevariato es previa coordinación con la señorita Shirley Larissa Loayza Yuri (Presidenta de la Asociación de Turismo Pokatsirira). Celular: 920579639.
Semi-restringido(previo permiso),"Enviar una solicitud de visita con 10 días de anticipación al Blgo. Elbert Zavaleta Zavaleta, Jefe del Santuario Nacional de Calipuy (ezavaleta@sernanp.gob.pe) o contactar a través de la página de FB."
Libre,La Iglesia permanece abierta de 9 am a 7 pm de Lunes a Domingo
Semi-restringido(previo permiso),"El propietario de la casa hacienda permanece en sus instalaciones. Por lo cual, al llegar se solicita el permiso de ingreso."
Libre,
Libre,
Semi-restringido(previo permiso),"Contacto: Sra. Flor de María Mejía de Zenteno, cel.999106968."
"Previa presentación de boleto o ticket(especificar tarifa:niños, adultos, estudiantes, etc)",extranjero:15 soles / Nacional:10 soles (ingreso con cordinacion del presidente comunal VICTORIANO CHINO 961887766)
NA,NA
NA,NA
NA,NA
Libre,"Está ubicada en la carretera, entrando a la ciudad de Santiago de Chuco"
Libre,
Libre,Contacto: Bárbara Távara o Abel Adrián Santisteban al 992658117.
Libre,
"Previa presentación de boleto o ticket(especificar tarifa:niños, adultos, estudiantes, etc)",Costo general 5 soles.
Libre,Lunes a viernes 4 pm - 8 pm Sábado 4:00 pm a 6:00 pm
Libre,
Otros (especificar),Previa coordinación con el propietario o administrador de la bodega y agencias de viajes.
Libre,"Llevar zapatillas de caminata, bastón, sombrero, protectos solar, vinoculares, ropa abrigadora."
Libre,
Libre,
NA,NA
NA,NA
NA,NA
NA,NA
NA,NA
NA,NA
Libre,"Llevar ropa abrigadora, corta viento, zapatillas de caminata, sombrero, lentes de sol, vinoculares."
Libre,
NA,NA
NA,NA
NA,NA
Libre,"Llevar ropa abrigadora, casaca cortaviento, gorra o sombrero, zapatillas de caminata, bloqueador, pastilla contra el mal de altura, agua embotellada, bolsas para el retorno de los residuos que genere."
Semi-restringido(previo permiso),coordinar la visita al 950807128 - 966883510
Libre,"Personas con buen estado físico. Llevar ropa de baño, bloqueador, pastilla para mal de altura, ropa abrigadora."
NA,NA
Libre,
Libre,
Libre,
Libre,
Otros (especificar),Previa coordinación con el propietario o administrador de la bodega y agencias de viajes.
NA,NA
NA,NA
"Previa presentación de boleto o ticket(especificar tarifa:niños, adultos, estudiantes, etc)","Tarifa General Adultos S/. 5.00 soles, Niños S/. 4.00 soles"
Semi-restringido(previo permiso),Previo pago de boleto. Por persona s/.3.00. Comunicarse con al 931571994 - Martin Julcamoro Cueva o 991441214 Wilmer Julcamoro Salcedo.
NA,NA
NA,NA
Libre,
Libre,
Libre,
Libre,
Libre,No cuenta con boleto de ingreso
"Previa presentación de boleto o ticket(especificar tarifa:niños, adultos, estudiantes, etc)",Niños S/. 5.00 Adultos S/. 10.00
"Previa presentación de boleto o ticket(especificar tarifa:niños, adultos, estudiantes, etc)",Adulto: S/.10.00 soles Estudiantes: S/5.00 soles
Semi-restringido(previo permiso),El ingreso al Centro de Interpretación del Café es previa coordinación con el señor Paul Román Figueroa (Administrador) ;Celular: 984777450.
Libre,
Libre,El ingreso a la Collpa de Loros Chahuares es libre.
Libre,El ingreso al mirador es libre
Libre,El mirador natural se encuentra al lado de la carretera
Semi-restringido(previo permiso),El ingreso a la Catarata Campanayoc es previa coordinación con el administrador del Fundo Mesapata el señor Samuel Rondan Pérez. Celular: 951436376.
Libre,El ingreso a la Catarata Subia es libre.
Libre,
Semi-restringido(previo permiso),El ingreso a la Comunidad Nativa de Poyentimari es previa autorización del Jefe de la Comunidad el Señor José Alberto Kaibi Omenki. Celular: 995436302.
Semi-restringido(previo permiso),El ingreso es previa autorización de la Jefatura del Santuario Nacional Megantoni. Teléfono: 084-281961
Libre,
Semi-restringido(previo permiso),Para el acceso al recurso turístico se debe solicitar una autorización de ingreso a la Jefatura del Santuario Nacional Megantoni. Tlf: (51)(084) - 281961 Email:vramirez@sernanp.gob.pe
Libre,No existe regularización alguna
Libre,
"Previa presentación de boleto o ticket(especificar tarifa:niños, adultos, estudiantes, etc)",Costo por persona S/ 1.00
"Previa presentación de boleto o ticket(especificar tarifa:niños, adultos, estudiantes, etc)","Tarifa Nacional y Extranjero Adultos: S/. 5.00, Menores: S/. 3.00, Tarifa Social: Dos menores por S/. 3.00"
Libre,
Libre,
"Previa presentación de boleto o ticket(especificar tarifa:niños, adultos, estudiantes, etc)",General: Lunes a sábado: S/ 3 Domingo y feriados: S/ 4 Niños de 5 a 12 años: S/ 1 Ingreso gratuito – Niños hasta los 4 años – Adultos mayores – Personas con discapacidad (presentando carné Conadis)
Libre,
NA,NA
Libre,
Libre,
Libre,
Libre,
Libre,
Semi-restringido(previo permiso),Previa coordinación con los propietarios al telf. 942980820
Libre,
Semi-restringido(previo permiso),"Los visitantes pueden acceder con orientación del equipo de turismo de Selva Alegre liderada por el presidente de la junta vecinal, sr. Santos Domingo Flores Humbo al celular 944607760."
"Previa presentación de boleto o ticket(especificar tarifa:niños, adultos, estudiantes, etc)",Tarifa Nacional y Extranjero Adultos: S/. 11.00 - Menores: S/ 3.00. TARIFA LOCAL – REGIÓN ICA: Adultos: S/. 5.00 - Menores: S/. 3.00 TARIFA SOCIAL – MENORES; Dos menores por S/. 3.00.
Libre,
Libre,
NA,NA
Libre,
Libre,
Libre,
Semi-restringido(previo permiso),"Para ingresar al establecimiento se deberá pedir permiso a la Administración de la Cooperativa, al Cel. 940784347"
NA,NA
"Previa presentación de boleto o ticket(especificar tarifa:niños, adultos, estudiantes, etc)","- Tarifa General: s/ 2.00. - Niños menores de 12 años, adulto mayor y Tomayquichuinos no pagan."
Semi-restringido(previo permiso),Previa Presentación de su Documento de Identidad
NA,NA
NA,NA
NA,NA
Libre,"El ingreso al recurso es libre, no amérita ningún pago, sólo se cobra cuando se realiza algún evento."
Libre,Lunes - Domingo
Libre,
NA,NA
Libre,
Libre,
Semi-restringido(previo permiso),El ingreso a la Piedra de la Cosmovisión Andino Amazónica es previa coordinación con la señorita Shirley Larissa Loayza Yuri (Presidenta de la Asociación de Turismo Pokatsirira). Celular: 920579639.
Libre,
Semi-restringido(previo permiso),Previa coordinación con la Municipalidad Distrital de Omate.
Libre,
Libre,
NA,NA
Libre,
Libre,
NA,NA
Libre,
"Previa presentación de boleto o ticket(especificar tarifa:niños, adultos, estudiantes, etc)","El costo del ticket de ingreso es: s/. 5.00 para turistas y S/.10.00 para maestros curanderos, menores de edad no pagan."
Libre,
Libre,
NA,NA
Libre,
Libre,
Semi-restringido(previo permiso),"Solo se debe reservar la visita previamente, sin costo por entrada. Número para reservas: 955321354"
NA,NA
Libre,"El ingreso es por la Av. Revolución, en el Asentamiento Humano las Casuarinas, sexta zona de Collique."
Libre,
"Previa presentación de boleto o ticket(especificar tarifa:niños, adultos, estudiantes, etc)","El costo del ticket de ingreso es: s/. 5.00 para turistas y S/.10.00 para maestros curanderos, menores de edad no pagan ."
NA,NA
NA,NA
"Previa presentación de boleto o ticket(especificar tarifa:niños, adultos, estudiantes, etc)",Precio general del ticket: s/5.00 El ingreso debe realizarse con previa coordinacion (hasta 24 horas antes de la visita) con el Área de Turismo de la Municipalidad Distrital de Sarhua
Libre,"Se recomienda coordinar las visitas con el Área de Cultura, Turismo y Artesanía de la Municipalidad Distrital de Sarhua."
Libre,
NA,NA
NA,NA
NA,NA
Libre,
NA,NA
NA,NA
Semi-restringido(previo permiso),"Coordinaciones previas, contactar con el Sr. Julio Vivanco nº 952834686"
Semi-restringido(previo permiso),"Coordinaciones previas, contactar con el Sr. Carlos Palomino nº 984118009"
"Previa presentación de boleto o ticket(especificar tarifa:niños, adultos, estudiantes, etc)",Tarifa general S/ 5.00 soles
NA,NA
Libre,Durante las horas del dia
Libre,"Mucha preparación física, aclimatación, restricción del exceso de grasas en la comida y alcohol. Indumentaria como casa de viento, abrigadora, térmicas, zapatillas de caminata con trampones."
Libre,
Semi-restringido(previo permiso),Coordinaciones: 786-9012 | 966-687-633 | 997-597-241 (Orlando Candela Sánchez)
NA,NA
NA,NA
Libre,
Libre,
Libre,
Semi-restringido(previo permiso),"Previa coordinación con el profesor Juan Baldeón,Celular:993873507,responsable del museo."
NA,NA
Libre,
Libre,
"Previa presentación de boleto o ticket(especificar tarifa:niños, adultos, estudiantes, etc)",Entrada general S/ 5.00 a partir de los 10 años de edad.
Libre,
Libre,
Libre,
Libre,
Libre,No existe cobro de ingreso
Libre,
"Previa presentación de boleto o ticket(especificar tarifa:niños, adultos, estudiantes, etc)",Entrada general 2 soles
Semi-restringido(previo permiso),"Previa coordinación con la comunidad de Canrey Grande o el CUPs, ya que las puertas N° 01 (ingreso) y N° 02 se encuentran cerradas con llave."
"Previa presentación de boleto o ticket(especificar tarifa:niños, adultos, estudiantes, etc)","Adulto nacional s/12.00 Adulto local, niño nacional s/ 5.00 ( de 5 a 16 años) Niño local s/ 3.00 Extranjero s/ 30.00 exonerados de pago aplica a ciudadanos peruanos menores de 05 y mayores de 65 años"
Libre,
NA,NA
NA,NA
Libre,No se controla el ingreso
NA,NA
Semi-restringido(previo permiso),Para el ingreso comunicarse con el Sr. Rolando Tofenio al teléfono 988897625
Libre,
"Previa presentación de boleto o ticket(especificar tarifa:niños, adultos, estudiantes, etc)","Adulto nacional s/12.00 Adulto local, niño nacional s/ 5.00 ( de 5 a 16 años) Niño local s/ 3.00 Extranjero s/ 30.00 exonerados de pago aplica a ciudadanos peruanos menores de 05 y mayores de 65 años"
Libre,
Libre,No hay cobro de ingreso
Semi-restringido(previo permiso),Las coordinaciones para su visita se realizan con la Gerencia de Desarrollo Económico y Servicio Social.
NA,NA
NA,NA
NA,NA
Libre,
Libre,No hay cobro de ingreso
Libre,
Semi-restringido(previo permiso),"1 día Adulto nacional s/12.00 Adulto local, niño nacional s/ 5.00 ( de 5 a 16 años) Niño local s/ 3.00 Extra exonerados de pago aplica a ciudadanos peruanos menores de 05 y mayores de 65 años de edad"
"Previa presentación de boleto o ticket(especificar tarifa:niños, adultos, estudiantes, etc)","Nacionales adulto /12.00, Adulto local y niño nacional s/ 5.00 Niño local s/ 3.00 Extranjero s/ 30.00. Exonerados de pago aplica a ciudadanos peruanos menores de 05 y mayores de 65 años."
Libre,Todo el año
Semi-restringido(previo permiso),Comunicar a la Municipalidad Distrital de Yanacancha - Sub Gerencia de Desarrollo Económico y SPLR. Srta. Yesly Violeta Olivera Palomino Cel. 945922556 Correo yeslyvioletaop@gmail.com
Libre,todo el Año
"Previa presentación de boleto o ticket(especificar tarifa:niños, adultos, estudiantes, etc)",Entrada general S/ 10.00
Semi-restringido(previo permiso),Comunicar a la Municipalidad Distrital de Yanacancha - Sub Gerencia de Desarrollo Económico y SPLR. Srta. Yesly Violeta Olivera Palomino Cel. 945922556 Correo yeslyvioletaop@gmail.com
Semi-restringido(previo permiso),Comunicar a la Municipalidad Distrital de Yanacancha - Sub Gerencia de Desarrollo Económico y SPLR. Srta. Yesly Violeta Olivera Palomino Cel. 945922556 Correo yeslyvioletaop@gmail.com
Semi-restringido(previo permiso),Comunicar a la Municipalidad Distrital de Yanacancha - Sub Gerencia de Desarrollo Económico y SPLR. Srta. Yesly Violeta Olivera Palomino Cel. 945922556 Correo yeslyvioletaop@gmail.com
Semi-restringido(previo permiso),Comunicar a la Municipalidad Distrital de Yanacancha - Sub Gerencia de Desarrollo Económico y SPLR. Yesly Violeta Olivera Palomino Cel. 945922556 Correo yeslyvioletaop@gmail.com
Semi-restringido(previo permiso),"Coordinar la visita con la Administración de los módulos. Administrador del módulo de Santo Domingo de Cachi: Ing. Ángel Ponce Huaringa, celular Nº 937474638."
"Previa presentación de boleto o ticket(especificar tarifa:niños, adultos, estudiantes, etc)","Adulto nacional s/12.00 Adulto local, niño nacional s/ 5.00 ( de 5 a 16 años) Niño local s/ 3.00 Extranjero s/ 30.00 exonerados de pago aplica a ciudadanos peruanos menores de 05 y mayores de 65 años"
NA,NA
Libre,El ingreso vehicular es de (6:00 am - 9:15 am) y en la tarde de (3:00 pm a 6:00 pm). Esta a cargo del personal del Programa Especial Bahia de la Municipalidad Provincial de Puno
NA,NA
NA,NA
"Previa presentación de boleto o ticket(especificar tarifa:niños, adultos, estudiantes, etc)","Adulto nacional s/12.00 Adulto local, niño nacional s/ 5.00 ( de 5 a 16 años) Niño local s/ 3.00 Extranjero s/ 30.00 exonerados de pago aplica a ciudadanos peruanos menores de 05 y mayores de 65 años"
"Previa presentación de boleto o ticket(especificar tarifa:niños, adultos, estudiantes, etc)",Previa coordinación con el Sr. Wilser Butamante al Cel. 962157390
NA,NA
"Previa presentación de boleto o ticket(especificar tarifa:niños, adultos, estudiantes, etc)","Adulto nacional s/12.00 Adulto local, niño nacional s/ 5.00 ( de 5 a 16 años) Niño local s/ 3.00 Extranjero s/ 30.00 exonerados de pago aplica a ciudadanos peruanos menores de 05 y mayores de 65 años"
"Previa presentación de boleto o ticket(especificar tarifa:niños, adultos, estudiantes, etc)","Adulto nacional s/12.00 Adulto local, niño nacional s/ 5.00 ( de 5 a 16 años) Niño local s/ 3.00 Extranjero s/ 30.00 exonerados de pago aplica a ciudadanos peruanos menores de 05 y mayores de 65 años"
Semi-restringido(previo permiso),"Los propietarios de la casa hacienda permanecen en sus instalaciones. Por lo cual, al llegar se solicita el permiso de ingreso o con mensaje al siguiente número 945679993."
NA,NA
Libre,
NA,NA
Libre,
Libre,
NA,NA
NA,NA
NA,NA
Semi-restringido(previo permiso),Previo permiso de la municipalidad - Señor Marcelino Sinche Soto- Cel: 943612714
Libre,
"Previa presentación de boleto o ticket(especificar tarifa:niños, adultos, estudiantes, etc)","El costo de entrada es: Pozas S/.3.00 pozas familiares S/ 10.00 soles, piscinas S/2.00. Llevar consigo los implementos de baño."
NA,NA
Libre,
Semi-restringido(previo permiso),"Previa coordinación con los miembros de la Comunidad Campesina de Lampian. Presidente de la comision de Turismo Sr. Godofredo Navarro Medrano , Celular : 987191252"
NA,NA
"Previa presentación de boleto o ticket(especificar tarifa:niños, adultos, estudiantes, etc)",Niño : S/ 3.00 Adulto: S/ 5.00 Estudiantes: S/ 4.00
"Previa presentación de boleto o ticket(especificar tarifa:niños, adultos, estudiantes, etc)",Adulto: S/.10.00 soles Estudiantes: S/5.00 soles
Libre,El ingreso es libre por tratarse de zona pública
NA,NA
NA,NA
NA,NA
Libre,
Libre,
"Previa presentación de boleto o ticket(especificar tarifa:niños, adultos, estudiantes, etc)",Coordinas con el Sr. Aladino Cabrera al Cel. 920156819.
Libre,
Libre,La iglesia abre sus puertas a diario.
Libre,
Libre,
Libre,
Libre,
Libre,"El único sendero peatonal lleva hacia la cima de sitio arqueológico, no existe cercos."
"Previa presentación de boleto o ticket(especificar tarifa:niños, adultos, estudiantes, etc)","Tarifa general S/ 5.00 (a partir de los 5 años de edad). Da derecho de visita a las granjas, invernaderos o siete instalaciones (sala de ordeño, terneros, invernaderos, animales menores, piscigranja y"
Libre,Se recomienda contactar con el CASTUR del caserío Nuevo Rondos o llamar anticipadamente al número 921740214.
Semi-restringido(previo permiso),Previo aviso y pago de ticket. Contacto: Sr. Eduardo Vásque Toledo 076623339.
Libre,"Registro con DNI, carnet de extranjería, PTP"
Libre,"Se recomienda llevar ropa ligera, repelente y bloqueador solar, gorras para sol y agua embotellada."
Semi-restringido(previo permiso),Previa coordinación con la Comunidad.
"Previa presentación de boleto o ticket(especificar tarifa:niños, adultos, estudiantes, etc)","Costo de ingreso por un día. •Extranjero: s/. 30.00. •Nacional: Adultos s/. 15.00, Niños de 5 a 17 años: S/. 5.00 • Local: Adultos s/. 5.00 y, Niños de 5 a 17 años: S/. 3.00."
Libre,
Libre,"No requiere permisos ni presentación de boletos. Sin embargo, se recomienda solicitar un orientador local en la Comunidad Nativa de Manitinkiari."
Libre,No requiere permisos ni presentación de boletos
Libre,
Semi-restringido(previo permiso),Para visitar el fundo El Horizonte requiere solicitar permiso al propietario Billy Allcca Huicaña al teléfono 999 506 271.
Libre,
Libre,
Libre,"El ingreso a la laguna el libre, pero para hacer uso de los botes se hace un pago de 10.0 soles por persona, y toma de fotografías en el muelle, 3.00 soles."
Libre,
"Previa presentación de boleto o ticket(especificar tarifa:niños, adultos, estudiantes, etc)",5 soles
Libre,
Libre,
Semi-restringido(previo permiso),Para visitar el fundo El Horizonte requiere solicitar permiso al propietario Artemio Quispe Laura al teléfono 935 967 989 y/o al correo quispelauraartemio@gmail.com
Semi-restringido(previo permiso),Para visitar el fundo Santa María requiere solicitar permiso al administrador del fundo al teléfono 950 028 810
Semi-restringido(previo permiso),Para visitar el fundo Los Ángeles requiere solicitar permiso al propietario Nicanor Pillaca Condor al teléfono 948 001 704.
"Previa presentación de boleto o ticket(especificar tarifa:niños, adultos, estudiantes, etc)",Ingreso a Torre de Observación: S/ 20.00 Ingreso a trocha : S/ 30.00 Costos por persona.
Libre,
Libre,
NA,NA
"Previa presentación de boleto o ticket(especificar tarifa:niños, adultos, estudiantes, etc)",Ingreso al recurso: S/ 2.00 (Persona adulta) No se realiza cobro por ingreso de niños.
Libre,
NA,NA
NA,NA
NA,NA
NA,NA
NA,NA
"Previa presentación de boleto o ticket(especificar tarifa:niños, adultos, estudiantes, etc)",La Comunidad Campesina de Cuper cobra un ingreso hacia las Cataratas. El costo es 2.00 s/. entrada general.
Semi-restringido(previo permiso),Previa coordinación con la Sra. Lilia Herrera López al cel 989123440
Semi-restringido(previo permiso),"Para el ingreso al recurso, apersonarse a la Municipalidad de Ubinas quienes les conducirá con los propietarios."
Libre,
Libre,
Libre,
Libre,
Libre,
NA,NA
Libre,
Libre,
Semi-restringido(previo permiso),Coordinación: Oscar Cuayla Tala. Cel: 983031497.
Semi-restringido(previo permiso),Previa coordinación con su Gerente General: -Sr. Andrés Meléndez -Cel. 953965606
"Previa presentación de boleto o ticket(especificar tarifa:niños, adultos, estudiantes, etc)",El Costo es : Entrada General s/ 10.00 soles
NA,NA
Libre,"El ingreso a la Comunidad Nativa Bajo Aldea es libre, solo tiene costo los servicios que brindan, como el paseo en bote, paseo en cuatrimotos, eventos, entre otros."
Libre,De 06:00 am a 09:00 pm
Libre,
Libre,
Libre,
Libre,
"Previa presentación de boleto o ticket(especificar tarifa:niños, adultos, estudiantes, etc)",Extranjeros: S/30.00 por día. Nacionales: S/.15.00 por día. Locales: S/. 8.00 por día
Libre,"No tiene ningún costo por el momento, pero se aceptan tips voluntarios por la visita, ya que va acompañado de un guía donde le brinda información de las muestras."
NA,NA
"Previa presentación de boleto o ticket(especificar tarifa:niños, adultos, estudiantes, etc)","Extranjeros sin traductor: 150 soles y con traductor: 210 soles, nacionales 140 soles y Niños (5 a 12 años) mitad de precio."
Libre,
Libre,"Se recomienda llevar agua,bloqueador solar, gorra,calzado comodo y ropa impermeable"
Libre,
Libre,Se recomienda coordinar la visita con el Sr. Miguel Guevara Monsalve al Cel. 967277523
Libre,
NA,NA
Libre,
NA,NA
NA,NA
NA,NA
NA,NA
Semi-restringido(previo permiso),Previo registro en el cuaderno ante el jefe de la Comunidad: Simeón Matiashi Arisha: 947433484.
Semi-restringido(previo permiso),Administración: Camila Alejandra Guillén Vega / 972 085 750
NA,NA
Semi-restringido(previo permiso),Se recomienda coordinar la visita con el señor Edward Elías Roca Gutiérrez 950 942 105
NA,NA
"Previa presentación de boleto o ticket(especificar tarifa:niños, adultos, estudiantes, etc)",Tarifa única S/. 3.00
Libre,Sin restricciones.
Semi-restringido(previo permiso),Realizar la coordinación para visitar la bodega. Sr. Víctor Paredes Castro 996541733
NA,NA
NA,NA
Libre,
Libre,
Semi-restringido(previo permiso),Previo permiso de las autoridades de la CC.NN. Timpia con 1 día de anticipación. SEÑOR: Gabriel Matamala Rios (jefe de la comunidad) cel. # 941845747
Libre,
Libre,No se cobra por el ingreso
Libre,Los visitantes pueden circular libremente en la comunidad y en las instalaciones de venta de artesanía y plantas ornamentales.
Libre,En coordinación con la comunidad
Libre,
Semi-restringido(previo permiso),Coordinación: Sr. Jonathan Rojas Soto celular: 950420973
NA,NA
Libre,
Semi-restringido(previo permiso),"Previa coordinación con el presidente de la Comunidad campesina de Huancasayani, Sr. Alejandro Ccalla Huaqui, teléfono 921349081"
Semi-restringido(previo permiso),Previo registro en el cuaderno ante el jefe de la Comunidad Nativa de Camisea: Simeon Matiashi Arisha celular: 947433484.
"Previa presentación de boleto o ticket(especificar tarifa:niños, adultos, estudiantes, etc)",Pago de Ingreso: Adultos s/. 3.00 y Niños s/- 1.00. Comunicarse al Cel: 930803915
Semi-restringido(previo permiso),Previa registro en el cuaderno de visitantes ante el jefe de la comunidad nativa de Camisea: Simeon Matiashi Arusha celular 947433484 (lo puede realizar el mismo día de ingreso)
Libre,
Semi-restringido(previo permiso),"Previo registro en el cuaderno ante la jefa de la Comunidad: Kelina Tatiana Pereira Vargas o sub jefe: Hilber Italiano Silva, celular: 976741089."
"Previa presentación de boleto o ticket(especificar tarifa:niños, adultos, estudiantes, etc)","Niños S/3.00, General S/5.00"
Semi-restringido(previo permiso),Solicitar permiso de las autoridades de la CC.NN.Timpia y la coordinación del jefe de la comunidad Gabriel Matamala al Celular 920886008 – 941845747 Previo registro(lo puede realizar el día de ingreso
Libre,
Semi-restringido(previo permiso),Previa coordinación con su Gerente: - Sr. Pedro W. López Rueda. - Cel. 910490205
Semi-restringido(previo permiso),"Para el ingreso se debe contactar con el sr. Julio Enriquez , presidente del centro Poblado de Surimana, celular 900 994 440"
"Previa presentación de boleto o ticket(especificar tarifa:niños, adultos, estudiantes, etc)",Precio general s/. 10.00 por persona.
Libre,
Semi-restringido(previo permiso),"En la actualidad no se cobra a los visitantes, pero sí se hace el registro para la visita, para el permiso se deberá de contactar con el Sr. Lauriano FERNANDEZ COLLANTES, al celular 927255506"
Libre,Se coordina con el Sr. Alex Oblitas al Celular 901274788
Libre,
Libre,
Libre,
Libre,
Libre,
Semi-restringido(previo permiso),Previo permiso del Alcalde del Centro Poblado de Niño Yucay - Nicanor Sulca Perez Celular 938544231
Libre,"Para la visita de grupos, se recomienda coordinar su recepción previo pago"
NA,NA
Libre,
NA,NA
NA,NA
NA,NA
Libre,
NA,NA
NA,NA
"Previa presentación de boleto o ticket(especificar tarifa:niños, adultos, estudiantes, etc)",Extranjero s/ 5.00 Nacional s/ 3.00 Regional s/ 2.00 Provincial s/ 1.00 Local ingreso libre
Libre,
Libre,
NA,NA
Libre,
NA,NA
"Previa presentación de boleto o ticket(especificar tarifa:niños, adultos, estudiantes, etc)",Tarifas de ingreso: Niños S/3.00 y Adultos S/6.00 soles.
NA,NA
Libre,
Libre,
Libre,Señalizaciones para la visita
Libre,
Semi-restringido(previo permiso),"Previamente se solicita autorizacion al encargado Sr Ringo Fuentes Viteri,coordinando con el jefe de la comunidad Sra Yesica Vargas Mojino Cel 975924380"
NA,NA
Libre,
Libre,
Semi-restringido(previo permiso),En coordinación con la propietaria Sra. Carmen Rosa Palomino Flor. Celular 953993310
Libre,
Semi-restringido(previo permiso),En coordinación con la propietaria Sra. Rossana Natalina La Motta Kuong. Celular N° 900394251
Libre,Hacer de conocimiento el ingreso al recurso turístico para las orientaciones y el registro de flujo de visitantes.
Libre,
Libre,
Libre,
"Previa presentación de boleto o ticket(especificar tarifa:niños, adultos, estudiantes, etc)","Tarifa Nacional y Extranjero (Válido Por Un Día): Adultos: S/. 11.00, Menores: S/ 3.00. Locales: Adultos: S/. 5.00, Menores: S/. 3.00"
Semi-restringido(previo permiso),SE SOLICITA AUTORIZACION A LA COMUNIDAD NATIVA KIRIGUETI CON EL JEFE DE LA COMUNIDAD YESICA VARGAS MOGINO CEL 975924380 CORREO ELECTRONICO VARGASMOGINOYESICA@GMAIL.COM
Semi-restringido(previo permiso),"Paseo en bote S/ 5.00, visita al museo etnoamazónico S/ 5.00, caminatas desde S/ 15.00 hasta S/ 40.00, rappel, S/ 30.00, terapia familiar S/ 40.00, columpio extremo S/ 20.00, zip line, extremo S/ 100."
Semi-restringido(previo permiso),PARA EL ACCESO AL RECURSO TURISTICO SE DEBE SOLICITAR UNA AUTORIZACION DE INGRESO A LA JEFATURA DEL SANTUARIO NACIONAL DE MEGANTONI COORDINADO CON LA SEDE ADMINISTRATIVA DE QUILLABAMBA CEL 937513240
Libre,Recomendable visitar en horas de la mañana
Libre,
Semi-restringido(previo permiso),"SE SOLICITA AUTORIZACION EN LA GARITA DE CONTROL DE CCNN.MIARIA,OSWALDO ORFIRIO SANCHES CEL 980397987 Y EL PRESIDENTE DEL ASENTAMIENTO RURAL ALTO MISHAHUA Sr ERCY SUYO TACO CEL 944443343"
Libre,
Libre,
Semi-restringido(previo permiso),SE SOLICITA AUTORIZACION A LA COMUNIDAD NATIVA DE PUERTO RICO PERSI SINCHICOA CEL 968972174 SIN CORREO ELECTRONICO
Libre,"Para el traslado, coordinar con la comunidad de Caminacoya (Isla Puncu), para tomar el servicio en bote."
NA,NA
NA,NA
NA,NA
NA,NA
NA,NA
NA,NA
Libre,
NA,NA
"Previa presentación de boleto o ticket(especificar tarifa:niños, adultos, estudiantes, etc)",Boleto general a S/1.00 nuevo sol.
Libre,
Libre,
Otros (especificar),Aporte Voluntario
Libre,
NA,NA
Libre,
Libre,
Libre,
NA,NA
Libre,
Libre,Coordinar con el Presidente de la comunidad Sr. Francisco Ramos Ramos
Libre,
Libre,
Libre,
Semi-restringido(previo permiso),Coordinar la visita con el técnico Alipio Gavilan de OPEMAN. Cel.: 999697091
NA,NA
Libre,
Libre,
Libre,
"Previa presentación de boleto o ticket(especificar tarifa:niños, adultos, estudiantes, etc)","S/ 10.00 soles adultos S/ 5.00 niños, adulto mayor y universitario"
"Previa presentación de boleto o ticket(especificar tarifa:niños, adultos, estudiantes, etc)",Tarifa nacional y extranjero (válido por un día) • Adultos: S/. 11.00 • Menores: S/ 3.00 Tarifa Local – Región Ica (Válido Por Un Día) • Adultos: S/. 5.00 • Menores: S/. 3.00
Libre,"Llevar Bloqueador, Gorro, Agua, Frutas, etc."
"Previa presentación de boleto o ticket(especificar tarifa:niños, adultos, estudiantes, etc)",Tarifa nacional y extranjero (válido por un día) • Adultos: S/. 11.00 • Menores: S/ 3.00 Tarifa local – región Ica (válido por un día) • Adultos: S/. 5.00 • Menores: S/. 3.00
"Previa presentación de boleto o ticket(especificar tarifa:niños, adultos, estudiantes, etc)",Tarifa nacional y extranjero (válido por un día) • Adultos: S/. 11.00 • Menores: S/ 3.00 Tarifa local – región Ica (válido por un día) • Adultos: S/. 5.00 • Menores: S/. 3.00
Libre,
Semi-restringido(previo permiso),Tour clásico: tarifa nacional y extranjero S/. 35.00.
"Previa presentación de boleto o ticket(especificar tarifa:niños, adultos, estudiantes, etc)","Tarifa: 5 soles adultos, Estudiantes 2 soles y escolar 1 sol."
Libre,
Libre,
Libre,
NA,NA
NA,NA
NA,NA
NA,NA
NA,NA
"Previa presentación de boleto o ticket(especificar tarifa:niños, adultos, estudiantes, etc)","Muelle: S/. 5.00 ANP: Islas, islotes y Puntas Guaneras. TARIFA GENERAL: Nacional/Extranjeros Adulto: 11.00 Niños: 3.00 (de 5 a 16 años) TARIFA LOCAL – REGIÓN ICA (VÁLIDO POR UN DÍA) Adultos: S/. 5.0"
Libre,"Coordinar con miembros de las comunidades campesinas de Llaquepa, Tambillo o Jaquejaytahui"
NA,NA
Libre,
Libre,
Libre,
NA,NA
Libre,
NA,NA
Libre,"Ropa abrigadora, casaca corta viento, zapatillas para trekking, sombrero o gorro, pastilla contra el mal de altura, abundante agua para beber."
"Previa presentación de boleto o ticket(especificar tarifa:niños, adultos, estudiantes, etc)",Museo Tarifa: Adultos : S/.7.5 Estudiantes de educación escolar : S/.1.0 Estudiantes de educación superior : S/.4.0 Profesores : S/.4.0 Jubilados : S/.4.0
Libre,
Libre,
Otros (especificar),"Tiene dos accesos. Por la reserva Nacional de Paracas y por el Muelle el Chaco a través del paseo a las Islas Ballestas. Asimismo, se puede pasear en botes en la bahía por un costo de 10 soles por per"
Libre,
Libre,
Libre,
Libre,
Libre,
NA,NA
Libre,
"Previa presentación de boleto o ticket(especificar tarifa:niños, adultos, estudiantes, etc)",Ingreso general s/. 5.00
Libre,
Libre,Previa coordinación con la comunidad
Libre,"Llevar ropa abrigadora, zapatillas de caminata, agua para beber."
Libre,Está prohibido ingresar en short y sandalias.
Libre,Solo de Lunes a viernes
Libre,"Llevar ropa abrigadora, lentes de sol, bloqueador solar, zapatillas de caminata, agua para beber, pastilla contra el mal de altura."
Libre,
NA,NA
Semi-restringido(previo permiso),Para el Ingreso a la Casa de Saberes Ancestrales Antamarka - hacer reserva o coordinación con la Directiva de los Adultos Mayores y/o la Directiva de la Comunidad Campesina de Andamarca. 921929615
Semi-restringido(previo permiso),Previa coordinación con el Sr. Vidal Cruz Pilco - Teniente Gobernador de la Comunidad; CEL. 951533140
NA,NA
NA,NA
NA,NA
Semi-restringido(previo permiso),"Previo registro en el cuaderno ante la jefa de la Comunidad: Kelina Tatiana Pereira Vargas o sub jefe: Hilber Italiano Silva, celular: 976741089."
NA,NA
Libre,
Libre,
Semi-restringido(previo permiso),Previa autorización de los propietarios con 1 día de anticipación. Elizabel Huashuayo Diaz (propietaria) cel.# 964573897
NA,NA
Libre,
NA,NA
Libre,
Semi-restringido(previo permiso),"Previa coordinación (sin costo), al número +51 994459143 - +51 981735092; ventas@sobraya.pe"
Libre,
Semi-restringido(previo permiso),Previa coordinación con el presidente de la comunidad del sector Ccochahuma
Libre,Por seguridad coordinar con el Sr. Angel Pacco cel. 993124248
Libre,
Semi-restringido(previo permiso),Previa coordinación con la bodega al número +51 941000654
Libre,
Libre,
Libre,
Libre,
Semi-restringido(previo permiso),Coordinar visita al número de contacto 917454120 - secretaría.
Libre,No se cobra boleto de ingreso
Libre,
Semi-restringido(previo permiso),Se debe coordinar con la parroquia el permiso para ingresar de lunes a viernes. (Número de teléfono para coordinar la visita 073 - 473011) Sábados y domingos permanece abierta al público.
Libre,
Libre,
"Previa presentación de boleto o ticket(especificar tarifa:niños, adultos, estudiantes, etc)","Mirador de Llipata o Santuario del Ser Oculado s/.2.00 adultos y s/.1.00 niños; Telar de Sacramento y Ciudad Perdida de Huayuri s/.3.00. adulto, s/. 2.00 estudiantes y s/. 1.00 escolares"
NA,NA
NA,NA
Semi-restringido(previo permiso),Fuera del horario de misa llamando a secretaría 940769882 o en el horario de la oficina parroquial 3pm - 7pm.
Libre,Previa coordinación con la comunidad
Semi-restringido(previo permiso),Previa coordinación con Sra. Dora León Jara- N° cel: 942136965
Libre,Todos los meses del Año
"Previa presentación de boleto o ticket(especificar tarifa:niños, adultos, estudiantes, etc)",Tarifa de ingreso Adultos Niños Estudiantes Locales S/. 5.00 S/..00 Nacionales S/10.00 S/….00 Extranjeros S/.15.00 S/…..00
Libre,
"Previa presentación de boleto o ticket(especificar tarifa:niños, adultos, estudiantes, etc)",Adultos: S/.5.00 soles; estudiantes S/. 3.00 soles y escolares S/ 1.00 sol
"Previa presentación de boleto o ticket(especificar tarifa:niños, adultos, estudiantes, etc)",General: S/5.00 Niños: S/ 3.00 Adultos Mayores: S/ 3.00 Estudiante universitario: S/ 3.00 Con carnet CONADIS: ingreso libre
Libre,
NA,NA
NA,NA
Libre,
Libre,
Libre,
Semi-restringido(previo permiso),"Se solicita el permiso previo a SERNANP, o Asociación APROCTUR del C.P Ihuamaca- Ing. Carolina Guevara. Cel 968218439."
Semi-restringido(previo permiso),Se debe solicitar permiso a la Asociación APROCTUR del CP Ihuamaca. Sr. Facundo Facundo Reyna Aracely. Teléfono 948627501
Libre,
NA,NA
Libre,
Libre,No requiere permisos ni presentación de boletos
Libre,
Libre,
"Previa presentación de boleto o ticket(especificar tarifa:niños, adultos, estudiantes, etc)",Adultos s/.4.00 Niños s/.2.00
"Previa presentación de boleto o ticket(especificar tarifa:niños, adultos, estudiantes, etc)",Sala Principal: tarifa variable entre S/. 5 y S/. 120; Afuera Fest: tarifa libre; Ciclo Café Concierto: tarifa libre. Shows producidos por el Ministerio de Cultura ofrecen el 50 % de descuento
Libre,
Libre,
Libre,
Libre,"Llevar casaca cortavientos, Ropa abrigadora, Botas o Zapatos para trekking, Lentes de sol, Sombrero, Agua embotellada, llevar refrigerio, Bloqueador solar, pastillas para el soroche."
Libre,
Libre,
Semi-restringido(previo permiso),Previa coordinación con el personal de turno (teléfono N° 943 188 459) o a través de las Agencias de Viajes de la ciudad de Tingo María.
Semi-restringido(previo permiso),Coordinar con Juliana Cárdenas Quispe CEL 972288836
Libre,No requiere permisos ni presentación de boletos
"Previa presentación de boleto o ticket(especificar tarifa:niños, adultos, estudiantes, etc)",Adultos S/.2.00 Niños no pagan Estudiantes no pagan
Libre,El boleto para cruzar en bote cuesta S/5.00
NA,NA
Libre,
Libre,
Libre,Es de Libre transito
Libre,
Libre,
NA,NA
NA,NA
NA,NA
Libre,
NA,NA
NA,NA
NA,NA
NA,NA
NA,NA
NA,NA
NA,NA
NA,NA
Semi-restringido(previo permiso),"Previa Coordinación con el Sr. Mario Meléndez Calmet al Cel. 972507618, la visita tiene un costo de S/15.00 soles"
Libre,Previa coordinación con la comunidad
NA,NA
NA,NA
Libre,Desde las 8:00 a.m. hasta 3:00 p.m visita con orientador local.
Libre,
"Previa presentación de boleto o ticket(especificar tarifa:niños, adultos, estudiantes, etc)#Libre","Dentro de la misma casa museo se abona un monto de S/5:00 soles para la visita y atención#A la sala de ventas de retablos, artículos decorativos y utilitarios con esta temática"
NA,NA
NA,NA
Libre,
"Previa presentación de boleto o ticket(especificar tarifa:niños, adultos, estudiantes, etc)","Para el ingreso al recurso turístico se debe presentar un ticket de ingreso, que tienen los costos: Niños S/. 1.00 Adultos S/. 5.00"
"Previa presentación de boleto o ticket(especificar tarifa:niños, adultos, estudiantes, etc)","Para el ingreso al recurso turístico se debe presentar un ticket de ingreso, que tienen los costos: Niños S/. 1.00 Adultos S/. 5.00"
"Previa presentación de boleto o ticket(especificar tarifa:niños, adultos, estudiantes, etc)","Para el ingreso al recurso turístico se debe presentar un ticket de ingreso, que tienen los costos: Niños S/. 1.00 Adultos S/. 5.00"
"Previa presentación de boleto o ticket(especificar tarifa:niños, adultos, estudiantes, etc)","Para el ingreso al recurso turístico se debe presentar un ticket de ingreso, que tienen los costos: Niños S/. 1.00 Adultos S/. 5.00"
"Previa presentación de boleto o ticket(especificar tarifa:niños, adultos, estudiantes, etc)","Para el ingreso al recurso turístico se debe presentar un ticket de ingreso, que tienen los costos: Niños S/. 1.00 Adultos S/. 5.00"
Libre,
Libre,
Libre,
Libre,
Libre,
Libre,
Libre,
NA,NA
Libre,
Semi-restringido(previo permiso),"Se visita el templo solo cuando se lleva a cabo misas, bautizos y matrimonios. Comunicarse al 914594648 Sra. Rosa Marquina Vigo-Secretaria de la Iglesia."
Libre,
Libre,
Semi-restringido(previo permiso),El ingreso se realiza previa coordinación con el Presidente de la Comunidad Wilfredo Suyo Choque al Cel 966563501
Libre,
Libre,
Libre,
Libre,Paseo por el centro histórico
Libre,
Semi-restringido(previo permiso),Previa autorización de los representantes del Centro Poblado de Timpia Sr Thomas Edison Andrés Piño cel. 996611158
Libre,Para ingresar al centro de exhibiciones de las momias se coordina con el Sr. Víctor Marín al 990938856
Libre,
"Previa presentación de boleto o ticket(especificar tarifa:niños, adultos, estudiantes, etc)",El costo por el recorrido es de S/. 20.00 soles. Las salidas dependerán de la estación climática. El servicio es ofrecido por la Asociación de Pescadores apostando por el turismo- El Faro Islay
Libre,
Semi-restringido(previo permiso),Solicitar al Sernanp mediante su pagina oficial 24horas antes del ingreso al recurso ( https://investigacionesanp.sernanp.gob.pe/?page_id=84)
NA,NA
Libre,
Libre,Preferentemente visitarlo en horario diuro
"Previa presentación de boleto o ticket(especificar tarifa:niños, adultos, estudiantes, etc)",Las tarifas son: • Tarifa General S/. 5.00 • Guiado Nocturno Teatralizado S/.17.00
NA,NA
Semi-restringido(previo permiso),Previa autorización con el Sr. Saturnino Pozo Cel: 950779046
NA,NA
Semi-restringido(previo permiso),Previa autorización y registro en el cuaderno de registro de visitantes. Sr. Santos Gómez Mediano Cel: 959660878
Libre,Previo registro de datos en el cuaderno de visitantes al recurso turístico.
Libre,
NA,NA
Libre,
NA,NA
Libre,
Libre,
"Previa presentación de boleto o ticket(especificar tarifa:niños, adultos, estudiantes, etc)",Tarifa General: S/. 3.00 Tarifa Niños e I.E: S/. 2.00
"Previa presentación de boleto o ticket(especificar tarifa:niños, adultos, estudiantes, etc)",Adultos: s/. 8.00 Niños: s/ 4.00
NA,NA
"Previa presentación de boleto o ticket(especificar tarifa:niños, adultos, estudiantes, etc)",Entrada General: S/ 20.00 Visitantes locales: S/.0.00 Niños en general: S/ 0.00
NA,NA
"Previa presentación de boleto o ticket(especificar tarifa:niños, adultos, estudiantes, etc)",Extranjeros: S/. 30 Adultos Nacionales: S/. 12 Menores Nacionales: S/. 5 Adultos Locales: S/. 5 Menores Locales: S/. 3 • Tarifa valida para un solo día • Son menores aquellos que tengan entre 5 y 16 a
NA,NA
NA,NA
NA,NA
NA,NA
NA,NA
NA,NA
NA,NA
"Previa presentación de boleto o ticket(especificar tarifa:niños, adultos, estudiantes, etc)",Entrada general S/ 2.00
NA,NA
"Previa presentación de boleto o ticket(especificar tarifa:niños, adultos, estudiantes, etc)",Entrada general S/ 2.00
Libre,
"Previa presentación de boleto o ticket(especificar tarifa:niños, adultos, estudiantes, etc)",Pago General: S/ 2.00
NA,NA
Libre,
"Previa presentación de boleto o ticket(especificar tarifa:niños, adultos, estudiantes, etc)",Precio General: S/ 2.00
"Previa presentación de boleto o ticket(especificar tarifa:niños, adultos, estudiantes, etc)",Pago General: S/ 2.00
NA,NA
Semi-restringido(previo permiso),Previo registro de datos en el cuaderno de visitantes al recurso turístico. Autorización: Sr. Guillermo Condori Pineda. Cel: 900162186
Semi-restringido(previo permiso),Previo permiso del propietario del recurso sr. Gregorio Diaz Pacheco. Cel: 942060495
Semi-restringido(previo permiso),Previa autorización y registro en cuaderno de visitantes. Sr. Benicio Saico Ccahuana Cel: 962578298 Activo
NA,NA
Semi-restringido(previo permiso),Previo registro de datos en el cuaderno de visitantes al recurso turístico. Sr. Florentino Guerra López Cel: 958431001
Semi-restringido(previo permiso),Previa coordinación: -Sra. Pilar Zea Tumi cel.949155874 -Yudith Pacori Zea cel. 949155924
Semi-restringido(previo permiso),Previa Coordinación con 1 día de anticipación. Sra. Nohemy Elizabeth Porras Todco Celular: 982528366
Libre,no se controla el ingreso
Semi-restringido(previo permiso),Coordinación con la Dircetur Huánuco. Teléfono:949100280 Correo: dircetur.reg.huanuco@gmail.com
Libre,"El contacto es el Sr. Eriberto Quintana Bustamante, Celular 936340282"
Semi-restringido(previo permiso),Previa coordinación con la sub Gerente de Pumayaku LAB SAC María Angela Sapienza 949646089
NA,NA
NA,NA
Libre,
Libre,
Semi-restringido(previo permiso),la comunidad de Cancalla coordina el ingreso con el visitante cel: 913650536
Semi-restringido(previo permiso),Se debe de coordinar con la administración para acordar un fecha y horario adecuado para la visita cel: 901100194 correo: Emanproinagroeco@gmail.com - Adelizmanzanedohuayta@gmail.com
Libre,
NA,NA
"Previa presentación de boleto o ticket(especificar tarifa:niños, adultos, estudiantes, etc)",Adultos S/ 5.00 - Niños S/ 2.50
"Previa presentación de boleto o ticket(especificar tarifa:niños, adultos, estudiantes, etc)",Tarifa: -Adultos: S/. 8.00 -Niños: S/. 4.00
NA,NA
Semi-restringido(previo permiso),Tarifa Adultos S/. 2.00 y Niños S/. 1:00. Para visitar coordinar previamente con la Sra. Zoraida Alvarado - Cel. 956639370
Libre,
Libre,
NA,NA
Libre,
NA,NA
NA,NA
Semi-restringido(previo permiso),"Previa autorización del jefe de la comunidad. Sr. Richart Constantino Romano, Cel: 901459833"
Semi-restringido(previo permiso),Previa autorización del propietario del Recurso: sra. Alvina Torres Activo Numero de celular 950779043
Semi-restringido(previo permiso),Previa autorización del propietario Sr. Yovani Gayoso Ramos Cel. 930480877
Libre,
Semi-restringido(previo permiso),Previa autorización del responsable Ing. Gerber Cuba Monzon Cel:973906806
NA,NA
Semi-restringido(previo permiso),"Previa registro en cuaderno de visitantes, coordinación con Guillermo Condori Pineda. Cel: 900162186"
Libre,
Semi-restringido(previo permiso),Coordinación: Sra. Ascencion Cuarite celular:958201404.
Semi-restringido(previo permiso)#Libre,De lunes a viernes previa previa coordinación con el presidente de la Comunidad Dubert Vento teléfono: 992491760#Sábados y Domingo de 8:00 am a 5:00 pm
Libre,
Semi-restringido(previo permiso),Previa coordinación con el encargado de comité de la iglesia. Sr. Gonzalo Belen Huamanyauri. Celular:941454425
Libre,
Libre,
NA,NA
NA,NA
NA,NA
Libre,
Libre,
NA,NA
Libre,
Libre,
Libre,
"Previa presentación de boleto o ticket(especificar tarifa:niños, adultos, estudiantes, etc)",S/ 10.00 (Con servicio de guiado) S/ 5.00 (Sin guiado) S/ 3.00 niños
NA,NA
Libre,Se recomienda visitar el recurso con un guía o acompañante local para no extraviarse en el trayecto.
Libre,
NA,NA
NA,NA
NA,NA
NA,NA
Libre,
Libre,
NA,NA
Libre,
Libre,
NA,NA
NA,NA
NA,NA
NA,NA
Libre,"El ingreso es libre, respetando el horario que ha designado la administración de lunes a viernes de 8am. A 5pm. Sábados de 8am. A 1pm."
Libre,
Libre,
Libre,
Semi-restringido(previo permiso),Previa coordinación con la Sra. Lorena Casas Alcántara. Celular : 926617830
Libre,
NA,NA
Libre,
NA,NA
NA,NA
Libre,
Libre,
Libre,
Libre,
Libre,
Libre,"La zona arqueológica es de fácil acceso, puesto que se encuentra cerca al camino peatonal."
Libre,
Libre,
Semi-restringido(previo permiso),Coordinar con los vecinos para solicitar ingresar a la iglesia 992053353
Libre,
Libre,
NA,NA
Libre,
Libre,
NA,NA
NA,NA
Libre,
Libre,
Libre,
Libre,
Libre,Recomendable ir acompañado con un especialista para tener el cuidado debido
Libre,
NA,NA
Libre,
Libre,El recurso turístico es libre de acceso al público en general
NA,NA
NA,NA
Libre#Semi-restringido(previo permiso),"Sábados y domingos de 8:00 am a 5:00 pm#De lunes a viernes previa coordinación con la encarga de Turismo en Vitis, Karen Quispe Flores teléfono: 992337675"
NA,NA
Libre,
NA,NA
NA,NA
NA,NA
NA,NA
Libre,
Libre,
Libre,"En coordinación con la comunidad, por seguridad"
"Previa presentación de boleto o ticket(especificar tarifa:niños, adultos, estudiantes, etc)","Se paga el ingreso a los recursos del pueblo de Huancaya, S/. 10.00 Por persona"
Libre,
Libre,
Libre,
"Previa presentación de boleto o ticket(especificar tarifa:niños, adultos, estudiantes, etc)",Para ingresar a los recursos se realiza un cobro de S/. 10.00 nuevos soles.
Semi-restringido(previo permiso),"Se coordina el ingreso con el área de turismo de Tanta, Sra. Margarita Montes Celular : 938489983"
Libre,
NA,NA
Libre,
Libre,
Libre,
Libre,
NA,NA
Libre,
Libre,
Libre,
Libre,
Libre,
"Previa presentación de boleto o ticket(especificar tarifa:niños, adultos, estudiantes, etc)",Precio general S/. 5.00
Semi-restringido(previo permiso),"Se coordina con el área de turismo de Tanta, Sra.Margarita Montes Celular : 938489983"
Semi-restringido(previo permiso),"Previa Coordinacionm con la oficina de turismo de Tanta, Sra.Margarita Montes, Celular :938489983"
Semi-restringido(previo permiso),"Permiso al propietario Sr. Walter Lauri Paima, con pago de ingreso S/. 5.00 soles"
Semi-restringido(previo permiso),"Previa coordinación con la oficina de turismo de Tanta, Sra. Margarita Montes Celular : 938489983"
Semi-restringido(previo permiso),"Previa coordinación con la oficina de turismo de Tanta, Sra. Margarita Montes, Celular : 938489983"
Libre,
Semi-restringido(previo permiso),"Previa coordinación con la oficina de turismo de Tanta, Sra. Margarita Montes Celular : 938489983"
Semi-restringido(previo permiso),"Previa coordinación con al oficina de turismo de Tanta, Sra.Margarita Montes , Celular :938489983"
Semi-restringido(previo permiso),"Previa coordinación con el área de turismo de Tomas, Sr. Oscar Herrera , Celular : 956009110."
Libre,
Libre,
Libre,Se recomienda contactar un servicio de guiado para un mejor recorrido de la zona
Libre,
NA,NA
"Previa presentación de boleto o ticket(especificar tarifa:niños, adultos, estudiantes, etc)",S/ 7.50 adultos S/ 5.00 niños
Libre,Los horarios de la misa son: lunes a sábado: 8:00 AM - 7:00 PM Domingo: 7:00 AM - 11:00 AM - 7:30 PM la iglesia está abierta para todo el público de lunes a domingo de 8:00 AM hasta las 10:00 PM
Libre,
"Previa presentación de boleto o ticket(especificar tarifa:niños, adultos, estudiantes, etc)","Ingreso general: S/. 10.00 Previo permiso a los pobladores del anexo de Toncio a través de su presidente de turismo. el Sr. Montoya Valenti Raul Lucho, numero de celular: +51 913 312 496"
Libre,
NA,NA
Libre,
"Previa presentación de boleto o ticket(especificar tarifa:niños, adultos, estudiantes, etc)",Adultos S/ 4.00 Estudiantes S/ 2.00 Niños : Libre
Libre,
NA,NA
Libre,
Libre,
Libre,
Libre,
Libre,
Libre,
Libre,
Semi-restringido(previo permiso),la entrada es de 5:30 A.M hasta las 5:00 P.M previo permiso con el encargado de la piscina
Libre,"De libre acceso, se encuentra frente al C.P. de Machaca Marca"
Libre,
Libre,
Libre,
Libre,
NA,NA
Libre,
NA,NA
NA,NA
NA,NA
NA,NA
NA,NA
NA,NA
Libre,"El ingreso al recurso es libre, salvo algunos espacios de administración privada que están debidamente señalizados."
NA,NA
NA,NA
Semi-restringido(previo permiso),Previa autorización del propietario. Celular:950450954
NA,NA
Semi-restringido(previo permiso),"Previa coordinación con las autoridades del lugar, como el presidente de comunidad de cunyag. SANTIAGO NOREÑA MIGUEL -965337752"
Libre,
Otros (especificar),Realizar las coordinaciones con la Unidad de Turismo de la Municipalidad Distrital de Umari 921973274
Libre#Otros (especificar),Ingreso sin movilidad: Gratis#Ingreso con movilidad: S/ 5.00
Libre,
Semi-restringido(previo permiso),Previo permiso de la Comunidad Campesina de Silly (presidente de la comunidad sr. Prudencio Cruz Torres. Cel: 910-494548
Semi-restringido(previo permiso),Previo permiso de la Comunidad Campesina de Occobamba. Contacto: Alcalde de Occobamba sr. Ronal Halanocca (Cel: 928168131)
Semi-restringido(previo permiso),Previo permiso del presidente del barrio Marka Pata Comunidad de Ccuyo sr. German Cruz Apaza Cel: 984817264
Libre,
Libre,
Semi-restringido(previo permiso),"La laguna es de acceso libre, sin embargo, las salineras son de propiedad comunal, por tanto, comunicar la visita a las salineras"
Libre,
NA,NA
NA,NA
Libre,
Libre,
Libre,
Libre,
Semi-restringido(previo permiso),Reservar una visita guiada al correo turismo.cajamarquilla@gmail.com o al número 960802451. Carta por mesa de partes virtual al Ministerio de Cultura dirigido a la Dirección de Gestión de Monumentos.
Libre,
NA,NA
"Previa presentación de boleto o ticket(especificar tarifa:niños, adultos, estudiantes, etc)","Adultos S/ 5.00 - Niños S/ 3.00. Para visitas guiadas previa coordinación con encargado de turismo Sr. Gregorio Ramírez, celular 975578091"
Libre,
NA,NA
NA,NA
NA,NA
Libre,Comunicarse con la Srta. María Jeane Guerrero Calderón al cel: 942656361
NA,NA
NA,NA
Libre,
Libre,
Semi-restringido(previo permiso),Previa coordinación con su propietario. Sr. Javier Edgar Coila Coayla. Celular: 983602707
Libre,"Llevar zapatillas de caminata, gorra o sombrero, bloqueador. En caso de ingresar con mascotas, tienen que llevar correa y bolsas para el recojo de sus heces."
Libre,"Llevar zapatillas de caminata, gorra o sombrero, bloqueador. En caso de ingresar con mascotas, tienen que llevar correa y bolsas para el recojo de sus heces."
Libre,
NA,NA
Libre,Hay un encargado del cuidado y mantenimiento del orquidiario municipal Sicchez
NA,NA
Libre,
Libre,
Libre,
Libre,
Libre,"No requiere permisos, ni presentación de boletos"
Libre,
NA,NA
NA,NA
Semi-restringido(previo permiso),Previa coordinación con el encargado de comité de la iglesia. Sr. Melchor Ramos Evangelista. Celular:951218881
NA,NA
"Previa presentación de boleto o ticket(especificar tarifa:niños, adultos, estudiantes, etc)","Para el ingreso al recurso se debe presentar un ticket de ingreso, cuyo costo general de S/.5.00"
Libre,
Libre,
Libre,
Libre,No requiere permisos ni presentación de boletos
Libre,"No requiere permisos, ni presentación de boletos"
Libre,El acceso es gratuito para todos los visitantes.
Semi-restringido(previo permiso),Previo permiso y coordinación con la comunidad administrador Roger Zamuel Chinquireri CEL 992285564
NA,NA
Libre,
Libre,Para realizar eventos se requiere la autorización de la Municipalidad Distrital de Palcazú - Área de turismo contacto: Yithmy Ale An Zehnder Quijano 928 323 471
NA,NA
Libre,
Libre,
Libre,
Libre,
NA,NA
Libre,
Libre,
Libre,
Semi-restringido(previo permiso),Previa autorizacion de la comunidad (990022855 - 915162132) correo: rodolfomayta284@gmail.com
NA,NA
Libre,
Semi-restringido(previo permiso),Solamente se accede en horas de culto quien esta a cargo del templo el padre Juan ( celular :951601166 ) y Evangelina Luna ( 919823543)
Libre,
Libre,
NA,NA
Libre,
NA,NA
Libre,
Semi-restringido(previo permiso),"Previa coordinación con Daisy Damaris Chauca López, DNI 46644654, Celular : 949628177, Jefa de la CC.NN San Juan de Dios"
Libre,
Semi-restringido(previo permiso),"Contactar con el Sr. Juan Ysidro Zarate Gabino Cel. 929752738, comunero encargado del acceso y guía al interior de la gruta."
Libre,Solo registrarse al ingresar.
Libre,
Libre,Sólo a la parte de los exteriores
NA,NA
Libre,
Libre,
Libre,
Libre,
Semi-restringido(previo permiso),Solicitud de permiso a Ferrocarriles Trasandino S.A.
Libre,El ingreso es libre. La atención es de lunes a domingo de 10:30 am a 1:00 pm
Libre,
NA,NA
NA,NA
Libre,
Semi-restringido(previo permiso),Previa coordinación con su Gerente -Sra. Paula Andrea Flores de Alvarado -Cel. 956330510
Libre,"Lunes a domingo. La mayoría de negocios turísticos, empiezan a atender desde las 8:00am hasta las 9:00pm Las temporadas altas son en julio, agosto, septiembre, octubre y diciembre."
Libre,
Semi-restringido(previo permiso),Previa coordinación con sus propietarios: -Sra. Sunilda Lucila Ticona Mamani Cel. 966610019 -Sr. José Manchego Cel. 953921064
Semi-restringido(previo permiso),Coordinar la llave con la tesorera del CP Cascay (Sra. Mery Elizabeth Rojas Rivera)
Libre,
Libre,
Semi-restringido(previo permiso),Autorización previa del propietario. Teléfono móvil: 969335931
Libre,
Libre,
"Previa presentación de boleto o ticket(especificar tarifa:niños, adultos, estudiantes, etc)",Solo los fines de semana se paga S/. 2.00 por ingreso de cada vehículo. Personas que van a pie no pagan.
Semi-restringido(previo permiso),"Atención a productores agropecuarios y visitas guiadas solicitar con 15 días de anticipación email: santaana@inia.gob.pe. Consultas 064-246206, horario lunes a viernes de 08:00 a.m. a 04:45 p.m."
Libre,
Libre,
Libre,
Libre,"Administrado por el Gobierno Regional de Lima Metropolitana. La Asociación Ecoturístico Lomas de Paraíso, ofrece servicio de acompañamiento e información a los visitantes"
Libre,en el horario de 8 a.m. a 2p.m. de lunes viernes
Libre,
NA,NA
NA,NA
NA,NA
NA,NA
NA,NA
Libre,
Libre,Se recomienda coordinar la visita con Ing. Magdalena Machaca. Cel. 999028060 por cuanto se requiere el acompañamiento de un intérprete local.
Libre,
NA,NA
NA,NA
NA,NA
NA,NA
"Previa presentación de boleto o ticket(especificar tarifa:niños, adultos, estudiantes, etc)",La tarifa general de ingreso es de S/ 5.00
"Previa presentación de boleto o ticket(especificar tarifa:niños, adultos, estudiantes, etc)","Visita guiada: s/. 5.00 a partir de 12 a 65 años -Exonerados de pagos de entrada: Personas con discapacidad, personal de la Fuerzas Armadas del Perú y policías."
Libre,
Libre,No requiere permisos ni presentación de boletos
NA,NA
NA,NA
Libre,No requiere permisos ni presentación de boletos
Libre,No requiere permisos ni presentación de boletos
Libre,
Libre,
Libre,Horario: & am a 4 pm. Todos los días de semana
Libre,
Libre,
Semi-restringido(previo permiso),Previa coordinación con el encargado señor Alejandro Núñez Huamaní. Cel. 901726188
Libre,El acceso es libre a toda la zona paisajística.
Semi-restringido(previo permiso),Previa coordinación con el encargado señor Alejandro Núñez Huamaní. Cel. 901726188
Libre,"No requiere permisos, ni presentación de boletos"
Semi-restringido(previo permiso),Previo permiso del propietario Evaristo Jeri Guillen cel 978231963
Libre,
Libre,
Libre,
Libre,
NA,NA
Libre,
Libre,
Libre,
Libre,
Libre,
NA,NA
NA,NA
NA,NA
NA,NA
NA,NA
NA,NA
"Previa presentación de boleto o ticket(especificar tarifa:niños, adultos, estudiantes, etc)",Costo de entrada : 5.00 soles adulto y los niños no pagan
NA,NA
NA,NA
NA,NA
NA,NA
NA,NA
NA,NA
NA,NA
NA,NA
NA,NA
NA,NA
NA,NA
Libre,
Semi-restringido(previo permiso),"Previa coordinación con el Presbítero Víctor Luis Huapaya Quispe - Administrador parroquial , Celular : 986375840"
Libre,
Semi-restringido(previo permiso),Previo permiso al presidente de la Sociedad Santo Patrón San José. Sro. Elías Huamaní Teléfono: 966 904 996
Semi-restringido(previo permiso),Previa coordinación con el Gerente del Fundo Mi Querido Viejo Sra. Jacinta Nery Chumpitaz Huapaya al número 937106997
NA,NA
NA,NA
NA,NA
NA,NA
NA,NA
NA,NA
Libre,09:00 a.m. - 06:00 p.m.
NA,NA
NA,NA
"Previa presentación de boleto o ticket(especificar tarifa:niños, adultos, estudiantes, etc)",Adulto mayor e infante: libre Niño: s/ 8.00 Adulto: s/ 15.00 Extranjero: s/ 30.00
Libre,
"Previa presentación de boleto o ticket(especificar tarifa:niños, adultos, estudiantes, etc)",Venta de ticket en el Campamento. Adultos: S/. 5.00 Niños no pagan Costo de estacionamiento de vehículo: carros S/. 5.00 y motos S/. 3.00
Libre,
Libre,
Libre,No requiere permisos ni presentación de boletos.
Libre,No requiere permisos ni presentación de boletos.
NA,NA
NA,NA
Libre,
NA,NA
NA,NA
Libre,No requiere permisos ni presentación de boletos.
Libre,
Libre,
Libre,
Libre,
Libre,
Semi-restringido(previo permiso),"Previa coordinación con presidente de comité de turismo de la Comunidad Campesina Santiago de Carampoma, vía correo electrónico: turismocarampomah@gmail.com y al teléfono 997693168."
Libre,
Semi-restringido(previo permiso),"Previa Coordinación con presidente de comité de turismo de la Comunidad Campesina Santiago de Carampoma, vía correo electrónico: turismocarampomah@gmail.com y al teléfono 997693168."
NA,NA
Semi-restringido(previo permiso),"Previa coordinación con presidente de comité de turismo de la Comunidad Campesina Santiago de Carampoma, vía correo electrónico: turismocarampomah@gmail.com y al teléfono 997693168."
Libre,
Libre,
NA,NA
NA,NA
"Previa presentación de boleto o ticket(especificar tarifa:niños, adultos, estudiantes, etc)",Entrada: Adultos s/. 3.00 y Niños s/ 1.00
Libre,
Libre,
NA,NA
Libre,
Libre,
Libre,
Libre,No requiere permisos ni presentación de boletos.
Libre,Se recomienda registrarse en el Cuaderno de Registro de Visitantes habilitado en la plaza principal del Anexo de Cachi Cachi.
Libre,Se recomienda registrarse en el Cuaderno de Registro de Visitantes habilitado en la plaza del anexo de Cachi Cachi.
Libre,Se recomienda registrarse en el Cuaderno de Registro de Visitantes habilitado en el anexo de Casa Blanca.
"Previa presentación de boleto o ticket(especificar tarifa:niños, adultos, estudiantes, etc)",-Locales 2.00 soles -Nacionales 3.00 soles -Extranjeros 3. 00 soles
NA,NA
NA,NA
NA,NA
NA,NA
NA,NA
NA,NA
NA,NA
NA,NA
Libre,
Libre,
Libre,
Libre,
Libre,
NA,NA
NA,NA
Libre,
Libre,
Libre,
NA,NA
NA,NA
NA,NA
Libre,
Libre,
Libre,
Libre,"En el lugar, se recomienda contactar con la familia Vargas, comuneros que habitan cerca a la laguna y se encuentran encargados de su cuidado."
NA,NA
Libre,
Libre,
Libre,
Libre,
Libre,
Libre,
Libre,
Libre,No contaminar con residuos sólidos el medio ambiente durante la visita al recurso turístico.
NA,NA
NA,NA
"Previa presentación de boleto o ticket(especificar tarifa:niños, adultos, estudiantes, etc)","Ticket de S/ 5.00 soles, solo adultos, niños no pagan"
NA,NA
Libre,
NA,NA
Libre,
Libre,
NA,NA
NA,NA
Libre,
Semi-restringido(previo permiso),Libre Previo permiso del presidente de la comunidad para el acceso del recurso sr. Alejandro Roa Mamani X Semi-restringido (previo permiso) Cel: 984667795
Semi-restringido(previo permiso),Previo permiso del presidente de la comunidad para el acceso del recurso sr. Florentino Churata Huaracha Cel:951 453277
"Previa presentación de boleto o ticket(especificar tarifa:niños, adultos, estudiantes, etc)",Precio: Niños: S/5.00 Adultos: S/15.00 Extranjeros: S/15.00
Semi-restringido(previo permiso),Previa inscripción en el Área de Desarrollo Turístico de la municipalidad distrital de Marangani. Responsable :Lic. Luis Escobar Gómez Cel:985203753
Libre,
Libre,
Semi-restringido(previo permiso),Previo permiso del presidente de la comunidad para el acceso del recurso sr. Prudencio Cruz Torrez Cel:910494548
Semi-restringido(previo permiso),Previo permiso del presidente de la comunidad para el acceso del recurso sr. Florentino Churata Huaracha Cel:951453277
Libre,
Semi-restringido(previo permiso),Previo permiso del presidente de la comunidad para el acceso del recurso sr. Alejandro Roa Mamani Cel: 984667795
NA,NA
Libre,
"Previa presentación de boleto o ticket(especificar tarifa:niños, adultos, estudiantes, etc)",Precios: Adultos: S/. 20.00 / Niños: S/. 10.00 / Extranjeros: S/. 30.00
Libre,
Libre,
Libre,
NA,NA
Libre,
NA,NA
NA,NA
NA,NA
NA,NA
Libre,
Libre,
Libre,
Libre,
Libre,
Libre,Todo el Año
Semi-restringido(previo permiso),Previa coordinación con la Sr. María Riquez Villarruel . Cel: 941066897 - Comunidad campesina de San Juan de Iris
Libre,
Libre,
Semi-restringido(previo permiso),Previa coordinación con la Sr. María Riquez Villarruel . Cel: 941066897 - Comunidad campesina de San Juan de Iris
NA,NA
Libre,
Libre,
Libre,
Libre,
Semi-restringido(previo permiso),Premio permiso del dueño: Wildos Llatas Vásquez- Cel 976400216
Libre,
Semi-restringido(previo permiso),"Comunicarse con el Señor Royer Zamuel Chiquireri (Jefe de la comunidad) 992 285 564"""
Libre,
Libre,
Libre,
NA,NA
Libre,
NA,NA
NA,NA
NA,NA
NA,NA
Libre,
Libre,
Semi-restringido(previo permiso),Contactarse con el Sr. Julio Ayala Ccorahua N° de celular 953386606
Libre,
Libre,
"Previa presentación de boleto o ticket(especificar tarifa:niños, adultos, estudiantes, etc)","TARIFAS: Mariposario: Adultos: S/.20.00 soles Tarifa especial (Niños 3 a 8 años, Adulto Mayor 60+ años y Oxapampinos con DNI): S/.15.00 soles. Duración: 30 – 45 min OTRAS TARIFAS"
"Previa presentación de boleto o ticket(especificar tarifa:niños, adultos, estudiantes, etc)",s/.10.00 adultos s/.5.00 niños
Libre,
Libre,
Libre,
Libre,
Libre,
Libre,
"Previa presentación de boleto o ticket(especificar tarifa:niños, adultos, estudiantes, etc)",Tarifa: s/. 5.00 ( mayores de 5 años)
Libre,
"Previa presentación de boleto o ticket(especificar tarifa:niños, adultos, estudiantes, etc)",s/. 10.00 adultos s/. 5.00 niñlos
Libre,
"Previa presentación de boleto o ticket(especificar tarifa:niños, adultos, estudiantes, etc)",Precio Nacionales: s/25.00 Precio Extranjeros: s/50.00 Presidente de turismo Sr. Teodocio Espinoza teléfono: 939718120
NA,NA
Libre,
Libre,
Libre,
Libre,
Libre,
NA,NA
Libre,
NA,NA
Libre,
NA,NA
NA,NA
Libre,
Libre,
Semi-restringido(previo permiso),Previa coordinación con la comunidad
NA,NA
NA,NA
Libre,Se recomienda hacer la visita entre los meses de abril a diciembre.
NA,NA
NA,NA
NA,NA
NA,NA
NA,NA
NA,NA
Libre,
NA,NA
NA,NA
NA,NA
Libre,
NA,NA
NA,NA
NA,NA
"Previa presentación de boleto o ticket(especificar tarifa:niños, adultos, estudiantes, etc)","Paseos en bote por la bahía, mediante APADATTUN (Molo Muelle), tarifas de 10 y 15 soles"
Semi-restringido(previo permiso),Solicitar permiso de acceso al representante de la comunidad nativa de Kitemontinkiari (Kinder Delgadillo Santa Cruz – 941 064 261)
Libre,
NA,NA
NA,NA
NA,NA
Semi-restringido(previo permiso),"El ingreso es previo permiso de la Comunidad Campesina de Marcapomacocha, contacto Señor Julio Condezo, celular N° 997712728."
NA,NA
Libre,
Semi-restringido(previo permiso),"Semi-restringido (previo permiso) El ingreso es previo permiso de la Comunidad Campesina de San Francisco de Asís de Yantac, Sr. Florencio Salcedo, celular 978318537"
Libre,
Libre,"Atiende todos los días. Cierra al medio día, para mayor información comunicarse con el Sr. Florencio Salcedo Cel. 978318537."
Libre,
Libre,
NA,NA
Libre,
NA,NA
NA,NA
NA,NA
NA,NA
Libre,
NA,NA
Libre,"Se recomienda visitar, entre junio a noviembre y, usar pantalón largo, con camisa manga larga, gorra o sombrero, bloqueador solar, llevar abundante agua, mochila de campo y zapatillas de trekking."
NA,NA
"Previa presentación de boleto o ticket(especificar tarifa:niños, adultos, estudiantes, etc)","Costo por estudiante Universitario S/. 10, por persona Nacional S/. 20 y por extranjero S/. 30, niños pagan S/. 7"
Libre,
Libre,
NA,NA
Libre,Se recomienda registrarse en el cuaderno de visitantes ubicado en la Municipalidad Distrital de Huaripampa.
NA,NA
NA,NA
Libre,
NA,NA
"Previa presentación de boleto o ticket(especificar tarifa:niños, adultos, estudiantes, etc)",s/. 3.00 adultos de 18 a 70 años. s/. 1.00 niños a partir de 5 años.
Libre,
Libre,
NA,NA
Libre,
Libre,
"Previa presentación de boleto o ticket(especificar tarifa:niños, adultos, estudiantes, etc)","El ingreso es previo pago por la entrada al recurso, la tarifa adultos, 4 soles y niños 2 soles."
Libre,"Se recomienda usar pantalón largo, con camisa manga larga, gorra o sombrero, bloqueador solar, llevar abundante agua, mochila de campo y zapatillas de trekking."
Semi-restringido(previo permiso),Coordinar con el presidente del Anexo Pacchanta Sr. Santiago Huilca Celular: 916465971
"Previa presentación de boleto o ticket(especificar tarifa:niños, adultos, estudiantes, etc)",Adultos: s/ 10.00 Niños: s/ 5.00 Estudiantes: s/3.00
NA,NA
Libre,Mediante embarcaciones de la Asoc. de Pescadores Artesanales dedicados al Serv. de Trans. Turist. Naúticos en Ancón - APADATTUN y/o la empresa Esparcimiento Naútico Bécquer E.I.R.L.
NA,NA
NA,NA
Libre,
"Previa presentación de boleto o ticket(especificar tarifa:niños, adultos, estudiantes, etc)","Entrada general: S/ 2.00, tina individual S/ 4.00, tina familiar S/ 8.00"
Libre,
Semi-restringido(previo permiso),Entrada de S/ 5.00; pagan mayores de 12 años.
Libre,
Libre,
Libre,
"Previa presentación de boleto o ticket(especificar tarifa:niños, adultos, estudiantes, etc)",Se cuenta con la siguiente tarifa: • Personas mayores =2.00 soles. • Niños de 10 a 15 años = 1.00 sol. • Niños de 7 a 9 años = 0.50 céntimos
Libre,
Semi-restringido(previo permiso),"El ingreso no tiene costo, pero se debe coordinar con la administradora Gisela García al cel. 953640226"
Semi-restringido(previo permiso),"Previa coordinación con el dueño, Sra Aurora Herrera Dávila celular 953501272"
Semi-restringido(previo permiso),"Previa coordinación con la administración de la Universidad Daniel Alomia Robles, el ingreso es gratuito"
Libre,
Libre,
Libre,"El centro poblado cuenta con luz, pero no tiene disponible el servicio de agua potable y desagüe"
Libre,
Libre,
Libre,
Libre,
NA,NA
Libre,
Libre,
NA,NA
Libre,
Libre,
Libre,
Libre,Se recomienda registrarse en el Cuaderno de Registro de Visitantes habilitado en la Municipalidad Distrital de Parco.
Otros (especificar),El recurso no está habilitado ni abierto para la visita turística.
Libre,
NA,NA
NA,NA
NA,NA
Libre,"A la fecha no hay caseta de control de ingresos y de la visita turística, ni por el lado del distrito de Santiago ni por LA RNSF (Puerto Caballas)"
Libre,
Libre,
NA,NA
NA,NA
NA,NA
Otros (especificar),A la fecha el recurso no está habilitado ni abierto para la visita turística.
Otros (especificar),A la fecha el recurso no está habilitado ni abierto formalmente para la visita turística. Solo acuden estudiantes de la universidad y de colegios.
NA,NA
Semi-restringido(previo permiso),"Previa coordinación con la comunidad y compra de boletos de 5 soles, único costo, contacto 918283205 sr. Moisés"
"Previa presentación de boleto o ticket(especificar tarifa:niños, adultos, estudiantes, etc)",Tarifa general: 10 soles
"Previa presentación de boleto o ticket(especificar tarifa:niños, adultos, estudiantes, etc)",Tarifa general: 10 soles
"Previa presentación de boleto o ticket(especificar tarifa:niños, adultos, estudiantes, etc)",Tarifa General : 10 soles
Libre,
Libre,
Libre,
Libre,
Libre,
Libre,
Libre,
NA,NA
Libre,
Libre,No requiere permisos ni presentación de boletos.
Libre,"Se recomienda coordinar para su visita con el presidente de la comunidad de Llullucha, el Sr. Juan Ttito Quispe. Celular: 984-735349"
Libre,
Libre,
Libre,
Libre,
NA,NA
NA,NA
Libre,"Se recomienda, llevar bloqueador solar, lentes de sol, gorros y un snack como galleta y agua."
Libre,
Libre,
Libre,
Semi-restringido(previo permiso),Boleto de pago: Adultos: s/.7.00 y Niños: s/.5.00. Contactar con el Sr. Eduardo Vásquez Toledo - Cel: 945295858 y 945854004
Libre,
Semi-restringido(previo permiso),Coordinar con el presidente del anexo Upis Sr. Víctor Chillihuani celular: 950-350476
Libre,"El centro poblado cuenta con luz, pero no tiene disponible el servicio de agua potable y desagüe"
NA,NA
NA,NA
Libre,
Libre,
Libre,
Libre,"Se recomienda llevar bloqueador solar, gorro o sombrero, agua, snacks ."
Libre,
NA,NA
NA,NA
Libre,
Libre,
Libre,"Se recomienda llevar gorra o sombrero, bloqueador solar, agua, zapatillas adecuadas."
Libre,
Libre,"Se recomienda usar pantalón largo, con camisa manga larga, gorra o sombrero, bloqueador solar y agua"
Libre,"Se recomienda usar camisa manga larga, gorra o sombrero, bloqueador solar y agua"
Libre,"Se recomienda llevar ropa ligera, bloqueador solar, traje de baño y gorra."
NA,NA
Libre,
Libre,
NA,NA
NA,NA
Semi-restringido(previo permiso),Previa coordinación con su administrador Sr. Elmer Felipe Ibañez Cárdenas. Cel. 975276034 / 977734848
Libre,
Libre,
NA,NA
Libre,
"Previa presentación de boleto o ticket(especificar tarifa:niños, adultos, estudiantes, etc)","Niños: S/.3.00, Adultos: S/. 5.00, Extranjero: S/. 10.00"
"Previa presentación de boleto o ticket(especificar tarifa:niños, adultos, estudiantes, etc)","Tarifa: Niños local: S/. 3.00, Adultos local: S/. 7.00, Niños extranjeros: S/.5.00, Nacional: S/.15.00, Extranjero: S/. 20.00"
Libre,
Libre,
Libre,
Libre,
NA,NA
Libre,
Libre,
Libre,
Libre,El personal de la Municipalidad Distrital de Huicungo atiende a los visitantes.
NA,NA
Libre,
Libre,
"Previa presentación de boleto o ticket(especificar tarifa:niños, adultos, estudiantes, etc)",Comunidad de Osefina Nacionalles S/.10.00 Extranjeros S/.20.00 Niños no pagan hasta los 5años
NA,NA
Semi-restringido(previo permiso),Previa autorización por el dueño el señor Solis Baldeon Benito Juvencio cel:973013326
Libre,
Libre,
Semi-restringido(previo permiso),Previa autorización por el dueño el Señor Edwin Caisahuana Córdova cel:951537364
Semi-restringido(previo permiso),Previa autorización por la Autoridad del Señor Urcisino de la Cruz Gomez cel: 973319800
Semi-restringido(previo permiso),Previa autorización por el dueño el señor Gregorio Lisinio Cornejo Ore cel: 947958117
Semi-restringido(previo permiso),Previo permiso de la jefa de la CC.NN. De San Sebastián Sra. Diana Shantori Venegas Cel:968113382
Libre,
Libre,
Semi-restringido(previo permiso),Previa autorización por el dueño el señor Gabriel Humberto Bernaola Montalvan cel: 973013326
Libre,
Libre,
NA,NA
Libre,
Semi-restringido(previo permiso),Semi - restringido (Previa autorización por el dueño el Señor Edwin Pedro Alejandro Asto Montoya Cel: 947618964)
Libre,
NA,NA
NA,NA
Libre,
Libre,
Libre,
Libre,
Semi-restringido(previo permiso),"Persona responsable: Sr. Reynaldo Oquendo Guillen, Secretario de la comunidad campesina Poroy. Numero celular: 984972817."
NA,NA
NA,NA
NA,NA
Libre,
"Previa presentación de boleto o ticket(especificar tarifa:niños, adultos, estudiantes, etc)","Se paga el ingreso al pueblo de Queropalca, S/. 40.00 Extranjeros y S/. 30.00 Nacionales. Monto único para visitar los recursos que se encuentran dentro de la reserva."
Libre,No requiere permisos ni presentación de boletos.
Libre,
Libre,No requiere permisos ni presentación de boletos.
NA,NA
NA,NA
Libre,
Libre,Todo el año
NA,NA
Libre,
"Previa presentación de boleto o ticket(especificar tarifa:niños, adultos, estudiantes, etc)",El costo de ticket es de s/10.00 para adultos y s/. 5.00 para niños
NA,NA
NA,NA
Semi-restringido(previo permiso),"El mirador se encuentra dentro de la reserva y para ingresar a la reserva se paga S/40.00 Extranjeros y S/30.00 Nacionales, el cobro se realiza al ingreso del pueblo de Queropalca."
"Previa presentación de boleto o ticket(especificar tarifa:niños, adultos, estudiantes, etc)","Se paga el ingreso al pueblo de Queropalca, S/. 40.00 Extranjeros y S/. 30.00 Nacionales. Monto único para visitar los recursos que se encuentran dentro del Área de Conservación Privada ."
Libre,
Libre,
Libre,"Se recomienda comunicarse con el encargado de la Comunidad de Yanaotuto para registrar su visita. Sr. Antonio Cel: 930240991,"
Libre,Se recomienda comunicarse al Cel. 910061845 / 942071381 - Familia Carhuamanta para su registro en el cuaderno de visitantes.
NA,NA
NA,NA
NA,NA
Semi-restringido(previo permiso),Previa coordinación con el Ecónomo de la Iglesia señor Ananías Gonzales Condori celular 969944669.
Libre,
NA,NA
NA,NA
Libre,El cuidado y control del lugar esta a cargo de la Municipalidad Distrital de Huaycahuacho
Libre,"Se recomienda comunicarse con la familia Carhuamanta para su registro en el cuaderno de visitantes, Cel. 910061845 / 942071381."
NA,NA
Libre,
Libre,Se ubica en la Av. Ejercito intercepción Av. Simón Bolívar y Óvalo de la UNAM
Otros (especificar),"Días de Celebración de Misa Domingo,Jueves y Viernes de 10am a 7:00pm"
Libre,
NA,NA
Libre,
NA,NA
Libre,
NA,NA
NA,NA
"Previa presentación de boleto o ticket(especificar tarifa:niños, adultos, estudiantes, etc)","Tarifa Única de S/2.00 Soles, el pago se hace al ingreso en la boletería de la comunidad"
Libre,Libre
NA,NA
NA,NA
NA,NA
Libre,De lunes a domingo
NA,NA
"Previa presentación de boleto o ticket(especificar tarifa:niños, adultos, estudiantes, etc)",Se realiza el pago al ingreso previo registro en Libro de Visitantes: Adultos 2 soles y niños 1 sol
Libre,
Libre,Sin restricciones
Libre,
Libre,
NA,NA
Semi-restringido(previo permiso),La Coordinación para las visitas es con el Jefe de ACR Ing. Nelson Witting Cel. 989699143
Libre,
Libre,
NA,NA
Libre,
Libre,
NA,NA
NA,NA
NA,NA
Libre,
Libre,
Libre,De libre transito.
Semi-restringido(previo permiso),Previa coordinación con Clementina Ucancial Millones. Teléfono 981 292 246 / ucancialclementina@gmail.com
Semi-restringido(previo permiso),Previa reserva con Dante Julián Bravo. Comunicarse al celular Nº 979 624 078
Semi-restringido(previo permiso),Previa coordinación con Raúl David Neciosup Reluz. Teléfono N° 942034143. nreluzdavid@gmail.com
Libre,
Libre,
Libre,
"Previa presentación de boleto o ticket(especificar tarifa:niños, adultos, estudiantes, etc)",Niño: s/2.00 Adulto: s/5.00 Investigación: Previa coordinación con el Sr. Alzamora
Libre,
Libre,
Libre,
NA,NA
NA,NA
Libre,
NA,NA
NA,NA
Libre,
Libre,
Libre,De 07:00 am a 08:00 pm
NA,NA
Libre,
Libre,
Libre,
Libre,
NA,NA
NA,NA
"Previa presentación de boleto o ticket(especificar tarifa:niños, adultos, estudiantes, etc)",General: S/. 2.00
Libre,
Libre,
Libre,
Libre,
Libre,
Semi-restringido(previo permiso),Se solicita un permiso previo a la Dirección Desconcentrada de Cultura del Callao.Se les puede solicitar una visita a través del teléfono(01)6189393/anexo 1014 o al correo callao@cultura.gob.pe
Libre,ya que se encuentra al aire libre
Semi-restringido(previo permiso),"Para el desarrollo de actividades turísticas en la laguna, coordinar con el Sr. Cresencio Torres Pillihuamán - 908954040"
Libre,Se recomienda visitar de 07:00 a.m. - 08:30 p.m
NA,NA
Semi-restringido(previo permiso),Las coordinaciones para el ingreso son mediante: Whatsapp +51 944 200 600. E-mail: reservas@caletasanjose.com y su Pagina Web: https//.www.caletasanjose-lodge.com/
Libre,
Semi-restringido(previo permiso),"Recorridos en el lugar, previa coordinación al 947199693. Precio por persona: S/5; Grupos de máximo 20 personas."
Libre,
Semi-restringido(previo permiso),"Se puede visitar gratis el meliponario previa coordinación con el encargado, el Sr. Miler Duran Bartolomé cel: 944 702 539"
NA,NA
Semi-restringido(previo permiso),"Para visitas guiadas para recorrido, consultas de precios y coordinaciones previas, mediante mensajes al whatsapp 952292589"
Semi-restringido(previo permiso),Se solicita permiso mediante el WhatsApp de la Bodega 994604676
NA,NA
Libre,
NA,NA
Semi-restringido(previo permiso),Previa coordinación con Susana Bances: Teléfono: 979504892 algodonnativoperu@hotmail.com
NA,NA
NA,NA
NA,NA
NA,NA
Libre,
NA,NA
Libre,
NA,NA
NA,NA
NA,NA
NA,NA
NA,NA
NA,NA
NA,NA
Semi-restringido(previo permiso),"Se solicita los permisos por a través llamando al cel. 968218448, remiten una ficha de registro virtual."
"Previa presentación de boleto o ticket(especificar tarifa:niños, adultos, estudiantes, etc)","Coordinar con el presidente de la Comunidad de Yaccacheta, Sr. Jose Tejada Huaman cel: 910622257. En el recurso se venden los tickets de ingreso, para adultos es 1.00 sol y para niños el ingreso es 0"
Semi-restringido(previo permiso),Previa coordinación con el Presidente de la Comunidad el Sr : Jaime Huaman telefono: 984888226 correo electronico: consultorenturismo24@gmail.com
NA,NA
NA,NA
NA,NA
NA,NA
NA,NA
NA,NA
Libre,
Libre,Se puede visitar como ruta de ingreso al Distrito de La Punta o dirigiendose hacia la Costa Verde del Callao
Libre,En horas de culto
Semi-restringido(previo permiso),Se recomienda realizar una previa coordinación con el propietario Jhonatan Elguera Ruffner - 907 132 774
Libre,Apreciado desde el Parque del Distrito de San Juan Bautista.
Libre,
Libre,
Semi-restringido(previo permiso),"Previa coordinación con la artesana Yahaira Luana, Cueva Soria e-mail: luanacuevasoria@gmail.com Nº de celular: 903162569"
Libre,
Libre,
Libre,
Libre,
"Previa presentación de boleto o ticket(especificar tarifa:niños, adultos, estudiantes, etc)",Tarifa única: Adultos S/. 20. 00 - Niños S/. 10. 00
NA,NA
Libre,
Libre,
Libre,
Libre,
NA,NA
Semi-restringido(previo permiso),"Coordinar previamente con el propietario Don Marcelo Ponce Huamán (Cel.: 951362770), quien pondrá personal a disposición para brindar orientación al visitante."
Semi-restringido(previo permiso),"Previa coordinación con la Sra. Esmeralda Jiménez, al número de celular: 923232984 o al correo electrónico: esmeralda.jimenezpintado@gmail.com"
NA,NA
NA,NA
Libre,
NA,NA
NA,NA
Semi-restringido(previo permiso),Previa coordinación con la administración del ACR (Ing. Nelson Witting 989699143)
Semi-restringido(previo permiso),En coordinacion con la artesana Medalith Ruffner Ramón E-MAIL medaltopuruz@gmail.com Número de celular: 986667365
Libre,
Libre,
Libre,
Semi-restringido(previo permiso),Coordinar con el presidente de la asociación de Mirador de Cuyuni el Sr. Asención Inquillay Rodriguez cel: 976246700
Semi-restringido(previo permiso),"Previa coordinación con la Sra. Betty Zapata Gonzales, al teléfono 979 861 819 o al e-mail: bettyzapatag@gmail.com"
Libre,
Semi-restringido(previo permiso),"Para visitas guiadas, consultas de precios y coordinaciones previas, e informes en general, mediante mensajes al whatsapp 987 155 072"
Semi-restringido(previo permiso),Previa autorización del director del Centro de Formación.
"Previa presentación de boleto o ticket(especificar tarifa:niños, adultos, estudiantes, etc)",Fotógrafos profesionales: • Extranjeros $15 usd • Nacionales S/30.00 Estudiantes: • Estudiantes Extranjeros S/15.00 • Nacionales y residente S/10.00 Visitantes. • Extranjero s/15.00 • Nacional o r
NA,NA
NA,NA
NA,NA
Libre,
Libre,"Se recomienda llevar: agua, gorro, repelente, bloqueador, zapatillas cómodas."
NA,NA
Semi-restringido(previo permiso),"Se coordina con la Municipalidad Distrital de Atico, para que se abra el museo, el contacto es al 974 606 153, con la Gerencia de Desarrollo Social y Económico."
Libre,
NA,NA
NA,NA
Libre,
Libre,El registro de visitas se desarrolla en la oficina de atención de la parroquia Santa Ana
Libre,
Libre,
Libre,
Libre,
Libre,El Recurso se encuentra en la avenida principal del pueblo
NA,NA
NA,NA
Libre,
Libre,
Libre,
Libre,
Libre,
Libre,"El acceso es libre para los paseos en bote para observar Punta Ático, pero el acceso es restringido si se deseara ingresar peatonalmente."
Libre,
NA,NA
Libre,
NA,NA
NA,NA
"Previa presentación de boleto o ticket(especificar tarifa:niños, adultos, estudiantes, etc)","Contactarse con el Sr. Rafael Chuchón, al Cel N° 913618057"
NA,NA
NA,NA
Libre,
Libre,El mercado cierra sus puertas a las 6 p.m. hasta las 7 a.m. del día siguiente.
Libre,
Libre,Tiempo sugerido entre las 8 a.m. hasta las 4 p.m.
Libre,
Libre,
Libre,Solo abre durante los meses de febrero y agosto por las celebraciones de la Cruz de Chalpón.
Libre,
Libre,Para mayor información contactarse con la Gerencia de Desarrollo Económico y Turismo (01) 2137296 Anexo 1036
Libre,
NA,NA
Otros (especificar),Libre ingreso previo registro en el cuaderno de visitas - ubicado en la choza en trama de acceso al recurso
Semi-restringido(previo permiso),Coordinación Previa: Roldan Gutierrez Inga Cel: 992898056
Semi-restringido(previo permiso),"Previa coordinación: Carlos Sosa Paucca - teniente gobernador, cel: 977106817"
"Libre#Previa presentación de boleto o ticket(especificar tarifa:niños, adultos, estudiantes, etc)","Para los lugareños de lo zona.#Al estar incluida en el circuito Valle del Colca, se paga un boleto turístico. Extranjero S/.70.00 – Latinoamericano S/. 40.00 – Nacional S/. 20.00 (Niño, estudiante y adulto mayor S/. 5.00)"
"Libre#Previa presentación de boleto o ticket(especificar tarifa:niños, adultos, estudiantes, etc)","#Al estar incluida en el circuito Valle del Colca, se paga un boleto turístico. Extranjero S/.70.00 – Latinoamericano S/. 40.00 – Nacional S/. 20.00 (Niño, estudiante y adulto mayor S/. 5.00)"
"Libre#Previa presentación de boleto o ticket(especificar tarifa:niños, adultos, estudiantes, etc)","Para los lugareños de lo zona.#Al estar incluida en el circuito Valle del Colca, se paga un boleto turístico. Extranjero S/.70.00 – Latinoamericano S/. 40.00 – Nacional S/. 20.00 (Niño, estudiante y adulto mayor S/. 5.00)"
Libre,
Libre,
Libre,
Libre,El recurso turístico es de libre de acceso al público en general
Libre,
Libre,Comunicarse a la Oficina de Turismo de la Municipalidad Distrital Chetilla. Sr. Wilder Cueva Cahi - 961333169
NA,NA
Libre,
Libre,
Semi-restringido(previo permiso),Coordinación con el propietario al celular: 953676641(Gianni Chirinos)
"Previa presentación de boleto o ticket(especificar tarifa:niños, adultos, estudiantes, etc)#Libre",Extranjeros y nacionales S/.15.00#Para los lugareños de lo zona.
Libre,
"Previa presentación de boleto o ticket(especificar tarifa:niños, adultos, estudiantes, etc)#Libre",Adultos: S/. 3.00 y niños: /. 1.00#Para los lugareños de lo zona.
"Libre#Previa presentación de boleto o ticket(especificar tarifa:niños, adultos, estudiantes, etc)","Para los lugareños de lo zona.#Al estar incluida en el circuito Valle del Colca, se paga un boleto turístico. Extranjero S/.70.00 – Latinoamericano S/. 40.00 – Nacional S/. 20.00 (Niño, estudiante y adulto mayor S/. 5.00)"
Libre,
"Previa presentación de boleto o ticket(especificar tarifa:niños, adultos, estudiantes, etc)",Tarifas: Adultos s/. 5.00; Estudiantes y niños mayores de 5 años s/. 2.00. Contacto: Sr. Genaro Romero Suárez.- Cel 930679997.
Libre,Párroco Diego Germán Quispe - Cel: 933464226
Libre,
Libre,
Libre,
Semi-restringido(previo permiso),Comunicarse con la secretaría del Obispado (073-378569).
Libre,
Libre,
Semi-restringido(previo permiso),Previa coordinación con el presidente del caserío. el Sr. Merlein Lopez Rivera - 964 201 946
Semi-restringido(previo permiso),"Se debe solicitar permiso para ingresar a la Capilla, llamar al Cel. 980422036 Sr. Espíritu Salazar o al Cel. 927487423 Sra. Gladys Jiménez"
Libre,
Libre,Para conocer el lugar exacto de las formaciones rocosas se recomienda ir con un guía o contactarse con el presidente de la Junta Directiva del Caserio: Merlein Lopez Rivera- Num: 964 201 946
Semi-restringido(previo permiso),"Si bien no se cobra por el ingreso, se tiene un horario y restricciones de visita que se coordina con el personal encargado - Sr. Horacio Espinoza Almerco - Cel. 946636239"
Libre,
Libre,En la actualidad no existe control en el ingreso
NA,NA
Libre,
Libre,En la actualidad no existe control en el ingreso
NA,NA
NA,NA
"Previa presentación de boleto o ticket(especificar tarifa:niños, adultos, estudiantes, etc)",Costo de entrada: General S/. 1.00
Libre,
Libre,
Libre,
Libre,
Libre,
Semi-restringido(previo permiso),"Previa coordinación con el Gerente General Esteban Armando Nazario Redondo, contacto telefónico: 980527940. Gerente de administración,  Carla Daniela Espada Jauna, contacto telefónico: 963279375"
Libre,
Libre,
NA,NA
NA,NA
Libre,
NA,NA
"Previa presentación de boleto o ticket(especificar tarifa:niños, adultos, estudiantes, etc)",Adultos: s/. 5.00; Niños: s/.3.00 Universitarios: s/.3.00; Estudiante Rural: s/.1.00
NA,NA
Semi-restringido(previo permiso),"Previa coordinación con el señor Eduardo A. Jackson Filomeno, número de whatsapp 981179067"
"Previa presentación de boleto o ticket(especificar tarifa:niños, adultos, estudiantes, etc)",Adultos: s/.20.00 Niños: s/.15.00 Estudiantes (5 pax a más) s/. 15.00 Extranjeros: s/25.00
Libre,
Libre,
Libre,
Libre,
NA,NA
NA,NA
Semi-restringido(previo permiso),"Deben contactarse con el encargado al número ( 51 956989286), En la C.N. de Santa Rosa de Huacaria la cobertura de teléfono móvil es limitada, de preferencia deje un mensaje."
Libre,El ingreso es apto para todos los visitantes
NA,NA
NA,NA
"Previa presentación de boleto o ticket(especificar tarifa:niños, adultos, estudiantes, etc)",Extranjero S/.30.00 Peruano S/.10.00 Menores de 16 años S/. 6.00
Libre,
Libre,
Otros (especificar),"De querer realizar la actividad de canotaje turístico, coordinar con las empresas que brindan dicho servicio: Wayquicha experince al cel 975487614 o con Vive aventura al cel 946850147"
Libre,
NA,NA
NA,NA
NA,NA
NA,NA
NA,NA
NA,NA
Semi-restringido(previo permiso),"Realizar las coordinaciones con el representante de la comunidad Tzamiri ,señor Segundo Campari, celular N° 925887638"
Libre,"Horario de misas: Lunes a sábado 8:00 a.m. / Lunes a sábado 5:00 p.m., 6:00 p.m. y 7:00 p.m. (Misa personales) / Domingos 8:00 a.m., 10:00 a.m., 12:00 m. y 7:00 p.m."
Libre,
Libre,
Libre,
NA,NA
Libre,
NA,NA
NA,NA
NA,NA
NA,NA
NA,NA
NA,NA
NA,NA
NA,NA
NA,NA
NA,NA
Semi-restringido(previo permiso),"Se tiene que anunciar con el sr. Eduardo Bazán o la sra. María Tochon para el ingreso respectivo, previo pago. De 6 años a más pagan s/ 15.00 y menores a 6 años no pagan derecho de ingreso."
NA,NA
NA,NA
Libre,Tu acción cuenta: Mantener el área limpia y libre de contaminación.
Libre,
Libre,
"Previa presentación de boleto o ticket(especificar tarifa:niños, adultos, estudiantes, etc)",Visita Nacionales y Extranjeros S/. 10.00 Diez soles.
Libre,
Libre,
NA,NA
"Previa presentación de boleto o ticket(especificar tarifa:niños, adultos, estudiantes, etc)",Costo de ingreso: Adulto S/. 10.00 Niños S/. 5.00 Adulto mayor: S/. 5.00
NA,NA
"Previa presentación de boleto o ticket(especificar tarifa:niños, adultos, estudiantes, etc)",Costo de ingreso: Adulto S/. 10.00 Niños S/. 5.00 Visitante local: S/. 2.00
Libre,
Otros (especificar),No se puede ingresar por ser zona de riesgo - Para que sea restaurado debe ser inventariado
Libre,
Libre,
NA,NA
Libre,
NA,NA
Semi-restringido(previo permiso),Coordinación con el propietario al celular: 935056090 (Carlos Gutiérrez)
Libre,Desde las 9:00 am - 04:00 pm
Semi-restringido(previo permiso),Previa coordinación con la persona encarga Sr. Aurelio Merma Silva - 953891086
NA,NA
Libre,
"Previa presentación de boleto o ticket(especificar tarifa:niños, adultos, estudiantes, etc)",Visita Nacionales y Extranjeros S/. 10.00 Diez soles.
Libre,"El ingreso es libre; sin embargo, la artesana recepciona y acompaña al visitante durante el recorrido."
Semi-restringido(previo permiso),Previa coordinación con la artesana Rosario Colina : 956271691
"Previa presentación de boleto o ticket(especificar tarifa:niños, adultos, estudiantes, etc)",Visita Nacionales y Extranjeros S/. 10.00 Nacionales
Libre,
Libre,
NA,NA
Libre,"El ingreso es libre; sin embargo, la artesana recepciona y acompaña al visitante durante el recorrido."
Semi-restringido(previo permiso),"Para visitas guiadas para recorrido, consultas de precios y coordinaciones previas, al teléfono 998080006."
Libre,
Libre,
Libre,
Libre,
Libre,
Libre,
NA,NA
Libre,
"Previa presentación de boleto o ticket(especificar tarifa:niños, adultos, estudiantes, etc)",Adultos: s/.8.00; Niños: s/.3.00; Estudiante zona rural: s/.3.00;
NA,NA
Libre,
"Previa presentación de boleto o ticket(especificar tarifa:niños, adultos, estudiantes, etc)",Tarifa adultos S/5.00 Tarifa niños S/2.00
Libre,Para mayor información contactarse con la Gerencia de Desarrollo Económico y Turismo (01) 2137296 Anexo 1036
Libre,
Libre,
"Previa presentación de boleto o ticket(especificar tarifa:niños, adultos, estudiantes, etc)#Otros (especificar)","-Extranjeros: S/30.00 -Nacionales: Adultos:S/15.00, Niños: S/8.00 -Locales: Adultos: S/8.00, Niños: S/8.00 *Menores de 5 años: Ingreso libre#Exoneración de pagos de derecho de ingreso a guías oficiales de turismo y a personas con discapacidad que presenten la acreditación respectiva"
Semi-restringido(previo permiso),"El ingreso a la Reserva, es previa solicitud dirigido al Jefe de la Reserva Comunal Airo Pai - Ing. Cesar Teófilo Lanza Rodríguez - Cel. 949863380 - clanza@sernanp.gob.pe"
Libre,previa coordinacion con las autoridades del caserío Paujil quienes custodian los petroglifos.
Libre,
Libre,"Cuenta con estacionamiento, el mismo que cuenta con un costo de ingreso de S/.03.00 (Tres soles)."
Semi-restringido(previo permiso),"Solicitar permiso para ingresar al interior de la Iglesia, coordinar con el Sr. Omar Luis Vargas al Cel. 937346367"
NA,NA
"Previa presentación de boleto o ticket(especificar tarifa:niños, adultos, estudiantes, etc)",El costo de Ingreso es de S/1.50 (entrada general)
Libre,
Libre,
Libre,
Libre,
Libre,
NA,NA
Libre,Se recomienda visitar la Oficina de Turismo de la Municipalidad Distrital Chetilla.
Libre,
NA,NA
Libre,
Libre,
Semi-restringido(previo permiso),La atención es de Lunes a Sábado previa coordinación. Contacto: 962 661 356
Libre,La iglesia permanece abierta al público.
Libre,
Libre,
NA,NA
NA,NA
Libre,
Libre,
NA,NA
NA,NA
Libre,
Libre,
Libre,
Libre,
Libre,
Libre,
Libre,
Libre,
Libre,
NA,NA
NA,NA
NA,NA
Libre,
NA,NA
"Previa presentación de boleto o ticket(especificar tarifa:niños, adultos, estudiantes, etc)",S/.10.00 entrada general y S/.8.00 niños.
NA,NA
NA,NA
NA,NA
NA,NA
NA,NA
NA,NA
NA,NA
NA,NA
NA,NA
NA,NA
Libre,Lunes - Domingo
Libre,
NA,NA
Libre,
"Previa presentación de boleto o ticket(especificar tarifa:niños, adultos, estudiantes, etc)",S/.6.00 entrada general
Libre,
Libre,
Libre,
Libre,
Libre,
Libre,
Libre,
Libre,
Libre,
Libre,
Libre,
Libre,
Libre,
Libre,
Libre,
Libre,
NA,NA
NA,NA
"Previa presentación de boleto o ticket(especificar tarifa:niños, adultos, estudiantes, etc)",Visitantes nacionales: Adultos: S/ 10.00 Niños de 6 a 10 años: S/ 5.00 Visitantes extranjeros: Adultos: S/ 20.00 Niños de 6 a 10 años: S/ 10.00
Libre,
Libre,
Libre,
NA,NA
Libre,
Semi-restringido(previo permiso),Previa reserva al celular 996606129
Libre,
NA,NA
Semi-restringido(previo permiso),"Para visitas guiadas, coordinaciones previas y consultas de precios, llamar al teléfono 5052654"
Libre,
Libre,Costo de ingreso general S/ 2.00 soles
Libre,
NA,NA
Libre,Se recomienda la visita de 8:00 am a 5:00 pm
Libre,Se recomienda la visita de 8:00 am a 5:00 pm
Libre,
NA,NA
NA,NA
Libre,Se recomienda la visita de 8:00 am a 4:00 pm
NA,NA
NA,NA
NA,NA
Libre,
Libre,
Libre,
NA,NA
"Previa presentación de boleto o ticket(especificar tarifa:niños, adultos, estudiantes, etc)","Adultos S/ 5.00 - Niños S/ 3.00. Para visitas guiadas previa coordinación con encargado de turismo Sr. Kevin Jiménez, celular 932624458."
Libre,Lunes - Domingo
Semi-restringido(previo permiso),"Costo de ingreso al visitante es de S/. 10 soles incluye una taza de café y plátanos asado con queso, contactarse con la señora Marisa al Celular 962510012"
Libre,"Para coordinar visitas grupales y/o orientación, deben contactarse con el Sr. Aldo Toledano Guerra, personal de la Municipalidad Distrital de Totos. Cel. 966565758."
Libre,
Libre,Se recomienda la visita de 8:00 am a 5:00 pm
Libre,Se recomienda la visita de 8:00 am a 5:00 pm
Libre,
NA,NA
NA,NA
Semi-restringido(previo permiso),"Previa coordinacion con los propietarios ya sea para alimentacion, hospedaje o compra de peces."
Libre,
Libre,Entrada General S/ 2.00 soles.
Libre,Se recomienda visitar en el siguiente horario: 08:00 a.m. - 05:00 p.m.
NA,NA
NA,NA
Libre,
Libre,Se recomienda la visita de 8:00 am a 5:00 pm
NA,NA
Libre,
Libre,
Libre,
Libre,"Se recomienda ir en el siguiente horario: 08:00 a.m. - 05:00 p.m., con una persona que tenga conocimiento de la ruta."
Libre,Entrada General S/ 2.00 soles
Libre,Se recomeinda visitar en el siguiente horario: 08:00 a.m. - 05:00 p.m.
NA,NA
Semi-restringido(previo permiso),Previo permiso y horario de culto
Libre,
"Previa presentación de boleto o ticket(especificar tarifa:niños, adultos, estudiantes, etc)",La tarifa general de ingreso es de 5 soles.
NA,NA
"Previa presentación de boleto o ticket(especificar tarifa:niños, adultos, estudiantes, etc)","Entrada libre para pobladores de la zona. Esta Incluido dentro del Boleto Turístico del Colca, Extranjeros S/. 70 y S/. 40.00, Nacionales S/. 20.00, Estudiantes y Niños S/. 5.00"
NA,NA
NA,NA
Libre,Horario de Culto
Semi-restringido(previo permiso),Horario de Culto
"Libre#Previa presentación de boleto o ticket(especificar tarifa:niños, adultos, estudiantes, etc)","Entrada libre para pobladores de la zona.#Entrada libre para pobladores de la zona. Esta Incluido dentro del Boleto Turístico del Colca, Extranjeros S/. 70 y S/. 40.00, Nacionales S/. 20.00, Estudiantes y Niños S/. 5.00"
"Libre#Previa presentación de boleto o ticket(especificar tarifa:niños, adultos, estudiantes, etc)","Entrada libre para pobladores de la zona.#Esta Incluido dentro del Boleto Turístico del Colca, Extranjeros S/. 70 y S/. 40.00, Nacionales S/. 20.00, Estudiantes y Niños S/. 5.00"
Semi-restringido(previo permiso),"Contactar con José Arrollo 957395633 Considerar un cobro para los fines de semana o días festivos, otros días es ingreso libre. Adultos 5.00 soles y niños 3.00 soles."
Libre,
"Libre#Previa presentación de boleto o ticket(especificar tarifa:niños, adultos, estudiantes, etc)","Entrada libre para pobladores de la zona.#Esta Incluido dentro del Boleto Turístico del Colca, Extranjeros S/.70 y S/. 40.00, Nacionales S/. 20.00, Estudiantes y Niños S/. 5.00"
Libre,
"Libre#Previa presentación de boleto o ticket(especificar tarifa:niños, adultos, estudiantes, etc)","Libre ingreso para los lugareños de la zona#Esta Incluido dentro del Boleto Turístico del Colca, Extranjeros S/. 70 y S/. 40.00, Nacionales S/. 20.00, Estudiantes y Niños S/. 5.00"
"Libre#Previa presentación de boleto o ticket(especificar tarifa:niños, adultos, estudiantes, etc)","Entrada libre para pobladores de la zona#Esta Incluido dentro del Boleto Turístico del Colca, Extranjeros S/. 70 y S/. 40.00, Nacionales S/. 20.00, Estudiante y Niños S/. 5.00"
"Libre#Previa presentación de boleto o ticket(especificar tarifa:niños, adultos, estudiantes, etc)","Entrada libre para pobladores de la zona#Esta Incluido dentro del Boleto Turístico del Colca, Extranjeros S/. 70 y S/. 40.00, Nacionales S/. 20.00, Estudiantes y Niños S/. 5.00"
"Libre#Previa presentación de boleto o ticket(especificar tarifa:niños, adultos, estudiantes, etc)","Libre para los lugareños de la zona#Esta Incluido dentro del Boleto Turístico del Colca, Extranjeros S/. 70 y S/. 40.00, Nacionales S/. 20.00, Estudiantes y Niños S/. 5.00"
"Libre#Previa presentación de boleto o ticket(especificar tarifa:niños, adultos, estudiantes, etc)","Entrada libre para pobladores de la zona#Esta Incluido dentro del Boleto Turístico del Valle del Colca, Extranjeros S/. 70 y S/. 40.00, Nacionales S/. 20.00, Estudiantes y Niños S/. 5.00"
"Libre#Previa presentación de boleto o ticket(especificar tarifa:niños, adultos, estudiantes, etc)","Libre para los lugareños de la zona#Esta Incluido dentro del Boleto Turístico del Colca, Extranjeros S/. 70 y S/. 40.00, Nacionales S/. 20.00, Estudiantes y Niños S/. 5.00"
NA,NA
Semi-restringido(previo permiso),"Se deberá coordinar la visita con la señora Celia Cuadros, pobladora del centro poblado de Pampa Blanca, al teléfono celular N.° 973 923 074."
"Previa presentación de boleto o ticket(especificar tarifa:niños, adultos, estudiantes, etc)",Cobro de entrada general 1.00 por perosna.
NA,NA
NA,NA
NA,NA
Libre,
Libre,
Libre,
"Previa presentación de boleto o ticket(especificar tarifa:niños, adultos, estudiantes, etc)","El costo de ingreso es el siguiente: adultos nacionales S/ 5.00, adultos extranjeros S/ 10.00 y niños menores de 8 años S/ 2.50."
"Previa presentación de boleto o ticket(especificar tarifa:niños, adultos, estudiantes, etc)","-s/. 10.00 adultos -s/. 8.00 adultos mayores de 60 años -s/. 5.00 niños, mayores de 4 años"
"Previa presentación de boleto o ticket(especificar tarifa:niños, adultos, estudiantes, etc)",La tarifa de ticket Adultos : S/ 10 Niños : S/10
Semi-restringido(previo permiso),"Coordinar con el alcalde del centro poblado menor de Lauramarca, señor Ignacio Chillihua, al número de celular 973-645462."
Semi-restringido(previo permiso),"Coordinar con el alcalde del centro poblado menor de Lauramarca, señor Ignacio Chillihua.Número de celular: 973 645 462."
Semi-restringido(previo permiso),"Se deberá coordinar con el alcalde del centro poblado menor de Lauramarca, señor Ignacio Chillihuani, al número de celular 973 645 462.”"
Libre,
Libre,"Se realiza un pago de 20 soles por el acceso al sector del Ausangate; sin embargo, este costo no corresponde específicamente al ingreso a la laguna como recurso turístico."
Libre,
Semi-restringido(previo permiso),"Coordinar con el alcalde del centro poblado menor de Lauramarca, señor Ignacio Chillihua. Número de celular: 973 645 462."
Libre,
Libre,Se recorren libremente los ambientes de exposición/venta y el área interpretativa del taller de textiles.
NA,NA
Libre,
Libre,
Libre,"No se recomienda visitarlas durante los meses de enero y febrero debido al incremento del caudal y las intensas lluvias, lo que representa un riesgo para los visitantes."
Libre,
Libre,El contacto es con el señor Cirilo Galvez Ramos al celular 966694378.
NA,NA
"Previa presentación de boleto o ticket(especificar tarifa:niños, adultos, estudiantes, etc)",Tarifa general: S/ 3.00. Niños hasta los 12 años no pagan.
NA,NA
NA,NA
NA,NA
NA,NA
NA,NA
Libre,
Libre,
NA,NA
NA,NA
NA,NA
NA,NA
NA,NA
Libre,
NA,NA
Semi-restringido(previo permiso),Previa coordinación con el hijo del propietario: Gino Morveli - Cel. (953 446 065)
Libre,
NA,NA
NA,NA
NA,NA
Libre,"El camino de ingreso es de tierra afirmada, susceptible a la erosión o lodazales. Su infraestructura no está definida, lo que dificulta la orientación del visitante"
Libre,
NA,NA
NA,NA
"Previa presentación de boleto o ticket(especificar tarifa:niños, adultos, estudiantes, etc)",Niños: s/ 2.00 soles y Adultos s/3.00 soles.
Libre,
NA,NA
NA,NA
Semi-restringido(previo permiso),Previa presentación de boleto o ticket emitido por AUTOCOLCA para su jurisdicción
Libre,
Libre,
Libre,
"Previa presentación de boleto o ticket(especificar tarifa:niños, adultos, estudiantes, etc)",Su tarifa es de: Niño: S/. 1.00 Adultos: S/. 2.00
Libre,
NA,NA
NA,NA
NA,NA
NA,NA
NA,NA
NA,NA
NA,NA
NA,NA
NA,NA
NA,NA
NA,NA
NA,NA
Semi-restringido(previo permiso),"Previo permiso de la autoridad del centro poblado de Ccarhuaccocco, sr. Ademir telefono 918737814"
Semi-restringido(previo permiso),Previa coordinacion con la comunidad de Chauchura Carlos Jayo alcalde Telefono 988467871
Semi-restringido(previo permiso),Previa coordinación con el presidente de la comunidad Prof. Llamocca telf. 928 139 693.
Libre,
NA,NA
Semi-restringido(previo permiso),"Previa coordinación con Flor Asalde Ventura, al celular 901 631 903 o correo electrónico florasaldevent@gmail.com O con Cecilia Asalde, Presidenta de la Asociación Valle de las Pirámides 912650103."
Semi-restringido(previo permiso),previa coordinacion con las autoridades del distrito Telf. 988467871 Carlos Jayo
Libre,
Libre,No hay restricción al Río
Libre,No hay restricción
Libre,
Otros (especificar),"Solo se puede observar por fuera, y durante celebraciones litúrgicas especiales y todos los domingos 10:00 am"
Libre,
NA,NA
NA,NA
NA,NA
Semi-restringido(previo permiso),"Coordinaciones previas, contactar con la Srta. Ana Arias N° 941606915"
Libre,"El ingreso es libre, respetando el horario que ha designado la administración de lunes a viernes de 8am. A 7pm. Sábados y domingos de 8am. A 1pm."
Libre,
Libre,El recepcionista en el lugar el Sr. Elmer Toro Montenegro.- Cel.956434715
NA,NA
Semi-restringido(previo permiso),Previa coordinación con el presidente de la comunidad Sr. Alejandro Huamán Telf. 974 537 609.
Libre,
"Previa presentación de boleto o ticket(especificar tarifa:niños, adultos, estudiantes, etc)","Tarifario: Niños: S/5 ,Adultos: S/.10"
Semi-restringido(previo permiso),Previa coordinación con el Alcalde Sr. Raul Flores telf. 966 101 574
Libre,El ingreso es por la avenida principal de Quequeña a solo 700 metros antes de llegar a la plaza de Quequeña.
Semi-restringido(previo permiso),"Solicitud al Contralmirante César Tello Berenstein, Comandante Quinta Zona Naval - Encargado del buque, Capitán de Corbeta Franco Piazzini Santillana - Cel. 940901411 - Correo piazzinifranco@gmail.com"
NA,NA
NA,NA
Otros (especificar),"Previa coordinación con el propietario de la casona, contactar con el Nro +51 991 101 268"
Libre,
Libre,
NA,NA
Semi-restringido(previo permiso),"Perdir permiso a la señora Capillera Maria Coronel Parra, comunicarse al numero 942481697"
Libre,
Libre,
Libre,"El acceso es libre para los visitantes, pero existe un cerco perimétrico que protege el recurso turístico."
Libre,
Semi-restringido(previo permiso),Para ingresar a la Capilla coordinar con la Sra. Hilaria Espinoza / Cel. 963 959 151
"Previa presentación de boleto o ticket(especificar tarifa:niños, adultos, estudiantes, etc)",LA TARIFA ES: S/5 SOLES NIÑOS Y S/10 SOLES ADULTO
Semi-restringido(previo permiso),Coordinar la visita con el encargado René Berrocal Montalvo. al cell 959046988
Semi-restringido(previo permiso),Para ingresar a la capilla hay que coordinar con la Capillera Sr. Jhanet Arellano / Cel. 963 981 638
Semi-restringido(previo permiso),"Para visitas guiadas, consultas y coordinaciones previas, mediante llamadas o mensajes al whastapp: 945 261 707"
Libre,"Se recomienda llevar cámara fotográfica, bloqueador solar"
NA,NA
"Previa presentación de boleto o ticket(especificar tarifa:niños, adultos, estudiantes, etc)","Tours Estadio Alejandro Villanueva, venta de entradas: www.joinnus.com. Tarifario: Público general S/ 50.00; menores de 10 años S/ 20.00; personas con discapacidad (CONADIS) S/ 20.00"
Libre,
Libre,
NA,NA
NA,NA
NA,NA
NA,NA
NA,NA
NA,NA
Libre,
Libre,
Libre,
Libre,
NA,NA
NA,NA
Semi-restringido(previo permiso),Coordinar directamente con el párroco del templo al número 914981287.
Libre,
Libre,
Libre,
Libre,"Se recomienda llevar ropa cómoda, protector solar, gorra, gafas, agua, snacks, calzado de senderismo y bolsa para la basura."
Libre,
Libre,
Libre,
Libre,
Semi-restringido(previo permiso),Coordinación con la señora Katy celular: 940307725
NA,NA
NA,NA
NA,NA
"Previa presentación de boleto o ticket(especificar tarifa:niños, adultos, estudiantes, etc)",Adultos: S./5.00 Niños: S./1.50 Escolares: S./1.00 Universitarios: S./ 3.00 Adulto mayor: Mayores de 60 años ingreso libre
Libre,
Libre,
Libre,
Libre,
Libre,
Semi-restringido(previo permiso),ingreso previo permiso y coordinación con el Sr. Anibal Elmo Pando Suarez encargado del Santuario. N° de cel 925273779
Libre,
Libre,
Libre,
Libre,
Libre,
NA,NA
Libre,
NA,NA
Libre,
Libre,
Libre,
Libre,
Libre,Coordinar con el Sr. Eduardo Flores - Presidente del Comité de Fiesta.
NA,NA
"Previa presentación de boleto o ticket(especificar tarifa:niños, adultos, estudiantes, etc)",La entrada al circuito es de S/ 5.00 nuevos soles para todo tipo de público.
Libre,
Libre,Coordinar con la asociación Campestre Turístico Medicinal Quilca contacto a 935343360 - el pago es según la voluntad del usuario.
"Previa presentación de boleto o ticket(especificar tarifa:niños, adultos, estudiantes, etc)",La entrada al circuito es de S/ 5.00 nuevos soles para todo tipo de público.
"Previa presentación de boleto o ticket(especificar tarifa:niños, adultos, estudiantes, etc)",La entrada al circuito es de S/ 5.00 nuevos soles para todo tipo de público.
"Previa presentación de boleto o ticket(especificar tarifa:niños, adultos, estudiantes, etc)",La entrada al circuito es de S/ 5.00 nuevos soles para todo tipo de público.
Libre,
Libre,"GUÍA IMPRESCINDIBLE. Equipo técnico: crampones, piolet, cuerda. Riesgo de avalanchas y grietas. Aclimatación mínima de 3 días en Cusco."
Libre,"Se recomienda que el visitante sea acompañado por un guía local autorizado o, en su defecto, por un operador turístico que conozca el recorrido hacia el recurso turístico."
Libre,"Llevar repelente, bloqueador y ropa ligera"
Libre,
Libre,Comunicarse con la Sra. María Salomé Burga Cruz - Presidenta del Comité Religioso.- Cel: 956494971
Libre,
Semi-restringido(previo permiso),Comunicarse con el Sr. Hugo Agustín Saavedra al Celular.953094888
NA,NA
NA,NA
Semi-restringido(previo permiso),Presidente del Concejo Directivo de la Junta Administradora de Servicio de Saneamiento Sr. Berigio Walter Quicha Lopez.
Semi-restringido(previo permiso),El jefe de la Comunidad Nativa Basilio Pelayo Peña Ramos
"Previa presentación de boleto o ticket(especificar tarifa:niños, adultos, estudiantes, etc)",TARIFAS: Nacional: General s/15.00 Universitario: s/10.00 Adulto mayor: s/ 10.00 Escolar: s/5.00 Extranjero: General: s/25.00 Universitario / escolar: s/15.00 Adulto mayor: s/15.00
Libre,"Se recomienda utilizar los servicios de un guía local para el recorrido, cuya información puede solicitarse en la Municipalidad de Kimbiri."
Libre,"Se recomienda utilizar los servicios de un guía local para el recorrido, cuya información puede solicitarse en la Municipalidad de Kimbiri."
Libre,"Se recomienda utilizar los servicios de un guía local para el recorrido, cuya información puede solicitarse en la Municipalidad de Kimbiri."
NA,NA
Libre,
Semi-restringido(previo permiso),"Previa coordinación con la Subgerencia de Educación, Deporte y Cultura al teléfono 6803030 anexo 4113 o vía documento"
Libre,
NA,NA
Libre,
NA,NA
NA,NA
Libre,La iglesia permanece abierta al público.
Libre,
NA,NA
Libre,"Para informes e inscripciones sobre los recorridos guiados, al número de wsp 917358347 / https://www.facebook.com/share/1CugJtXM3U/ / https://www.instagram.com/munilavictoria?igsh=MWo0cTB3bGppMHdmbw=="
NA,NA
Libre,
Libre,"El ingreso al recurso turístico es libre, permitiendo el acceso al público sin restricciones ni control de entrada."
Libre,Una vez hecho el recorrido se puede dejar una donación de 5 soles o lo que se desee.
Libre,
Libre,
Libre,
Libre,
NA,NA
Libre,
NA,NA
NA,NA
Libre,
"Previa presentación de boleto o ticket(especificar tarifa:niños, adultos, estudiantes, etc)","Costo por persona S/. 5.00, 8niños y estudiantes), adultos S/. 10.00."
NA,NA
Libre,
NA,NA
Libre,
NA,NA
Libre,
Semi-restringido(previo permiso),Contactarse al numero 956790111
NA,NA
