MES,PAIS,CONTINENTE,OCM,NUMERO_VISITANTES
ABRIL,AFGHANISTÁN,ASIA,AEROPUERTO INTERNACIONAL JORGE CHÁVEZ,5
ABRIL,AFGHANISTÁN,ASIA,CEBAF - TUMBES,0
ABRIL,AFGHANISTÁN,ASIA,DESAGUADERO,1
ABRIL,AFGHANISTÁN,ASIA,KASANI,0
ABRIL,AFGHANISTÁN,ASIA,OTRAS OCM,0
ABRIL,AFGHANISTÁN,ASIA,SANTA ROSA,17
ABRIL,ALBANIA,EUROPA,AEROPUERTO INTERNACIONAL JORGE CHÁVEZ,37
ABRIL,ALBANIA,EUROPA,CEBAF - TUMBES,0
ABRIL,ALBANIA,EUROPA,DESAGUADERO,1
ABRIL,ALBANIA,EUROPA,KASANI,2
ABRIL,ALBANIA,EUROPA,OTRAS OCM,1
ABRIL,ALBANIA,EUROPA,SANTA ROSA,0
ABRIL,ALEMANIA,EUROPA,AEROPUERTO INTERNACIONAL JORGE CHÁVEZ,22672
ABRIL,ALEMANIA,EUROPA,CEBAF - TUMBES,458
ABRIL,ALEMANIA,EUROPA,DESAGUADERO,1370
ABRIL,ALEMANIA,EUROPA,KASANI,1504
ABRIL,ALEMANIA,EUROPA,OTRAS OCM,1669
ABRIL,ALEMANIA,EUROPA,SANTA ROSA,525
ABRIL,ANDORRA,EUROPA,AEROPUERTO INTERNACIONAL JORGE CHÁVEZ,54
ABRIL,ANDORRA,EUROPA,CEBAF - TUMBES,0
ABRIL,ANDORRA,EUROPA,DESAGUADERO,0
ABRIL,ANDORRA,EUROPA,KASANI,2
ABRIL,ANDORRA,EUROPA,OTRAS OCM,0
ABRIL,ANDORRA,EUROPA,SANTA ROSA,0
ABRIL,ANGOLA,ÁFRICA,AEROPUERTO INTERNACIONAL JORGE CHÁVEZ,9
ABRIL,ANGOLA,ÁFRICA,CEBAF - TUMBES,0
ABRIL,ANGOLA,ÁFRICA,DESAGUADERO,0
ABRIL,ANGOLA,ÁFRICA,KASANI,0
ABRIL,ANGOLA,ÁFRICA,OTRAS OCM,0
ABRIL,ANGOLA,ÁFRICA,SANTA ROSA,0
ABRIL,ANT. BARBUDA,AMÉRICA CENTRAL,AEROPUERTO INTERNACIONAL JORGE CHÁVEZ,9
ABRIL,ANT. BARBUDA,AMÉRICA CENTRAL,CEBAF - TUMBES,0
ABRIL,ANT. BARBUDA,AMÉRICA CENTRAL,DESAGUADERO,0
ABRIL,ANT. BARBUDA,AMÉRICA CENTRAL,KASANI,0
ABRIL,ANT. BARBUDA,AMÉRICA CENTRAL,OTRAS OCM,0
ABRIL,ANT. BARBUDA,AMÉRICA CENTRAL,SANTA ROSA,0
ABRIL,ARABIA SAUDITA,ASIA,AEROPUERTO INTERNACIONAL JORGE CHÁVEZ,100
ABRIL,ARABIA SAUDITA,ASIA,CEBAF - TUMBES,0
ABRIL,ARABIA SAUDITA,ASIA,DESAGUADERO,2
ABRIL,ARABIA SAUDITA,ASIA,KASANI,1
ABRIL,ARABIA SAUDITA,ASIA,OTRAS OCM,2
ABRIL,ARABIA SAUDITA,ASIA,SANTA ROSA,0
ABRIL,ARGELIA,ÁFRICA,AEROPUERTO INTERNACIONAL JORGE CHÁVEZ,41
ABRIL,ARGELIA,ÁFRICA,CEBAF - TUMBES,0
ABRIL,ARGELIA,ÁFRICA,DESAGUADERO,0
ABRIL,ARGELIA,ÁFRICA,KASANI,0
ABRIL,ARGELIA,ÁFRICA,OTRAS OCM,0
ABRIL,ARGELIA,ÁFRICA,SANTA ROSA,0
ABRIL,ARGENTINA,AMÉRICA DEL SUR,AEROPUERTO INTERNACIONAL JORGE CHÁVEZ,44561
ABRIL,ARGENTINA,AMÉRICA DEL SUR,CEBAF - TUMBES,507
ABRIL,ARGENTINA,AMÉRICA DEL SUR,DESAGUADERO,1703
ABRIL,ARGENTINA,AMÉRICA DEL SUR,KASANI,849
ABRIL,ARGENTINA,AMÉRICA DEL SUR,OTRAS OCM,1405
ABRIL,ARGENTINA,AMÉRICA DEL SUR,SANTA ROSA,3687
ABRIL,ARMENIA,ASIA,AEROPUERTO INTERNACIONAL JORGE CHÁVEZ,126
ABRIL,ARMENIA,ASIA,CEBAF - TUMBES,1
ABRIL,ARMENIA,ASIA,DESAGUADERO,2
ABRIL,ARMENIA,ASIA,KASANI,0
ABRIL,ARMENIA,ASIA,OTRAS OCM,1
ABRIL,ARMENIA,ASIA,SANTA ROSA,3
ABRIL,ARUBA,AMÉRICA CENTRAL,AEROPUERTO INTERNACIONAL JORGE CHÁVEZ,92
ABRIL,ARUBA,AMÉRICA CENTRAL,CEBAF - TUMBES,0
ABRIL,ARUBA,AMÉRICA CENTRAL,DESAGUADERO,0
ABRIL,ARUBA,AMÉRICA CENTRAL,KASANI,0
ABRIL,ARUBA,AMÉRICA CENTRAL,OTRAS OCM,4
ABRIL,ARUBA,AMÉRICA CENTRAL,SANTA ROSA,0
ABRIL,AUSTRALIA,OCEANÍA,AEROPUERTO INTERNACIONAL JORGE CHÁVEZ,8903
ABRIL,AUSTRALIA,OCEANÍA,CEBAF - TUMBES,141
ABRIL,AUSTRALIA,OCEANÍA,DESAGUADERO,198
ABRIL,AUSTRALIA,OCEANÍA,KASANI,395
ABRIL,AUSTRALIA,OCEANÍA,OTRAS OCM,1082
ABRIL,AUSTRALIA,OCEANÍA,SANTA ROSA,80
ABRIL,AUSTRIA,EUROPA,AEROPUERTO INTERNACIONAL JORGE CHÁVEZ,2234
ABRIL,AUSTRIA,EUROPA,CEBAF - TUMBES,48
ABRIL,AUSTRIA,EUROPA,DESAGUADERO,96
ABRIL,AUSTRIA,EUROPA,KASANI,144
ABRIL,AUSTRIA,EUROPA,OTRAS OCM,249
ABRIL,AUSTRIA,EUROPA,SANTA ROSA,52
ABRIL,AZERBAIYÁN,ASIA,AEROPUERTO INTERNACIONAL JORGE CHÁVEZ,24
ABRIL,AZERBAIYÁN,ASIA,CEBAF - TUMBES,0
ABRIL,AZERBAIYÁN,ASIA,DESAGUADERO,1
ABRIL,AZERBAIYÁN,ASIA,KASANI,0
ABRIL,AZERBAIYÁN,ASIA,OTRAS OCM,0
ABRIL,AZERBAIYÁN,ASIA,SANTA ROSA,0
ABRIL,BAHAMAS,AMÉRICA CENTRAL,AEROPUERTO INTERNACIONAL JORGE CHÁVEZ,106
ABRIL,BAHAMAS,AMÉRICA CENTRAL,CEBAF - TUMBES,0
ABRIL,BAHAMAS,AMÉRICA CENTRAL,DESAGUADERO,0
ABRIL,BAHAMAS,AMÉRICA CENTRAL,KASANI,0
ABRIL,BAHAMAS,AMÉRICA CENTRAL,OTRAS OCM,2
ABRIL,BAHAMAS,AMÉRICA CENTRAL,SANTA ROSA,0
ABRIL,BAHRÉIN,ASIA,AEROPUERTO INTERNACIONAL JORGE CHÁVEZ,25
ABRIL,BAHRÉIN,ASIA,CEBAF - TUMBES,0
ABRIL,BAHRÉIN,ASIA,DESAGUADERO,0
ABRIL,BAHRÉIN,ASIA,KASANI,0
ABRIL,BAHRÉIN,ASIA,OTRAS OCM,2
ABRIL,BAHRÉIN,ASIA,SANTA ROSA,0
ABRIL,BANGLADESH,ASIA,AEROPUERTO INTERNACIONAL JORGE CHÁVEZ,50
ABRIL,BANGLADESH,ASIA,CEBAF - TUMBES,0
ABRIL,BANGLADESH,ASIA,DESAGUADERO,0
ABRIL,BANGLADESH,ASIA,KASANI,0
ABRIL,BANGLADESH,ASIA,OTRAS OCM,3
ABRIL,BANGLADESH,ASIA,SANTA ROSA,0
ABRIL,BARBADOS,AMÉRICA CENTRAL,AEROPUERTO INTERNACIONAL JORGE CHÁVEZ,154
ABRIL,BARBADOS,AMÉRICA CENTRAL,CEBAF - TUMBES,0
ABRIL,BARBADOS,AMÉRICA CENTRAL,DESAGUADERO,0
ABRIL,BARBADOS,AMÉRICA CENTRAL,KASANI,1
ABRIL,BARBADOS,AMÉRICA CENTRAL,OTRAS OCM,3
ABRIL,BARBADOS,AMÉRICA CENTRAL,SANTA ROSA,1
ABRIL,BELICE,AMÉRICA CENTRAL,AEROPUERTO INTERNACIONAL JORGE CHÁVEZ,165
ABRIL,BELICE,AMÉRICA CENTRAL,CEBAF - TUMBES,6
ABRIL,BELICE,AMÉRICA CENTRAL,DESAGUADERO,2
ABRIL,BELICE,AMÉRICA CENTRAL,KASANI,2
ABRIL,BELICE,AMÉRICA CENTRAL,OTRAS OCM,0
ABRIL,BELICE,AMÉRICA CENTRAL,SANTA ROSA,0
ABRIL,BELORUSIA,EUROPA,AEROPUERTO INTERNACIONAL JORGE CHÁVEZ,209
ABRIL,BELORUSIA,EUROPA,CEBAF - TUMBES,1
ABRIL,BELORUSIA,EUROPA,DESAGUADERO,11
ABRIL,BELORUSIA,EUROPA,KASANI,2
ABRIL,BELORUSIA,EUROPA,OTRAS OCM,5
ABRIL,BELORUSIA,EUROPA,SANTA ROSA,0
ABRIL,BENÍN,ÁFRICA,AEROPUERTO INTERNACIONAL JORGE CHÁVEZ,2
ABRIL,BENÍN,ÁFRICA,CEBAF - TUMBES,2
ABRIL,BENÍN,ÁFRICA,DESAGUADERO,0
ABRIL,BENÍN,ÁFRICA,KASANI,0
ABRIL,BENÍN,ÁFRICA,OTRAS OCM,0
ABRIL,BENÍN,ÁFRICA,SANTA ROSA,0
ABRIL,BERMUDAS,AMÉRICA CENTRAL,AEROPUERTO INTERNACIONAL JORGE CHÁVEZ,8
ABRIL,BERMUDAS,AMÉRICA CENTRAL,CEBAF - TUMBES,0
ABRIL,BERMUDAS,AMÉRICA CENTRAL,DESAGUADERO,0
ABRIL,BERMUDAS,AMÉRICA CENTRAL,KASANI,0
ABRIL,BERMUDAS,AMÉRICA CENTRAL,OTRAS OCM,0
ABRIL,BERMUDAS,AMÉRICA CENTRAL,SANTA ROSA,0
ABRIL,BHUTÁN,ASIA,AEROPUERTO INTERNACIONAL JORGE CHÁVEZ,4
ABRIL,BHUTÁN,ASIA,CEBAF - TUMBES,0
ABRIL,BHUTÁN,ASIA,DESAGUADERO,0
ABRIL,BHUTÁN,ASIA,KASANI,0
ABRIL,BHUTÁN,ASIA,OTRAS OCM,0
ABRIL,BHUTÁN,ASIA,SANTA ROSA,0
ABRIL,BOLIVIA,AMÉRICA DEL SUR,AEROPUERTO INTERNACIONAL JORGE CHÁVEZ,8613
ABRIL,BOLIVIA,AMÉRICA DEL SUR,CEBAF - TUMBES,155
ABRIL,BOLIVIA,AMÉRICA DEL SUR,DESAGUADERO,39189
ABRIL,BOLIVIA,AMÉRICA DEL SUR,KASANI,4412
ABRIL,BOLIVIA,AMÉRICA DEL SUR,OTRAS OCM,2431
ABRIL,BOLIVIA,AMÉRICA DEL SUR,SANTA ROSA,10920
ABRIL,BOSNIA Y HERZEGOVINA,EUROPA,AEROPUERTO INTERNACIONAL JORGE CHÁVEZ,30
ABRIL,BOSNIA Y HERZEGOVINA,EUROPA,CEBAF - TUMBES,0
ABRIL,BOSNIA Y HERZEGOVINA,EUROPA,DESAGUADERO,2
ABRIL,BOSNIA Y HERZEGOVINA,EUROPA,KASANI,1
ABRIL,BOSNIA Y HERZEGOVINA,EUROPA,OTRAS OCM,1
ABRIL,BOSNIA Y HERZEGOVINA,EUROPA,SANTA ROSA,0
ABRIL,BOTSWANA,ÁFRICA,AEROPUERTO INTERNACIONAL JORGE CHÁVEZ,2
ABRIL,BOTSWANA,ÁFRICA,CEBAF - TUMBES,0
ABRIL,BOTSWANA,ÁFRICA,DESAGUADERO,0
ABRIL,BOTSWANA,ÁFRICA,KASANI,0
ABRIL,BOTSWANA,ÁFRICA,OTRAS OCM,0
ABRIL,BOTSWANA,ÁFRICA,SANTA ROSA,0
ABRIL,BRASIL,AMÉRICA DEL SUR,AEROPUERTO INTERNACIONAL JORGE CHÁVEZ,54838
ABRIL,BRASIL,AMÉRICA DEL SUR,CEBAF - TUMBES,111
ABRIL,BRASIL,AMÉRICA DEL SUR,DESAGUADERO,917
ABRIL,BRASIL,AMÉRICA DEL SUR,KASANI,606
ABRIL,BRASIL,AMÉRICA DEL SUR,OTRAS OCM,6152
ABRIL,BRASIL,AMÉRICA DEL SUR,SANTA ROSA,2496
ABRIL,BRUNÉI,ASIA,AEROPUERTO INTERNACIONAL JORGE CHÁVEZ,7
ABRIL,BRUNÉI,ASIA,CEBAF - TUMBES,0
ABRIL,BRUNÉI,ASIA,DESAGUADERO,0
ABRIL,BRUNÉI,ASIA,KASANI,0
ABRIL,BRUNÉI,ASIA,OTRAS OCM,0
ABRIL,BRUNÉI,ASIA,SANTA ROSA,0
ABRIL,BULGARIA,EUROPA,AEROPUERTO INTERNACIONAL JORGE CHÁVEZ,767
ABRIL,BULGARIA,EUROPA,CEBAF - TUMBES,45
ABRIL,BULGARIA,EUROPA,DESAGUADERO,35
ABRIL,BULGARIA,EUROPA,KASANI,24
ABRIL,BULGARIA,EUROPA,OTRAS OCM,90
ABRIL,BULGARIA,EUROPA,SANTA ROSA,6
ABRIL,BURKINA FASO,ÁFRICA,AEROPUERTO INTERNACIONAL JORGE CHÁVEZ,7
ABRIL,BURKINA FASO,ÁFRICA,CEBAF - TUMBES,0
ABRIL,BURKINA FASO,ÁFRICA,DESAGUADERO,0
ABRIL,BURKINA FASO,ÁFRICA,KASANI,0
ABRIL,BURKINA FASO,ÁFRICA,OTRAS OCM,0
ABRIL,BURKINA FASO,ÁFRICA,SANTA ROSA,0
ABRIL,BURUNDI,ÁFRICA,AEROPUERTO INTERNACIONAL JORGE CHÁVEZ,1
ABRIL,BURUNDI,ÁFRICA,CEBAF - TUMBES,0
ABRIL,BURUNDI,ÁFRICA,DESAGUADERO,0
ABRIL,BURUNDI,ÁFRICA,KASANI,0
ABRIL,BURUNDI,ÁFRICA,OTRAS OCM,0
ABRIL,BURUNDI,ÁFRICA,SANTA ROSA,0
ABRIL,BÉLGICA,EUROPA,AEROPUERTO INTERNACIONAL JORGE CHÁVEZ,4498
ABRIL,BÉLGICA,EUROPA,CEBAF - TUMBES,74
ABRIL,BÉLGICA,EUROPA,DESAGUADERO,177
ABRIL,BÉLGICA,EUROPA,KASANI,211
ABRIL,BÉLGICA,EUROPA,OTRAS OCM,199
ABRIL,BÉLGICA,EUROPA,SANTA ROSA,61
ABRIL,CABO VERDE,ÁFRICA,AEROPUERTO INTERNACIONAL JORGE CHÁVEZ,3
ABRIL,CABO VERDE,ÁFRICA,CEBAF - TUMBES,0
ABRIL,CABO VERDE,ÁFRICA,DESAGUADERO,0
ABRIL,CABO VERDE,ÁFRICA,KASANI,0
ABRIL,CABO VERDE,ÁFRICA,OTRAS OCM,2
ABRIL,CABO VERDE,ÁFRICA,SANTA ROSA,0
ABRIL,CAMBOYA,ASIA,AEROPUERTO INTERNACIONAL JORGE CHÁVEZ,4
ABRIL,CAMBOYA,ASIA,CEBAF - TUMBES,0
ABRIL,CAMBOYA,ASIA,DESAGUADERO,0
ABRIL,CAMBOYA,ASIA,KASANI,0
ABRIL,CAMBOYA,ASIA,OTRAS OCM,0
ABRIL,CAMBOYA,ASIA,SANTA ROSA,0
ABRIL,CAMERÚN,ÁFRICA,AEROPUERTO INTERNACIONAL JORGE CHÁVEZ,22
ABRIL,CAMERÚN,ÁFRICA,CEBAF - TUMBES,0
ABRIL,CAMERÚN,ÁFRICA,DESAGUADERO,0
ABRIL,CAMERÚN,ÁFRICA,KASANI,0
ABRIL,CAMERÚN,ÁFRICA,OTRAS OCM,1
ABRIL,CAMERÚN,ÁFRICA,SANTA ROSA,0
ABRIL,CANADÁ,AMÉRICA DEL NORTE,AEROPUERTO INTERNACIONAL JORGE CHÁVEZ,26103
ABRIL,CANADÁ,AMÉRICA DEL NORTE,CEBAF - TUMBES,167
ABRIL,CANADÁ,AMÉRICA DEL NORTE,DESAGUADERO,244
ABRIL,CANADÁ,AMÉRICA DEL NORTE,KASANI,295
ABRIL,CANADÁ,AMÉRICA DEL NORTE,OTRAS OCM,888
ABRIL,CANADÁ,AMÉRICA DEL NORTE,SANTA ROSA,119
ABRIL,CEYLÁN,ASIA,AEROPUERTO INTERNACIONAL JORGE CHÁVEZ,0
ABRIL,CEYLÁN,ASIA,CEBAF - TUMBES,0
ABRIL,CEYLÁN,ASIA,DESAGUADERO,0
ABRIL,CEYLÁN,ASIA,KASANI,0
ABRIL,CEYLÁN,ASIA,OTRAS OCM,0
ABRIL,CEYLÁN,ASIA,SANTA ROSA,0
ABRIL,CHAD,ÁFRICA,AEROPUERTO INTERNACIONAL JORGE CHÁVEZ,0
ABRIL,CHAD,ÁFRICA,CEBAF - TUMBES,0
ABRIL,CHAD,ÁFRICA,DESAGUADERO,0
ABRIL,CHAD,ÁFRICA,KASANI,0
ABRIL,CHAD,ÁFRICA,OTRAS OCM,0
ABRIL,CHAD,ÁFRICA,SANTA ROSA,1
ABRIL,CHILE,AMÉRICA DEL SUR,AEROPUERTO INTERNACIONAL JORGE CHÁVEZ,82573
ABRIL,CHILE,AMÉRICA DEL SUR,CEBAF - TUMBES,988
ABRIL,CHILE,AMÉRICA DEL SUR,DESAGUADERO,440
ABRIL,CHILE,AMÉRICA DEL SUR,KASANI,198
ABRIL,CHILE,AMÉRICA DEL SUR,OTRAS OCM,8015
ABRIL,CHILE,AMÉRICA DEL SUR,SANTA ROSA,314981
ABRIL,CHINA (R.P),ASIA,AEROPUERTO INTERNACIONAL JORGE CHÁVEZ,10230
ABRIL,CHINA (R.P),ASIA,CEBAF - TUMBES,63
ABRIL,CHINA (R.P),ASIA,DESAGUADERO,86
ABRIL,CHINA (R.P),ASIA,KASANI,75
ABRIL,CHINA (R.P),ASIA,OTRAS OCM,756
ABRIL,CHINA (R.P),ASIA,SANTA ROSA,127
ABRIL,CHIPRE,EUROPA,AEROPUERTO INTERNACIONAL JORGE CHÁVEZ,190
ABRIL,CHIPRE,EUROPA,CEBAF - TUMBES,0
ABRIL,CHIPRE,EUROPA,DESAGUADERO,9
ABRIL,CHIPRE,EUROPA,KASANI,0
ABRIL,CHIPRE,EUROPA,OTRAS OCM,14
ABRIL,CHIPRE,EUROPA,SANTA ROSA,0
ABRIL,COLOMBIA,AMÉRICA DEL SUR,AEROPUERTO INTERNACIONAL JORGE CHÁVEZ,58310
ABRIL,COLOMBIA,AMÉRICA DEL SUR,CEBAF - TUMBES,9090
ABRIL,COLOMBIA,AMÉRICA DEL SUR,DESAGUADERO,987
ABRIL,COLOMBIA,AMÉRICA DEL SUR,KASANI,422
ABRIL,COLOMBIA,AMÉRICA DEL SUR,OTRAS OCM,4620
ABRIL,COLOMBIA,AMÉRICA DEL SUR,SANTA ROSA,4600
ABRIL,COMORAS (ISL),ÁFRICA,AEROPUERTO INTERNACIONAL JORGE CHÁVEZ,0
ABRIL,COMORAS (ISL),ÁFRICA,CEBAF - TUMBES,0
ABRIL,COMORAS (ISL),ÁFRICA,DESAGUADERO,0
ABRIL,COMORAS (ISL),ÁFRICA,KASANI,0
ABRIL,COMORAS (ISL),ÁFRICA,OTRAS OCM,0
ABRIL,COMORAS (ISL),ÁFRICA,SANTA ROSA,0
ABRIL,CONGO,ÁFRICA,AEROPUERTO INTERNACIONAL JORGE CHÁVEZ,3
ABRIL,CONGO,ÁFRICA,CEBAF - TUMBES,0
ABRIL,CONGO,ÁFRICA,DESAGUADERO,0
ABRIL,CONGO,ÁFRICA,KASANI,0
ABRIL,CONGO,ÁFRICA,OTRAS OCM,0
ABRIL,CONGO,ÁFRICA,SANTA ROSA,0
ABRIL,COREA DEL NORTE,ASIA,AEROPUERTO INTERNACIONAL JORGE CHÁVEZ,6
ABRIL,COREA DEL NORTE,ASIA,CEBAF - TUMBES,1
ABRIL,COREA DEL NORTE,ASIA,DESAGUADERO,1
ABRIL,COREA DEL NORTE,ASIA,KASANI,0
ABRIL,COREA DEL NORTE,ASIA,OTRAS OCM,0
ABRIL,COREA DEL NORTE,ASIA,SANTA ROSA,0
ABRIL,COREA DEL SUR,ASIA,AEROPUERTO INTERNACIONAL JORGE CHÁVEZ,4635
ABRIL,COREA DEL SUR,ASIA,CEBAF - TUMBES,51
ABRIL,COREA DEL SUR,ASIA,DESAGUADERO,144
ABRIL,COREA DEL SUR,ASIA,KASANI,95
ABRIL,COREA DEL SUR,ASIA,OTRAS OCM,245
ABRIL,COREA DEL SUR,ASIA,SANTA ROSA,42
ABRIL,COSTA MARFIL,ÁFRICA,AEROPUERTO INTERNACIONAL JORGE CHÁVEZ,3
ABRIL,COSTA MARFIL,ÁFRICA,CEBAF - TUMBES,0
ABRIL,COSTA MARFIL,ÁFRICA,DESAGUADERO,0
ABRIL,COSTA MARFIL,ÁFRICA,KASANI,0
ABRIL,COSTA MARFIL,ÁFRICA,OTRAS OCM,0
ABRIL,COSTA MARFIL,ÁFRICA,SANTA ROSA,0
ABRIL,COSTA RICA,AMÉRICA CENTRAL,AEROPUERTO INTERNACIONAL JORGE CHÁVEZ,10037
ABRIL,COSTA RICA,AMÉRICA CENTRAL,CEBAF - TUMBES,18
ABRIL,COSTA RICA,AMÉRICA CENTRAL,DESAGUADERO,66
ABRIL,COSTA RICA,AMÉRICA CENTRAL,KASANI,36
ABRIL,COSTA RICA,AMÉRICA CENTRAL,OTRAS OCM,446
ABRIL,COSTA RICA,AMÉRICA CENTRAL,SANTA ROSA,16
ABRIL,CROACIA,EUROPA,AEROPUERTO INTERNACIONAL JORGE CHÁVEZ,435
ABRIL,CROACIA,EUROPA,CEBAF - TUMBES,6
ABRIL,CROACIA,EUROPA,DESAGUADERO,16
ABRIL,CROACIA,EUROPA,KASANI,29
ABRIL,CROACIA,EUROPA,OTRAS OCM,42
ABRIL,CROACIA,EUROPA,SANTA ROSA,4
ABRIL,CUBA,AMÉRICA CENTRAL,AEROPUERTO INTERNACIONAL JORGE CHÁVEZ,2232
ABRIL,CUBA,AMÉRICA CENTRAL,CEBAF - TUMBES,23
ABRIL,CUBA,AMÉRICA CENTRAL,DESAGUADERO,2
ABRIL,CUBA,AMÉRICA CENTRAL,KASANI,2
ABRIL,CUBA,AMÉRICA CENTRAL,OTRAS OCM,26
ABRIL,CUBA,AMÉRICA CENTRAL,SANTA ROSA,52
ABRIL,DEMOC. REP. CONGO (ZAIRE),ÁFRICA,AEROPUERTO INTERNACIONAL JORGE CHÁVEZ,1
ABRIL,DEMOC. REP. CONGO (ZAIRE),ÁFRICA,CEBAF - TUMBES,0
ABRIL,DEMOC. REP. CONGO (ZAIRE),ÁFRICA,DESAGUADERO,0
ABRIL,DEMOC. REP. CONGO (ZAIRE),ÁFRICA,KASANI,0
ABRIL,DEMOC. REP. CONGO (ZAIRE),ÁFRICA,OTRAS OCM,0
ABRIL,DEMOC. REP. CONGO (ZAIRE),ÁFRICA,SANTA ROSA,0
ABRIL,DINAMARCA,EUROPA,AEROPUERTO INTERNACIONAL JORGE CHÁVEZ,2189
ABRIL,DINAMARCA,EUROPA,CEBAF - TUMBES,247
ABRIL,DINAMARCA,EUROPA,DESAGUADERO,222
ABRIL,DINAMARCA,EUROPA,KASANI,213
ABRIL,DINAMARCA,EUROPA,OTRAS OCM,183
ABRIL,DINAMARCA,EUROPA,SANTA ROSA,32
ABRIL,DJIBOUTI,ÁFRICA,AEROPUERTO INTERNACIONAL JORGE CHÁVEZ,1
ABRIL,DJIBOUTI,ÁFRICA,CEBAF - TUMBES,0
ABRIL,DJIBOUTI,ÁFRICA,DESAGUADERO,0
ABRIL,DJIBOUTI,ÁFRICA,KASANI,0
ABRIL,DJIBOUTI,ÁFRICA,OTRAS OCM,0
ABRIL,DJIBOUTI,ÁFRICA,SANTA ROSA,0
ABRIL,DOMINICA,AMÉRICA CENTRAL,AEROPUERTO INTERNACIONAL JORGE CHÁVEZ,28
ABRIL,DOMINICA,AMÉRICA CENTRAL,CEBAF - TUMBES,2
ABRIL,DOMINICA,AMÉRICA CENTRAL,DESAGUADERO,0
ABRIL,DOMINICA,AMÉRICA CENTRAL,KASANI,0
ABRIL,DOMINICA,AMÉRICA CENTRAL,OTRAS OCM,3
ABRIL,DOMINICA,AMÉRICA CENTRAL,SANTA ROSA,2
ABRIL,ECUADOR,AMÉRICA DEL SUR,AEROPUERTO INTERNACIONAL JORGE CHÁVEZ,21939
ABRIL,ECUADOR,AMÉRICA DEL SUR,CEBAF - TUMBES,88821
ABRIL,ECUADOR,AMÉRICA DEL SUR,DESAGUADERO,587
ABRIL,ECUADOR,AMÉRICA DEL SUR,KASANI,197
ABRIL,ECUADOR,AMÉRICA DEL SUR,OTRAS OCM,12646
ABRIL,ECUADOR,AMÉRICA DEL SUR,SANTA ROSA,3564
ABRIL,EE.UU,AMÉRICA DEL NORTE,AEROPUERTO INTERNACIONAL JORGE CHÁVEZ,227935
ABRIL,EE.UU,AMÉRICA DEL NORTE,CEBAF - TUMBES,551
ABRIL,EE.UU,AMÉRICA DEL NORTE,DESAGUADERO,368
ABRIL,EE.UU,AMÉRICA DEL NORTE,KASANI,329
ABRIL,EE.UU,AMÉRICA DEL NORTE,OTRAS OCM,4609
ABRIL,EE.UU,AMÉRICA DEL NORTE,SANTA ROSA,571
ABRIL,EGIPTO,ÁFRICA,AEROPUERTO INTERNACIONAL JORGE CHÁVEZ,123
ABRIL,EGIPTO,ÁFRICA,CEBAF - TUMBES,1
ABRIL,EGIPTO,ÁFRICA,DESAGUADERO,0
ABRIL,EGIPTO,ÁFRICA,KASANI,1
ABRIL,EGIPTO,ÁFRICA,OTRAS OCM,4
ABRIL,EGIPTO,ÁFRICA,SANTA ROSA,0
ABRIL,EL SALVADOR,AMÉRICA CENTRAL,AEROPUERTO INTERNACIONAL JORGE CHÁVEZ,2932
ABRIL,EL SALVADOR,AMÉRICA CENTRAL,CEBAF - TUMBES,5
ABRIL,EL SALVADOR,AMÉRICA CENTRAL,DESAGUADERO,9
ABRIL,EL SALVADOR,AMÉRICA CENTRAL,KASANI,5
ABRIL,EL SALVADOR,AMÉRICA CENTRAL,OTRAS OCM,40
ABRIL,EL SALVADOR,AMÉRICA CENTRAL,SANTA ROSA,4
ABRIL,EMIRATOS ÁRABES UNIDOS,ASIA,AEROPUERTO INTERNACIONAL JORGE CHÁVEZ,85
ABRIL,EMIRATOS ÁRABES UNIDOS,ASIA,CEBAF - TUMBES,0
ABRIL,EMIRATOS ÁRABES UNIDOS,ASIA,DESAGUADERO,1
ABRIL,EMIRATOS ÁRABES UNIDOS,ASIA,KASANI,0
ABRIL,EMIRATOS ÁRABES UNIDOS,ASIA,OTRAS OCM,6
ABRIL,EMIRATOS ÁRABES UNIDOS,ASIA,SANTA ROSA,0
ABRIL,ERITREA,ÁFRICA,AEROPUERTO INTERNACIONAL JORGE CHÁVEZ,4
ABRIL,ERITREA,ÁFRICA,CEBAF - TUMBES,0
ABRIL,ERITREA,ÁFRICA,DESAGUADERO,0
ABRIL,ERITREA,ÁFRICA,KASANI,0
ABRIL,ERITREA,ÁFRICA,OTRAS OCM,0
ABRIL,ERITREA,ÁFRICA,SANTA ROSA,0
ABRIL,ESLOVAQUIA,EUROPA,AEROPUERTO INTERNACIONAL JORGE CHÁVEZ,1045
ABRIL,ESLOVAQUIA,EUROPA,CEBAF - TUMBES,10
ABRIL,ESLOVAQUIA,EUROPA,DESAGUADERO,103
ABRIL,ESLOVAQUIA,EUROPA,KASANI,69
ABRIL,ESLOVAQUIA,EUROPA,OTRAS OCM,69
ABRIL,ESLOVAQUIA,EUROPA,SANTA ROSA,6
ABRIL,ESLOVENIA,EUROPA,AEROPUERTO INTERNACIONAL JORGE CHÁVEZ,742
ABRIL,ESLOVENIA,EUROPA,CEBAF - TUMBES,3
ABRIL,ESLOVENIA,EUROPA,DESAGUADERO,3
ABRIL,ESLOVENIA,EUROPA,KASANI,25
ABRIL,ESLOVENIA,EUROPA,OTRAS OCM,15
ABRIL,ESLOVENIA,EUROPA,SANTA ROSA,5
ABRIL,ESPAÑA,EUROPA,AEROPUERTO INTERNACIONAL JORGE CHÁVEZ,44907
ABRIL,ESPAÑA,EUROPA,CEBAF - TUMBES,345
ABRIL,ESPAÑA,EUROPA,DESAGUADERO,372
ABRIL,ESPAÑA,EUROPA,KASANI,371
ABRIL,ESPAÑA,EUROPA,OTRAS OCM,992
ABRIL,ESPAÑA,EUROPA,SANTA ROSA,332
ABRIL,ESTONIA,EUROPA,AEROPUERTO INTERNACIONAL JORGE CHÁVEZ,167
ABRIL,ESTONIA,EUROPA,CEBAF - TUMBES,1
ABRIL,ESTONIA,EUROPA,DESAGUADERO,9
ABRIL,ESTONIA,EUROPA,KASANI,6
ABRIL,ESTONIA,EUROPA,OTRAS OCM,16
ABRIL,ESTONIA,EUROPA,SANTA ROSA,2
ABRIL,ETIOPÍA,ÁFRICA,AEROPUERTO INTERNACIONAL JORGE CHÁVEZ,4
ABRIL,ETIOPÍA,ÁFRICA,CEBAF - TUMBES,0
ABRIL,ETIOPÍA,ÁFRICA,DESAGUADERO,0
ABRIL,ETIOPÍA,ÁFRICA,KASANI,0
ABRIL,ETIOPÍA,ÁFRICA,OTRAS OCM,2
ABRIL,ETIOPÍA,ÁFRICA,SANTA ROSA,0
ABRIL,EX R. YUG. MACEDONIA,EUROPA,AEROPUERTO INTERNACIONAL JORGE CHÁVEZ,47
ABRIL,EX R. YUG. MACEDONIA,EUROPA,CEBAF - TUMBES,0
ABRIL,EX R. YUG. MACEDONIA,EUROPA,DESAGUADERO,1
ABRIL,EX R. YUG. MACEDONIA,EUROPA,KASANI,1
ABRIL,EX R. YUG. MACEDONIA,EUROPA,OTRAS OCM,5
ABRIL,EX R. YUG. MACEDONIA,EUROPA,SANTA ROSA,1
ABRIL,FIJI,OCEANÍA,AEROPUERTO INTERNACIONAL JORGE CHÁVEZ,18
ABRIL,FIJI,OCEANÍA,CEBAF - TUMBES,0
ABRIL,FIJI,OCEANÍA,DESAGUADERO,0
ABRIL,FIJI,OCEANÍA,KASANI,0
ABRIL,FIJI,OCEANÍA,OTRAS OCM,0
ABRIL,FIJI,OCEANÍA,SANTA ROSA,0
ABRIL,FILIPINAS,ASIA,AEROPUERTO INTERNACIONAL JORGE CHÁVEZ,1306
ABRIL,FILIPINAS,ASIA,CEBAF - TUMBES,8
ABRIL,FILIPINAS,ASIA,DESAGUADERO,18
ABRIL,FILIPINAS,ASIA,KASANI,9
ABRIL,FILIPINAS,ASIA,OTRAS OCM,425
ABRIL,FILIPINAS,ASIA,SANTA ROSA,0
ABRIL,FINLANDIA,EUROPA,AEROPUERTO INTERNACIONAL JORGE CHÁVEZ,696
ABRIL,FINLANDIA,EUROPA,CEBAF - TUMBES,11
ABRIL,FINLANDIA,EUROPA,DESAGUADERO,18
ABRIL,FINLANDIA,EUROPA,KASANI,41
ABRIL,FINLANDIA,EUROPA,OTRAS OCM,40
ABRIL,FINLANDIA,EUROPA,SANTA ROSA,13
ABRIL,FRANCIA,EUROPA,AEROPUERTO INTERNACIONAL JORGE CHÁVEZ,30256
ABRIL,FRANCIA,EUROPA,CEBAF - TUMBES,569
ABRIL,FRANCIA,EUROPA,DESAGUADERO,1801
ABRIL,FRANCIA,EUROPA,KASANI,1978
ABRIL,FRANCIA,EUROPA,OTRAS OCM,1614
ABRIL,FRANCIA,EUROPA,SANTA ROSA,583
ABRIL,GABÓN,ÁFRICA,AEROPUERTO INTERNACIONAL JORGE CHÁVEZ,1
ABRIL,GABÓN,ÁFRICA,CEBAF - TUMBES,0
ABRIL,GABÓN,ÁFRICA,DESAGUADERO,0
ABRIL,GABÓN,ÁFRICA,KASANI,0
ABRIL,GABÓN,ÁFRICA,OTRAS OCM,0
ABRIL,GABÓN,ÁFRICA,SANTA ROSA,0
ABRIL,GAMBIA,ÁFRICA,AEROPUERTO INTERNACIONAL JORGE CHÁVEZ,0
ABRIL,GAMBIA,ÁFRICA,CEBAF - TUMBES,0
ABRIL,GAMBIA,ÁFRICA,DESAGUADERO,0
ABRIL,GAMBIA,ÁFRICA,KASANI,0
ABRIL,GAMBIA,ÁFRICA,OTRAS OCM,0
ABRIL,GAMBIA,ÁFRICA,SANTA ROSA,0
ABRIL,GEORGIA,ASIA,AEROPUERTO INTERNACIONAL JORGE CHÁVEZ,60
ABRIL,GEORGIA,ASIA,CEBAF - TUMBES,0
ABRIL,GEORGIA,ASIA,DESAGUADERO,1
ABRIL,GEORGIA,ASIA,KASANI,0
ABRIL,GEORGIA,ASIA,OTRAS OCM,4
ABRIL,GEORGIA,ASIA,SANTA ROSA,0
ABRIL,GHANA,ÁFRICA,AEROPUERTO INTERNACIONAL JORGE CHÁVEZ,23
ABRIL,GHANA,ÁFRICA,CEBAF - TUMBES,5
ABRIL,GHANA,ÁFRICA,DESAGUADERO,0
ABRIL,GHANA,ÁFRICA,KASANI,0
ABRIL,GHANA,ÁFRICA,OTRAS OCM,4
ABRIL,GHANA,ÁFRICA,SANTA ROSA,0
ABRIL,GRANADA,AMÉRICA CENTRAL,AEROPUERTO INTERNACIONAL JORGE CHÁVEZ,44
ABRIL,GRANADA,AMÉRICA CENTRAL,CEBAF - TUMBES,0
ABRIL,GRANADA,AMÉRICA CENTRAL,DESAGUADERO,5
ABRIL,GRANADA,AMÉRICA CENTRAL,KASANI,1
ABRIL,GRANADA,AMÉRICA CENTRAL,OTRAS OCM,2
ABRIL,GRANADA,AMÉRICA CENTRAL,SANTA ROSA,0
ABRIL,GRECIA,EUROPA,AEROPUERTO INTERNACIONAL JORGE CHÁVEZ,1449
ABRIL,GRECIA,EUROPA,CEBAF - TUMBES,4
ABRIL,GRECIA,EUROPA,DESAGUADERO,63
ABRIL,GRECIA,EUROPA,KASANI,66
ABRIL,GRECIA,EUROPA,OTRAS OCM,60
ABRIL,GRECIA,EUROPA,SANTA ROSA,5
ABRIL,GROENLANDIA,EUROPA,AEROPUERTO INTERNACIONAL JORGE CHÁVEZ,0
ABRIL,GROENLANDIA,EUROPA,CEBAF - TUMBES,0
ABRIL,GROENLANDIA,EUROPA,DESAGUADERO,0
ABRIL,GROENLANDIA,EUROPA,KASANI,0
ABRIL,GROENLANDIA,EUROPA,OTRAS OCM,0
ABRIL,GROENLANDIA,EUROPA,SANTA ROSA,0
ABRIL,GUATEMALA,AMÉRICA CENTRAL,AEROPUERTO INTERNACIONAL JORGE CHÁVEZ,3722
ABRIL,GUATEMALA,AMÉRICA CENTRAL,CEBAF - TUMBES,22
ABRIL,GUATEMALA,AMÉRICA CENTRAL,DESAGUADERO,15
ABRIL,GUATEMALA,AMÉRICA CENTRAL,KASANI,21
ABRIL,GUATEMALA,AMÉRICA CENTRAL,OTRAS OCM,63
ABRIL,GUATEMALA,AMÉRICA CENTRAL,SANTA ROSA,14
ABRIL,GUINEA,ÁFRICA,AEROPUERTO INTERNACIONAL JORGE CHÁVEZ,1
ABRIL,GUINEA,ÁFRICA,CEBAF - TUMBES,0
ABRIL,GUINEA,ÁFRICA,DESAGUADERO,0
ABRIL,GUINEA,ÁFRICA,KASANI,0
ABRIL,GUINEA,ÁFRICA,OTRAS OCM,0
ABRIL,GUINEA,ÁFRICA,SANTA ROSA,0
ABRIL,GUINEA BISSAU,ÁFRICA,AEROPUERTO INTERNACIONAL JORGE CHÁVEZ,0
ABRIL,GUINEA BISSAU,ÁFRICA,CEBAF - TUMBES,0
ABRIL,GUINEA BISSAU,ÁFRICA,DESAGUADERO,0
ABRIL,GUINEA BISSAU,ÁFRICA,KASANI,0
ABRIL,GUINEA BISSAU,ÁFRICA,OTRAS OCM,0
ABRIL,GUINEA BISSAU,ÁFRICA,SANTA ROSA,0
ABRIL,GUINEA ECUATORIAL,ÁFRICA,AEROPUERTO INTERNACIONAL JORGE CHÁVEZ,2
ABRIL,GUINEA ECUATORIAL,ÁFRICA,CEBAF - TUMBES,0
ABRIL,GUINEA ECUATORIAL,ÁFRICA,DESAGUADERO,0
ABRIL,GUINEA ECUATORIAL,ÁFRICA,KASANI,0
ABRIL,GUINEA ECUATORIAL,ÁFRICA,OTRAS OCM,0
ABRIL,GUINEA ECUATORIAL,ÁFRICA,SANTA ROSA,0
ABRIL,GUYANA,AMÉRICA DEL SUR,AEROPUERTO INTERNACIONAL JORGE CHÁVEZ,66
ABRIL,GUYANA,AMÉRICA DEL SUR,CEBAF - TUMBES,0
ABRIL,GUYANA,AMÉRICA DEL SUR,DESAGUADERO,1
ABRIL,GUYANA,AMÉRICA DEL SUR,KASANI,0
ABRIL,GUYANA,AMÉRICA DEL SUR,OTRAS OCM,1
ABRIL,GUYANA,AMÉRICA DEL SUR,SANTA ROSA,0
ABRIL,HAITÍ,AMÉRICA CENTRAL,AEROPUERTO INTERNACIONAL JORGE CHÁVEZ,69
ABRIL,HAITÍ,AMÉRICA CENTRAL,CEBAF - TUMBES,1
ABRIL,HAITÍ,AMÉRICA CENTRAL,DESAGUADERO,0
ABRIL,HAITÍ,AMÉRICA CENTRAL,KASANI,0
ABRIL,HAITÍ,AMÉRICA CENTRAL,OTRAS OCM,3
ABRIL,HAITÍ,AMÉRICA CENTRAL,SANTA ROSA,34
ABRIL,HONDURAS,AMÉRICA CENTRAL,AEROPUERTO INTERNACIONAL JORGE CHÁVEZ,1742
ABRIL,HONDURAS,AMÉRICA CENTRAL,CEBAF - TUMBES,12
ABRIL,HONDURAS,AMÉRICA CENTRAL,DESAGUADERO,9
ABRIL,HONDURAS,AMÉRICA CENTRAL,KASANI,3
ABRIL,HONDURAS,AMÉRICA CENTRAL,OTRAS OCM,38
ABRIL,HONDURAS,AMÉRICA CENTRAL,SANTA ROSA,10
ABRIL,HONG KONG,ASIA,AEROPUERTO INTERNACIONAL JORGE CHÁVEZ,903
ABRIL,HONG KONG,ASIA,CEBAF - TUMBES,1
ABRIL,HONG KONG,ASIA,DESAGUADERO,77
ABRIL,HONG KONG,ASIA,KASANI,38
ABRIL,HONG KONG,ASIA,OTRAS OCM,52
ABRIL,HONG KONG,ASIA,SANTA ROSA,10
ABRIL,HUNGRÍA,EUROPA,AEROPUERTO INTERNACIONAL JORGE CHÁVEZ,1172
ABRIL,HUNGRÍA,EUROPA,CEBAF - TUMBES,6
ABRIL,HUNGRÍA,EUROPA,DESAGUADERO,100
ABRIL,HUNGRÍA,EUROPA,KASANI,74
ABRIL,HUNGRÍA,EUROPA,OTRAS OCM,40
ABRIL,HUNGRÍA,EUROPA,SANTA ROSA,3
ABRIL,INDIA,ASIA,AEROPUERTO INTERNACIONAL JORGE CHÁVEZ,3156
ABRIL,INDIA,ASIA,CEBAF - TUMBES,8
ABRIL,INDIA,ASIA,DESAGUADERO,7
ABRIL,INDIA,ASIA,KASANI,9
ABRIL,INDIA,ASIA,OTRAS OCM,349
ABRIL,INDIA,ASIA,SANTA ROSA,25
ABRIL,INDONESIA,ASIA,AEROPUERTO INTERNACIONAL JORGE CHÁVEZ,551
ABRIL,INDONESIA,ASIA,CEBAF - TUMBES,1
ABRIL,INDONESIA,ASIA,DESAGUADERO,2
ABRIL,INDONESIA,ASIA,KASANI,1
ABRIL,INDONESIA,ASIA,OTRAS OCM,184
ABRIL,INDONESIA,ASIA,SANTA ROSA,13
ABRIL,IRAK,ASIA,AEROPUERTO INTERNACIONAL JORGE CHÁVEZ,10
ABRIL,IRAK,ASIA,CEBAF - TUMBES,0
ABRIL,IRAK,ASIA,DESAGUADERO,0
ABRIL,IRAK,ASIA,KASANI,0
ABRIL,IRAK,ASIA,OTRAS OCM,0
ABRIL,IRAK,ASIA,SANTA ROSA,0
ABRIL,IRLANDA,EUROPA,AEROPUERTO INTERNACIONAL JORGE CHÁVEZ,1930
ABRIL,IRLANDA,EUROPA,CEBAF - TUMBES,78
ABRIL,IRLANDA,EUROPA,DESAGUADERO,155
ABRIL,IRLANDA,EUROPA,KASANI,231
ABRIL,IRLANDA,EUROPA,OTRAS OCM,161
ABRIL,IRLANDA,EUROPA,SANTA ROSA,18
ABRIL,IRÁN,ASIA,AEROPUERTO INTERNACIONAL JORGE CHÁVEZ,96
ABRIL,IRÁN,ASIA,CEBAF - TUMBES,1
ABRIL,IRÁN,ASIA,DESAGUADERO,4
ABRIL,IRÁN,ASIA,KASANI,4
ABRIL,IRÁN,ASIA,OTRAS OCM,0
ABRIL,IRÁN,ASIA,SANTA ROSA,0
ABRIL,ISLAND MARSHALL,OCEANÍA,AEROPUERTO INTERNACIONAL JORGE CHÁVEZ,1
ABRIL,ISLAND MARSHALL,OCEANÍA,CEBAF - TUMBES,0
ABRIL,ISLAND MARSHALL,OCEANÍA,DESAGUADERO,0
ABRIL,ISLAND MARSHALL,OCEANÍA,KASANI,0
ABRIL,ISLAND MARSHALL,OCEANÍA,OTRAS OCM,0
ABRIL,ISLAND MARSHALL,OCEANÍA,SANTA ROSA,0
ABRIL,ISLANDIA,EUROPA,AEROPUERTO INTERNACIONAL JORGE CHÁVEZ,221
ABRIL,ISLANDIA,EUROPA,CEBAF - TUMBES,6
ABRIL,ISLANDIA,EUROPA,DESAGUADERO,4
ABRIL,ISLANDIA,EUROPA,KASANI,1
ABRIL,ISLANDIA,EUROPA,OTRAS OCM,14
ABRIL,ISLANDIA,EUROPA,SANTA ROSA,1
ABRIL,ISRAEL,ASIA,AEROPUERTO INTERNACIONAL JORGE CHÁVEZ,9005
ABRIL,ISRAEL,ASIA,CEBAF - TUMBES,118
ABRIL,ISRAEL,ASIA,DESAGUADERO,1104
ABRIL,ISRAEL,ASIA,KASANI,319
ABRIL,ISRAEL,ASIA,OTRAS OCM,520
ABRIL,ISRAEL,ASIA,SANTA ROSA,54
ABRIL,ITALIA,EUROPA,AEROPUERTO INTERNACIONAL JORGE CHÁVEZ,17887
ABRIL,ITALIA,EUROPA,CEBAF - TUMBES,136
ABRIL,ITALIA,EUROPA,DESAGUADERO,422
ABRIL,ITALIA,EUROPA,KASANI,335
ABRIL,ITALIA,EUROPA,OTRAS OCM,635
ABRIL,ITALIA,EUROPA,SANTA ROSA,125
ABRIL,JAMAICA,AMÉRICA CENTRAL,AEROPUERTO INTERNACIONAL JORGE CHÁVEZ,288
ABRIL,JAMAICA,AMÉRICA CENTRAL,CEBAF - TUMBES,0
ABRIL,JAMAICA,AMÉRICA CENTRAL,DESAGUADERO,1
ABRIL,JAMAICA,AMÉRICA CENTRAL,KASANI,1
ABRIL,JAMAICA,AMÉRICA CENTRAL,OTRAS OCM,1
ABRIL,JAMAICA,AMÉRICA CENTRAL,SANTA ROSA,0
ABRIL,JAPÓN,ASIA,AEROPUERTO INTERNACIONAL JORGE CHÁVEZ,7801
ABRIL,JAPÓN,ASIA,CEBAF - TUMBES,37
ABRIL,JAPÓN,ASIA,DESAGUADERO,83
ABRIL,JAPÓN,ASIA,KASANI,110
ABRIL,JAPÓN,ASIA,OTRAS OCM,337
ABRIL,JAPÓN,ASIA,SANTA ROSA,36
ABRIL,JORDANIA,ASIA,AEROPUERTO INTERNACIONAL JORGE CHÁVEZ,36
ABRIL,JORDANIA,ASIA,CEBAF - TUMBES,0
ABRIL,JORDANIA,ASIA,DESAGUADERO,0
ABRIL,JORDANIA,ASIA,KASANI,0
ABRIL,JORDANIA,ASIA,OTRAS OCM,2
ABRIL,JORDANIA,ASIA,SANTA ROSA,1
ABRIL,KATAR,ASIA,AEROPUERTO INTERNACIONAL JORGE CHÁVEZ,22
ABRIL,KATAR,ASIA,CEBAF - TUMBES,0
ABRIL,KATAR,ASIA,DESAGUADERO,0
ABRIL,KATAR,ASIA,KASANI,0
ABRIL,KATAR,ASIA,OTRAS OCM,2
ABRIL,KATAR,ASIA,SANTA ROSA,0
ABRIL,KAZAJSTÁN,ASIA,AEROPUERTO INTERNACIONAL JORGE CHÁVEZ,101
ABRIL,KAZAJSTÁN,ASIA,CEBAF - TUMBES,0
ABRIL,KAZAJSTÁN,ASIA,DESAGUADERO,0
ABRIL,KAZAJSTÁN,ASIA,KASANI,0
ABRIL,KAZAJSTÁN,ASIA,OTRAS OCM,1
ABRIL,KAZAJSTÁN,ASIA,SANTA ROSA,0
ABRIL,KENIA,ÁFRICA,AEROPUERTO INTERNACIONAL JORGE CHÁVEZ,47
ABRIL,KENIA,ÁFRICA,CEBAF - TUMBES,0
ABRIL,KENIA,ÁFRICA,DESAGUADERO,1
ABRIL,KENIA,ÁFRICA,KASANI,1
ABRIL,KENIA,ÁFRICA,OTRAS OCM,1
ABRIL,KENIA,ÁFRICA,SANTA ROSA,1
ABRIL,KIRGUISTÁN,ASIA,AEROPUERTO INTERNACIONAL JORGE CHÁVEZ,8
ABRIL,KIRGUISTÁN,ASIA,CEBAF - TUMBES,0
ABRIL,KIRGUISTÁN,ASIA,DESAGUADERO,0
ABRIL,KIRGUISTÁN,ASIA,KASANI,0
ABRIL,KIRGUISTÁN,ASIA,OTRAS OCM,0
ABRIL,KIRGUISTÁN,ASIA,SANTA ROSA,0
ABRIL,KIRIBATI,OCEANÍA,AEROPUERTO INTERNACIONAL JORGE CHÁVEZ,1
ABRIL,KIRIBATI,OCEANÍA,CEBAF - TUMBES,0
ABRIL,KIRIBATI,OCEANÍA,DESAGUADERO,0
ABRIL,KIRIBATI,OCEANÍA,KASANI,0
ABRIL,KIRIBATI,OCEANÍA,OTRAS OCM,1
ABRIL,KIRIBATI,OCEANÍA,SANTA ROSA,0
ABRIL,KUWAIT,ASIA,AEROPUERTO INTERNACIONAL JORGE CHÁVEZ,43
ABRIL,KUWAIT,ASIA,CEBAF - TUMBES,0
ABRIL,KUWAIT,ASIA,DESAGUADERO,1
ABRIL,KUWAIT,ASIA,KASANI,0
ABRIL,KUWAIT,ASIA,OTRAS OCM,0
ABRIL,KUWAIT,ASIA,SANTA ROSA,0
ABRIL,LAOS,ASIA,AEROPUERTO INTERNACIONAL JORGE CHÁVEZ,0
ABRIL,LAOS,ASIA,CEBAF - TUMBES,0
ABRIL,LAOS,ASIA,DESAGUADERO,0
ABRIL,LAOS,ASIA,KASANI,0
ABRIL,LAOS,ASIA,OTRAS OCM,0
ABRIL,LAOS,ASIA,SANTA ROSA,0
ABRIL,LESOTHO,ÁFRICA,AEROPUERTO INTERNACIONAL JORGE CHÁVEZ,4
ABRIL,LESOTHO,ÁFRICA,CEBAF - TUMBES,0
ABRIL,LESOTHO,ÁFRICA,DESAGUADERO,0
ABRIL,LESOTHO,ÁFRICA,KASANI,0
ABRIL,LESOTHO,ÁFRICA,OTRAS OCM,0
ABRIL,LESOTHO,ÁFRICA,SANTA ROSA,0
ABRIL,LETONIA,EUROPA,AEROPUERTO INTERNACIONAL JORGE CHÁVEZ,369
ABRIL,LETONIA,EUROPA,CEBAF - TUMBES,4
ABRIL,LETONIA,EUROPA,DESAGUADERO,11
ABRIL,LETONIA,EUROPA,KASANI,9
ABRIL,LETONIA,EUROPA,OTRAS OCM,8
ABRIL,LETONIA,EUROPA,SANTA ROSA,1
ABRIL,LIBERIA,ÁFRICA,AEROPUERTO INTERNACIONAL JORGE CHÁVEZ,5
ABRIL,LIBERIA,ÁFRICA,CEBAF - TUMBES,0
ABRIL,LIBERIA,ÁFRICA,DESAGUADERO,0
ABRIL,LIBERIA,ÁFRICA,KASANI,0
ABRIL,LIBERIA,ÁFRICA,OTRAS OCM,0
ABRIL,LIBERIA,ÁFRICA,SANTA ROSA,0
ABRIL,LIBIA,ÁFRICA,AEROPUERTO INTERNACIONAL JORGE CHÁVEZ,3
ABRIL,LIBIA,ÁFRICA,CEBAF - TUMBES,0
ABRIL,LIBIA,ÁFRICA,DESAGUADERO,0
ABRIL,LIBIA,ÁFRICA,KASANI,0
ABRIL,LIBIA,ÁFRICA,OTRAS OCM,0
ABRIL,LIBIA,ÁFRICA,SANTA ROSA,0
ABRIL,LIECHTENSTEIN,EUROPA,AEROPUERTO INTERNACIONAL JORGE CHÁVEZ,42
ABRIL,LIECHTENSTEIN,EUROPA,CEBAF - TUMBES,0
ABRIL,LIECHTENSTEIN,EUROPA,DESAGUADERO,3
ABRIL,LIECHTENSTEIN,EUROPA,KASANI,1
ABRIL,LIECHTENSTEIN,EUROPA,OTRAS OCM,0
ABRIL,LIECHTENSTEIN,EUROPA,SANTA ROSA,0
ABRIL,LITUANIA,EUROPA,AEROPUERTO INTERNACIONAL JORGE CHÁVEZ,549
ABRIL,LITUANIA,EUROPA,CEBAF - TUMBES,1
ABRIL,LITUANIA,EUROPA,DESAGUADERO,16
ABRIL,LITUANIA,EUROPA,KASANI,40
ABRIL,LITUANIA,EUROPA,OTRAS OCM,39
ABRIL,LITUANIA,EUROPA,SANTA ROSA,7
ABRIL,LUXEMBURGO,EUROPA,AEROPUERTO INTERNACIONAL JORGE CHÁVEZ,296
ABRIL,LUXEMBURGO,EUROPA,CEBAF - TUMBES,1
ABRIL,LUXEMBURGO,EUROPA,DESAGUADERO,3
ABRIL,LUXEMBURGO,EUROPA,KASANI,6
ABRIL,LUXEMBURGO,EUROPA,OTRAS OCM,13
ABRIL,LUXEMBURGO,EUROPA,SANTA ROSA,3
ABRIL,LÍBANO,ASIA,AEROPUERTO INTERNACIONAL JORGE CHÁVEZ,90
ABRIL,LÍBANO,ASIA,CEBAF - TUMBES,2
ABRIL,LÍBANO,ASIA,DESAGUADERO,0
ABRIL,LÍBANO,ASIA,KASANI,0
ABRIL,LÍBANO,ASIA,OTRAS OCM,4
ABRIL,LÍBANO,ASIA,SANTA ROSA,0
ABRIL,MADAGASCAR,ÁFRICA,AEROPUERTO INTERNACIONAL JORGE CHÁVEZ,3
ABRIL,MADAGASCAR,ÁFRICA,CEBAF - TUMBES,1
ABRIL,MADAGASCAR,ÁFRICA,DESAGUADERO,0
ABRIL,MADAGASCAR,ÁFRICA,KASANI,0
ABRIL,MADAGASCAR,ÁFRICA,OTRAS OCM,0
ABRIL,MADAGASCAR,ÁFRICA,SANTA ROSA,1
ABRIL,MALASIA,ASIA,AEROPUERTO INTERNACIONAL JORGE CHÁVEZ,688
ABRIL,MALASIA,ASIA,CEBAF - TUMBES,5
ABRIL,MALASIA,ASIA,DESAGUADERO,25
ABRIL,MALASIA,ASIA,KASANI,11
ABRIL,MALASIA,ASIA,OTRAS OCM,34
ABRIL,MALASIA,ASIA,SANTA ROSA,22
ABRIL,MALAWI,ÁFRICA,AEROPUERTO INTERNACIONAL JORGE CHÁVEZ,2
ABRIL,MALAWI,ÁFRICA,CEBAF - TUMBES,0
ABRIL,MALAWI,ÁFRICA,DESAGUADERO,0
ABRIL,MALAWI,ÁFRICA,KASANI,0
ABRIL,MALAWI,ÁFRICA,OTRAS OCM,0
ABRIL,MALAWI,ÁFRICA,SANTA ROSA,0
ABRIL,MALDIVAS,ASIA,AEROPUERTO INTERNACIONAL JORGE CHÁVEZ,5
ABRIL,MALDIVAS,ASIA,CEBAF - TUMBES,0
ABRIL,MALDIVAS,ASIA,DESAGUADERO,0
ABRIL,MALDIVAS,ASIA,KASANI,0
ABRIL,MALDIVAS,ASIA,OTRAS OCM,0
ABRIL,MALDIVAS,ASIA,SANTA ROSA,0
ABRIL,MALTA,EUROPA,AEROPUERTO INTERNACIONAL JORGE CHÁVEZ,101
ABRIL,MALTA,EUROPA,CEBAF - TUMBES,3
ABRIL,MALTA,EUROPA,DESAGUADERO,0
ABRIL,MALTA,EUROPA,KASANI,3
ABRIL,MALTA,EUROPA,OTRAS OCM,8
ABRIL,MALTA,EUROPA,SANTA ROSA,3
ABRIL,MALÍ,ÁFRICA,AEROPUERTO INTERNACIONAL JORGE CHÁVEZ,4
ABRIL,MALÍ,ÁFRICA,CEBAF - TUMBES,0
ABRIL,MALÍ,ÁFRICA,DESAGUADERO,0
ABRIL,MALÍ,ÁFRICA,KASANI,0
ABRIL,MALÍ,ÁFRICA,OTRAS OCM,0
ABRIL,MALÍ,ÁFRICA,SANTA ROSA,0
ABRIL,MARRUECOS,ÁFRICA,AEROPUERTO INTERNACIONAL JORGE CHÁVEZ,118
ABRIL,MARRUECOS,ÁFRICA,CEBAF - TUMBES,0
ABRIL,MARRUECOS,ÁFRICA,DESAGUADERO,0
ABRIL,MARRUECOS,ÁFRICA,KASANI,2
ABRIL,MARRUECOS,ÁFRICA,OTRAS OCM,4
ABRIL,MARRUECOS,ÁFRICA,SANTA ROSA,2
ABRIL,MAURICIO,ÁFRICA,AEROPUERTO INTERNACIONAL JORGE CHÁVEZ,17
ABRIL,MAURICIO,ÁFRICA,CEBAF - TUMBES,0
ABRIL,MAURICIO,ÁFRICA,DESAGUADERO,0
ABRIL,MAURICIO,ÁFRICA,KASANI,1
ABRIL,MAURICIO,ÁFRICA,OTRAS OCM,5
ABRIL,MAURICIO,ÁFRICA,SANTA ROSA,0
ABRIL,MAURITANIA,ÁFRICA,AEROPUERTO INTERNACIONAL JORGE CHÁVEZ,3
ABRIL,MAURITANIA,ÁFRICA,CEBAF - TUMBES,0
ABRIL,MAURITANIA,ÁFRICA,DESAGUADERO,0
ABRIL,MAURITANIA,ÁFRICA,KASANI,0
ABRIL,MAURITANIA,ÁFRICA,OTRAS OCM,0
ABRIL,MAURITANIA,ÁFRICA,SANTA ROSA,0
ABRIL,MONGOLIA,ASIA,AEROPUERTO INTERNACIONAL JORGE CHÁVEZ,87
ABRIL,MONGOLIA,ASIA,CEBAF - TUMBES,0
ABRIL,MONGOLIA,ASIA,DESAGUADERO,1
ABRIL,MONGOLIA,ASIA,KASANI,0
ABRIL,MONGOLIA,ASIA,OTRAS OCM,0
ABRIL,MONGOLIA,ASIA,SANTA ROSA,0
ABRIL,MOZAMBIQUE,ÁFRICA,AEROPUERTO INTERNACIONAL JORGE CHÁVEZ,6
ABRIL,MOZAMBIQUE,ÁFRICA,CEBAF - TUMBES,0
ABRIL,MOZAMBIQUE,ÁFRICA,DESAGUADERO,0
ABRIL,MOZAMBIQUE,ÁFRICA,KASANI,0
ABRIL,MOZAMBIQUE,ÁFRICA,OTRAS OCM,0
ABRIL,MOZAMBIQUE,ÁFRICA,SANTA ROSA,0
ABRIL,MYANMAR,ASIA,AEROPUERTO INTERNACIONAL JORGE CHÁVEZ,36
ABRIL,MYANMAR,ASIA,CEBAF - TUMBES,0
ABRIL,MYANMAR,ASIA,DESAGUADERO,0
ABRIL,MYANMAR,ASIA,KASANI,0
ABRIL,MYANMAR,ASIA,OTRAS OCM,20
ABRIL,MYANMAR,ASIA,SANTA ROSA,0
ABRIL,MÉXICO,AMÉRICA DEL NORTE,AEROPUERTO INTERNACIONAL JORGE CHÁVEZ,43886
ABRIL,MÉXICO,AMÉRICA DEL NORTE,CEBAF - TUMBES,127
ABRIL,MÉXICO,AMÉRICA DEL NORTE,DESAGUADERO,281
ABRIL,MÉXICO,AMÉRICA DEL NORTE,KASANI,129
ABRIL,MÉXICO,AMÉRICA DEL NORTE,OTRAS OCM,995
ABRIL,MÉXICO,AMÉRICA DEL NORTE,SANTA ROSA,196
ABRIL,MÓNACO,EUROPA,AEROPUERTO INTERNACIONAL JORGE CHÁVEZ,4
ABRIL,MÓNACO,EUROPA,CEBAF - TUMBES,0
ABRIL,MÓNACO,EUROPA,DESAGUADERO,0
ABRIL,MÓNACO,EUROPA,KASANI,0
ABRIL,MÓNACO,EUROPA,OTRAS OCM,0
ABRIL,MÓNACO,EUROPA,SANTA ROSA,0
ABRIL,NAMIBIA,ÁFRICA,AEROPUERTO INTERNACIONAL JORGE CHÁVEZ,4
ABRIL,NAMIBIA,ÁFRICA,CEBAF - TUMBES,0
ABRIL,NAMIBIA,ÁFRICA,DESAGUADERO,0
ABRIL,NAMIBIA,ÁFRICA,KASANI,1
ABRIL,NAMIBIA,ÁFRICA,OTRAS OCM,0
ABRIL,NAMIBIA,ÁFRICA,SANTA ROSA,0
ABRIL,NAURU,OCEANÍA,AEROPUERTO INTERNACIONAL JORGE CHÁVEZ,6
ABRIL,NAURU,OCEANÍA,CEBAF - TUMBES,0
ABRIL,NAURU,OCEANÍA,DESAGUADERO,0
ABRIL,NAURU,OCEANÍA,KASANI,0
ABRIL,NAURU,OCEANÍA,OTRAS OCM,0
ABRIL,NAURU,OCEANÍA,SANTA ROSA,0
ABRIL,NEPAL,ASIA,AEROPUERTO INTERNACIONAL JORGE CHÁVEZ,37
ABRIL,NEPAL,ASIA,CEBAF - TUMBES,0
ABRIL,NEPAL,ASIA,DESAGUADERO,1
ABRIL,NEPAL,ASIA,KASANI,0
ABRIL,NEPAL,ASIA,OTRAS OCM,0
ABRIL,NEPAL,ASIA,SANTA ROSA,2
ABRIL,NICARAGUA,AMÉRICA CENTRAL,AEROPUERTO INTERNACIONAL JORGE CHÁVEZ,437
ABRIL,NICARAGUA,AMÉRICA CENTRAL,CEBAF - TUMBES,1
ABRIL,NICARAGUA,AMÉRICA CENTRAL,DESAGUADERO,1
ABRIL,NICARAGUA,AMÉRICA CENTRAL,KASANI,0
ABRIL,NICARAGUA,AMÉRICA CENTRAL,OTRAS OCM,3
ABRIL,NICARAGUA,AMÉRICA CENTRAL,SANTA ROSA,10
ABRIL,NIGERIA,ÁFRICA,AEROPUERTO INTERNACIONAL JORGE CHÁVEZ,31
ABRIL,NIGERIA,ÁFRICA,CEBAF - TUMBES,0
ABRIL,NIGERIA,ÁFRICA,DESAGUADERO,0
ABRIL,NIGERIA,ÁFRICA,KASANI,0
ABRIL,NIGERIA,ÁFRICA,OTRAS OCM,0
ABRIL,NIGERIA,ÁFRICA,SANTA ROSA,0
ABRIL,NORUEGA,EUROPA,AEROPUERTO INTERNACIONAL JORGE CHÁVEZ,1504
ABRIL,NORUEGA,EUROPA,CEBAF - TUMBES,38
ABRIL,NORUEGA,EUROPA,DESAGUADERO,83
ABRIL,NORUEGA,EUROPA,KASANI,81
ABRIL,NORUEGA,EUROPA,OTRAS OCM,111
ABRIL,NORUEGA,EUROPA,SANTA ROSA,36
ABRIL,NUEVA ZELANDIA,OCEANÍA,AEROPUERTO INTERNACIONAL JORGE CHÁVEZ,1754
ABRIL,NUEVA ZELANDIA,OCEANÍA,CEBAF - TUMBES,20
ABRIL,NUEVA ZELANDIA,OCEANÍA,DESAGUADERO,38
ABRIL,NUEVA ZELANDIA,OCEANÍA,KASANI,111
ABRIL,NUEVA ZELANDIA,OCEANÍA,OTRAS OCM,155
ABRIL,NUEVA ZELANDIA,OCEANÍA,SANTA ROSA,28
ABRIL,NÍGER,ÁFRICA,AEROPUERTO INTERNACIONAL JORGE CHÁVEZ,3
ABRIL,NÍGER,ÁFRICA,CEBAF - TUMBES,0
ABRIL,NÍGER,ÁFRICA,DESAGUADERO,0
ABRIL,NÍGER,ÁFRICA,KASANI,0
ABRIL,NÍGER,ÁFRICA,OTRAS OCM,0
ABRIL,NÍGER,ÁFRICA,SANTA ROSA,0
ABRIL,OMÁN,ASIA,AEROPUERTO INTERNACIONAL JORGE CHÁVEZ,4
ABRIL,OMÁN,ASIA,CEBAF - TUMBES,0
ABRIL,OMÁN,ASIA,DESAGUADERO,0
ABRIL,OMÁN,ASIA,KASANI,0
ABRIL,OMÁN,ASIA,OTRAS OCM,1
ABRIL,OMÁN,ASIA,SANTA ROSA,0
ABRIL,PAKISTÁN,ASIA,AEROPUERTO INTERNACIONAL JORGE CHÁVEZ,58
ABRIL,PAKISTÁN,ASIA,CEBAF - TUMBES,1
ABRIL,PAKISTÁN,ASIA,DESAGUADERO,1
ABRIL,PAKISTÁN,ASIA,KASANI,1
ABRIL,PAKISTÁN,ASIA,OTRAS OCM,4
ABRIL,PAKISTÁN,ASIA,SANTA ROSA,46
ABRIL,PALESTINA,ASIA,AEROPUERTO INTERNACIONAL JORGE CHÁVEZ,9
ABRIL,PALESTINA,ASIA,CEBAF - TUMBES,0
ABRIL,PALESTINA,ASIA,DESAGUADERO,0
ABRIL,PALESTINA,ASIA,KASANI,0
ABRIL,PALESTINA,ASIA,OTRAS OCM,0
ABRIL,PALESTINA,ASIA,SANTA ROSA,0
ABRIL,PANAMÁ,AMÉRICA CENTRAL,AEROPUERTO INTERNACIONAL JORGE CHÁVEZ,6830
ABRIL,PANAMÁ,AMÉRICA CENTRAL,CEBAF - TUMBES,13
ABRIL,PANAMÁ,AMÉRICA CENTRAL,DESAGUADERO,7
ABRIL,PANAMÁ,AMÉRICA CENTRAL,KASANI,3
ABRIL,PANAMÁ,AMÉRICA CENTRAL,OTRAS OCM,109
ABRIL,PANAMÁ,AMÉRICA CENTRAL,SANTA ROSA,17
ABRIL,PAPÚA (NG),OCEANÍA,AEROPUERTO INTERNACIONAL JORGE CHÁVEZ,6
ABRIL,PAPÚA (NG),OCEANÍA,CEBAF - TUMBES,0
ABRIL,PAPÚA (NG),OCEANÍA,DESAGUADERO,0
ABRIL,PAPÚA (NG),OCEANÍA,KASANI,0
ABRIL,PAPÚA (NG),OCEANÍA,OTRAS OCM,0
ABRIL,PAPÚA (NG),OCEANÍA,SANTA ROSA,0
ABRIL,PARAGUAY,AMÉRICA DEL SUR,AEROPUERTO INTERNACIONAL JORGE CHÁVEZ,3188
ABRIL,PARAGUAY,AMÉRICA DEL SUR,CEBAF - TUMBES,12
ABRIL,PARAGUAY,AMÉRICA DEL SUR,DESAGUADERO,378
ABRIL,PARAGUAY,AMÉRICA DEL SUR,KASANI,82
ABRIL,PARAGUAY,AMÉRICA DEL SUR,OTRAS OCM,89
ABRIL,PARAGUAY,AMÉRICA DEL SUR,SANTA ROSA,307
ABRIL,PAÍSES BAJOS (HOLANDA),EUROPA,AEROPUERTO INTERNACIONAL JORGE CHÁVEZ,10402
ABRIL,PAÍSES BAJOS (HOLANDA),EUROPA,CEBAF - TUMBES,201
ABRIL,PAÍSES BAJOS (HOLANDA),EUROPA,DESAGUADERO,376
ABRIL,PAÍSES BAJOS (HOLANDA),EUROPA,KASANI,523
ABRIL,PAÍSES BAJOS (HOLANDA),EUROPA,OTRAS OCM,412
ABRIL,PAÍSES BAJOS (HOLANDA),EUROPA,SANTA ROSA,146
ABRIL,POLONIA,EUROPA,AEROPUERTO INTERNACIONAL JORGE CHÁVEZ,4549
ABRIL,POLONIA,EUROPA,CEBAF - TUMBES,40
ABRIL,POLONIA,EUROPA,DESAGUADERO,443
ABRIL,POLONIA,EUROPA,KASANI,382
ABRIL,POLONIA,EUROPA,OTRAS OCM,175
ABRIL,POLONIA,EUROPA,SANTA ROSA,40
ABRIL,PORTUGAL,EUROPA,AEROPUERTO INTERNACIONAL JORGE CHÁVEZ,3688
ABRIL,PORTUGAL,EUROPA,CEBAF - TUMBES,31
ABRIL,PORTUGAL,EUROPA,DESAGUADERO,105
ABRIL,PORTUGAL,EUROPA,KASANI,105
ABRIL,PORTUGAL,EUROPA,OTRAS OCM,113
ABRIL,PORTUGAL,EUROPA,SANTA ROSA,27
ABRIL,PTO. RICO,AMÉRICA CENTRAL,AEROPUERTO INTERNACIONAL JORGE CHÁVEZ,625
ABRIL,PTO. RICO,AMÉRICA CENTRAL,CEBAF - TUMBES,1
ABRIL,PTO. RICO,AMÉRICA CENTRAL,DESAGUADERO,1
ABRIL,PTO. RICO,AMÉRICA CENTRAL,KASANI,0
ABRIL,PTO. RICO,AMÉRICA CENTRAL,OTRAS OCM,20
ABRIL,PTO. RICO,AMÉRICA CENTRAL,SANTA ROSA,3
ABRIL,R.F. YUGOSLAVIA,EUROPA,AEROPUERTO INTERNACIONAL JORGE CHÁVEZ,0
ABRIL,R.F. YUGOSLAVIA,EUROPA,CEBAF - TUMBES,0
ABRIL,R.F. YUGOSLAVIA,EUROPA,DESAGUADERO,0
ABRIL,R.F. YUGOSLAVIA,EUROPA,KASANI,0
ABRIL,R.F. YUGOSLAVIA,EUROPA,OTRAS OCM,0
ABRIL,R.F. YUGOSLAVIA,EUROPA,SANTA ROSA,0
ABRIL,REINO UNIDO,EUROPA,AEROPUERTO INTERNACIONAL JORGE CHÁVEZ,21195
ABRIL,REINO UNIDO,EUROPA,CEBAF - TUMBES,490
ABRIL,REINO UNIDO,EUROPA,DESAGUADERO,1017
ABRIL,REINO UNIDO,EUROPA,KASANI,1629
ABRIL,REINO UNIDO,EUROPA,OTRAS OCM,2127
ABRIL,REINO UNIDO,EUROPA,SANTA ROSA,176
ABRIL,REP. CENTROAFRICANA,ÁFRICA,AEROPUERTO INTERNACIONAL JORGE CHÁVEZ,2
ABRIL,REP. CENTROAFRICANA,ÁFRICA,CEBAF - TUMBES,0
ABRIL,REP. CENTROAFRICANA,ÁFRICA,DESAGUADERO,0
ABRIL,REP. CENTROAFRICANA,ÁFRICA,KASANI,0
ABRIL,REP. CENTROAFRICANA,ÁFRICA,OTRAS OCM,0
ABRIL,REP. CENTROAFRICANA,ÁFRICA,SANTA ROSA,0
ABRIL,REP. CHECA,EUROPA,AEROPUERTO INTERNACIONAL JORGE CHÁVEZ,2407
ABRIL,REP. CHECA,EUROPA,CEBAF - TUMBES,19
ABRIL,REP. CHECA,EUROPA,DESAGUADERO,162
ABRIL,REP. CHECA,EUROPA,KASANI,130
ABRIL,REP. CHECA,EUROPA,OTRAS OCM,87
ABRIL,REP. CHECA,EUROPA,SANTA ROSA,27
ABRIL,REP. DOMINICANA,AMÉRICA CENTRAL,AEROPUERTO INTERNACIONAL JORGE CHÁVEZ,4922
ABRIL,REP. DOMINICANA,AMÉRICA CENTRAL,CEBAF - TUMBES,210
ABRIL,REP. DOMINICANA,AMÉRICA CENTRAL,DESAGUADERO,16
ABRIL,REP. DOMINICANA,AMÉRICA CENTRAL,KASANI,2
ABRIL,REP. DOMINICANA,AMÉRICA CENTRAL,OTRAS OCM,99
ABRIL,REP. DOMINICANA,AMÉRICA CENTRAL,SANTA ROSA,76
ABRIL,REP. MOLDOVA,EUROPA,AEROPUERTO INTERNACIONAL JORGE CHÁVEZ,3
ABRIL,REP. MOLDOVA,EUROPA,CEBAF - TUMBES,0
ABRIL,REP. MOLDOVA,EUROPA,DESAGUADERO,0
ABRIL,REP. MOLDOVA,EUROPA,KASANI,0
ABRIL,REP. MOLDOVA,EUROPA,OTRAS OCM,2
ABRIL,REP. MOLDOVA,EUROPA,SANTA ROSA,0
ABRIL,RESTO DEL MUNDO,RESTO DEL MUNDO,AEROPUERTO INTERNACIONAL JORGE CHÁVEZ,668
ABRIL,RESTO DEL MUNDO,RESTO DEL MUNDO,CEBAF - TUMBES,8
ABRIL,RESTO DEL MUNDO,RESTO DEL MUNDO,DESAGUADERO,21
ABRIL,RESTO DEL MUNDO,RESTO DEL MUNDO,KASANI,28
ABRIL,RESTO DEL MUNDO,RESTO DEL MUNDO,OTRAS OCM,30
ABRIL,RESTO DEL MUNDO,RESTO DEL MUNDO,SANTA ROSA,3
ABRIL,RUMANIA,EUROPA,AEROPUERTO INTERNACIONAL JORGE CHÁVEZ,2233
ABRIL,RUMANIA,EUROPA,CEBAF - TUMBES,13
ABRIL,RUMANIA,EUROPA,DESAGUADERO,40
ABRIL,RUMANIA,EUROPA,KASANI,42
ABRIL,RUMANIA,EUROPA,OTRAS OCM,73
ABRIL,RUMANIA,EUROPA,SANTA ROSA,11
ABRIL,RUSIA,EUROPA,AEROPUERTO INTERNACIONAL JORGE CHÁVEZ,3293
ABRIL,RUSIA,EUROPA,CEBAF - TUMBES,54
ABRIL,RUSIA,EUROPA,DESAGUADERO,72
ABRIL,RUSIA,EUROPA,KASANI,43
ABRIL,RUSIA,EUROPA,OTRAS OCM,171
ABRIL,RUSIA,EUROPA,SANTA ROSA,37
ABRIL,RWANDA,ÁFRICA,AEROPUERTO INTERNACIONAL JORGE CHÁVEZ,5
ABRIL,RWANDA,ÁFRICA,CEBAF - TUMBES,0
ABRIL,RWANDA,ÁFRICA,DESAGUADERO,0
ABRIL,RWANDA,ÁFRICA,KASANI,0
ABRIL,RWANDA,ÁFRICA,OTRAS OCM,0
ABRIL,RWANDA,ÁFRICA,SANTA ROSA,0
ABRIL,SAINT KITIS Y NEVIS,AMÉRICA CENTRAL,AEROPUERTO INTERNACIONAL JORGE CHÁVEZ,3
ABRIL,SAINT KITIS Y NEVIS,AMÉRICA CENTRAL,CEBAF - TUMBES,0
ABRIL,SAINT KITIS Y NEVIS,AMÉRICA CENTRAL,DESAGUADERO,0
ABRIL,SAINT KITIS Y NEVIS,AMÉRICA CENTRAL,KASANI,0
ABRIL,SAINT KITIS Y NEVIS,AMÉRICA CENTRAL,OTRAS OCM,0
ABRIL,SAINT KITIS Y NEVIS,AMÉRICA CENTRAL,SANTA ROSA,0
ABRIL,SALOMÓN ISLA,OCEANÍA,AEROPUERTO INTERNACIONAL JORGE CHÁVEZ,21
ABRIL,SALOMÓN ISLA,OCEANÍA,CEBAF - TUMBES,0
ABRIL,SALOMÓN ISLA,OCEANÍA,DESAGUADERO,1
ABRIL,SALOMÓN ISLA,OCEANÍA,KASANI,1
ABRIL,SALOMÓN ISLA,OCEANÍA,OTRAS OCM,1
ABRIL,SALOMÓN ISLA,OCEANÍA,SANTA ROSA,0
ABRIL,SAMOA OCCIDENTAL,OCEANÍA,AEROPUERTO INTERNACIONAL JORGE CHÁVEZ,3
ABRIL,SAMOA OCCIDENTAL,OCEANÍA,CEBAF - TUMBES,0
ABRIL,SAMOA OCCIDENTAL,OCEANÍA,DESAGUADERO,0
ABRIL,SAMOA OCCIDENTAL,OCEANÍA,KASANI,0
ABRIL,SAMOA OCCIDENTAL,OCEANÍA,OTRAS OCM,0
ABRIL,SAMOA OCCIDENTAL,OCEANÍA,SANTA ROSA,0
ABRIL,SAN MARINO,EUROPA,AEROPUERTO INTERNACIONAL JORGE CHÁVEZ,7
ABRIL,SAN MARINO,EUROPA,CEBAF - TUMBES,0
ABRIL,SAN MARINO,EUROPA,DESAGUADERO,0
ABRIL,SAN MARINO,EUROPA,KASANI,0
ABRIL,SAN MARINO,EUROPA,OTRAS OCM,1
ABRIL,SAN MARINO,EUROPA,SANTA ROSA,0
ABRIL,SAN VIC. GRANADINAS,AMÉRICA CENTRAL,AEROPUERTO INTERNACIONAL JORGE CHÁVEZ,5
ABRIL,SAN VIC. GRANADINAS,AMÉRICA CENTRAL,CEBAF - TUMBES,0
ABRIL,SAN VIC. GRANADINAS,AMÉRICA CENTRAL,DESAGUADERO,0
ABRIL,SAN VIC. GRANADINAS,AMÉRICA CENTRAL,KASANI,0
ABRIL,SAN VIC. GRANADINAS,AMÉRICA CENTRAL,OTRAS OCM,0
ABRIL,SAN VIC. GRANADINAS,AMÉRICA CENTRAL,SANTA ROSA,0
ABRIL,SANTA LUCÍA,AMÉRICA CENTRAL,AEROPUERTO INTERNACIONAL JORGE CHÁVEZ,17
ABRIL,SANTA LUCÍA,AMÉRICA CENTRAL,CEBAF - TUMBES,0
ABRIL,SANTA LUCÍA,AMÉRICA CENTRAL,DESAGUADERO,0
ABRIL,SANTA LUCÍA,AMÉRICA CENTRAL,KASANI,0
ABRIL,SANTA LUCÍA,AMÉRICA CENTRAL,OTRAS OCM,0
ABRIL,SANTA LUCÍA,AMÉRICA CENTRAL,SANTA ROSA,0
ABRIL,SENEGAL,ÁFRICA,AEROPUERTO INTERNACIONAL JORGE CHÁVEZ,13
ABRIL,SENEGAL,ÁFRICA,CEBAF - TUMBES,0
ABRIL,SENEGAL,ÁFRICA,DESAGUADERO,0
ABRIL,SENEGAL,ÁFRICA,KASANI,0
ABRIL,SENEGAL,ÁFRICA,OTRAS OCM,2
ABRIL,SENEGAL,ÁFRICA,SANTA ROSA,0
ABRIL,SEYCHELLES,ÁFRICA,AEROPUERTO INTERNACIONAL JORGE CHÁVEZ,2
ABRIL,SEYCHELLES,ÁFRICA,CEBAF - TUMBES,0
ABRIL,SEYCHELLES,ÁFRICA,DESAGUADERO,0
ABRIL,SEYCHELLES,ÁFRICA,KASANI,0
ABRIL,SEYCHELLES,ÁFRICA,OTRAS OCM,0
ABRIL,SEYCHELLES,ÁFRICA,SANTA ROSA,0
ABRIL,SIERRA LEONA,ÁFRICA,AEROPUERTO INTERNACIONAL JORGE CHÁVEZ,0
ABRIL,SIERRA LEONA,ÁFRICA,CEBAF - TUMBES,0
ABRIL,SIERRA LEONA,ÁFRICA,DESAGUADERO,0
ABRIL,SIERRA LEONA,ÁFRICA,KASANI,0
ABRIL,SIERRA LEONA,ÁFRICA,OTRAS OCM,0
ABRIL,SIERRA LEONA,ÁFRICA,SANTA ROSA,0
ABRIL,SIKKIM,ASIA,AEROPUERTO INTERNACIONAL JORGE CHÁVEZ,0
ABRIL,SIKKIM,ASIA,CEBAF - TUMBES,0
ABRIL,SIKKIM,ASIA,DESAGUADERO,0
ABRIL,SIKKIM,ASIA,KASANI,0
ABRIL,SIKKIM,ASIA,OTRAS OCM,0
ABRIL,SIKKIM,ASIA,SANTA ROSA,0
ABRIL,SINGAPUR,ASIA,AEROPUERTO INTERNACIONAL JORGE CHÁVEZ,765
ABRIL,SINGAPUR,ASIA,CEBAF - TUMBES,2
ABRIL,SINGAPUR,ASIA,DESAGUADERO,3
ABRIL,SINGAPUR,ASIA,KASANI,15
ABRIL,SINGAPUR,ASIA,OTRAS OCM,102
ABRIL,SINGAPUR,ASIA,SANTA ROSA,5
ABRIL,SIRIA,ASIA,AEROPUERTO INTERNACIONAL JORGE CHÁVEZ,15
ABRIL,SIRIA,ASIA,CEBAF - TUMBES,0
ABRIL,SIRIA,ASIA,DESAGUADERO,2
ABRIL,SIRIA,ASIA,KASANI,0
ABRIL,SIRIA,ASIA,OTRAS OCM,0
ABRIL,SIRIA,ASIA,SANTA ROSA,0
ABRIL,SOMALIA,ÁFRICA,AEROPUERTO INTERNACIONAL JORGE CHÁVEZ,2
ABRIL,SOMALIA,ÁFRICA,CEBAF - TUMBES,0
ABRIL,SOMALIA,ÁFRICA,DESAGUADERO,0
ABRIL,SOMALIA,ÁFRICA,KASANI,0
ABRIL,SOMALIA,ÁFRICA,OTRAS OCM,0
ABRIL,SOMALIA,ÁFRICA,SANTA ROSA,0
ABRIL,SRI LANKA,ASIA,AEROPUERTO INTERNACIONAL JORGE CHÁVEZ,55
ABRIL,SRI LANKA,ASIA,CEBAF - TUMBES,0
ABRIL,SRI LANKA,ASIA,DESAGUADERO,0
ABRIL,SRI LANKA,ASIA,KASANI,0
ABRIL,SRI LANKA,ASIA,OTRAS OCM,6
ABRIL,SRI LANKA,ASIA,SANTA ROSA,0
ABRIL,STO. TOMÉ Y PRÍNCIPE,ÁFRICA,AEROPUERTO INTERNACIONAL JORGE CHÁVEZ,1
ABRIL,STO. TOMÉ Y PRÍNCIPE,ÁFRICA,CEBAF - TUMBES,0
ABRIL,STO. TOMÉ Y PRÍNCIPE,ÁFRICA,DESAGUADERO,0
ABRIL,STO. TOMÉ Y PRÍNCIPE,ÁFRICA,KASANI,0
ABRIL,STO. TOMÉ Y PRÍNCIPE,ÁFRICA,OTRAS OCM,0
ABRIL,STO. TOMÉ Y PRÍNCIPE,ÁFRICA,SANTA ROSA,0
ABRIL,SUDÁFRICA,ÁFRICA,AEROPUERTO INTERNACIONAL JORGE CHÁVEZ,729
ABRIL,SUDÁFRICA,ÁFRICA,CEBAF - TUMBES,8
ABRIL,SUDÁFRICA,ÁFRICA,DESAGUADERO,12
ABRIL,SUDÁFRICA,ÁFRICA,KASANI,15
ABRIL,SUDÁFRICA,ÁFRICA,OTRAS OCM,31
ABRIL,SUDÁFRICA,ÁFRICA,SANTA ROSA,23
ABRIL,SUDÁN,ÁFRICA,AEROPUERTO INTERNACIONAL JORGE CHÁVEZ,5
ABRIL,SUDÁN,ÁFRICA,CEBAF - TUMBES,0
ABRIL,SUDÁN,ÁFRICA,DESAGUADERO,0
ABRIL,SUDÁN,ÁFRICA,KASANI,0
ABRIL,SUDÁN,ÁFRICA,OTRAS OCM,1
ABRIL,SUDÁN,ÁFRICA,SANTA ROSA,0
ABRIL,SUECIA,EUROPA,AEROPUERTO INTERNACIONAL JORGE CHÁVEZ,2472
ABRIL,SUECIA,EUROPA,CEBAF - TUMBES,41
ABRIL,SUECIA,EUROPA,DESAGUADERO,107
ABRIL,SUECIA,EUROPA,KASANI,89
ABRIL,SUECIA,EUROPA,OTRAS OCM,128
ABRIL,SUECIA,EUROPA,SANTA ROSA,51
ABRIL,SUIZA,EUROPA,AEROPUERTO INTERNACIONAL JORGE CHÁVEZ,6978
ABRIL,SUIZA,EUROPA,CEBAF - TUMBES,158
ABRIL,SUIZA,EUROPA,DESAGUADERO,340
ABRIL,SUIZA,EUROPA,KASANI,406
ABRIL,SUIZA,EUROPA,OTRAS OCM,485
ABRIL,SUIZA,EUROPA,SANTA ROSA,111
ABRIL,SURINAM,AMÉRICA DEL SUR,AEROPUERTO INTERNACIONAL JORGE CHÁVEZ,34
ABRIL,SURINAM,AMÉRICA DEL SUR,CEBAF - TUMBES,0
ABRIL,SURINAM,AMÉRICA DEL SUR,DESAGUADERO,0
ABRIL,SURINAM,AMÉRICA DEL SUR,KASANI,0
ABRIL,SURINAM,AMÉRICA DEL SUR,OTRAS OCM,0
ABRIL,SURINAM,AMÉRICA DEL SUR,SANTA ROSA,0
ABRIL,SWAZILANDIA,ÁFRICA,AEROPUERTO INTERNACIONAL JORGE CHÁVEZ,0
ABRIL,SWAZILANDIA,ÁFRICA,CEBAF - TUMBES,0
ABRIL,SWAZILANDIA,ÁFRICA,DESAGUADERO,0
ABRIL,SWAZILANDIA,ÁFRICA,KASANI,0
ABRIL,SWAZILANDIA,ÁFRICA,OTRAS OCM,0
ABRIL,SWAZILANDIA,ÁFRICA,SANTA ROSA,0
ABRIL,TAILANDIA,ASIA,AEROPUERTO INTERNACIONAL JORGE CHÁVEZ,901
ABRIL,TAILANDIA,ASIA,CEBAF - TUMBES,4
ABRIL,TAILANDIA,ASIA,DESAGUADERO,29
ABRIL,TAILANDIA,ASIA,KASANI,9
ABRIL,TAILANDIA,ASIA,OTRAS OCM,82
ABRIL,TAILANDIA,ASIA,SANTA ROSA,5
ABRIL,TAIWÁN,ASIA,AEROPUERTO INTERNACIONAL JORGE CHÁVEZ,1941
ABRIL,TAIWÁN,ASIA,CEBAF - TUMBES,5
ABRIL,TAIWÁN,ASIA,DESAGUADERO,12
ABRIL,TAIWÁN,ASIA,KASANI,53
ABRIL,TAIWÁN,ASIA,OTRAS OCM,95
ABRIL,TAIWÁN,ASIA,SANTA ROSA,26
ABRIL,TANZANIA,ÁFRICA,AEROPUERTO INTERNACIONAL JORGE CHÁVEZ,8
ABRIL,TANZANIA,ÁFRICA,CEBAF - TUMBES,0
ABRIL,TANZANIA,ÁFRICA,DESAGUADERO,0
ABRIL,TANZANIA,ÁFRICA,KASANI,0
ABRIL,TANZANIA,ÁFRICA,OTRAS OCM,0
ABRIL,TANZANIA,ÁFRICA,SANTA ROSA,0
ABRIL,TAYIKISTÁN,ASIA,AEROPUERTO INTERNACIONAL JORGE CHÁVEZ,0
ABRIL,TAYIKISTÁN,ASIA,CEBAF - TUMBES,0
ABRIL,TAYIKISTÁN,ASIA,DESAGUADERO,1
ABRIL,TAYIKISTÁN,ASIA,KASANI,0
ABRIL,TAYIKISTÁN,ASIA,OTRAS OCM,0
ABRIL,TAYIKISTÁN,ASIA,SANTA ROSA,0
ABRIL,TOGO,ÁFRICA,AEROPUERTO INTERNACIONAL JORGE CHÁVEZ,2
ABRIL,TOGO,ÁFRICA,CEBAF - TUMBES,0
ABRIL,TOGO,ÁFRICA,DESAGUADERO,0
ABRIL,TOGO,ÁFRICA,KASANI,0
ABRIL,TOGO,ÁFRICA,OTRAS OCM,0
ABRIL,TOGO,ÁFRICA,SANTA ROSA,0
ABRIL,TONGA,OCEANÍA,AEROPUERTO INTERNACIONAL JORGE CHÁVEZ,0
ABRIL,TONGA,OCEANÍA,CEBAF - TUMBES,0
ABRIL,TONGA,OCEANÍA,DESAGUADERO,0
ABRIL,TONGA,OCEANÍA,KASANI,0
ABRIL,TONGA,OCEANÍA,OTRAS OCM,0
ABRIL,TONGA,OCEANÍA,SANTA ROSA,0
ABRIL,TRINIDAD Y TOBAGO,AMÉRICA CENTRAL,AEROPUERTO INTERNACIONAL JORGE CHÁVEZ,191
ABRIL,TRINIDAD Y TOBAGO,AMÉRICA CENTRAL,CEBAF - TUMBES,2
ABRIL,TRINIDAD Y TOBAGO,AMÉRICA CENTRAL,DESAGUADERO,0
ABRIL,TRINIDAD Y TOBAGO,AMÉRICA CENTRAL,KASANI,0
ABRIL,TRINIDAD Y TOBAGO,AMÉRICA CENTRAL,OTRAS OCM,2
ABRIL,TRINIDAD Y TOBAGO,AMÉRICA CENTRAL,SANTA ROSA,0
ABRIL,TURKMENISTÁN,ASIA,AEROPUERTO INTERNACIONAL JORGE CHÁVEZ,11
ABRIL,TURKMENISTÁN,ASIA,CEBAF - TUMBES,0
ABRIL,TURKMENISTÁN,ASIA,DESAGUADERO,0
ABRIL,TURKMENISTÁN,ASIA,KASANI,0
ABRIL,TURKMENISTÁN,ASIA,OTRAS OCM,0
ABRIL,TURKMENISTÁN,ASIA,SANTA ROSA,0
ABRIL,TURQUÍA,ASIA,AEROPUERTO INTERNACIONAL JORGE CHÁVEZ,1269
ABRIL,TURQUÍA,ASIA,CEBAF - TUMBES,26
ABRIL,TURQUÍA,ASIA,DESAGUADERO,134
ABRIL,TURQUÍA,ASIA,KASANI,59
ABRIL,TURQUÍA,ASIA,OTRAS OCM,70
ABRIL,TURQUÍA,ASIA,SANTA ROSA,25
ABRIL,TUVALU,OCEANÍA,AEROPUERTO INTERNACIONAL JORGE CHÁVEZ,0
ABRIL,TUVALU,OCEANÍA,CEBAF - TUMBES,0
ABRIL,TUVALU,OCEANÍA,DESAGUADERO,0
ABRIL,TUVALU,OCEANÍA,KASANI,0
ABRIL,TUVALU,OCEANÍA,OTRAS OCM,0
ABRIL,TUVALU,OCEANÍA,SANTA ROSA,0
ABRIL,TÚNEZ,ÁFRICA,AEROPUERTO INTERNACIONAL JORGE CHÁVEZ,34
ABRIL,TÚNEZ,ÁFRICA,CEBAF - TUMBES,0
ABRIL,TÚNEZ,ÁFRICA,DESAGUADERO,0
ABRIL,TÚNEZ,ÁFRICA,KASANI,0
ABRIL,TÚNEZ,ÁFRICA,OTRAS OCM,1
ABRIL,TÚNEZ,ÁFRICA,SANTA ROSA,0
ABRIL,UCRANIA,EUROPA,AEROPUERTO INTERNACIONAL JORGE CHÁVEZ,915
ABRIL,UCRANIA,EUROPA,CEBAF - TUMBES,23
ABRIL,UCRANIA,EUROPA,DESAGUADERO,25
ABRIL,UCRANIA,EUROPA,KASANI,18
ABRIL,UCRANIA,EUROPA,OTRAS OCM,144
ABRIL,UCRANIA,EUROPA,SANTA ROSA,14
ABRIL,UGANDA,ÁFRICA,AEROPUERTO INTERNACIONAL JORGE CHÁVEZ,9
ABRIL,UGANDA,ÁFRICA,CEBAF - TUMBES,2
ABRIL,UGANDA,ÁFRICA,DESAGUADERO,1
ABRIL,UGANDA,ÁFRICA,KASANI,0
ABRIL,UGANDA,ÁFRICA,OTRAS OCM,0
ABRIL,UGANDA,ÁFRICA,SANTA ROSA,0
ABRIL,URUGUAY,AMÉRICA DEL SUR,AEROPUERTO INTERNACIONAL JORGE CHÁVEZ,6056
ABRIL,URUGUAY,AMÉRICA DEL SUR,CEBAF - TUMBES,36
ABRIL,URUGUAY,AMÉRICA DEL SUR,DESAGUADERO,147
ABRIL,URUGUAY,AMÉRICA DEL SUR,KASANI,73
ABRIL,URUGUAY,AMÉRICA DEL SUR,OTRAS OCM,496
ABRIL,URUGUAY,AMÉRICA DEL SUR,SANTA ROSA,257
ABRIL,UZBEKISTÁN,ASIA,AEROPUERTO INTERNACIONAL JORGE CHÁVEZ,36
ABRIL,UZBEKISTÁN,ASIA,CEBAF - TUMBES,0
ABRIL,UZBEKISTÁN,ASIA,DESAGUADERO,1
ABRIL,UZBEKISTÁN,ASIA,KASANI,0
ABRIL,UZBEKISTÁN,ASIA,OTRAS OCM,2
ABRIL,UZBEKISTÁN,ASIA,SANTA ROSA,0
ABRIL,VANUATU,OCEANÍA,AEROPUERTO INTERNACIONAL JORGE CHÁVEZ,4
ABRIL,VANUATU,OCEANÍA,CEBAF - TUMBES,0
ABRIL,VANUATU,OCEANÍA,DESAGUADERO,1
ABRIL,VANUATU,OCEANÍA,KASANI,0
ABRIL,VANUATU,OCEANÍA,OTRAS OCM,0
ABRIL,VANUATU,OCEANÍA,SANTA ROSA,0
ABRIL,VATICANO,EUROPA,AEROPUERTO INTERNACIONAL JORGE CHÁVEZ,0
ABRIL,VATICANO,EUROPA,CEBAF - TUMBES,0
ABRIL,VATICANO,EUROPA,DESAGUADERO,0
ABRIL,VATICANO,EUROPA,KASANI,0
ABRIL,VATICANO,EUROPA,OTRAS OCM,0
ABRIL,VATICANO,EUROPA,SANTA ROSA,0
ABRIL,VENEZUELA,AMÉRICA DEL SUR,AEROPUERTO INTERNACIONAL JORGE CHÁVEZ,6098
ABRIL,VENEZUELA,AMÉRICA DEL SUR,CEBAF - TUMBES,4478
ABRIL,VENEZUELA,AMÉRICA DEL SUR,DESAGUADERO,74
ABRIL,VENEZUELA,AMÉRICA DEL SUR,KASANI,30
ABRIL,VENEZUELA,AMÉRICA DEL SUR,OTRAS OCM,144
ABRIL,VENEZUELA,AMÉRICA DEL SUR,SANTA ROSA,3647
ABRIL,VIETNAM,ASIA,AEROPUERTO INTERNACIONAL JORGE CHÁVEZ,265
ABRIL,VIETNAM,ASIA,CEBAF - TUMBES,0
ABRIL,VIETNAM,ASIA,DESAGUADERO,2
ABRIL,VIETNAM,ASIA,KASANI,10
ABRIL,VIETNAM,ASIA,OTRAS OCM,15
ABRIL,VIETNAM,ASIA,SANTA ROSA,0
ABRIL,YEMEN,ASIA,AEROPUERTO INTERNACIONAL JORGE CHÁVEZ,2
ABRIL,YEMEN,ASIA,CEBAF - TUMBES,0
ABRIL,YEMEN,ASIA,DESAGUADERO,0
ABRIL,YEMEN,ASIA,KASANI,0
ABRIL,YEMEN,ASIA,OTRAS OCM,0
ABRIL,YEMEN,ASIA,SANTA ROSA,1
ABRIL,ZAMBIA,ÁFRICA,AEROPUERTO INTERNACIONAL JORGE CHÁVEZ,13
ABRIL,ZAMBIA,ÁFRICA,CEBAF - TUMBES,0
ABRIL,ZAMBIA,ÁFRICA,DESAGUADERO,0
ABRIL,ZAMBIA,ÁFRICA,KASANI,0
ABRIL,ZAMBIA,ÁFRICA,OTRAS OCM,0
ABRIL,ZAMBIA,ÁFRICA,SANTA ROSA,0
ABRIL,ZIMBABWE,ÁFRICA,AEROPUERTO INTERNACIONAL JORGE CHÁVEZ,16
ABRIL,ZIMBABWE,ÁFRICA,CEBAF - TUMBES,0
ABRIL,ZIMBABWE,ÁFRICA,DESAGUADERO,0
ABRIL,ZIMBABWE,ÁFRICA,KASANI,0
ABRIL,ZIMBABWE,ÁFRICA,OTRAS OCM,0
ABRIL,ZIMBABWE,ÁFRICA,SANTA ROSA,0
AGOSTO,AFGHANISTÁN,ASIA,AEROPUERTO INTERNACIONAL JORGE CHÁVEZ,6
AGOSTO,AFGHANISTÁN,ASIA,CEBAF - TUMBES,2
AGOSTO,AFGHANISTÁN,ASIA,DESAGUADERO,1
AGOSTO,AFGHANISTÁN,ASIA,KASANI,1
AGOSTO,AFGHANISTÁN,ASIA,OTRAS OCM,0
AGOSTO,AFGHANISTÁN,ASIA,SANTA ROSA,15
AGOSTO,ALBANIA,EUROPA,AEROPUERTO INTERNACIONAL JORGE CHÁVEZ,26
AGOSTO,ALBANIA,EUROPA,CEBAF - TUMBES,2
AGOSTO,ALBANIA,EUROPA,DESAGUADERO,0
AGOSTO,ALBANIA,EUROPA,KASANI,1
AGOSTO,ALBANIA,EUROPA,OTRAS OCM,1
AGOSTO,ALBANIA,EUROPA,SANTA ROSA,0
AGOSTO,ALEMANIA,EUROPA,AEROPUERTO INTERNACIONAL JORGE CHÁVEZ,24622
AGOSTO,ALEMANIA,EUROPA,CEBAF - TUMBES,472
AGOSTO,ALEMANIA,EUROPA,DESAGUADERO,848
AGOSTO,ALEMANIA,EUROPA,KASANI,1041
AGOSTO,ALEMANIA,EUROPA,OTRAS OCM,932
AGOSTO,ALEMANIA,EUROPA,SANTA ROSA,296
AGOSTO,ANDORRA,EUROPA,AEROPUERTO INTERNACIONAL JORGE CHÁVEZ,65
AGOSTO,ANDORRA,EUROPA,CEBAF - TUMBES,2
AGOSTO,ANDORRA,EUROPA,DESAGUADERO,11
AGOSTO,ANDORRA,EUROPA,KASANI,0
AGOSTO,ANDORRA,EUROPA,OTRAS OCM,10
AGOSTO,ANDORRA,EUROPA,SANTA ROSA,0
AGOSTO,ANGOLA,ÁFRICA,AEROPUERTO INTERNACIONAL JORGE CHÁVEZ,20
AGOSTO,ANGOLA,ÁFRICA,CEBAF - TUMBES,0
AGOSTO,ANGOLA,ÁFRICA,DESAGUADERO,0
AGOSTO,ANGOLA,ÁFRICA,KASANI,0
AGOSTO,ANGOLA,ÁFRICA,OTRAS OCM,1
AGOSTO,ANGOLA,ÁFRICA,SANTA ROSA,0
AGOSTO,ANT. BARBUDA,AMÉRICA CENTRAL,AEROPUERTO INTERNACIONAL JORGE CHÁVEZ,27
AGOSTO,ANT. BARBUDA,AMÉRICA CENTRAL,CEBAF - TUMBES,0
AGOSTO,ANT. BARBUDA,AMÉRICA CENTRAL,DESAGUADERO,0
AGOSTO,ANT. BARBUDA,AMÉRICA CENTRAL,KASANI,0
AGOSTO,ANT. BARBUDA,AMÉRICA CENTRAL,OTRAS OCM,0
AGOSTO,ANT. BARBUDA,AMÉRICA CENTRAL,SANTA ROSA,0
AGOSTO,ARABIA SAUDITA,ASIA,AEROPUERTO INTERNACIONAL JORGE CHÁVEZ,90
AGOSTO,ARABIA SAUDITA,ASIA,CEBAF - TUMBES,0
AGOSTO,ARABIA SAUDITA,ASIA,DESAGUADERO,1
AGOSTO,ARABIA SAUDITA,ASIA,KASANI,1
AGOSTO,ARABIA SAUDITA,ASIA,OTRAS OCM,2
AGOSTO,ARABIA SAUDITA,ASIA,SANTA ROSA,0
AGOSTO,ARGELIA,ÁFRICA,AEROPUERTO INTERNACIONAL JORGE CHÁVEZ,59
AGOSTO,ARGELIA,ÁFRICA,CEBAF - TUMBES,1
AGOSTO,ARGELIA,ÁFRICA,DESAGUADERO,0
AGOSTO,ARGELIA,ÁFRICA,KASANI,0
AGOSTO,ARGELIA,ÁFRICA,OTRAS OCM,0
AGOSTO,ARGELIA,ÁFRICA,SANTA ROSA,0
AGOSTO,ARGENTINA,AMÉRICA DEL SUR,AEROPUERTO INTERNACIONAL JORGE CHÁVEZ,47017
AGOSTO,ARGENTINA,AMÉRICA DEL SUR,CEBAF - TUMBES,505
AGOSTO,ARGENTINA,AMÉRICA DEL SUR,DESAGUADERO,1755
AGOSTO,ARGENTINA,AMÉRICA DEL SUR,KASANI,918
AGOSTO,ARGENTINA,AMÉRICA DEL SUR,OTRAS OCM,1260
AGOSTO,ARGENTINA,AMÉRICA DEL SUR,SANTA ROSA,3488
AGOSTO,ARMENIA,ASIA,AEROPUERTO INTERNACIONAL JORGE CHÁVEZ,34
AGOSTO,ARMENIA,ASIA,CEBAF - TUMBES,0
AGOSTO,ARMENIA,ASIA,DESAGUADERO,1
AGOSTO,ARMENIA,ASIA,KASANI,1
AGOSTO,ARMENIA,ASIA,OTRAS OCM,1
AGOSTO,ARMENIA,ASIA,SANTA ROSA,3
AGOSTO,ARUBA,AMÉRICA CENTRAL,AEROPUERTO INTERNACIONAL JORGE CHÁVEZ,94
AGOSTO,ARUBA,AMÉRICA CENTRAL,CEBAF - TUMBES,0
AGOSTO,ARUBA,AMÉRICA CENTRAL,DESAGUADERO,1
AGOSTO,ARUBA,AMÉRICA CENTRAL,KASANI,1
AGOSTO,ARUBA,AMÉRICA CENTRAL,OTRAS OCM,1
AGOSTO,ARUBA,AMÉRICA CENTRAL,SANTA ROSA,0
AGOSTO,AUSTRALIA,OCEANÍA,AEROPUERTO INTERNACIONAL JORGE CHÁVEZ,8557
AGOSTO,AUSTRALIA,OCEANÍA,CEBAF - TUMBES,183
AGOSTO,AUSTRALIA,OCEANÍA,DESAGUADERO,135
AGOSTO,AUSTRALIA,OCEANÍA,KASANI,225
AGOSTO,AUSTRALIA,OCEANÍA,OTRAS OCM,2314
AGOSTO,AUSTRALIA,OCEANÍA,SANTA ROSA,58
AGOSTO,AUSTRIA,EUROPA,AEROPUERTO INTERNACIONAL JORGE CHÁVEZ,2656
AGOSTO,AUSTRIA,EUROPA,CEBAF - TUMBES,47
AGOSTO,AUSTRIA,EUROPA,DESAGUADERO,124
AGOSTO,AUSTRIA,EUROPA,KASANI,158
AGOSTO,AUSTRIA,EUROPA,OTRAS OCM,130
AGOSTO,AUSTRIA,EUROPA,SANTA ROSA,24
AGOSTO,AZERBAIYÁN,ASIA,AEROPUERTO INTERNACIONAL JORGE CHÁVEZ,28
AGOSTO,AZERBAIYÁN,ASIA,CEBAF - TUMBES,0
AGOSTO,AZERBAIYÁN,ASIA,DESAGUADERO,1
AGOSTO,AZERBAIYÁN,ASIA,KASANI,0
AGOSTO,AZERBAIYÁN,ASIA,OTRAS OCM,1
AGOSTO,AZERBAIYÁN,ASIA,SANTA ROSA,0
AGOSTO,BAHAMAS,AMÉRICA CENTRAL,AEROPUERTO INTERNACIONAL JORGE CHÁVEZ,211
AGOSTO,BAHAMAS,AMÉRICA CENTRAL,CEBAF - TUMBES,2
AGOSTO,BAHAMAS,AMÉRICA CENTRAL,DESAGUADERO,0
AGOSTO,BAHAMAS,AMÉRICA CENTRAL,KASANI,2
AGOSTO,BAHAMAS,AMÉRICA CENTRAL,OTRAS OCM,1
AGOSTO,BAHAMAS,AMÉRICA CENTRAL,SANTA ROSA,0
AGOSTO,BAHRÉIN,ASIA,AEROPUERTO INTERNACIONAL JORGE CHÁVEZ,11
AGOSTO,BAHRÉIN,ASIA,CEBAF - TUMBES,0
AGOSTO,BAHRÉIN,ASIA,DESAGUADERO,0
AGOSTO,BAHRÉIN,ASIA,KASANI,0
AGOSTO,BAHRÉIN,ASIA,OTRAS OCM,0
AGOSTO,BAHRÉIN,ASIA,SANTA ROSA,0
AGOSTO,BANGLADESH,ASIA,AEROPUERTO INTERNACIONAL JORGE CHÁVEZ,50
AGOSTO,BANGLADESH,ASIA,CEBAF - TUMBES,0
AGOSTO,BANGLADESH,ASIA,DESAGUADERO,1
AGOSTO,BANGLADESH,ASIA,KASANI,1
AGOSTO,BANGLADESH,ASIA,OTRAS OCM,14
AGOSTO,BANGLADESH,ASIA,SANTA ROSA,0
AGOSTO,BARBADOS,AMÉRICA CENTRAL,AEROPUERTO INTERNACIONAL JORGE CHÁVEZ,239
AGOSTO,BARBADOS,AMÉRICA CENTRAL,CEBAF - TUMBES,0
AGOSTO,BARBADOS,AMÉRICA CENTRAL,DESAGUADERO,0
AGOSTO,BARBADOS,AMÉRICA CENTRAL,KASANI,1
AGOSTO,BARBADOS,AMÉRICA CENTRAL,OTRAS OCM,1
AGOSTO,BARBADOS,AMÉRICA CENTRAL,SANTA ROSA,1
AGOSTO,BELICE,AMÉRICA CENTRAL,AEROPUERTO INTERNACIONAL JORGE CHÁVEZ,334
AGOSTO,BELICE,AMÉRICA CENTRAL,CEBAF - TUMBES,0
AGOSTO,BELICE,AMÉRICA CENTRAL,DESAGUADERO,4
AGOSTO,BELICE,AMÉRICA CENTRAL,KASANI,2
AGOSTO,BELICE,AMÉRICA CENTRAL,OTRAS OCM,2
AGOSTO,BELICE,AMÉRICA CENTRAL,SANTA ROSA,0
AGOSTO,BELORUSIA,EUROPA,AEROPUERTO INTERNACIONAL JORGE CHÁVEZ,139
AGOSTO,BELORUSIA,EUROPA,CEBAF - TUMBES,0
AGOSTO,BELORUSIA,EUROPA,DESAGUADERO,6
AGOSTO,BELORUSIA,EUROPA,KASANI,2
AGOSTO,BELORUSIA,EUROPA,OTRAS OCM,3
AGOSTO,BELORUSIA,EUROPA,SANTA ROSA,1
AGOSTO,BENÍN,ÁFRICA,AEROPUERTO INTERNACIONAL JORGE CHÁVEZ,3
AGOSTO,BENÍN,ÁFRICA,CEBAF - TUMBES,0
AGOSTO,BENÍN,ÁFRICA,DESAGUADERO,0
AGOSTO,BENÍN,ÁFRICA,KASANI,0
AGOSTO,BENÍN,ÁFRICA,OTRAS OCM,0
AGOSTO,BENÍN,ÁFRICA,SANTA ROSA,0
AGOSTO,BERMUDAS,AMÉRICA CENTRAL,AEROPUERTO INTERNACIONAL JORGE CHÁVEZ,23
AGOSTO,BERMUDAS,AMÉRICA CENTRAL,CEBAF - TUMBES,0
AGOSTO,BERMUDAS,AMÉRICA CENTRAL,DESAGUADERO,0
AGOSTO,BERMUDAS,AMÉRICA CENTRAL,KASANI,0
AGOSTO,BERMUDAS,AMÉRICA CENTRAL,OTRAS OCM,0
AGOSTO,BERMUDAS,AMÉRICA CENTRAL,SANTA ROSA,0
AGOSTO,BHUTÁN,ASIA,AEROPUERTO INTERNACIONAL JORGE CHÁVEZ,2
AGOSTO,BHUTÁN,ASIA,CEBAF - TUMBES,0
AGOSTO,BHUTÁN,ASIA,DESAGUADERO,0
AGOSTO,BHUTÁN,ASIA,KASANI,0
AGOSTO,BHUTÁN,ASIA,OTRAS OCM,0
AGOSTO,BHUTÁN,ASIA,SANTA ROSA,0
AGOSTO,BOLIVIA,AMÉRICA DEL SUR,AEROPUERTO INTERNACIONAL JORGE CHÁVEZ,9354
AGOSTO,BOLIVIA,AMÉRICA DEL SUR,CEBAF - TUMBES,229
AGOSTO,BOLIVIA,AMÉRICA DEL SUR,DESAGUADERO,53280
AGOSTO,BOLIVIA,AMÉRICA DEL SUR,KASANI,3670
AGOSTO,BOLIVIA,AMÉRICA DEL SUR,OTRAS OCM,3756
AGOSTO,BOLIVIA,AMÉRICA DEL SUR,SANTA ROSA,13082
AGOSTO,BOSNIA Y HERZEGOVINA,EUROPA,AEROPUERTO INTERNACIONAL JORGE CHÁVEZ,18
AGOSTO,BOSNIA Y HERZEGOVINA,EUROPA,CEBAF - TUMBES,0
AGOSTO,BOSNIA Y HERZEGOVINA,EUROPA,DESAGUADERO,4
AGOSTO,BOSNIA Y HERZEGOVINA,EUROPA,KASANI,3
AGOSTO,BOSNIA Y HERZEGOVINA,EUROPA,OTRAS OCM,0
AGOSTO,BOSNIA Y HERZEGOVINA,EUROPA,SANTA ROSA,1
AGOSTO,BOTSWANA,ÁFRICA,AEROPUERTO INTERNACIONAL JORGE CHÁVEZ,20
AGOSTO,BOTSWANA,ÁFRICA,CEBAF - TUMBES,0
AGOSTO,BOTSWANA,ÁFRICA,DESAGUADERO,0
AGOSTO,BOTSWANA,ÁFRICA,KASANI,0
AGOSTO,BOTSWANA,ÁFRICA,OTRAS OCM,0
AGOSTO,BOTSWANA,ÁFRICA,SANTA ROSA,0
AGOSTO,BRASIL,AMÉRICA DEL SUR,AEROPUERTO INTERNACIONAL JORGE CHÁVEZ,61703
AGOSTO,BRASIL,AMÉRICA DEL SUR,CEBAF - TUMBES,145
AGOSTO,BRASIL,AMÉRICA DEL SUR,DESAGUADERO,740
AGOSTO,BRASIL,AMÉRICA DEL SUR,KASANI,718
AGOSTO,BRASIL,AMÉRICA DEL SUR,OTRAS OCM,6597
AGOSTO,BRASIL,AMÉRICA DEL SUR,SANTA ROSA,2625
AGOSTO,BRUNÉI,ASIA,AEROPUERTO INTERNACIONAL JORGE CHÁVEZ,25
AGOSTO,BRUNÉI,ASIA,CEBAF - TUMBES,0
AGOSTO,BRUNÉI,ASIA,DESAGUADERO,0
AGOSTO,BRUNÉI,ASIA,KASANI,0
AGOSTO,BRUNÉI,ASIA,OTRAS OCM,0
AGOSTO,BRUNÉI,ASIA,SANTA ROSA,0
AGOSTO,BULGARIA,EUROPA,AEROPUERTO INTERNACIONAL JORGE CHÁVEZ,732
AGOSTO,BULGARIA,EUROPA,CEBAF - TUMBES,6
AGOSTO,BULGARIA,EUROPA,DESAGUADERO,26
AGOSTO,BULGARIA,EUROPA,KASANI,4
AGOSTO,BULGARIA,EUROPA,OTRAS OCM,40
AGOSTO,BULGARIA,EUROPA,SANTA ROSA,4
AGOSTO,BURKINA FASO,ÁFRICA,AEROPUERTO INTERNACIONAL JORGE CHÁVEZ,6
AGOSTO,BURKINA FASO,ÁFRICA,CEBAF - TUMBES,0
AGOSTO,BURKINA FASO,ÁFRICA,DESAGUADERO,0
AGOSTO,BURKINA FASO,ÁFRICA,KASANI,0
AGOSTO,BURKINA FASO,ÁFRICA,OTRAS OCM,0
AGOSTO,BURKINA FASO,ÁFRICA,SANTA ROSA,0
AGOSTO,BURUNDI,ÁFRICA,AEROPUERTO INTERNACIONAL JORGE CHÁVEZ,4
AGOSTO,BURUNDI,ÁFRICA,CEBAF - TUMBES,0
AGOSTO,BURUNDI,ÁFRICA,DESAGUADERO,0
AGOSTO,BURUNDI,ÁFRICA,KASANI,0
AGOSTO,BURUNDI,ÁFRICA,OTRAS OCM,0
AGOSTO,BURUNDI,ÁFRICA,SANTA ROSA,0
AGOSTO,BÉLGICA,EUROPA,AEROPUERTO INTERNACIONAL JORGE CHÁVEZ,4932
AGOSTO,BÉLGICA,EUROPA,CEBAF - TUMBES,81
AGOSTO,BÉLGICA,EUROPA,DESAGUADERO,146
AGOSTO,BÉLGICA,EUROPA,KASANI,166
AGOSTO,BÉLGICA,EUROPA,OTRAS OCM,180
AGOSTO,BÉLGICA,EUROPA,SANTA ROSA,72
AGOSTO,CABO VERDE,ÁFRICA,AEROPUERTO INTERNACIONAL JORGE CHÁVEZ,9
AGOSTO,CABO VERDE,ÁFRICA,CEBAF - TUMBES,0
AGOSTO,CABO VERDE,ÁFRICA,DESAGUADERO,0
AGOSTO,CABO VERDE,ÁFRICA,KASANI,0
AGOSTO,CABO VERDE,ÁFRICA,OTRAS OCM,2
AGOSTO,CABO VERDE,ÁFRICA,SANTA ROSA,0
AGOSTO,CAMBOYA,ASIA,AEROPUERTO INTERNACIONAL JORGE CHÁVEZ,2
AGOSTO,CAMBOYA,ASIA,CEBAF - TUMBES,0
AGOSTO,CAMBOYA,ASIA,DESAGUADERO,0
AGOSTO,CAMBOYA,ASIA,KASANI,0
AGOSTO,CAMBOYA,ASIA,OTRAS OCM,0
AGOSTO,CAMBOYA,ASIA,SANTA ROSA,0
AGOSTO,CAMERÚN,ÁFRICA,AEROPUERTO INTERNACIONAL JORGE CHÁVEZ,14
AGOSTO,CAMERÚN,ÁFRICA,CEBAF - TUMBES,0
AGOSTO,CAMERÚN,ÁFRICA,DESAGUADERO,0
AGOSTO,CAMERÚN,ÁFRICA,KASANI,0
AGOSTO,CAMERÚN,ÁFRICA,OTRAS OCM,1
AGOSTO,CAMERÚN,ÁFRICA,SANTA ROSA,2
AGOSTO,CANADÁ,AMÉRICA DEL NORTE,AEROPUERTO INTERNACIONAL JORGE CHÁVEZ,26707
AGOSTO,CANADÁ,AMÉRICA DEL NORTE,CEBAF - TUMBES,139
AGOSTO,CANADÁ,AMÉRICA DEL NORTE,DESAGUADERO,179
AGOSTO,CANADÁ,AMÉRICA DEL NORTE,KASANI,137
AGOSTO,CANADÁ,AMÉRICA DEL NORTE,OTRAS OCM,765
AGOSTO,CANADÁ,AMÉRICA DEL NORTE,SANTA ROSA,124
AGOSTO,CEYLÁN,ASIA,AEROPUERTO INTERNACIONAL JORGE CHÁVEZ,0
AGOSTO,CEYLÁN,ASIA,CEBAF - TUMBES,0
AGOSTO,CEYLÁN,ASIA,DESAGUADERO,0
AGOSTO,CEYLÁN,ASIA,KASANI,0
AGOSTO,CEYLÁN,ASIA,OTRAS OCM,0
AGOSTO,CEYLÁN,ASIA,SANTA ROSA,0
AGOSTO,CHAD,ÁFRICA,AEROPUERTO INTERNACIONAL JORGE CHÁVEZ,2
AGOSTO,CHAD,ÁFRICA,CEBAF - TUMBES,0
AGOSTO,CHAD,ÁFRICA,DESAGUADERO,0
AGOSTO,CHAD,ÁFRICA,KASANI,0
AGOSTO,CHAD,ÁFRICA,OTRAS OCM,0
AGOSTO,CHAD,ÁFRICA,SANTA ROSA,0
AGOSTO,CHILE,AMÉRICA DEL SUR,AEROPUERTO INTERNACIONAL JORGE CHÁVEZ,101463
AGOSTO,CHILE,AMÉRICA DEL SUR,CEBAF - TUMBES,701
AGOSTO,CHILE,AMÉRICA DEL SUR,DESAGUADERO,663
AGOSTO,CHILE,AMÉRICA DEL SUR,KASANI,285
AGOSTO,CHILE,AMÉRICA DEL SUR,OTRAS OCM,9992
AGOSTO,CHILE,AMÉRICA DEL SUR,SANTA ROSA,424669
AGOSTO,CHINA (R.P),ASIA,AEROPUERTO INTERNACIONAL JORGE CHÁVEZ,11173
AGOSTO,CHINA (R.P),ASIA,CEBAF - TUMBES,55
AGOSTO,CHINA (R.P),ASIA,DESAGUADERO,48
AGOSTO,CHINA (R.P),ASIA,KASANI,22
AGOSTO,CHINA (R.P),ASIA,OTRAS OCM,876
AGOSTO,CHINA (R.P),ASIA,SANTA ROSA,150
AGOSTO,CHIPRE,EUROPA,AEROPUERTO INTERNACIONAL JORGE CHÁVEZ,333
AGOSTO,CHIPRE,EUROPA,CEBAF - TUMBES,3
AGOSTO,CHIPRE,EUROPA,DESAGUADERO,9
AGOSTO,CHIPRE,EUROPA,KASANI,8
AGOSTO,CHIPRE,EUROPA,OTRAS OCM,4
AGOSTO,CHIPRE,EUROPA,SANTA ROSA,1
AGOSTO,COLOMBIA,AMÉRICA DEL SUR,AEROPUERTO INTERNACIONAL JORGE CHÁVEZ,60993
AGOSTO,COLOMBIA,AMÉRICA DEL SUR,CEBAF - TUMBES,7494
AGOSTO,COLOMBIA,AMÉRICA DEL SUR,DESAGUADERO,982
AGOSTO,COLOMBIA,AMÉRICA DEL SUR,KASANI,307
AGOSTO,COLOMBIA,AMÉRICA DEL SUR,OTRAS OCM,4027
AGOSTO,COLOMBIA,AMÉRICA DEL SUR,SANTA ROSA,4633
AGOSTO,COMORAS (ISL),ÁFRICA,AEROPUERTO INTERNACIONAL JORGE CHÁVEZ,2
AGOSTO,COMORAS (ISL),ÁFRICA,CEBAF - TUMBES,0
AGOSTO,COMORAS (ISL),ÁFRICA,DESAGUADERO,0
AGOSTO,COMORAS (ISL),ÁFRICA,KASANI,0
AGOSTO,COMORAS (ISL),ÁFRICA,OTRAS OCM,0
AGOSTO,COMORAS (ISL),ÁFRICA,SANTA ROSA,0
AGOSTO,CONGO,ÁFRICA,AEROPUERTO INTERNACIONAL JORGE CHÁVEZ,8
AGOSTO,CONGO,ÁFRICA,CEBAF - TUMBES,0
AGOSTO,CONGO,ÁFRICA,DESAGUADERO,0
AGOSTO,CONGO,ÁFRICA,KASANI,0
AGOSTO,CONGO,ÁFRICA,OTRAS OCM,0
AGOSTO,CONGO,ÁFRICA,SANTA ROSA,0
AGOSTO,COREA DEL NORTE,ASIA,AEROPUERTO INTERNACIONAL JORGE CHÁVEZ,0
AGOSTO,COREA DEL NORTE,ASIA,CEBAF - TUMBES,0
AGOSTO,COREA DEL NORTE,ASIA,DESAGUADERO,0
AGOSTO,COREA DEL NORTE,ASIA,KASANI,0
AGOSTO,COREA DEL NORTE,ASIA,OTRAS OCM,0
AGOSTO,COREA DEL NORTE,ASIA,SANTA ROSA,0
AGOSTO,COREA DEL SUR,ASIA,AEROPUERTO INTERNACIONAL JORGE CHÁVEZ,3763
AGOSTO,COREA DEL SUR,ASIA,CEBAF - TUMBES,90
AGOSTO,COREA DEL SUR,ASIA,DESAGUADERO,112
AGOSTO,COREA DEL SUR,ASIA,KASANI,33
AGOSTO,COREA DEL SUR,ASIA,OTRAS OCM,237
AGOSTO,COREA DEL SUR,ASIA,SANTA ROSA,57
AGOSTO,COSTA MARFIL,ÁFRICA,AEROPUERTO INTERNACIONAL JORGE CHÁVEZ,11
AGOSTO,COSTA MARFIL,ÁFRICA,CEBAF - TUMBES,0
AGOSTO,COSTA MARFIL,ÁFRICA,DESAGUADERO,0
AGOSTO,COSTA MARFIL,ÁFRICA,KASANI,0
AGOSTO,COSTA MARFIL,ÁFRICA,OTRAS OCM,0
AGOSTO,COSTA MARFIL,ÁFRICA,SANTA ROSA,0
AGOSTO,COSTA RICA,AMÉRICA CENTRAL,AEROPUERTO INTERNACIONAL JORGE CHÁVEZ,8843
AGOSTO,COSTA RICA,AMÉRICA CENTRAL,CEBAF - TUMBES,20
AGOSTO,COSTA RICA,AMÉRICA CENTRAL,DESAGUADERO,29
AGOSTO,COSTA RICA,AMÉRICA CENTRAL,KASANI,15
AGOSTO,COSTA RICA,AMÉRICA CENTRAL,OTRAS OCM,323
AGOSTO,COSTA RICA,AMÉRICA CENTRAL,SANTA ROSA,23
AGOSTO,CROACIA,EUROPA,AEROPUERTO INTERNACIONAL JORGE CHÁVEZ,397
AGOSTO,CROACIA,EUROPA,CEBAF - TUMBES,0
AGOSTO,CROACIA,EUROPA,DESAGUADERO,15
AGOSTO,CROACIA,EUROPA,KASANI,22
AGOSTO,CROACIA,EUROPA,OTRAS OCM,24
AGOSTO,CROACIA,EUROPA,SANTA ROSA,8
AGOSTO,CUBA,AMÉRICA CENTRAL,AEROPUERTO INTERNACIONAL JORGE CHÁVEZ,2457
AGOSTO,CUBA,AMÉRICA CENTRAL,CEBAF - TUMBES,18
AGOSTO,CUBA,AMÉRICA CENTRAL,DESAGUADERO,2
AGOSTO,CUBA,AMÉRICA CENTRAL,KASANI,0
AGOSTO,CUBA,AMÉRICA CENTRAL,OTRAS OCM,34
AGOSTO,CUBA,AMÉRICA CENTRAL,SANTA ROSA,44
AGOSTO,DEMOC. REP. CONGO (ZAIRE),ÁFRICA,AEROPUERTO INTERNACIONAL JORGE CHÁVEZ,1
AGOSTO,DEMOC. REP. CONGO (ZAIRE),ÁFRICA,CEBAF - TUMBES,0
AGOSTO,DEMOC. REP. CONGO (ZAIRE),ÁFRICA,DESAGUADERO,0
AGOSTO,DEMOC. REP. CONGO (ZAIRE),ÁFRICA,KASANI,0
AGOSTO,DEMOC. REP. CONGO (ZAIRE),ÁFRICA,OTRAS OCM,0
AGOSTO,DEMOC. REP. CONGO (ZAIRE),ÁFRICA,SANTA ROSA,0
AGOSTO,DINAMARCA,EUROPA,AEROPUERTO INTERNACIONAL JORGE CHÁVEZ,1415
AGOSTO,DINAMARCA,EUROPA,CEBAF - TUMBES,85
AGOSTO,DINAMARCA,EUROPA,DESAGUADERO,28
AGOSTO,DINAMARCA,EUROPA,KASANI,50
AGOSTO,DINAMARCA,EUROPA,OTRAS OCM,49
AGOSTO,DINAMARCA,EUROPA,SANTA ROSA,12
AGOSTO,DJIBOUTI,ÁFRICA,AEROPUERTO INTERNACIONAL JORGE CHÁVEZ,0
AGOSTO,DJIBOUTI,ÁFRICA,CEBAF - TUMBES,0
AGOSTO,DJIBOUTI,ÁFRICA,DESAGUADERO,0
AGOSTO,DJIBOUTI,ÁFRICA,KASANI,0
AGOSTO,DJIBOUTI,ÁFRICA,OTRAS OCM,0
AGOSTO,DJIBOUTI,ÁFRICA,SANTA ROSA,0
AGOSTO,DOMINICA,AMÉRICA CENTRAL,AEROPUERTO INTERNACIONAL JORGE CHÁVEZ,40
AGOSTO,DOMINICA,AMÉRICA CENTRAL,CEBAF - TUMBES,2
AGOSTO,DOMINICA,AMÉRICA CENTRAL,DESAGUADERO,0
AGOSTO,DOMINICA,AMÉRICA CENTRAL,KASANI,0
AGOSTO,DOMINICA,AMÉRICA CENTRAL,OTRAS OCM,4
AGOSTO,DOMINICA,AMÉRICA CENTRAL,SANTA ROSA,2
AGOSTO,ECUADOR,AMÉRICA DEL SUR,AEROPUERTO INTERNACIONAL JORGE CHÁVEZ,25471
AGOSTO,ECUADOR,AMÉRICA DEL SUR,CEBAF - TUMBES,160754
AGOSTO,ECUADOR,AMÉRICA DEL SUR,DESAGUADERO,840
AGOSTO,ECUADOR,AMÉRICA DEL SUR,KASANI,314
AGOSTO,ECUADOR,AMÉRICA DEL SUR,OTRAS OCM,27370
AGOSTO,ECUADOR,AMÉRICA DEL SUR,SANTA ROSA,3243
AGOSTO,EE.UU,AMÉRICA DEL NORTE,AEROPUERTO INTERNACIONAL JORGE CHÁVEZ,253549
AGOSTO,EE.UU,AMÉRICA DEL NORTE,CEBAF - TUMBES,1190
AGOSTO,EE.UU,AMÉRICA DEL NORTE,DESAGUADERO,354
AGOSTO,EE.UU,AMÉRICA DEL NORTE,KASANI,312
AGOSTO,EE.UU,AMÉRICA DEL NORTE,OTRAS OCM,4915
AGOSTO,EE.UU,AMÉRICA DEL NORTE,SANTA ROSA,480
AGOSTO,EGIPTO,ÁFRICA,AEROPUERTO INTERNACIONAL JORGE CHÁVEZ,138
AGOSTO,EGIPTO,ÁFRICA,CEBAF - TUMBES,1
AGOSTO,EGIPTO,ÁFRICA,DESAGUADERO,0
AGOSTO,EGIPTO,ÁFRICA,KASANI,1
AGOSTO,EGIPTO,ÁFRICA,OTRAS OCM,3
AGOSTO,EGIPTO,ÁFRICA,SANTA ROSA,0
AGOSTO,EL SALVADOR,AMÉRICA CENTRAL,AEROPUERTO INTERNACIONAL JORGE CHÁVEZ,3426
AGOSTO,EL SALVADOR,AMÉRICA CENTRAL,CEBAF - TUMBES,6
AGOSTO,EL SALVADOR,AMÉRICA CENTRAL,DESAGUADERO,8
AGOSTO,EL SALVADOR,AMÉRICA CENTRAL,KASANI,7
AGOSTO,EL SALVADOR,AMÉRICA CENTRAL,OTRAS OCM,95
AGOSTO,EL SALVADOR,AMÉRICA CENTRAL,SANTA ROSA,7
AGOSTO,EMIRATOS ÁRABES UNIDOS,ASIA,AEROPUERTO INTERNACIONAL JORGE CHÁVEZ,113
AGOSTO,EMIRATOS ÁRABES UNIDOS,ASIA,CEBAF - TUMBES,0
AGOSTO,EMIRATOS ÁRABES UNIDOS,ASIA,DESAGUADERO,1
AGOSTO,EMIRATOS ÁRABES UNIDOS,ASIA,KASANI,0
AGOSTO,EMIRATOS ÁRABES UNIDOS,ASIA,OTRAS OCM,16
AGOSTO,EMIRATOS ÁRABES UNIDOS,ASIA,SANTA ROSA,0
AGOSTO,ERITREA,ÁFRICA,AEROPUERTO INTERNACIONAL JORGE CHÁVEZ,4
AGOSTO,ERITREA,ÁFRICA,CEBAF - TUMBES,0
AGOSTO,ERITREA,ÁFRICA,DESAGUADERO,0
AGOSTO,ERITREA,ÁFRICA,KASANI,0
AGOSTO,ERITREA,ÁFRICA,OTRAS OCM,0
AGOSTO,ERITREA,ÁFRICA,SANTA ROSA,0
AGOSTO,ESLOVAQUIA,EUROPA,AEROPUERTO INTERNACIONAL JORGE CHÁVEZ,752
AGOSTO,ESLOVAQUIA,EUROPA,CEBAF - TUMBES,8
AGOSTO,ESLOVAQUIA,EUROPA,DESAGUADERO,28
AGOSTO,ESLOVAQUIA,EUROPA,KASANI,28
AGOSTO,ESLOVAQUIA,EUROPA,OTRAS OCM,38
AGOSTO,ESLOVAQUIA,EUROPA,SANTA ROSA,4
AGOSTO,ESLOVENIA,EUROPA,AEROPUERTO INTERNACIONAL JORGE CHÁVEZ,371
AGOSTO,ESLOVENIA,EUROPA,CEBAF - TUMBES,7
AGOSTO,ESLOVENIA,EUROPA,DESAGUADERO,19
AGOSTO,ESLOVENIA,EUROPA,KASANI,13
AGOSTO,ESLOVENIA,EUROPA,OTRAS OCM,33
AGOSTO,ESLOVENIA,EUROPA,SANTA ROSA,5
AGOSTO,ESPAÑA,EUROPA,AEROPUERTO INTERNACIONAL JORGE CHÁVEZ,73368
AGOSTO,ESPAÑA,EUROPA,CEBAF - TUMBES,669
AGOSTO,ESPAÑA,EUROPA,DESAGUADERO,844
AGOSTO,ESPAÑA,EUROPA,KASANI,745
AGOSTO,ESPAÑA,EUROPA,OTRAS OCM,1331
AGOSTO,ESPAÑA,EUROPA,SANTA ROSA,517
AGOSTO,ESTONIA,EUROPA,AEROPUERTO INTERNACIONAL JORGE CHÁVEZ,135
AGOSTO,ESTONIA,EUROPA,CEBAF - TUMBES,4
AGOSTO,ESTONIA,EUROPA,DESAGUADERO,3
AGOSTO,ESTONIA,EUROPA,KASANI,5
AGOSTO,ESTONIA,EUROPA,OTRAS OCM,3
AGOSTO,ESTONIA,EUROPA,SANTA ROSA,0
AGOSTO,ETIOPÍA,ÁFRICA,AEROPUERTO INTERNACIONAL JORGE CHÁVEZ,40
AGOSTO,ETIOPÍA,ÁFRICA,CEBAF - TUMBES,0
AGOSTO,ETIOPÍA,ÁFRICA,DESAGUADERO,0
AGOSTO,ETIOPÍA,ÁFRICA,KASANI,0
AGOSTO,ETIOPÍA,ÁFRICA,OTRAS OCM,1
AGOSTO,ETIOPÍA,ÁFRICA,SANTA ROSA,1
AGOSTO,EX R. YUG. MACEDONIA,EUROPA,AEROPUERTO INTERNACIONAL JORGE CHÁVEZ,34
AGOSTO,EX R. YUG. MACEDONIA,EUROPA,CEBAF - TUMBES,0
AGOSTO,EX R. YUG. MACEDONIA,EUROPA,DESAGUADERO,1
AGOSTO,EX R. YUG. MACEDONIA,EUROPA,KASANI,0
AGOSTO,EX R. YUG. MACEDONIA,EUROPA,OTRAS OCM,2
AGOSTO,EX R. YUG. MACEDONIA,EUROPA,SANTA ROSA,0
AGOSTO,FIJI,OCEANÍA,AEROPUERTO INTERNACIONAL JORGE CHÁVEZ,5
AGOSTO,FIJI,OCEANÍA,CEBAF - TUMBES,0
AGOSTO,FIJI,OCEANÍA,DESAGUADERO,0
AGOSTO,FIJI,OCEANÍA,KASANI,0
AGOSTO,FIJI,OCEANÍA,OTRAS OCM,2
AGOSTO,FIJI,OCEANÍA,SANTA ROSA,1
AGOSTO,FILIPINAS,ASIA,AEROPUERTO INTERNACIONAL JORGE CHÁVEZ,1502
AGOSTO,FILIPINAS,ASIA,CEBAF - TUMBES,7
AGOSTO,FILIPINAS,ASIA,DESAGUADERO,14
AGOSTO,FILIPINAS,ASIA,KASANI,15
AGOSTO,FILIPINAS,ASIA,OTRAS OCM,538
AGOSTO,FILIPINAS,ASIA,SANTA ROSA,1
AGOSTO,FINLANDIA,EUROPA,AEROPUERTO INTERNACIONAL JORGE CHÁVEZ,454
AGOSTO,FINLANDIA,EUROPA,CEBAF - TUMBES,4
AGOSTO,FINLANDIA,EUROPA,DESAGUADERO,9
AGOSTO,FINLANDIA,EUROPA,KASANI,16
AGOSTO,FINLANDIA,EUROPA,OTRAS OCM,13
AGOSTO,FINLANDIA,EUROPA,SANTA ROSA,0
AGOSTO,FRANCIA,EUROPA,AEROPUERTO INTERNACIONAL JORGE CHÁVEZ,34621
AGOSTO,FRANCIA,EUROPA,CEBAF - TUMBES,616
AGOSTO,FRANCIA,EUROPA,DESAGUADERO,2358
AGOSTO,FRANCIA,EUROPA,KASANI,2071
AGOSTO,FRANCIA,EUROPA,OTRAS OCM,1337
AGOSTO,FRANCIA,EUROPA,SANTA ROSA,578
AGOSTO,GABÓN,ÁFRICA,AEROPUERTO INTERNACIONAL JORGE CHÁVEZ,3
AGOSTO,GABÓN,ÁFRICA,CEBAF - TUMBES,0
AGOSTO,GABÓN,ÁFRICA,DESAGUADERO,0
AGOSTO,GABÓN,ÁFRICA,KASANI,0
AGOSTO,GABÓN,ÁFRICA,OTRAS OCM,0
AGOSTO,GABÓN,ÁFRICA,SANTA ROSA,0
AGOSTO,GAMBIA,ÁFRICA,AEROPUERTO INTERNACIONAL JORGE CHÁVEZ,1
AGOSTO,GAMBIA,ÁFRICA,CEBAF - TUMBES,0
AGOSTO,GAMBIA,ÁFRICA,DESAGUADERO,0
AGOSTO,GAMBIA,ÁFRICA,KASANI,0
AGOSTO,GAMBIA,ÁFRICA,OTRAS OCM,0
AGOSTO,GAMBIA,ÁFRICA,SANTA ROSA,0
AGOSTO,GEORGIA,ASIA,AEROPUERTO INTERNACIONAL JORGE CHÁVEZ,63
AGOSTO,GEORGIA,ASIA,CEBAF - TUMBES,0
AGOSTO,GEORGIA,ASIA,DESAGUADERO,0
AGOSTO,GEORGIA,ASIA,KASANI,0
AGOSTO,GEORGIA,ASIA,OTRAS OCM,12
AGOSTO,GEORGIA,ASIA,SANTA ROSA,0
AGOSTO,GHANA,ÁFRICA,AEROPUERTO INTERNACIONAL JORGE CHÁVEZ,37
AGOSTO,GHANA,ÁFRICA,CEBAF - TUMBES,3
AGOSTO,GHANA,ÁFRICA,DESAGUADERO,0
AGOSTO,GHANA,ÁFRICA,KASANI,0
AGOSTO,GHANA,ÁFRICA,OTRAS OCM,5
AGOSTO,GHANA,ÁFRICA,SANTA ROSA,0
AGOSTO,GRANADA,AMÉRICA CENTRAL,AEROPUERTO INTERNACIONAL JORGE CHÁVEZ,69
AGOSTO,GRANADA,AMÉRICA CENTRAL,CEBAF - TUMBES,0
AGOSTO,GRANADA,AMÉRICA CENTRAL,DESAGUADERO,6
AGOSTO,GRANADA,AMÉRICA CENTRAL,KASANI,5
AGOSTO,GRANADA,AMÉRICA CENTRAL,OTRAS OCM,0
AGOSTO,GRANADA,AMÉRICA CENTRAL,SANTA ROSA,0
AGOSTO,GRECIA,EUROPA,AEROPUERTO INTERNACIONAL JORGE CHÁVEZ,2676
AGOSTO,GRECIA,EUROPA,CEBAF - TUMBES,7
AGOSTO,GRECIA,EUROPA,DESAGUADERO,129
AGOSTO,GRECIA,EUROPA,KASANI,193
AGOSTO,GRECIA,EUROPA,OTRAS OCM,59
AGOSTO,GRECIA,EUROPA,SANTA ROSA,8
AGOSTO,GROENLANDIA,EUROPA,AEROPUERTO INTERNACIONAL JORGE CHÁVEZ,1
AGOSTO,GROENLANDIA,EUROPA,CEBAF - TUMBES,0
AGOSTO,GROENLANDIA,EUROPA,DESAGUADERO,0
AGOSTO,GROENLANDIA,EUROPA,KASANI,0
AGOSTO,GROENLANDIA,EUROPA,OTRAS OCM,0
AGOSTO,GROENLANDIA,EUROPA,SANTA ROSA,0
AGOSTO,GUATEMALA,AMÉRICA CENTRAL,AEROPUERTO INTERNACIONAL JORGE CHÁVEZ,3984
AGOSTO,GUATEMALA,AMÉRICA CENTRAL,CEBAF - TUMBES,4
AGOSTO,GUATEMALA,AMÉRICA CENTRAL,DESAGUADERO,9
AGOSTO,GUATEMALA,AMÉRICA CENTRAL,KASANI,6
AGOSTO,GUATEMALA,AMÉRICA CENTRAL,OTRAS OCM,75
AGOSTO,GUATEMALA,AMÉRICA CENTRAL,SANTA ROSA,8
AGOSTO,GUINEA,ÁFRICA,AEROPUERTO INTERNACIONAL JORGE CHÁVEZ,2
AGOSTO,GUINEA,ÁFRICA,CEBAF - TUMBES,0
AGOSTO,GUINEA,ÁFRICA,DESAGUADERO,0
AGOSTO,GUINEA,ÁFRICA,KASANI,0
AGOSTO,GUINEA,ÁFRICA,OTRAS OCM,0
AGOSTO,GUINEA,ÁFRICA,SANTA ROSA,0
AGOSTO,GUINEA BISSAU,ÁFRICA,AEROPUERTO INTERNACIONAL JORGE CHÁVEZ,0
AGOSTO,GUINEA BISSAU,ÁFRICA,CEBAF - TUMBES,0
AGOSTO,GUINEA BISSAU,ÁFRICA,DESAGUADERO,0
AGOSTO,GUINEA BISSAU,ÁFRICA,KASANI,0
AGOSTO,GUINEA BISSAU,ÁFRICA,OTRAS OCM,0
AGOSTO,GUINEA BISSAU,ÁFRICA,SANTA ROSA,0
AGOSTO,GUINEA ECUATORIAL,ÁFRICA,AEROPUERTO INTERNACIONAL JORGE CHÁVEZ,1
AGOSTO,GUINEA ECUATORIAL,ÁFRICA,CEBAF - TUMBES,0
AGOSTO,GUINEA ECUATORIAL,ÁFRICA,DESAGUADERO,0
AGOSTO,GUINEA ECUATORIAL,ÁFRICA,KASANI,0
AGOSTO,GUINEA ECUATORIAL,ÁFRICA,OTRAS OCM,0
AGOSTO,GUINEA ECUATORIAL,ÁFRICA,SANTA ROSA,0
AGOSTO,GUYANA,AMÉRICA DEL SUR,AEROPUERTO INTERNACIONAL JORGE CHÁVEZ,100
AGOSTO,GUYANA,AMÉRICA DEL SUR,CEBAF - TUMBES,1
AGOSTO,GUYANA,AMÉRICA DEL SUR,DESAGUADERO,1
AGOSTO,GUYANA,AMÉRICA DEL SUR,KASANI,2
AGOSTO,GUYANA,AMÉRICA DEL SUR,OTRAS OCM,9
AGOSTO,GUYANA,AMÉRICA DEL SUR,SANTA ROSA,2
AGOSTO,HAITÍ,AMÉRICA CENTRAL,AEROPUERTO INTERNACIONAL JORGE CHÁVEZ,80
AGOSTO,HAITÍ,AMÉRICA CENTRAL,CEBAF - TUMBES,4
AGOSTO,HAITÍ,AMÉRICA CENTRAL,DESAGUADERO,0
AGOSTO,HAITÍ,AMÉRICA CENTRAL,KASANI,0
AGOSTO,HAITÍ,AMÉRICA CENTRAL,OTRAS OCM,6
AGOSTO,HAITÍ,AMÉRICA CENTRAL,SANTA ROSA,43
AGOSTO,HONDURAS,AMÉRICA CENTRAL,AEROPUERTO INTERNACIONAL JORGE CHÁVEZ,1680
AGOSTO,HONDURAS,AMÉRICA CENTRAL,CEBAF - TUMBES,11
AGOSTO,HONDURAS,AMÉRICA CENTRAL,DESAGUADERO,12
AGOSTO,HONDURAS,AMÉRICA CENTRAL,KASANI,6
AGOSTO,HONDURAS,AMÉRICA CENTRAL,OTRAS OCM,33
AGOSTO,HONDURAS,AMÉRICA CENTRAL,SANTA ROSA,8
AGOSTO,HONG KONG,ASIA,AEROPUERTO INTERNACIONAL JORGE CHÁVEZ,692
AGOSTO,HONG KONG,ASIA,CEBAF - TUMBES,5
AGOSTO,HONG KONG,ASIA,DESAGUADERO,18
AGOSTO,HONG KONG,ASIA,KASANI,12
AGOSTO,HONG KONG,ASIA,OTRAS OCM,71
AGOSTO,HONG KONG,ASIA,SANTA ROSA,7
AGOSTO,HUNGRÍA,EUROPA,AEROPUERTO INTERNACIONAL JORGE CHÁVEZ,716
AGOSTO,HUNGRÍA,EUROPA,CEBAF - TUMBES,7
AGOSTO,HUNGRÍA,EUROPA,DESAGUADERO,47
AGOSTO,HUNGRÍA,EUROPA,KASANI,12
AGOSTO,HUNGRÍA,EUROPA,OTRAS OCM,15
AGOSTO,HUNGRÍA,EUROPA,SANTA ROSA,3
AGOSTO,INDIA,ASIA,AEROPUERTO INTERNACIONAL JORGE CHÁVEZ,4039
AGOSTO,INDIA,ASIA,CEBAF - TUMBES,12
AGOSTO,INDIA,ASIA,DESAGUADERO,17
AGOSTO,INDIA,ASIA,KASANI,12
AGOSTO,INDIA,ASIA,OTRAS OCM,374
AGOSTO,INDIA,ASIA,SANTA ROSA,29
AGOSTO,INDONESIA,ASIA,AEROPUERTO INTERNACIONAL JORGE CHÁVEZ,1139
AGOSTO,INDONESIA,ASIA,CEBAF - TUMBES,1
AGOSTO,INDONESIA,ASIA,DESAGUADERO,0
AGOSTO,INDONESIA,ASIA,KASANI,23
AGOSTO,INDONESIA,ASIA,OTRAS OCM,238
AGOSTO,INDONESIA,ASIA,SANTA ROSA,2
AGOSTO,IRAK,ASIA,AEROPUERTO INTERNACIONAL JORGE CHÁVEZ,7
AGOSTO,IRAK,ASIA,CEBAF - TUMBES,0
AGOSTO,IRAK,ASIA,DESAGUADERO,0
AGOSTO,IRAK,ASIA,KASANI,0
AGOSTO,IRAK,ASIA,OTRAS OCM,1
AGOSTO,IRAK,ASIA,SANTA ROSA,0
AGOSTO,IRLANDA,EUROPA,AEROPUERTO INTERNACIONAL JORGE CHÁVEZ,2282
AGOSTO,IRLANDA,EUROPA,CEBAF - TUMBES,122
AGOSTO,IRLANDA,EUROPA,DESAGUADERO,102
AGOSTO,IRLANDA,EUROPA,KASANI,98
AGOSTO,IRLANDA,EUROPA,OTRAS OCM,151
AGOSTO,IRLANDA,EUROPA,SANTA ROSA,11
AGOSTO,IRÁN,ASIA,AEROPUERTO INTERNACIONAL JORGE CHÁVEZ,59
AGOSTO,IRÁN,ASIA,CEBAF - TUMBES,1
AGOSTO,IRÁN,ASIA,DESAGUADERO,0
AGOSTO,IRÁN,ASIA,KASANI,1
AGOSTO,IRÁN,ASIA,OTRAS OCM,2
AGOSTO,IRÁN,ASIA,SANTA ROSA,1
AGOSTO,ISLAND MARSHALL,OCEANÍA,AEROPUERTO INTERNACIONAL JORGE CHÁVEZ,0
AGOSTO,ISLAND MARSHALL,OCEANÍA,CEBAF - TUMBES,0
AGOSTO,ISLAND MARSHALL,OCEANÍA,DESAGUADERO,0
AGOSTO,ISLAND MARSHALL,OCEANÍA,KASANI,0
AGOSTO,ISLAND MARSHALL,OCEANÍA,OTRAS OCM,0
AGOSTO,ISLAND MARSHALL,OCEANÍA,SANTA ROSA,0
AGOSTO,ISLANDIA,EUROPA,AEROPUERTO INTERNACIONAL JORGE CHÁVEZ,56
AGOSTO,ISLANDIA,EUROPA,CEBAF - TUMBES,1
AGOSTO,ISLANDIA,EUROPA,DESAGUADERO,0
AGOSTO,ISLANDIA,EUROPA,KASANI,0
AGOSTO,ISLANDIA,EUROPA,OTRAS OCM,3
AGOSTO,ISLANDIA,EUROPA,SANTA ROSA,0
AGOSTO,ISRAEL,ASIA,AEROPUERTO INTERNACIONAL JORGE CHÁVEZ,5014
AGOSTO,ISRAEL,ASIA,CEBAF - TUMBES,154
AGOSTO,ISRAEL,ASIA,DESAGUADERO,262
AGOSTO,ISRAEL,ASIA,KASANI,74
AGOSTO,ISRAEL,ASIA,OTRAS OCM,108
AGOSTO,ISRAEL,ASIA,SANTA ROSA,14
AGOSTO,ITALIA,EUROPA,AEROPUERTO INTERNACIONAL JORGE CHÁVEZ,46443
AGOSTO,ITALIA,EUROPA,CEBAF - TUMBES,228
AGOSTO,ITALIA,EUROPA,DESAGUADERO,2009
AGOSTO,ITALIA,EUROPA,KASANI,1193
AGOSTO,ITALIA,EUROPA,OTRAS OCM,1391
AGOSTO,ITALIA,EUROPA,SANTA ROSA,192
AGOSTO,JAMAICA,AMÉRICA CENTRAL,AEROPUERTO INTERNACIONAL JORGE CHÁVEZ,605
AGOSTO,JAMAICA,AMÉRICA CENTRAL,CEBAF - TUMBES,3
AGOSTO,JAMAICA,AMÉRICA CENTRAL,DESAGUADERO,0
AGOSTO,JAMAICA,AMÉRICA CENTRAL,KASANI,0
AGOSTO,JAMAICA,AMÉRICA CENTRAL,OTRAS OCM,4
AGOSTO,JAMAICA,AMÉRICA CENTRAL,SANTA ROSA,0
AGOSTO,JAPÓN,ASIA,AEROPUERTO INTERNACIONAL JORGE CHÁVEZ,8821
AGOSTO,JAPÓN,ASIA,CEBAF - TUMBES,26
AGOSTO,JAPÓN,ASIA,DESAGUADERO,61
AGOSTO,JAPÓN,ASIA,KASANI,61
AGOSTO,JAPÓN,ASIA,OTRAS OCM,380
AGOSTO,JAPÓN,ASIA,SANTA ROSA,34
AGOSTO,JORDANIA,ASIA,AEROPUERTO INTERNACIONAL JORGE CHÁVEZ,33
AGOSTO,JORDANIA,ASIA,CEBAF - TUMBES,0
AGOSTO,JORDANIA,ASIA,DESAGUADERO,1
AGOSTO,JORDANIA,ASIA,KASANI,0
AGOSTO,JORDANIA,ASIA,OTRAS OCM,5
AGOSTO,JORDANIA,ASIA,SANTA ROSA,0
AGOSTO,KATAR,ASIA,AEROPUERTO INTERNACIONAL JORGE CHÁVEZ,48
AGOSTO,KATAR,ASIA,CEBAF - TUMBES,0
AGOSTO,KATAR,ASIA,DESAGUADERO,0
AGOSTO,KATAR,ASIA,KASANI,0
AGOSTO,KATAR,ASIA,OTRAS OCM,0
AGOSTO,KATAR,ASIA,SANTA ROSA,0
AGOSTO,KAZAJSTÁN,ASIA,AEROPUERTO INTERNACIONAL JORGE CHÁVEZ,107
AGOSTO,KAZAJSTÁN,ASIA,CEBAF - TUMBES,0
AGOSTO,KAZAJSTÁN,ASIA,DESAGUADERO,0
AGOSTO,KAZAJSTÁN,ASIA,KASANI,0
AGOSTO,KAZAJSTÁN,ASIA,OTRAS OCM,0
AGOSTO,KAZAJSTÁN,ASIA,SANTA ROSA,0
AGOSTO,KENIA,ÁFRICA,AEROPUERTO INTERNACIONAL JORGE CHÁVEZ,99
AGOSTO,KENIA,ÁFRICA,CEBAF - TUMBES,0
AGOSTO,KENIA,ÁFRICA,DESAGUADERO,3
AGOSTO,KENIA,ÁFRICA,KASANI,1
AGOSTO,KENIA,ÁFRICA,OTRAS OCM,2
AGOSTO,KENIA,ÁFRICA,SANTA ROSA,0
AGOSTO,KIRGUISTÁN,ASIA,AEROPUERTO INTERNACIONAL JORGE CHÁVEZ,12
AGOSTO,KIRGUISTÁN,ASIA,CEBAF - TUMBES,0
AGOSTO,KIRGUISTÁN,ASIA,DESAGUADERO,0
AGOSTO,KIRGUISTÁN,ASIA,KASANI,0
AGOSTO,KIRGUISTÁN,ASIA,OTRAS OCM,0
AGOSTO,KIRGUISTÁN,ASIA,SANTA ROSA,0
AGOSTO,KIRIBATI,OCEANÍA,AEROPUERTO INTERNACIONAL JORGE CHÁVEZ,6
AGOSTO,KIRIBATI,OCEANÍA,CEBAF - TUMBES,0
AGOSTO,KIRIBATI,OCEANÍA,DESAGUADERO,0
AGOSTO,KIRIBATI,OCEANÍA,KASANI,0
AGOSTO,KIRIBATI,OCEANÍA,OTRAS OCM,0
AGOSTO,KIRIBATI,OCEANÍA,SANTA ROSA,0
AGOSTO,KUWAIT,ASIA,AEROPUERTO INTERNACIONAL JORGE CHÁVEZ,76
AGOSTO,KUWAIT,ASIA,CEBAF - TUMBES,1
AGOSTO,KUWAIT,ASIA,DESAGUADERO,1
AGOSTO,KUWAIT,ASIA,KASANI,0
AGOSTO,KUWAIT,ASIA,OTRAS OCM,4
AGOSTO,KUWAIT,ASIA,SANTA ROSA,0
AGOSTO,LAOS,ASIA,AEROPUERTO INTERNACIONAL JORGE CHÁVEZ,2
AGOSTO,LAOS,ASIA,CEBAF - TUMBES,0
AGOSTO,LAOS,ASIA,DESAGUADERO,0
AGOSTO,LAOS,ASIA,KASANI,0
AGOSTO,LAOS,ASIA,OTRAS OCM,0
AGOSTO,LAOS,ASIA,SANTA ROSA,0
AGOSTO,LESOTHO,ÁFRICA,AEROPUERTO INTERNACIONAL JORGE CHÁVEZ,4
AGOSTO,LESOTHO,ÁFRICA,CEBAF - TUMBES,0
AGOSTO,LESOTHO,ÁFRICA,DESAGUADERO,0
AGOSTO,LESOTHO,ÁFRICA,KASANI,0
AGOSTO,LESOTHO,ÁFRICA,OTRAS OCM,0
AGOSTO,LESOTHO,ÁFRICA,SANTA ROSA,0
AGOSTO,LETONIA,EUROPA,AEROPUERTO INTERNACIONAL JORGE CHÁVEZ,182
AGOSTO,LETONIA,EUROPA,CEBAF - TUMBES,3
AGOSTO,LETONIA,EUROPA,DESAGUADERO,1
AGOSTO,LETONIA,EUROPA,KASANI,4
AGOSTO,LETONIA,EUROPA,OTRAS OCM,9
AGOSTO,LETONIA,EUROPA,SANTA ROSA,0
AGOSTO,LIBERIA,ÁFRICA,AEROPUERTO INTERNACIONAL JORGE CHÁVEZ,4
AGOSTO,LIBERIA,ÁFRICA,CEBAF - TUMBES,0
AGOSTO,LIBERIA,ÁFRICA,DESAGUADERO,0
AGOSTO,LIBERIA,ÁFRICA,KASANI,0
AGOSTO,LIBERIA,ÁFRICA,OTRAS OCM,0
AGOSTO,LIBERIA,ÁFRICA,SANTA ROSA,0
AGOSTO,LIBIA,ÁFRICA,AEROPUERTO INTERNACIONAL JORGE CHÁVEZ,1
AGOSTO,LIBIA,ÁFRICA,CEBAF - TUMBES,0
AGOSTO,LIBIA,ÁFRICA,DESAGUADERO,0
AGOSTO,LIBIA,ÁFRICA,KASANI,0
AGOSTO,LIBIA,ÁFRICA,OTRAS OCM,0
AGOSTO,LIBIA,ÁFRICA,SANTA ROSA,0
AGOSTO,LIECHTENSTEIN,EUROPA,AEROPUERTO INTERNACIONAL JORGE CHÁVEZ,26
AGOSTO,LIECHTENSTEIN,EUROPA,CEBAF - TUMBES,0
AGOSTO,LIECHTENSTEIN,EUROPA,DESAGUADERO,4
AGOSTO,LIECHTENSTEIN,EUROPA,KASANI,0
AGOSTO,LIECHTENSTEIN,EUROPA,OTRAS OCM,2
AGOSTO,LIECHTENSTEIN,EUROPA,SANTA ROSA,0
AGOSTO,LITUANIA,EUROPA,AEROPUERTO INTERNACIONAL JORGE CHÁVEZ,365
AGOSTO,LITUANIA,EUROPA,CEBAF - TUMBES,8
AGOSTO,LITUANIA,EUROPA,DESAGUADERO,5
AGOSTO,LITUANIA,EUROPA,KASANI,5
AGOSTO,LITUANIA,EUROPA,OTRAS OCM,46
AGOSTO,LITUANIA,EUROPA,SANTA ROSA,5
AGOSTO,LUXEMBURGO,EUROPA,AEROPUERTO INTERNACIONAL JORGE CHÁVEZ,418
AGOSTO,LUXEMBURGO,EUROPA,CEBAF - TUMBES,5
AGOSTO,LUXEMBURGO,EUROPA,DESAGUADERO,14
AGOSTO,LUXEMBURGO,EUROPA,KASANI,17
AGOSTO,LUXEMBURGO,EUROPA,OTRAS OCM,19
AGOSTO,LUXEMBURGO,EUROPA,SANTA ROSA,2
AGOSTO,LÍBANO,ASIA,AEROPUERTO INTERNACIONAL JORGE CHÁVEZ,84
AGOSTO,LÍBANO,ASIA,CEBAF - TUMBES,0
AGOSTO,LÍBANO,ASIA,DESAGUADERO,1
AGOSTO,LÍBANO,ASIA,KASANI,0
AGOSTO,LÍBANO,ASIA,OTRAS OCM,0
AGOSTO,LÍBANO,ASIA,SANTA ROSA,2
AGOSTO,MADAGASCAR,ÁFRICA,AEROPUERTO INTERNACIONAL JORGE CHÁVEZ,10
AGOSTO,MADAGASCAR,ÁFRICA,CEBAF - TUMBES,0
AGOSTO,MADAGASCAR,ÁFRICA,DESAGUADERO,0
AGOSTO,MADAGASCAR,ÁFRICA,KASANI,0
AGOSTO,MADAGASCAR,ÁFRICA,OTRAS OCM,0
AGOSTO,MADAGASCAR,ÁFRICA,SANTA ROSA,0
AGOSTO,MALASIA,ASIA,AEROPUERTO INTERNACIONAL JORGE CHÁVEZ,645
AGOSTO,MALASIA,ASIA,CEBAF - TUMBES,5
AGOSTO,MALASIA,ASIA,DESAGUADERO,6
AGOSTO,MALASIA,ASIA,KASANI,4
AGOSTO,MALASIA,ASIA,OTRAS OCM,15
AGOSTO,MALASIA,ASIA,SANTA ROSA,6
AGOSTO,MALAWI,ÁFRICA,AEROPUERTO INTERNACIONAL JORGE CHÁVEZ,1
AGOSTO,MALAWI,ÁFRICA,CEBAF - TUMBES,0
AGOSTO,MALAWI,ÁFRICA,DESAGUADERO,0
AGOSTO,MALAWI,ÁFRICA,KASANI,0
AGOSTO,MALAWI,ÁFRICA,OTRAS OCM,0
AGOSTO,MALAWI,ÁFRICA,SANTA ROSA,0
AGOSTO,MALDIVAS,ASIA,AEROPUERTO INTERNACIONAL JORGE CHÁVEZ,18
AGOSTO,MALDIVAS,ASIA,CEBAF - TUMBES,0
AGOSTO,MALDIVAS,ASIA,DESAGUADERO,0
AGOSTO,MALDIVAS,ASIA,KASANI,0
AGOSTO,MALDIVAS,ASIA,OTRAS OCM,0
AGOSTO,MALDIVAS,ASIA,SANTA ROSA,0
AGOSTO,MALTA,EUROPA,AEROPUERTO INTERNACIONAL JORGE CHÁVEZ,344
AGOSTO,MALTA,EUROPA,CEBAF - TUMBES,0
AGOSTO,MALTA,EUROPA,DESAGUADERO,0
AGOSTO,MALTA,EUROPA,KASANI,4
AGOSTO,MALTA,EUROPA,OTRAS OCM,5
AGOSTO,MALTA,EUROPA,SANTA ROSA,0
AGOSTO,MALÍ,ÁFRICA,AEROPUERTO INTERNACIONAL JORGE CHÁVEZ,5
AGOSTO,MALÍ,ÁFRICA,CEBAF - TUMBES,0
AGOSTO,MALÍ,ÁFRICA,DESAGUADERO,0
AGOSTO,MALÍ,ÁFRICA,KASANI,0
AGOSTO,MALÍ,ÁFRICA,OTRAS OCM,0
AGOSTO,MALÍ,ÁFRICA,SANTA ROSA,0
AGOSTO,MARRUECOS,ÁFRICA,AEROPUERTO INTERNACIONAL JORGE CHÁVEZ,195
AGOSTO,MARRUECOS,ÁFRICA,CEBAF - TUMBES,2
AGOSTO,MARRUECOS,ÁFRICA,DESAGUADERO,3
AGOSTO,MARRUECOS,ÁFRICA,KASANI,0
AGOSTO,MARRUECOS,ÁFRICA,OTRAS OCM,3
AGOSTO,MARRUECOS,ÁFRICA,SANTA ROSA,0
AGOSTO,MAURICIO,ÁFRICA,AEROPUERTO INTERNACIONAL JORGE CHÁVEZ,26
AGOSTO,MAURICIO,ÁFRICA,CEBAF - TUMBES,0
AGOSTO,MAURICIO,ÁFRICA,DESAGUADERO,0
AGOSTO,MAURICIO,ÁFRICA,KASANI,1
AGOSTO,MAURICIO,ÁFRICA,OTRAS OCM,2
AGOSTO,MAURICIO,ÁFRICA,SANTA ROSA,0
AGOSTO,MAURITANIA,ÁFRICA,AEROPUERTO INTERNACIONAL JORGE CHÁVEZ,0
AGOSTO,MAURITANIA,ÁFRICA,CEBAF - TUMBES,0
AGOSTO,MAURITANIA,ÁFRICA,DESAGUADERO,0
AGOSTO,MAURITANIA,ÁFRICA,KASANI,0
AGOSTO,MAURITANIA,ÁFRICA,OTRAS OCM,0
AGOSTO,MAURITANIA,ÁFRICA,SANTA ROSA,0
AGOSTO,MONGOLIA,ASIA,AEROPUERTO INTERNACIONAL JORGE CHÁVEZ,71
AGOSTO,MONGOLIA,ASIA,CEBAF - TUMBES,0
AGOSTO,MONGOLIA,ASIA,DESAGUADERO,0
AGOSTO,MONGOLIA,ASIA,KASANI,0
AGOSTO,MONGOLIA,ASIA,OTRAS OCM,1
AGOSTO,MONGOLIA,ASIA,SANTA ROSA,0
AGOSTO,MOZAMBIQUE,ÁFRICA,AEROPUERTO INTERNACIONAL JORGE CHÁVEZ,12
AGOSTO,MOZAMBIQUE,ÁFRICA,CEBAF - TUMBES,0
AGOSTO,MOZAMBIQUE,ÁFRICA,DESAGUADERO,0
AGOSTO,MOZAMBIQUE,ÁFRICA,KASANI,0
AGOSTO,MOZAMBIQUE,ÁFRICA,OTRAS OCM,1
AGOSTO,MOZAMBIQUE,ÁFRICA,SANTA ROSA,0
AGOSTO,MYANMAR,ASIA,AEROPUERTO INTERNACIONAL JORGE CHÁVEZ,43
AGOSTO,MYANMAR,ASIA,CEBAF - TUMBES,0
AGOSTO,MYANMAR,ASIA,DESAGUADERO,0
AGOSTO,MYANMAR,ASIA,KASANI,0
AGOSTO,MYANMAR,ASIA,OTRAS OCM,45
AGOSTO,MYANMAR,ASIA,SANTA ROSA,1
AGOSTO,MÉXICO,AMÉRICA DEL NORTE,AEROPUERTO INTERNACIONAL JORGE CHÁVEZ,49637
AGOSTO,MÉXICO,AMÉRICA DEL NORTE,CEBAF - TUMBES,159
AGOSTO,MÉXICO,AMÉRICA DEL NORTE,DESAGUADERO,254
AGOSTO,MÉXICO,AMÉRICA DEL NORTE,KASANI,128
AGOSTO,MÉXICO,AMÉRICA DEL NORTE,OTRAS OCM,1152
AGOSTO,MÉXICO,AMÉRICA DEL NORTE,SANTA ROSA,215
AGOSTO,MÓNACO,EUROPA,AEROPUERTO INTERNACIONAL JORGE CHÁVEZ,18
AGOSTO,MÓNACO,EUROPA,CEBAF - TUMBES,0
AGOSTO,MÓNACO,EUROPA,DESAGUADERO,0
AGOSTO,MÓNACO,EUROPA,KASANI,0
AGOSTO,MÓNACO,EUROPA,OTRAS OCM,1
AGOSTO,MÓNACO,EUROPA,SANTA ROSA,0
AGOSTO,NAMIBIA,ÁFRICA,AEROPUERTO INTERNACIONAL JORGE CHÁVEZ,13
AGOSTO,NAMIBIA,ÁFRICA,CEBAF - TUMBES,0
AGOSTO,NAMIBIA,ÁFRICA,DESAGUADERO,0
AGOSTO,NAMIBIA,ÁFRICA,KASANI,0
AGOSTO,NAMIBIA,ÁFRICA,OTRAS OCM,0
AGOSTO,NAMIBIA,ÁFRICA,SANTA ROSA,0
AGOSTO,NAURU,OCEANÍA,AEROPUERTO INTERNACIONAL JORGE CHÁVEZ,0
AGOSTO,NAURU,OCEANÍA,CEBAF - TUMBES,0
AGOSTO,NAURU,OCEANÍA,DESAGUADERO,0
AGOSTO,NAURU,OCEANÍA,KASANI,0
AGOSTO,NAURU,OCEANÍA,OTRAS OCM,0
AGOSTO,NAURU,OCEANÍA,SANTA ROSA,0
AGOSTO,NEPAL,ASIA,AEROPUERTO INTERNACIONAL JORGE CHÁVEZ,74
AGOSTO,NEPAL,ASIA,CEBAF - TUMBES,0
AGOSTO,NEPAL,ASIA,DESAGUADERO,0
AGOSTO,NEPAL,ASIA,KASANI,1
AGOSTO,NEPAL,ASIA,OTRAS OCM,0
AGOSTO,NEPAL,ASIA,SANTA ROSA,0
AGOSTO,NICARAGUA,AMÉRICA CENTRAL,AEROPUERTO INTERNACIONAL JORGE CHÁVEZ,599
AGOSTO,NICARAGUA,AMÉRICA CENTRAL,CEBAF - TUMBES,0
AGOSTO,NICARAGUA,AMÉRICA CENTRAL,DESAGUADERO,1
AGOSTO,NICARAGUA,AMÉRICA CENTRAL,KASANI,0
AGOSTO,NICARAGUA,AMÉRICA CENTRAL,OTRAS OCM,13
AGOSTO,NICARAGUA,AMÉRICA CENTRAL,SANTA ROSA,18
AGOSTO,NIGERIA,ÁFRICA,AEROPUERTO INTERNACIONAL JORGE CHÁVEZ,50
AGOSTO,NIGERIA,ÁFRICA,CEBAF - TUMBES,1
AGOSTO,NIGERIA,ÁFRICA,DESAGUADERO,0
AGOSTO,NIGERIA,ÁFRICA,KASANI,0
AGOSTO,NIGERIA,ÁFRICA,OTRAS OCM,6
AGOSTO,NIGERIA,ÁFRICA,SANTA ROSA,0
AGOSTO,NORUEGA,EUROPA,AEROPUERTO INTERNACIONAL JORGE CHÁVEZ,848
AGOSTO,NORUEGA,EUROPA,CEBAF - TUMBES,23
AGOSTO,NORUEGA,EUROPA,DESAGUADERO,10
AGOSTO,NORUEGA,EUROPA,KASANI,12
AGOSTO,NORUEGA,EUROPA,OTRAS OCM,32
AGOSTO,NORUEGA,EUROPA,SANTA ROSA,9
AGOSTO,NUEVA ZELANDIA,OCEANÍA,AEROPUERTO INTERNACIONAL JORGE CHÁVEZ,1606
AGOSTO,NUEVA ZELANDIA,OCEANÍA,CEBAF - TUMBES,55
AGOSTO,NUEVA ZELANDIA,OCEANÍA,DESAGUADERO,52
AGOSTO,NUEVA ZELANDIA,OCEANÍA,KASANI,69
AGOSTO,NUEVA ZELANDIA,OCEANÍA,OTRAS OCM,472
AGOSTO,NUEVA ZELANDIA,OCEANÍA,SANTA ROSA,17
AGOSTO,NÍGER,ÁFRICA,AEROPUERTO INTERNACIONAL JORGE CHÁVEZ,0
AGOSTO,NÍGER,ÁFRICA,CEBAF - TUMBES,0
AGOSTO,NÍGER,ÁFRICA,DESAGUADERO,0
AGOSTO,NÍGER,ÁFRICA,KASANI,0
AGOSTO,NÍGER,ÁFRICA,OTRAS OCM,0
AGOSTO,NÍGER,ÁFRICA,SANTA ROSA,0
AGOSTO,OMÁN,ASIA,AEROPUERTO INTERNACIONAL JORGE CHÁVEZ,19
AGOSTO,OMÁN,ASIA,CEBAF - TUMBES,0
AGOSTO,OMÁN,ASIA,DESAGUADERO,1
AGOSTO,OMÁN,ASIA,KASANI,0
AGOSTO,OMÁN,ASIA,OTRAS OCM,0
AGOSTO,OMÁN,ASIA,SANTA ROSA,0
AGOSTO,PAKISTÁN,ASIA,AEROPUERTO INTERNACIONAL JORGE CHÁVEZ,113
AGOSTO,PAKISTÁN,ASIA,CEBAF - TUMBES,4
AGOSTO,PAKISTÁN,ASIA,DESAGUADERO,2
AGOSTO,PAKISTÁN,ASIA,KASANI,1
AGOSTO,PAKISTÁN,ASIA,OTRAS OCM,5
AGOSTO,PAKISTÁN,ASIA,SANTA ROSA,65
AGOSTO,PALESTINA,ASIA,AEROPUERTO INTERNACIONAL JORGE CHÁVEZ,11
AGOSTO,PALESTINA,ASIA,CEBAF - TUMBES,0
AGOSTO,PALESTINA,ASIA,DESAGUADERO,0
AGOSTO,PALESTINA,ASIA,KASANI,0
AGOSTO,PALESTINA,ASIA,OTRAS OCM,0
AGOSTO,PALESTINA,ASIA,SANTA ROSA,0
AGOSTO,PANAMÁ,AMÉRICA CENTRAL,AEROPUERTO INTERNACIONAL JORGE CHÁVEZ,7899
AGOSTO,PANAMÁ,AMÉRICA CENTRAL,CEBAF - TUMBES,8
AGOSTO,PANAMÁ,AMÉRICA CENTRAL,DESAGUADERO,8
AGOSTO,PANAMÁ,AMÉRICA CENTRAL,KASANI,3
AGOSTO,PANAMÁ,AMÉRICA CENTRAL,OTRAS OCM,127
AGOSTO,PANAMÁ,AMÉRICA CENTRAL,SANTA ROSA,25
AGOSTO,PAPÚA (NG),OCEANÍA,AEROPUERTO INTERNACIONAL JORGE CHÁVEZ,36
AGOSTO,PAPÚA (NG),OCEANÍA,CEBAF - TUMBES,0
AGOSTO,PAPÚA (NG),OCEANÍA,DESAGUADERO,0
AGOSTO,PAPÚA (NG),OCEANÍA,KASANI,0
AGOSTO,PAPÚA (NG),OCEANÍA,OTRAS OCM,1
AGOSTO,PAPÚA (NG),OCEANÍA,SANTA ROSA,0
AGOSTO,PARAGUAY,AMÉRICA DEL SUR,AEROPUERTO INTERNACIONAL JORGE CHÁVEZ,3489
AGOSTO,PARAGUAY,AMÉRICA DEL SUR,CEBAF - TUMBES,14
AGOSTO,PARAGUAY,AMÉRICA DEL SUR,DESAGUADERO,451
AGOSTO,PARAGUAY,AMÉRICA DEL SUR,KASANI,12
AGOSTO,PARAGUAY,AMÉRICA DEL SUR,OTRAS OCM,23
AGOSTO,PARAGUAY,AMÉRICA DEL SUR,SANTA ROSA,241
AGOSTO,PAÍSES BAJOS (HOLANDA),EUROPA,AEROPUERTO INTERNACIONAL JORGE CHÁVEZ,10698
AGOSTO,PAÍSES BAJOS (HOLANDA),EUROPA,CEBAF - TUMBES,164
AGOSTO,PAÍSES BAJOS (HOLANDA),EUROPA,DESAGUADERO,450
AGOSTO,PAÍSES BAJOS (HOLANDA),EUROPA,KASANI,443
AGOSTO,PAÍSES BAJOS (HOLANDA),EUROPA,OTRAS OCM,295
AGOSTO,PAÍSES BAJOS (HOLANDA),EUROPA,SANTA ROSA,130
AGOSTO,POLONIA,EUROPA,AEROPUERTO INTERNACIONAL JORGE CHÁVEZ,3565
AGOSTO,POLONIA,EUROPA,CEBAF - TUMBES,58
AGOSTO,POLONIA,EUROPA,DESAGUADERO,368
AGOSTO,POLONIA,EUROPA,KASANI,277
AGOSTO,POLONIA,EUROPA,OTRAS OCM,144
AGOSTO,POLONIA,EUROPA,SANTA ROSA,59
AGOSTO,PORTUGAL,EUROPA,AEROPUERTO INTERNACIONAL JORGE CHÁVEZ,3252
AGOSTO,PORTUGAL,EUROPA,CEBAF - TUMBES,23
AGOSTO,PORTUGAL,EUROPA,DESAGUADERO,58
AGOSTO,PORTUGAL,EUROPA,KASANI,68
AGOSTO,PORTUGAL,EUROPA,OTRAS OCM,87
AGOSTO,PORTUGAL,EUROPA,SANTA ROSA,25
AGOSTO,PTO. RICO,AMÉRICA CENTRAL,AEROPUERTO INTERNACIONAL JORGE CHÁVEZ,717
AGOSTO,PTO. RICO,AMÉRICA CENTRAL,CEBAF - TUMBES,1
AGOSTO,PTO. RICO,AMÉRICA CENTRAL,DESAGUADERO,1
AGOSTO,PTO. RICO,AMÉRICA CENTRAL,KASANI,2
AGOSTO,PTO. RICO,AMÉRICA CENTRAL,OTRAS OCM,4
AGOSTO,PTO. RICO,AMÉRICA CENTRAL,SANTA ROSA,0
AGOSTO,R.F. YUGOSLAVIA,EUROPA,AEROPUERTO INTERNACIONAL JORGE CHÁVEZ,0
AGOSTO,R.F. YUGOSLAVIA,EUROPA,CEBAF - TUMBES,0
AGOSTO,R.F. YUGOSLAVIA,EUROPA,DESAGUADERO,0
AGOSTO,R.F. YUGOSLAVIA,EUROPA,KASANI,0
AGOSTO,R.F. YUGOSLAVIA,EUROPA,OTRAS OCM,0
AGOSTO,R.F. YUGOSLAVIA,EUROPA,SANTA ROSA,0
AGOSTO,REINO UNIDO,EUROPA,AEROPUERTO INTERNACIONAL JORGE CHÁVEZ,20819
AGOSTO,REINO UNIDO,EUROPA,CEBAF - TUMBES,489
AGOSTO,REINO UNIDO,EUROPA,DESAGUADERO,639
AGOSTO,REINO UNIDO,EUROPA,KASANI,749
AGOSTO,REINO UNIDO,EUROPA,OTRAS OCM,1644
AGOSTO,REINO UNIDO,EUROPA,SANTA ROSA,145
AGOSTO,REP. CENTROAFRICANA,ÁFRICA,AEROPUERTO INTERNACIONAL JORGE CHÁVEZ,0
AGOSTO,REP. CENTROAFRICANA,ÁFRICA,CEBAF - TUMBES,0
AGOSTO,REP. CENTROAFRICANA,ÁFRICA,DESAGUADERO,0
AGOSTO,REP. CENTROAFRICANA,ÁFRICA,KASANI,0
AGOSTO,REP. CENTROAFRICANA,ÁFRICA,OTRAS OCM,0
AGOSTO,REP. CENTROAFRICANA,ÁFRICA,SANTA ROSA,0
AGOSTO,REP. CHECA,EUROPA,AEROPUERTO INTERNACIONAL JORGE CHÁVEZ,1679
AGOSTO,REP. CHECA,EUROPA,CEBAF - TUMBES,26
AGOSTO,REP. CHECA,EUROPA,DESAGUADERO,141
AGOSTO,REP. CHECA,EUROPA,KASANI,63
AGOSTO,REP. CHECA,EUROPA,OTRAS OCM,64
AGOSTO,REP. CHECA,EUROPA,SANTA ROSA,25
AGOSTO,REP. DOMINICANA,AMÉRICA CENTRAL,AEROPUERTO INTERNACIONAL JORGE CHÁVEZ,5236
AGOSTO,REP. DOMINICANA,AMÉRICA CENTRAL,CEBAF - TUMBES,272
AGOSTO,REP. DOMINICANA,AMÉRICA CENTRAL,DESAGUADERO,15
AGOSTO,REP. DOMINICANA,AMÉRICA CENTRAL,KASANI,3
AGOSTO,REP. DOMINICANA,AMÉRICA CENTRAL,OTRAS OCM,102
AGOSTO,REP. DOMINICANA,AMÉRICA CENTRAL,SANTA ROSA,125
AGOSTO,REP. MOLDOVA,EUROPA,AEROPUERTO INTERNACIONAL JORGE CHÁVEZ,3
AGOSTO,REP. MOLDOVA,EUROPA,CEBAF - TUMBES,0
AGOSTO,REP. MOLDOVA,EUROPA,DESAGUADERO,0
AGOSTO,REP. MOLDOVA,EUROPA,KASANI,0
AGOSTO,REP. MOLDOVA,EUROPA,OTRAS OCM,1
AGOSTO,REP. MOLDOVA,EUROPA,SANTA ROSA,0
AGOSTO,RESTO DEL MUNDO,RESTO DEL MUNDO,AEROPUERTO INTERNACIONAL JORGE CHÁVEZ,351
AGOSTO,RESTO DEL MUNDO,RESTO DEL MUNDO,CEBAF - TUMBES,5
AGOSTO,RESTO DEL MUNDO,RESTO DEL MUNDO,DESAGUADERO,5
AGOSTO,RESTO DEL MUNDO,RESTO DEL MUNDO,KASANI,1
AGOSTO,RESTO DEL MUNDO,RESTO DEL MUNDO,OTRAS OCM,12
AGOSTO,RESTO DEL MUNDO,RESTO DEL MUNDO,SANTA ROSA,4
AGOSTO,RUMANIA,EUROPA,AEROPUERTO INTERNACIONAL JORGE CHÁVEZ,1838
AGOSTO,RUMANIA,EUROPA,CEBAF - TUMBES,7
AGOSTO,RUMANIA,EUROPA,DESAGUADERO,13
AGOSTO,RUMANIA,EUROPA,KASANI,58
AGOSTO,RUMANIA,EUROPA,OTRAS OCM,80
AGOSTO,RUMANIA,EUROPA,SANTA ROSA,7
AGOSTO,RUSIA,EUROPA,AEROPUERTO INTERNACIONAL JORGE CHÁVEZ,2581
AGOSTO,RUSIA,EUROPA,CEBAF - TUMBES,41
AGOSTO,RUSIA,EUROPA,DESAGUADERO,45
AGOSTO,RUSIA,EUROPA,KASANI,31
AGOSTO,RUSIA,EUROPA,OTRAS OCM,162
AGOSTO,RUSIA,EUROPA,SANTA ROSA,30
AGOSTO,RWANDA,ÁFRICA,AEROPUERTO INTERNACIONAL JORGE CHÁVEZ,7
AGOSTO,RWANDA,ÁFRICA,CEBAF - TUMBES,0
AGOSTO,RWANDA,ÁFRICA,DESAGUADERO,0
AGOSTO,RWANDA,ÁFRICA,KASANI,0
AGOSTO,RWANDA,ÁFRICA,OTRAS OCM,0
AGOSTO,RWANDA,ÁFRICA,SANTA ROSA,0
AGOSTO,SAINT KITIS Y NEVIS,AMÉRICA CENTRAL,AEROPUERTO INTERNACIONAL JORGE CHÁVEZ,18
AGOSTO,SAINT KITIS Y NEVIS,AMÉRICA CENTRAL,CEBAF - TUMBES,0
AGOSTO,SAINT KITIS Y NEVIS,AMÉRICA CENTRAL,DESAGUADERO,0
AGOSTO,SAINT KITIS Y NEVIS,AMÉRICA CENTRAL,KASANI,0
AGOSTO,SAINT KITIS Y NEVIS,AMÉRICA CENTRAL,OTRAS OCM,0
AGOSTO,SAINT KITIS Y NEVIS,AMÉRICA CENTRAL,SANTA ROSA,0
AGOSTO,SALOMÓN ISLA,OCEANÍA,AEROPUERTO INTERNACIONAL JORGE CHÁVEZ,23
AGOSTO,SALOMÓN ISLA,OCEANÍA,CEBAF - TUMBES,0
AGOSTO,SALOMÓN ISLA,OCEANÍA,DESAGUADERO,0
AGOSTO,SALOMÓN ISLA,OCEANÍA,KASANI,0
AGOSTO,SALOMÓN ISLA,OCEANÍA,OTRAS OCM,0
AGOSTO,SALOMÓN ISLA,OCEANÍA,SANTA ROSA,0
AGOSTO,SAMOA OCCIDENTAL,OCEANÍA,AEROPUERTO INTERNACIONAL JORGE CHÁVEZ,0
AGOSTO,SAMOA OCCIDENTAL,OCEANÍA,CEBAF - TUMBES,0
AGOSTO,SAMOA OCCIDENTAL,OCEANÍA,DESAGUADERO,0
AGOSTO,SAMOA OCCIDENTAL,OCEANÍA,KASANI,0
AGOSTO,SAMOA OCCIDENTAL,OCEANÍA,OTRAS OCM,0
AGOSTO,SAMOA OCCIDENTAL,OCEANÍA,SANTA ROSA,0
AGOSTO,SAN MARINO,EUROPA,AEROPUERTO INTERNACIONAL JORGE CHÁVEZ,6
AGOSTO,SAN MARINO,EUROPA,CEBAF - TUMBES,0
AGOSTO,SAN MARINO,EUROPA,DESAGUADERO,1
AGOSTO,SAN MARINO,EUROPA,KASANI,0
AGOSTO,SAN MARINO,EUROPA,OTRAS OCM,0
AGOSTO,SAN MARINO,EUROPA,SANTA ROSA,0
AGOSTO,SAN VIC. GRANADINAS,AMÉRICA CENTRAL,AEROPUERTO INTERNACIONAL JORGE CHÁVEZ,19
AGOSTO,SAN VIC. GRANADINAS,AMÉRICA CENTRAL,CEBAF - TUMBES,0
AGOSTO,SAN VIC. GRANADINAS,AMÉRICA CENTRAL,DESAGUADERO,0
AGOSTO,SAN VIC. GRANADINAS,AMÉRICA CENTRAL,KASANI,0
AGOSTO,SAN VIC. GRANADINAS,AMÉRICA CENTRAL,OTRAS OCM,2
AGOSTO,SAN VIC. GRANADINAS,AMÉRICA CENTRAL,SANTA ROSA,0
AGOSTO,SANTA LUCÍA,AMÉRICA CENTRAL,AEROPUERTO INTERNACIONAL JORGE CHÁVEZ,27
AGOSTO,SANTA LUCÍA,AMÉRICA CENTRAL,CEBAF - TUMBES,0
AGOSTO,SANTA LUCÍA,AMÉRICA CENTRAL,DESAGUADERO,0
AGOSTO,SANTA LUCÍA,AMÉRICA CENTRAL,KASANI,0
AGOSTO,SANTA LUCÍA,AMÉRICA CENTRAL,OTRAS OCM,1
AGOSTO,SANTA LUCÍA,AMÉRICA CENTRAL,SANTA ROSA,0
AGOSTO,SENEGAL,ÁFRICA,AEROPUERTO INTERNACIONAL JORGE CHÁVEZ,12
AGOSTO,SENEGAL,ÁFRICA,CEBAF - TUMBES,0
AGOSTO,SENEGAL,ÁFRICA,DESAGUADERO,0
AGOSTO,SENEGAL,ÁFRICA,KASANI,0
AGOSTO,SENEGAL,ÁFRICA,OTRAS OCM,2
AGOSTO,SENEGAL,ÁFRICA,SANTA ROSA,0
AGOSTO,SEYCHELLES,ÁFRICA,AEROPUERTO INTERNACIONAL JORGE CHÁVEZ,9
AGOSTO,SEYCHELLES,ÁFRICA,CEBAF - TUMBES,0
AGOSTO,SEYCHELLES,ÁFRICA,DESAGUADERO,0
AGOSTO,SEYCHELLES,ÁFRICA,KASANI,0
AGOSTO,SEYCHELLES,ÁFRICA,OTRAS OCM,0
AGOSTO,SEYCHELLES,ÁFRICA,SANTA ROSA,0
AGOSTO,SIERRA LEONA,ÁFRICA,AEROPUERTO INTERNACIONAL JORGE CHÁVEZ,5
AGOSTO,SIERRA LEONA,ÁFRICA,CEBAF - TUMBES,0
AGOSTO,SIERRA LEONA,ÁFRICA,DESAGUADERO,0
AGOSTO,SIERRA LEONA,ÁFRICA,KASANI,0
AGOSTO,SIERRA LEONA,ÁFRICA,OTRAS OCM,1
AGOSTO,SIERRA LEONA,ÁFRICA,SANTA ROSA,0
AGOSTO,SIKKIM,ASIA,AEROPUERTO INTERNACIONAL JORGE CHÁVEZ,0
AGOSTO,SIKKIM,ASIA,CEBAF - TUMBES,0
AGOSTO,SIKKIM,ASIA,DESAGUADERO,0
AGOSTO,SIKKIM,ASIA,KASANI,0
AGOSTO,SIKKIM,ASIA,OTRAS OCM,0
AGOSTO,SIKKIM,ASIA,SANTA ROSA,0
AGOSTO,SINGAPUR,ASIA,AEROPUERTO INTERNACIONAL JORGE CHÁVEZ,640
AGOSTO,SINGAPUR,ASIA,CEBAF - TUMBES,5
AGOSTO,SINGAPUR,ASIA,DESAGUADERO,2
AGOSTO,SINGAPUR,ASIA,KASANI,7
AGOSTO,SINGAPUR,ASIA,OTRAS OCM,49
AGOSTO,SINGAPUR,ASIA,SANTA ROSA,1
AGOSTO,SIRIA,ASIA,AEROPUERTO INTERNACIONAL JORGE CHÁVEZ,20
AGOSTO,SIRIA,ASIA,CEBAF - TUMBES,0
AGOSTO,SIRIA,ASIA,DESAGUADERO,0
AGOSTO,SIRIA,ASIA,KASANI,0
AGOSTO,SIRIA,ASIA,OTRAS OCM,0
AGOSTO,SIRIA,ASIA,SANTA ROSA,0
AGOSTO,SOMALIA,ÁFRICA,AEROPUERTO INTERNACIONAL JORGE CHÁVEZ,1
AGOSTO,SOMALIA,ÁFRICA,CEBAF - TUMBES,0
AGOSTO,SOMALIA,ÁFRICA,DESAGUADERO,0
AGOSTO,SOMALIA,ÁFRICA,KASANI,0
AGOSTO,SOMALIA,ÁFRICA,OTRAS OCM,0
AGOSTO,SOMALIA,ÁFRICA,SANTA ROSA,0
AGOSTO,SRI LANKA,ASIA,AEROPUERTO INTERNACIONAL JORGE CHÁVEZ,78
AGOSTO,SRI LANKA,ASIA,CEBAF - TUMBES,0
AGOSTO,SRI LANKA,ASIA,DESAGUADERO,8
AGOSTO,SRI LANKA,ASIA,KASANI,1
AGOSTO,SRI LANKA,ASIA,OTRAS OCM,19
AGOSTO,SRI LANKA,ASIA,SANTA ROSA,0
AGOSTO,STO. TOMÉ Y PRÍNCIPE,ÁFRICA,AEROPUERTO INTERNACIONAL JORGE CHÁVEZ,0
AGOSTO,STO. TOMÉ Y PRÍNCIPE,ÁFRICA,CEBAF - TUMBES,0
AGOSTO,STO. TOMÉ Y PRÍNCIPE,ÁFRICA,DESAGUADERO,0
AGOSTO,STO. TOMÉ Y PRÍNCIPE,ÁFRICA,KASANI,0
AGOSTO,STO. TOMÉ Y PRÍNCIPE,ÁFRICA,OTRAS OCM,0
AGOSTO,STO. TOMÉ Y PRÍNCIPE,ÁFRICA,SANTA ROSA,0
AGOSTO,SUDÁFRICA,ÁFRICA,AEROPUERTO INTERNACIONAL JORGE CHÁVEZ,830
AGOSTO,SUDÁFRICA,ÁFRICA,CEBAF - TUMBES,14
AGOSTO,SUDÁFRICA,ÁFRICA,DESAGUADERO,13
AGOSTO,SUDÁFRICA,ÁFRICA,KASANI,43
AGOSTO,SUDÁFRICA,ÁFRICA,OTRAS OCM,47
AGOSTO,SUDÁFRICA,ÁFRICA,SANTA ROSA,19
AGOSTO,SUDÁN,ÁFRICA,AEROPUERTO INTERNACIONAL JORGE CHÁVEZ,14
AGOSTO,SUDÁN,ÁFRICA,CEBAF - TUMBES,1
AGOSTO,SUDÁN,ÁFRICA,DESAGUADERO,0
AGOSTO,SUDÁN,ÁFRICA,KASANI,0
AGOSTO,SUDÁN,ÁFRICA,OTRAS OCM,0
AGOSTO,SUDÁN,ÁFRICA,SANTA ROSA,0
AGOSTO,SUECIA,EUROPA,AEROPUERTO INTERNACIONAL JORGE CHÁVEZ,1589
AGOSTO,SUECIA,EUROPA,CEBAF - TUMBES,26
AGOSTO,SUECIA,EUROPA,DESAGUADERO,36
AGOSTO,SUECIA,EUROPA,KASANI,29
AGOSTO,SUECIA,EUROPA,OTRAS OCM,41
AGOSTO,SUECIA,EUROPA,SANTA ROSA,29
AGOSTO,SUIZA,EUROPA,AEROPUERTO INTERNACIONAL JORGE CHÁVEZ,5225
AGOSTO,SUIZA,EUROPA,CEBAF - TUMBES,152
AGOSTO,SUIZA,EUROPA,DESAGUADERO,257
AGOSTO,SUIZA,EUROPA,KASANI,257
AGOSTO,SUIZA,EUROPA,OTRAS OCM,246
AGOSTO,SUIZA,EUROPA,SANTA ROSA,80
AGOSTO,SURINAM,AMÉRICA DEL SUR,AEROPUERTO INTERNACIONAL JORGE CHÁVEZ,91
AGOSTO,SURINAM,AMÉRICA DEL SUR,CEBAF - TUMBES,0
AGOSTO,SURINAM,AMÉRICA DEL SUR,DESAGUADERO,0
AGOSTO,SURINAM,AMÉRICA DEL SUR,KASANI,0
AGOSTO,SURINAM,AMÉRICA DEL SUR,OTRAS OCM,0
AGOSTO,SURINAM,AMÉRICA DEL SUR,SANTA ROSA,0
AGOSTO,SWAZILANDIA,ÁFRICA,AEROPUERTO INTERNACIONAL JORGE CHÁVEZ,2
AGOSTO,SWAZILANDIA,ÁFRICA,CEBAF - TUMBES,0
AGOSTO,SWAZILANDIA,ÁFRICA,DESAGUADERO,0
AGOSTO,SWAZILANDIA,ÁFRICA,KASANI,0
AGOSTO,SWAZILANDIA,ÁFRICA,OTRAS OCM,0
AGOSTO,SWAZILANDIA,ÁFRICA,SANTA ROSA,0
AGOSTO,TAILANDIA,ASIA,AEROPUERTO INTERNACIONAL JORGE CHÁVEZ,574
AGOSTO,TAILANDIA,ASIA,CEBAF - TUMBES,4
AGOSTO,TAILANDIA,ASIA,DESAGUADERO,3
AGOSTO,TAILANDIA,ASIA,KASANI,7
AGOSTO,TAILANDIA,ASIA,OTRAS OCM,21
AGOSTO,TAILANDIA,ASIA,SANTA ROSA,5
AGOSTO,TAIWÁN,ASIA,AEROPUERTO INTERNACIONAL JORGE CHÁVEZ,1774
AGOSTO,TAIWÁN,ASIA,CEBAF - TUMBES,11
AGOSTO,TAIWÁN,ASIA,DESAGUADERO,24
AGOSTO,TAIWÁN,ASIA,KASANI,19
AGOSTO,TAIWÁN,ASIA,OTRAS OCM,72
AGOSTO,TAIWÁN,ASIA,SANTA ROSA,30
AGOSTO,TANZANIA,ÁFRICA,AEROPUERTO INTERNACIONAL JORGE CHÁVEZ,11
AGOSTO,TANZANIA,ÁFRICA,CEBAF - TUMBES,0
AGOSTO,TANZANIA,ÁFRICA,DESAGUADERO,0
AGOSTO,TANZANIA,ÁFRICA,KASANI,0
AGOSTO,TANZANIA,ÁFRICA,OTRAS OCM,2
AGOSTO,TANZANIA,ÁFRICA,SANTA ROSA,0
AGOSTO,TAYIKISTÁN,ASIA,AEROPUERTO INTERNACIONAL JORGE CHÁVEZ,1
AGOSTO,TAYIKISTÁN,ASIA,CEBAF - TUMBES,0
AGOSTO,TAYIKISTÁN,ASIA,DESAGUADERO,1
AGOSTO,TAYIKISTÁN,ASIA,KASANI,0
AGOSTO,TAYIKISTÁN,ASIA,OTRAS OCM,0
AGOSTO,TAYIKISTÁN,ASIA,SANTA ROSA,0
AGOSTO,TOGO,ÁFRICA,AEROPUERTO INTERNACIONAL JORGE CHÁVEZ,7
AGOSTO,TOGO,ÁFRICA,CEBAF - TUMBES,0
AGOSTO,TOGO,ÁFRICA,DESAGUADERO,0
AGOSTO,TOGO,ÁFRICA,KASANI,0
AGOSTO,TOGO,ÁFRICA,OTRAS OCM,0
AGOSTO,TOGO,ÁFRICA,SANTA ROSA,0
AGOSTO,TONGA,OCEANÍA,AEROPUERTO INTERNACIONAL JORGE CHÁVEZ,5
AGOSTO,TONGA,OCEANÍA,CEBAF - TUMBES,0
AGOSTO,TONGA,OCEANÍA,DESAGUADERO,0
AGOSTO,TONGA,OCEANÍA,KASANI,0
AGOSTO,TONGA,OCEANÍA,OTRAS OCM,0
AGOSTO,TONGA,OCEANÍA,SANTA ROSA,0
AGOSTO,TRINIDAD Y TOBAGO,AMÉRICA CENTRAL,AEROPUERTO INTERNACIONAL JORGE CHÁVEZ,331
AGOSTO,TRINIDAD Y TOBAGO,AMÉRICA CENTRAL,CEBAF - TUMBES,5
AGOSTO,TRINIDAD Y TOBAGO,AMÉRICA CENTRAL,DESAGUADERO,0
AGOSTO,TRINIDAD Y TOBAGO,AMÉRICA CENTRAL,KASANI,0
AGOSTO,TRINIDAD Y TOBAGO,AMÉRICA CENTRAL,OTRAS OCM,2
AGOSTO,TRINIDAD Y TOBAGO,AMÉRICA CENTRAL,SANTA ROSA,1
AGOSTO,TURKMENISTÁN,ASIA,AEROPUERTO INTERNACIONAL JORGE CHÁVEZ,0
AGOSTO,TURKMENISTÁN,ASIA,CEBAF - TUMBES,0
AGOSTO,TURKMENISTÁN,ASIA,DESAGUADERO,0
AGOSTO,TURKMENISTÁN,ASIA,KASANI,0
AGOSTO,TURKMENISTÁN,ASIA,OTRAS OCM,0
AGOSTO,TURKMENISTÁN,ASIA,SANTA ROSA,0
AGOSTO,TURQUÍA,ASIA,AEROPUERTO INTERNACIONAL JORGE CHÁVEZ,1039
AGOSTO,TURQUÍA,ASIA,CEBAF - TUMBES,15
AGOSTO,TURQUÍA,ASIA,DESAGUADERO,70
AGOSTO,TURQUÍA,ASIA,KASANI,28
AGOSTO,TURQUÍA,ASIA,OTRAS OCM,73
AGOSTO,TURQUÍA,ASIA,SANTA ROSA,23
AGOSTO,TUVALU,OCEANÍA,AEROPUERTO INTERNACIONAL JORGE CHÁVEZ,0
AGOSTO,TUVALU,OCEANÍA,CEBAF - TUMBES,0
AGOSTO,TUVALU,OCEANÍA,DESAGUADERO,0
AGOSTO,TUVALU,OCEANÍA,KASANI,0
AGOSTO,TUVALU,OCEANÍA,OTRAS OCM,0
AGOSTO,TUVALU,OCEANÍA,SANTA ROSA,0
AGOSTO,TÚNEZ,ÁFRICA,AEROPUERTO INTERNACIONAL JORGE CHÁVEZ,44
AGOSTO,TÚNEZ,ÁFRICA,CEBAF - TUMBES,0
AGOSTO,TÚNEZ,ÁFRICA,DESAGUADERO,0
AGOSTO,TÚNEZ,ÁFRICA,KASANI,0
AGOSTO,TÚNEZ,ÁFRICA,OTRAS OCM,1
AGOSTO,TÚNEZ,ÁFRICA,SANTA ROSA,0
AGOSTO,UCRANIA,EUROPA,AEROPUERTO INTERNACIONAL JORGE CHÁVEZ,852
AGOSTO,UCRANIA,EUROPA,CEBAF - TUMBES,9
AGOSTO,UCRANIA,EUROPA,DESAGUADERO,10
AGOSTO,UCRANIA,EUROPA,KASANI,7
AGOSTO,UCRANIA,EUROPA,OTRAS OCM,180
AGOSTO,UCRANIA,EUROPA,SANTA ROSA,15
AGOSTO,UGANDA,ÁFRICA,AEROPUERTO INTERNACIONAL JORGE CHÁVEZ,32
AGOSTO,UGANDA,ÁFRICA,CEBAF - TUMBES,0
AGOSTO,UGANDA,ÁFRICA,DESAGUADERO,1
AGOSTO,UGANDA,ÁFRICA,KASANI,0
AGOSTO,UGANDA,ÁFRICA,OTRAS OCM,0
AGOSTO,UGANDA,ÁFRICA,SANTA ROSA,0
AGOSTO,URUGUAY,AMÉRICA DEL SUR,AEROPUERTO INTERNACIONAL JORGE CHÁVEZ,6637
AGOSTO,URUGUAY,AMÉRICA DEL SUR,CEBAF - TUMBES,37
AGOSTO,URUGUAY,AMÉRICA DEL SUR,DESAGUADERO,71
AGOSTO,URUGUAY,AMÉRICA DEL SUR,KASANI,106
AGOSTO,URUGUAY,AMÉRICA DEL SUR,OTRAS OCM,279
AGOSTO,URUGUAY,AMÉRICA DEL SUR,SANTA ROSA,84
AGOSTO,UZBEKISTÁN,ASIA,AEROPUERTO INTERNACIONAL JORGE CHÁVEZ,31
AGOSTO,UZBEKISTÁN,ASIA,CEBAF - TUMBES,0
AGOSTO,UZBEKISTÁN,ASIA,DESAGUADERO,1
AGOSTO,UZBEKISTÁN,ASIA,KASANI,0
AGOSTO,UZBEKISTÁN,ASIA,OTRAS OCM,0
AGOSTO,UZBEKISTÁN,ASIA,SANTA ROSA,0
AGOSTO,VANUATU,OCEANÍA,AEROPUERTO INTERNACIONAL JORGE CHÁVEZ,11
AGOSTO,VANUATU,OCEANÍA,CEBAF - TUMBES,0
AGOSTO,VANUATU,OCEANÍA,DESAGUADERO,0
AGOSTO,VANUATU,OCEANÍA,KASANI,0
AGOSTO,VANUATU,OCEANÍA,OTRAS OCM,0
AGOSTO,VANUATU,OCEANÍA,SANTA ROSA,0
AGOSTO,VATICANO,EUROPA,AEROPUERTO INTERNACIONAL JORGE CHÁVEZ,4
AGOSTO,VATICANO,EUROPA,CEBAF - TUMBES,0
AGOSTO,VATICANO,EUROPA,DESAGUADERO,0
AGOSTO,VATICANO,EUROPA,KASANI,0
AGOSTO,VATICANO,EUROPA,OTRAS OCM,0
AGOSTO,VATICANO,EUROPA,SANTA ROSA,0
AGOSTO,VENEZUELA,AMÉRICA DEL SUR,AEROPUERTO INTERNACIONAL JORGE CHÁVEZ,2992
AGOSTO,VENEZUELA,AMÉRICA DEL SUR,CEBAF - TUMBES,1205
AGOSTO,VENEZUELA,AMÉRICA DEL SUR,DESAGUADERO,38
AGOSTO,VENEZUELA,AMÉRICA DEL SUR,KASANI,19
AGOSTO,VENEZUELA,AMÉRICA DEL SUR,OTRAS OCM,159
AGOSTO,VENEZUELA,AMÉRICA DEL SUR,SANTA ROSA,283
AGOSTO,VIETNAM,ASIA,AEROPUERTO INTERNACIONAL JORGE CHÁVEZ,271
AGOSTO,VIETNAM,ASIA,CEBAF - TUMBES,0
AGOSTO,VIETNAM,ASIA,DESAGUADERO,3
AGOSTO,VIETNAM,ASIA,KASANI,1
AGOSTO,VIETNAM,ASIA,OTRAS OCM,15
AGOSTO,VIETNAM,ASIA,SANTA ROSA,0
AGOSTO,YEMEN,ASIA,AEROPUERTO INTERNACIONAL JORGE CHÁVEZ,6
AGOSTO,YEMEN,ASIA,CEBAF - TUMBES,4
AGOSTO,YEMEN,ASIA,DESAGUADERO,0
AGOSTO,YEMEN,ASIA,KASANI,0
AGOSTO,YEMEN,ASIA,OTRAS OCM,0
AGOSTO,YEMEN,ASIA,SANTA ROSA,1
AGOSTO,ZAMBIA,ÁFRICA,AEROPUERTO INTERNACIONAL JORGE CHÁVEZ,20
AGOSTO,ZAMBIA,ÁFRICA,CEBAF - TUMBES,0
AGOSTO,ZAMBIA,ÁFRICA,DESAGUADERO,0
AGOSTO,ZAMBIA,ÁFRICA,KASANI,0
AGOSTO,ZAMBIA,ÁFRICA,OTRAS OCM,0
AGOSTO,ZAMBIA,ÁFRICA,SANTA ROSA,0
AGOSTO,ZIMBABWE,ÁFRICA,AEROPUERTO INTERNACIONAL JORGE CHÁVEZ,31
AGOSTO,ZIMBABWE,ÁFRICA,CEBAF - TUMBES,0
AGOSTO,ZIMBABWE,ÁFRICA,DESAGUADERO,0
AGOSTO,ZIMBABWE,ÁFRICA,KASANI,0
AGOSTO,ZIMBABWE,ÁFRICA,OTRAS OCM,0
AGOSTO,ZIMBABWE,ÁFRICA,SANTA ROSA,0
DICIEMBRE,AFGHANISTÁN,ASIA,AEROPUERTO INTERNACIONAL JORGE CHÁVEZ,8
DICIEMBRE,AFGHANISTÁN,ASIA,CEBAF - TUMBES,1
DICIEMBRE,AFGHANISTÁN,ASIA,DESAGUADERO,0
DICIEMBRE,AFGHANISTÁN,ASIA,KASANI,0
DICIEMBRE,AFGHANISTÁN,ASIA,OTRAS OCM,0
DICIEMBRE,AFGHANISTÁN,ASIA,SANTA ROSA,16
DICIEMBRE,ALBANIA,EUROPA,AEROPUERTO INTERNACIONAL JORGE CHÁVEZ,40
DICIEMBRE,ALBANIA,EUROPA,CEBAF - TUMBES,0
DICIEMBRE,ALBANIA,EUROPA,DESAGUADERO,0
DICIEMBRE,ALBANIA,EUROPA,KASANI,0
DICIEMBRE,ALBANIA,EUROPA,OTRAS OCM,0
DICIEMBRE,ALBANIA,EUROPA,SANTA ROSA,1
DICIEMBRE,ALEMANIA,EUROPA,AEROPUERTO INTERNACIONAL JORGE CHÁVEZ,22511
DICIEMBRE,ALEMANIA,EUROPA,CEBAF - TUMBES,476
DICIEMBRE,ALEMANIA,EUROPA,DESAGUADERO,506
DICIEMBRE,ALEMANIA,EUROPA,KASANI,763
DICIEMBRE,ALEMANIA,EUROPA,OTRAS OCM,2488
DICIEMBRE,ALEMANIA,EUROPA,SANTA ROSA,543
DICIEMBRE,ANDORRA,EUROPA,AEROPUERTO INTERNACIONAL JORGE CHÁVEZ,44
DICIEMBRE,ANDORRA,EUROPA,CEBAF - TUMBES,0
DICIEMBRE,ANDORRA,EUROPA,DESAGUADERO,0
DICIEMBRE,ANDORRA,EUROPA,KASANI,0
DICIEMBRE,ANDORRA,EUROPA,OTRAS OCM,4
DICIEMBRE,ANDORRA,EUROPA,SANTA ROSA,0
DICIEMBRE,ANGOLA,ÁFRICA,AEROPUERTO INTERNACIONAL JORGE CHÁVEZ,13
DICIEMBRE,ANGOLA,ÁFRICA,CEBAF - TUMBES,0
DICIEMBRE,ANGOLA,ÁFRICA,DESAGUADERO,0
DICIEMBRE,ANGOLA,ÁFRICA,KASANI,0
DICIEMBRE,ANGOLA,ÁFRICA,OTRAS OCM,0
DICIEMBRE,ANGOLA,ÁFRICA,SANTA ROSA,0
DICIEMBRE,ANT. BARBUDA,AMÉRICA CENTRAL,AEROPUERTO INTERNACIONAL JORGE CHÁVEZ,14
DICIEMBRE,ANT. BARBUDA,AMÉRICA CENTRAL,CEBAF - TUMBES,0
DICIEMBRE,ANT. BARBUDA,AMÉRICA CENTRAL,DESAGUADERO,0
DICIEMBRE,ANT. BARBUDA,AMÉRICA CENTRAL,KASANI,1
DICIEMBRE,ANT. BARBUDA,AMÉRICA CENTRAL,OTRAS OCM,3
DICIEMBRE,ANT. BARBUDA,AMÉRICA CENTRAL,SANTA ROSA,0
DICIEMBRE,ARABIA SAUDITA,ASIA,AEROPUERTO INTERNACIONAL JORGE CHÁVEZ,130
DICIEMBRE,ARABIA SAUDITA,ASIA,CEBAF - TUMBES,0
DICIEMBRE,ARABIA SAUDITA,ASIA,DESAGUADERO,3
DICIEMBRE,ARABIA SAUDITA,ASIA,KASANI,1
DICIEMBRE,ARABIA SAUDITA,ASIA,OTRAS OCM,0
DICIEMBRE,ARABIA SAUDITA,ASIA,SANTA ROSA,0
DICIEMBRE,ARGELIA,ÁFRICA,AEROPUERTO INTERNACIONAL JORGE CHÁVEZ,34
DICIEMBRE,ARGELIA,ÁFRICA,CEBAF - TUMBES,0
DICIEMBRE,ARGELIA,ÁFRICA,DESAGUADERO,1
DICIEMBRE,ARGELIA,ÁFRICA,KASANI,0
DICIEMBRE,ARGELIA,ÁFRICA,OTRAS OCM,1
DICIEMBRE,ARGELIA,ÁFRICA,SANTA ROSA,0
DICIEMBRE,ARGENTINA,AMÉRICA DEL SUR,AEROPUERTO INTERNACIONAL JORGE CHÁVEZ,60889
DICIEMBRE,ARGENTINA,AMÉRICA DEL SUR,CEBAF - TUMBES,445
DICIEMBRE,ARGENTINA,AMÉRICA DEL SUR,DESAGUADERO,3819
DICIEMBRE,ARGENTINA,AMÉRICA DEL SUR,KASANI,673
DICIEMBRE,ARGENTINA,AMÉRICA DEL SUR,OTRAS OCM,1537
DICIEMBRE,ARGENTINA,AMÉRICA DEL SUR,SANTA ROSA,7862
DICIEMBRE,ARMENIA,ASIA,AEROPUERTO INTERNACIONAL JORGE CHÁVEZ,62
DICIEMBRE,ARMENIA,ASIA,CEBAF - TUMBES,0
DICIEMBRE,ARMENIA,ASIA,DESAGUADERO,7
DICIEMBRE,ARMENIA,ASIA,KASANI,0
DICIEMBRE,ARMENIA,ASIA,OTRAS OCM,1
DICIEMBRE,ARMENIA,ASIA,SANTA ROSA,7
DICIEMBRE,ARUBA,AMÉRICA CENTRAL,AEROPUERTO INTERNACIONAL JORGE CHÁVEZ,119
DICIEMBRE,ARUBA,AMÉRICA CENTRAL,CEBAF - TUMBES,0
DICIEMBRE,ARUBA,AMÉRICA CENTRAL,DESAGUADERO,1
DICIEMBRE,ARUBA,AMÉRICA CENTRAL,KASANI,1
DICIEMBRE,ARUBA,AMÉRICA CENTRAL,OTRAS OCM,3
DICIEMBRE,ARUBA,AMÉRICA CENTRAL,SANTA ROSA,0
DICIEMBRE,AUSTRALIA,OCEANÍA,AEROPUERTO INTERNACIONAL JORGE CHÁVEZ,11072
DICIEMBRE,AUSTRALIA,OCEANÍA,CEBAF - TUMBES,162
DICIEMBRE,AUSTRALIA,OCEANÍA,DESAGUADERO,174
DICIEMBRE,AUSTRALIA,OCEANÍA,KASANI,244
DICIEMBRE,AUSTRALIA,OCEANÍA,OTRAS OCM,2069
DICIEMBRE,AUSTRALIA,OCEANÍA,SANTA ROSA,118
DICIEMBRE,AUSTRIA,EUROPA,AEROPUERTO INTERNACIONAL JORGE CHÁVEZ,2185
DICIEMBRE,AUSTRIA,EUROPA,CEBAF - TUMBES,37
DICIEMBRE,AUSTRIA,EUROPA,DESAGUADERO,39
DICIEMBRE,AUSTRIA,EUROPA,KASANI,70
DICIEMBRE,AUSTRIA,EUROPA,OTRAS OCM,268
DICIEMBRE,AUSTRIA,EUROPA,SANTA ROSA,40
DICIEMBRE,AZERBAIYÁN,ASIA,AEROPUERTO INTERNACIONAL JORGE CHÁVEZ,29
DICIEMBRE,AZERBAIYÁN,ASIA,CEBAF - TUMBES,0
DICIEMBRE,AZERBAIYÁN,ASIA,DESAGUADERO,1
DICIEMBRE,AZERBAIYÁN,ASIA,KASANI,0
DICIEMBRE,AZERBAIYÁN,ASIA,OTRAS OCM,4
DICIEMBRE,AZERBAIYÁN,ASIA,SANTA ROSA,0
DICIEMBRE,BAHAMAS,AMÉRICA CENTRAL,AEROPUERTO INTERNACIONAL JORGE CHÁVEZ,91
DICIEMBRE,BAHAMAS,AMÉRICA CENTRAL,CEBAF - TUMBES,4
DICIEMBRE,BAHAMAS,AMÉRICA CENTRAL,DESAGUADERO,0
DICIEMBRE,BAHAMAS,AMÉRICA CENTRAL,KASANI,0
DICIEMBRE,BAHAMAS,AMÉRICA CENTRAL,OTRAS OCM,2
DICIEMBRE,BAHAMAS,AMÉRICA CENTRAL,SANTA ROSA,0
DICIEMBRE,BAHRÉIN,ASIA,AEROPUERTO INTERNACIONAL JORGE CHÁVEZ,19
DICIEMBRE,BAHRÉIN,ASIA,CEBAF - TUMBES,0
DICIEMBRE,BAHRÉIN,ASIA,DESAGUADERO,0
DICIEMBRE,BAHRÉIN,ASIA,KASANI,0
DICIEMBRE,BAHRÉIN,ASIA,OTRAS OCM,1
DICIEMBRE,BAHRÉIN,ASIA,SANTA ROSA,0
DICIEMBRE,BANGLADESH,ASIA,AEROPUERTO INTERNACIONAL JORGE CHÁVEZ,39
DICIEMBRE,BANGLADESH,ASIA,CEBAF - TUMBES,1
DICIEMBRE,BANGLADESH,ASIA,DESAGUADERO,1
DICIEMBRE,BANGLADESH,ASIA,KASANI,2
DICIEMBRE,BANGLADESH,ASIA,OTRAS OCM,9
DICIEMBRE,BANGLADESH,ASIA,SANTA ROSA,0
DICIEMBRE,BARBADOS,AMÉRICA CENTRAL,AEROPUERTO INTERNACIONAL JORGE CHÁVEZ,156
DICIEMBRE,BARBADOS,AMÉRICA CENTRAL,CEBAF - TUMBES,0
DICIEMBRE,BARBADOS,AMÉRICA CENTRAL,DESAGUADERO,3
DICIEMBRE,BARBADOS,AMÉRICA CENTRAL,KASANI,0
DICIEMBRE,BARBADOS,AMÉRICA CENTRAL,OTRAS OCM,8
DICIEMBRE,BARBADOS,AMÉRICA CENTRAL,SANTA ROSA,0
DICIEMBRE,BELICE,AMÉRICA CENTRAL,AEROPUERTO INTERNACIONAL JORGE CHÁVEZ,185
DICIEMBRE,BELICE,AMÉRICA CENTRAL,CEBAF - TUMBES,17
DICIEMBRE,BELICE,AMÉRICA CENTRAL,DESAGUADERO,1
DICIEMBRE,BELICE,AMÉRICA CENTRAL,KASANI,0
DICIEMBRE,BELICE,AMÉRICA CENTRAL,OTRAS OCM,1
DICIEMBRE,BELICE,AMÉRICA CENTRAL,SANTA ROSA,1
DICIEMBRE,BELORUSIA,EUROPA,AEROPUERTO INTERNACIONAL JORGE CHÁVEZ,156
DICIEMBRE,BELORUSIA,EUROPA,CEBAF - TUMBES,2
DICIEMBRE,BELORUSIA,EUROPA,DESAGUADERO,3
DICIEMBRE,BELORUSIA,EUROPA,KASANI,2
DICIEMBRE,BELORUSIA,EUROPA,OTRAS OCM,13
DICIEMBRE,BELORUSIA,EUROPA,SANTA ROSA,4
DICIEMBRE,BENÍN,ÁFRICA,AEROPUERTO INTERNACIONAL JORGE CHÁVEZ,3
DICIEMBRE,BENÍN,ÁFRICA,CEBAF - TUMBES,0
DICIEMBRE,BENÍN,ÁFRICA,DESAGUADERO,1
DICIEMBRE,BENÍN,ÁFRICA,KASANI,0
DICIEMBRE,BENÍN,ÁFRICA,OTRAS OCM,0
DICIEMBRE,BENÍN,ÁFRICA,SANTA ROSA,0
DICIEMBRE,BERMUDAS,AMÉRICA CENTRAL,AEROPUERTO INTERNACIONAL JORGE CHÁVEZ,6
DICIEMBRE,BERMUDAS,AMÉRICA CENTRAL,CEBAF - TUMBES,0
DICIEMBRE,BERMUDAS,AMÉRICA CENTRAL,DESAGUADERO,0
DICIEMBRE,BERMUDAS,AMÉRICA CENTRAL,KASANI,0
DICIEMBRE,BERMUDAS,AMÉRICA CENTRAL,OTRAS OCM,0
DICIEMBRE,BERMUDAS,AMÉRICA CENTRAL,SANTA ROSA,0
DICIEMBRE,BHUTÁN,ASIA,AEROPUERTO INTERNACIONAL JORGE CHÁVEZ,2
DICIEMBRE,BHUTÁN,ASIA,CEBAF - TUMBES,0
DICIEMBRE,BHUTÁN,ASIA,DESAGUADERO,0
DICIEMBRE,BHUTÁN,ASIA,KASANI,0
DICIEMBRE,BHUTÁN,ASIA,OTRAS OCM,0
DICIEMBRE,BHUTÁN,ASIA,SANTA ROSA,0
DICIEMBRE,BOLIVIA,AMÉRICA DEL SUR,AEROPUERTO INTERNACIONAL JORGE CHÁVEZ,12227
DICIEMBRE,BOLIVIA,AMÉRICA DEL SUR,CEBAF - TUMBES,390
DICIEMBRE,BOLIVIA,AMÉRICA DEL SUR,DESAGUADERO,70555
DICIEMBRE,BOLIVIA,AMÉRICA DEL SUR,KASANI,3298
DICIEMBRE,BOLIVIA,AMÉRICA DEL SUR,OTRAS OCM,8361
DICIEMBRE,BOLIVIA,AMÉRICA DEL SUR,SANTA ROSA,14743
DICIEMBRE,BOSNIA Y HERZEGOVINA,EUROPA,AEROPUERTO INTERNACIONAL JORGE CHÁVEZ,23
DICIEMBRE,BOSNIA Y HERZEGOVINA,EUROPA,CEBAF - TUMBES,0
DICIEMBRE,BOSNIA Y HERZEGOVINA,EUROPA,DESAGUADERO,5
DICIEMBRE,BOSNIA Y HERZEGOVINA,EUROPA,KASANI,5
DICIEMBRE,BOSNIA Y HERZEGOVINA,EUROPA,OTRAS OCM,1
DICIEMBRE,BOSNIA Y HERZEGOVINA,EUROPA,SANTA ROSA,3
DICIEMBRE,BOTSWANA,ÁFRICA,AEROPUERTO INTERNACIONAL JORGE CHÁVEZ,7
DICIEMBRE,BOTSWANA,ÁFRICA,CEBAF - TUMBES,0
DICIEMBRE,BOTSWANA,ÁFRICA,DESAGUADERO,0
DICIEMBRE,BOTSWANA,ÁFRICA,KASANI,0
DICIEMBRE,BOTSWANA,ÁFRICA,OTRAS OCM,0
DICIEMBRE,BOTSWANA,ÁFRICA,SANTA ROSA,0
DICIEMBRE,BRASIL,AMÉRICA DEL SUR,AEROPUERTO INTERNACIONAL JORGE CHÁVEZ,55197
DICIEMBRE,BRASIL,AMÉRICA DEL SUR,CEBAF - TUMBES,121
DICIEMBRE,BRASIL,AMÉRICA DEL SUR,DESAGUADERO,1071
DICIEMBRE,BRASIL,AMÉRICA DEL SUR,KASANI,715
DICIEMBRE,BRASIL,AMÉRICA DEL SUR,OTRAS OCM,15863
DICIEMBRE,BRASIL,AMÉRICA DEL SUR,SANTA ROSA,2933
DICIEMBRE,BRUNÉI,ASIA,AEROPUERTO INTERNACIONAL JORGE CHÁVEZ,4
DICIEMBRE,BRUNÉI,ASIA,CEBAF - TUMBES,0
DICIEMBRE,BRUNÉI,ASIA,DESAGUADERO,0
DICIEMBRE,BRUNÉI,ASIA,KASANI,0
DICIEMBRE,BRUNÉI,ASIA,OTRAS OCM,3
DICIEMBRE,BRUNÉI,ASIA,SANTA ROSA,0
DICIEMBRE,BULGARIA,EUROPA,AEROPUERTO INTERNACIONAL JORGE CHÁVEZ,383
DICIEMBRE,BULGARIA,EUROPA,CEBAF - TUMBES,7
DICIEMBRE,BULGARIA,EUROPA,DESAGUADERO,8
DICIEMBRE,BULGARIA,EUROPA,KASANI,6
DICIEMBRE,BULGARIA,EUROPA,OTRAS OCM,72
DICIEMBRE,BULGARIA,EUROPA,SANTA ROSA,3
DICIEMBRE,BURKINA FASO,ÁFRICA,AEROPUERTO INTERNACIONAL JORGE CHÁVEZ,4
DICIEMBRE,BURKINA FASO,ÁFRICA,CEBAF - TUMBES,0
DICIEMBRE,BURKINA FASO,ÁFRICA,DESAGUADERO,0
DICIEMBRE,BURKINA FASO,ÁFRICA,KASANI,0
DICIEMBRE,BURKINA FASO,ÁFRICA,OTRAS OCM,0
DICIEMBRE,BURKINA FASO,ÁFRICA,SANTA ROSA,0
DICIEMBRE,BURUNDI,ÁFRICA,AEROPUERTO INTERNACIONAL JORGE CHÁVEZ,3
DICIEMBRE,BURUNDI,ÁFRICA,CEBAF - TUMBES,0
DICIEMBRE,BURUNDI,ÁFRICA,DESAGUADERO,0
DICIEMBRE,BURUNDI,ÁFRICA,KASANI,0
DICIEMBRE,BURUNDI,ÁFRICA,OTRAS OCM,0
DICIEMBRE,BURUNDI,ÁFRICA,SANTA ROSA,0
DICIEMBRE,BÉLGICA,EUROPA,AEROPUERTO INTERNACIONAL JORGE CHÁVEZ,3509
DICIEMBRE,BÉLGICA,EUROPA,CEBAF - TUMBES,95
DICIEMBRE,BÉLGICA,EUROPA,DESAGUADERO,100
DICIEMBRE,BÉLGICA,EUROPA,KASANI,148
DICIEMBRE,BÉLGICA,EUROPA,OTRAS OCM,190
DICIEMBRE,BÉLGICA,EUROPA,SANTA ROSA,66
DICIEMBRE,CABO VERDE,ÁFRICA,AEROPUERTO INTERNACIONAL JORGE CHÁVEZ,8
DICIEMBRE,CABO VERDE,ÁFRICA,CEBAF - TUMBES,0
DICIEMBRE,CABO VERDE,ÁFRICA,DESAGUADERO,1
DICIEMBRE,CABO VERDE,ÁFRICA,KASANI,0
DICIEMBRE,CABO VERDE,ÁFRICA,OTRAS OCM,7
DICIEMBRE,CABO VERDE,ÁFRICA,SANTA ROSA,0
DICIEMBRE,CAMBOYA,ASIA,AEROPUERTO INTERNACIONAL JORGE CHÁVEZ,4
DICIEMBRE,CAMBOYA,ASIA,CEBAF - TUMBES,0
DICIEMBRE,CAMBOYA,ASIA,DESAGUADERO,0
DICIEMBRE,CAMBOYA,ASIA,KASANI,0
DICIEMBRE,CAMBOYA,ASIA,OTRAS OCM,0
DICIEMBRE,CAMBOYA,ASIA,SANTA ROSA,0
DICIEMBRE,CAMERÚN,ÁFRICA,AEROPUERTO INTERNACIONAL JORGE CHÁVEZ,9
DICIEMBRE,CAMERÚN,ÁFRICA,CEBAF - TUMBES,0
DICIEMBRE,CAMERÚN,ÁFRICA,DESAGUADERO,0
DICIEMBRE,CAMERÚN,ÁFRICA,KASANI,0
DICIEMBRE,CAMERÚN,ÁFRICA,OTRAS OCM,0
DICIEMBRE,CAMERÚN,ÁFRICA,SANTA ROSA,0
DICIEMBRE,CANADÁ,AMÉRICA DEL NORTE,AEROPUERTO INTERNACIONAL JORGE CHÁVEZ,36397
DICIEMBRE,CANADÁ,AMÉRICA DEL NORTE,CEBAF - TUMBES,186
DICIEMBRE,CANADÁ,AMÉRICA DEL NORTE,DESAGUADERO,161
DICIEMBRE,CANADÁ,AMÉRICA DEL NORTE,KASANI,169
DICIEMBRE,CANADÁ,AMÉRICA DEL NORTE,OTRAS OCM,3438
DICIEMBRE,CANADÁ,AMÉRICA DEL NORTE,SANTA ROSA,130
DICIEMBRE,CEYLÁN,ASIA,AEROPUERTO INTERNACIONAL JORGE CHÁVEZ,0
DICIEMBRE,CEYLÁN,ASIA,CEBAF - TUMBES,0
DICIEMBRE,CEYLÁN,ASIA,DESAGUADERO,0
DICIEMBRE,CEYLÁN,ASIA,KASANI,0
DICIEMBRE,CEYLÁN,ASIA,OTRAS OCM,0
DICIEMBRE,CEYLÁN,ASIA,SANTA ROSA,0
DICIEMBRE,CHAD,ÁFRICA,AEROPUERTO INTERNACIONAL JORGE CHÁVEZ,1
DICIEMBRE,CHAD,ÁFRICA,CEBAF - TUMBES,0
DICIEMBRE,CHAD,ÁFRICA,DESAGUADERO,0
DICIEMBRE,CHAD,ÁFRICA,KASANI,0
DICIEMBRE,CHAD,ÁFRICA,OTRAS OCM,0
DICIEMBRE,CHAD,ÁFRICA,SANTA ROSA,0
DICIEMBRE,CHILE,AMÉRICA DEL SUR,AEROPUERTO INTERNACIONAL JORGE CHÁVEZ,109620
DICIEMBRE,CHILE,AMÉRICA DEL SUR,CEBAF - TUMBES,492
DICIEMBRE,CHILE,AMÉRICA DEL SUR,DESAGUADERO,546
DICIEMBRE,CHILE,AMÉRICA DEL SUR,KASANI,130
DICIEMBRE,CHILE,AMÉRICA DEL SUR,OTRAS OCM,11212
DICIEMBRE,CHILE,AMÉRICA DEL SUR,SANTA ROSA,423232
DICIEMBRE,CHINA (R.P),ASIA,AEROPUERTO INTERNACIONAL JORGE CHÁVEZ,17249
DICIEMBRE,CHINA (R.P),ASIA,CEBAF - TUMBES,59
DICIEMBRE,CHINA (R.P),ASIA,DESAGUADERO,158
DICIEMBRE,CHINA (R.P),ASIA,KASANI,161
DICIEMBRE,CHINA (R.P),ASIA,OTRAS OCM,2401
DICIEMBRE,CHINA (R.P),ASIA,SANTA ROSA,143
DICIEMBRE,CHIPRE,EUROPA,AEROPUERTO INTERNACIONAL JORGE CHÁVEZ,95
DICIEMBRE,CHIPRE,EUROPA,CEBAF - TUMBES,0
DICIEMBRE,CHIPRE,EUROPA,DESAGUADERO,1
DICIEMBRE,CHIPRE,EUROPA,KASANI,3
DICIEMBRE,CHIPRE,EUROPA,OTRAS OCM,10
DICIEMBRE,CHIPRE,EUROPA,SANTA ROSA,1
DICIEMBRE,COLOMBIA,AMÉRICA DEL SUR,AEROPUERTO INTERNACIONAL JORGE CHÁVEZ,73758
DICIEMBRE,COLOMBIA,AMÉRICA DEL SUR,CEBAF - TUMBES,7947
DICIEMBRE,COLOMBIA,AMÉRICA DEL SUR,DESAGUADERO,1539
DICIEMBRE,COLOMBIA,AMÉRICA DEL SUR,KASANI,474
DICIEMBRE,COLOMBIA,AMÉRICA DEL SUR,OTRAS OCM,6175
DICIEMBRE,COLOMBIA,AMÉRICA DEL SUR,SANTA ROSA,7707
DICIEMBRE,COMORAS (ISL),ÁFRICA,AEROPUERTO INTERNACIONAL JORGE CHÁVEZ,0
DICIEMBRE,COMORAS (ISL),ÁFRICA,CEBAF - TUMBES,0
DICIEMBRE,COMORAS (ISL),ÁFRICA,DESAGUADERO,0
DICIEMBRE,COMORAS (ISL),ÁFRICA,KASANI,0
DICIEMBRE,COMORAS (ISL),ÁFRICA,OTRAS OCM,0
DICIEMBRE,COMORAS (ISL),ÁFRICA,SANTA ROSA,0
DICIEMBRE,CONGO,ÁFRICA,AEROPUERTO INTERNACIONAL JORGE CHÁVEZ,8
DICIEMBRE,CONGO,ÁFRICA,CEBAF - TUMBES,0
DICIEMBRE,CONGO,ÁFRICA,DESAGUADERO,0
DICIEMBRE,CONGO,ÁFRICA,KASANI,0
DICIEMBRE,CONGO,ÁFRICA,OTRAS OCM,0
DICIEMBRE,CONGO,ÁFRICA,SANTA ROSA,0
DICIEMBRE,COREA DEL NORTE,ASIA,AEROPUERTO INTERNACIONAL JORGE CHÁVEZ,1
DICIEMBRE,COREA DEL NORTE,ASIA,CEBAF - TUMBES,0
DICIEMBRE,COREA DEL NORTE,ASIA,DESAGUADERO,0
DICIEMBRE,COREA DEL NORTE,ASIA,KASANI,0
DICIEMBRE,COREA DEL NORTE,ASIA,OTRAS OCM,1
DICIEMBRE,COREA DEL NORTE,ASIA,SANTA ROSA,0
DICIEMBRE,COREA DEL SUR,ASIA,AEROPUERTO INTERNACIONAL JORGE CHÁVEZ,9542
DICIEMBRE,COREA DEL SUR,ASIA,CEBAF - TUMBES,140
DICIEMBRE,COREA DEL SUR,ASIA,DESAGUADERO,128
DICIEMBRE,COREA DEL SUR,ASIA,KASANI,90
DICIEMBRE,COREA DEL SUR,ASIA,OTRAS OCM,594
DICIEMBRE,COREA DEL SUR,ASIA,SANTA ROSA,26
DICIEMBRE,COSTA MARFIL,ÁFRICA,AEROPUERTO INTERNACIONAL JORGE CHÁVEZ,3
DICIEMBRE,COSTA MARFIL,ÁFRICA,CEBAF - TUMBES,0
DICIEMBRE,COSTA MARFIL,ÁFRICA,DESAGUADERO,0
DICIEMBRE,COSTA MARFIL,ÁFRICA,KASANI,0
DICIEMBRE,COSTA MARFIL,ÁFRICA,OTRAS OCM,0
DICIEMBRE,COSTA MARFIL,ÁFRICA,SANTA ROSA,0
DICIEMBRE,COSTA RICA,AMÉRICA CENTRAL,AEROPUERTO INTERNACIONAL JORGE CHÁVEZ,10248
DICIEMBRE,COSTA RICA,AMÉRICA CENTRAL,CEBAF - TUMBES,19
DICIEMBRE,COSTA RICA,AMÉRICA CENTRAL,DESAGUADERO,43
DICIEMBRE,COSTA RICA,AMÉRICA CENTRAL,KASANI,47
DICIEMBRE,COSTA RICA,AMÉRICA CENTRAL,OTRAS OCM,398
DICIEMBRE,COSTA RICA,AMÉRICA CENTRAL,SANTA ROSA,19
DICIEMBRE,CROACIA,EUROPA,AEROPUERTO INTERNACIONAL JORGE CHÁVEZ,491
DICIEMBRE,CROACIA,EUROPA,CEBAF - TUMBES,2
DICIEMBRE,CROACIA,EUROPA,DESAGUADERO,15
DICIEMBRE,CROACIA,EUROPA,KASANI,9
DICIEMBRE,CROACIA,EUROPA,OTRAS OCM,62
DICIEMBRE,CROACIA,EUROPA,SANTA ROSA,2
DICIEMBRE,CUBA,AMÉRICA CENTRAL,AEROPUERTO INTERNACIONAL JORGE CHÁVEZ,2493
DICIEMBRE,CUBA,AMÉRICA CENTRAL,CEBAF - TUMBES,26
DICIEMBRE,CUBA,AMÉRICA CENTRAL,DESAGUADERO,4
DICIEMBRE,CUBA,AMÉRICA CENTRAL,KASANI,1
DICIEMBRE,CUBA,AMÉRICA CENTRAL,OTRAS OCM,42
DICIEMBRE,CUBA,AMÉRICA CENTRAL,SANTA ROSA,60
DICIEMBRE,DEMOC. REP. CONGO (ZAIRE),ÁFRICA,AEROPUERTO INTERNACIONAL JORGE CHÁVEZ,12
DICIEMBRE,DEMOC. REP. CONGO (ZAIRE),ÁFRICA,CEBAF - TUMBES,0
DICIEMBRE,DEMOC. REP. CONGO (ZAIRE),ÁFRICA,DESAGUADERO,0
DICIEMBRE,DEMOC. REP. CONGO (ZAIRE),ÁFRICA,KASANI,0
DICIEMBRE,DEMOC. REP. CONGO (ZAIRE),ÁFRICA,OTRAS OCM,0
DICIEMBRE,DEMOC. REP. CONGO (ZAIRE),ÁFRICA,SANTA ROSA,0
DICIEMBRE,DINAMARCA,EUROPA,AEROPUERTO INTERNACIONAL JORGE CHÁVEZ,1999
DICIEMBRE,DINAMARCA,EUROPA,CEBAF - TUMBES,89
DICIEMBRE,DINAMARCA,EUROPA,DESAGUADERO,53
DICIEMBRE,DINAMARCA,EUROPA,KASANI,42
DICIEMBRE,DINAMARCA,EUROPA,OTRAS OCM,141
DICIEMBRE,DINAMARCA,EUROPA,SANTA ROSA,18
DICIEMBRE,DJIBOUTI,ÁFRICA,AEROPUERTO INTERNACIONAL JORGE CHÁVEZ,0
DICIEMBRE,DJIBOUTI,ÁFRICA,CEBAF - TUMBES,0
DICIEMBRE,DJIBOUTI,ÁFRICA,DESAGUADERO,0
DICIEMBRE,DJIBOUTI,ÁFRICA,KASANI,0
DICIEMBRE,DJIBOUTI,ÁFRICA,OTRAS OCM,0
DICIEMBRE,DJIBOUTI,ÁFRICA,SANTA ROSA,0
DICIEMBRE,DOMINICA,AMÉRICA CENTRAL,AEROPUERTO INTERNACIONAL JORGE CHÁVEZ,25
DICIEMBRE,DOMINICA,AMÉRICA CENTRAL,CEBAF - TUMBES,0
DICIEMBRE,DOMINICA,AMÉRICA CENTRAL,DESAGUADERO,0
DICIEMBRE,DOMINICA,AMÉRICA CENTRAL,KASANI,0
DICIEMBRE,DOMINICA,AMÉRICA CENTRAL,OTRAS OCM,3
DICIEMBRE,DOMINICA,AMÉRICA CENTRAL,SANTA ROSA,0
DICIEMBRE,ECUADOR,AMÉRICA DEL SUR,AEROPUERTO INTERNACIONAL JORGE CHÁVEZ,20637
DICIEMBRE,ECUADOR,AMÉRICA DEL SUR,CEBAF - TUMBES,83766
DICIEMBRE,ECUADOR,AMÉRICA DEL SUR,DESAGUADERO,669
DICIEMBRE,ECUADOR,AMÉRICA DEL SUR,KASANI,128
DICIEMBRE,ECUADOR,AMÉRICA DEL SUR,OTRAS OCM,21960
DICIEMBRE,ECUADOR,AMÉRICA DEL SUR,SANTA ROSA,4500
DICIEMBRE,EE.UU,AMÉRICA DEL NORTE,AEROPUERTO INTERNACIONAL JORGE CHÁVEZ,305002
DICIEMBRE,EE.UU,AMÉRICA DEL NORTE,CEBAF - TUMBES,867
DICIEMBRE,EE.UU,AMÉRICA DEL NORTE,DESAGUADERO,214
DICIEMBRE,EE.UU,AMÉRICA DEL NORTE,KASANI,265
DICIEMBRE,EE.UU,AMÉRICA DEL NORTE,OTRAS OCM,17582
DICIEMBRE,EE.UU,AMÉRICA DEL NORTE,SANTA ROSA,516
DICIEMBRE,EGIPTO,ÁFRICA,AEROPUERTO INTERNACIONAL JORGE CHÁVEZ,101
DICIEMBRE,EGIPTO,ÁFRICA,CEBAF - TUMBES,1
DICIEMBRE,EGIPTO,ÁFRICA,DESAGUADERO,4
DICIEMBRE,EGIPTO,ÁFRICA,KASANI,0
DICIEMBRE,EGIPTO,ÁFRICA,OTRAS OCM,9
DICIEMBRE,EGIPTO,ÁFRICA,SANTA ROSA,0
DICIEMBRE,EL SALVADOR,AMÉRICA CENTRAL,AEROPUERTO INTERNACIONAL JORGE CHÁVEZ,2553
DICIEMBRE,EL SALVADOR,AMÉRICA CENTRAL,CEBAF - TUMBES,6
DICIEMBRE,EL SALVADOR,AMÉRICA CENTRAL,DESAGUADERO,6
DICIEMBRE,EL SALVADOR,AMÉRICA CENTRAL,KASANI,6
DICIEMBRE,EL SALVADOR,AMÉRICA CENTRAL,OTRAS OCM,61
DICIEMBRE,EL SALVADOR,AMÉRICA CENTRAL,SANTA ROSA,10
DICIEMBRE,EMIRATOS ÁRABES UNIDOS,ASIA,AEROPUERTO INTERNACIONAL JORGE CHÁVEZ,104
DICIEMBRE,EMIRATOS ÁRABES UNIDOS,ASIA,CEBAF - TUMBES,0
DICIEMBRE,EMIRATOS ÁRABES UNIDOS,ASIA,DESAGUADERO,1
DICIEMBRE,EMIRATOS ÁRABES UNIDOS,ASIA,KASANI,1
DICIEMBRE,EMIRATOS ÁRABES UNIDOS,ASIA,OTRAS OCM,4
DICIEMBRE,EMIRATOS ÁRABES UNIDOS,ASIA,SANTA ROSA,1
DICIEMBRE,ERITREA,ÁFRICA,AEROPUERTO INTERNACIONAL JORGE CHÁVEZ,5
DICIEMBRE,ERITREA,ÁFRICA,CEBAF - TUMBES,0
DICIEMBRE,ERITREA,ÁFRICA,DESAGUADERO,0
DICIEMBRE,ERITREA,ÁFRICA,KASANI,0
DICIEMBRE,ERITREA,ÁFRICA,OTRAS OCM,0
DICIEMBRE,ERITREA,ÁFRICA,SANTA ROSA,0
DICIEMBRE,ESLOVAQUIA,EUROPA,AEROPUERTO INTERNACIONAL JORGE CHÁVEZ,401
DICIEMBRE,ESLOVAQUIA,EUROPA,CEBAF - TUMBES,8
DICIEMBRE,ESLOVAQUIA,EUROPA,DESAGUADERO,18
DICIEMBRE,ESLOVAQUIA,EUROPA,KASANI,18
DICIEMBRE,ESLOVAQUIA,EUROPA,OTRAS OCM,19
DICIEMBRE,ESLOVAQUIA,EUROPA,SANTA ROSA,7
DICIEMBRE,ESLOVENIA,EUROPA,AEROPUERTO INTERNACIONAL JORGE CHÁVEZ,223
DICIEMBRE,ESLOVENIA,EUROPA,CEBAF - TUMBES,3
DICIEMBRE,ESLOVENIA,EUROPA,DESAGUADERO,6
DICIEMBRE,ESLOVENIA,EUROPA,KASANI,4
DICIEMBRE,ESLOVENIA,EUROPA,OTRAS OCM,11
DICIEMBRE,ESLOVENIA,EUROPA,SANTA ROSA,1
DICIEMBRE,ESPAÑA,EUROPA,AEROPUERTO INTERNACIONAL JORGE CHÁVEZ,69919
DICIEMBRE,ESPAÑA,EUROPA,CEBAF - TUMBES,376
DICIEMBRE,ESPAÑA,EUROPA,DESAGUADERO,413
DICIEMBRE,ESPAÑA,EUROPA,KASANI,299
DICIEMBRE,ESPAÑA,EUROPA,OTRAS OCM,1048
DICIEMBRE,ESPAÑA,EUROPA,SANTA ROSA,477
DICIEMBRE,ESTONIA,EUROPA,AEROPUERTO INTERNACIONAL JORGE CHÁVEZ,200
DICIEMBRE,ESTONIA,EUROPA,CEBAF - TUMBES,4
DICIEMBRE,ESTONIA,EUROPA,DESAGUADERO,7
DICIEMBRE,ESTONIA,EUROPA,KASANI,4
DICIEMBRE,ESTONIA,EUROPA,OTRAS OCM,12
DICIEMBRE,ESTONIA,EUROPA,SANTA ROSA,4
DICIEMBRE,ETIOPÍA,ÁFRICA,AEROPUERTO INTERNACIONAL JORGE CHÁVEZ,13
DICIEMBRE,ETIOPÍA,ÁFRICA,CEBAF - TUMBES,0
DICIEMBRE,ETIOPÍA,ÁFRICA,DESAGUADERO,0
DICIEMBRE,ETIOPÍA,ÁFRICA,KASANI,0
DICIEMBRE,ETIOPÍA,ÁFRICA,OTRAS OCM,1
DICIEMBRE,ETIOPÍA,ÁFRICA,SANTA ROSA,0
DICIEMBRE,EX R. YUG. MACEDONIA,EUROPA,AEROPUERTO INTERNACIONAL JORGE CHÁVEZ,66
DICIEMBRE,EX R. YUG. MACEDONIA,EUROPA,CEBAF - TUMBES,0
DICIEMBRE,EX R. YUG. MACEDONIA,EUROPA,DESAGUADERO,1
DICIEMBRE,EX R. YUG. MACEDONIA,EUROPA,KASANI,1
DICIEMBRE,EX R. YUG. MACEDONIA,EUROPA,OTRAS OCM,6
DICIEMBRE,EX R. YUG. MACEDONIA,EUROPA,SANTA ROSA,0
DICIEMBRE,FIJI,OCEANÍA,AEROPUERTO INTERNACIONAL JORGE CHÁVEZ,8
DICIEMBRE,FIJI,OCEANÍA,CEBAF - TUMBES,0
DICIEMBRE,FIJI,OCEANÍA,DESAGUADERO,0
DICIEMBRE,FIJI,OCEANÍA,KASANI,0
DICIEMBRE,FIJI,OCEANÍA,OTRAS OCM,2
DICIEMBRE,FIJI,OCEANÍA,SANTA ROSA,1
DICIEMBRE,FILIPINAS,ASIA,AEROPUERTO INTERNACIONAL JORGE CHÁVEZ,1272
DICIEMBRE,FILIPINAS,ASIA,CEBAF - TUMBES,7
DICIEMBRE,FILIPINAS,ASIA,DESAGUADERO,2
DICIEMBRE,FILIPINAS,ASIA,KASANI,5
DICIEMBRE,FILIPINAS,ASIA,OTRAS OCM,580
DICIEMBRE,FILIPINAS,ASIA,SANTA ROSA,6
DICIEMBRE,FINLANDIA,EUROPA,AEROPUERTO INTERNACIONAL JORGE CHÁVEZ,1148
DICIEMBRE,FINLANDIA,EUROPA,CEBAF - TUMBES,15
DICIEMBRE,FINLANDIA,EUROPA,DESAGUADERO,16
DICIEMBRE,FINLANDIA,EUROPA,KASANI,25
DICIEMBRE,FINLANDIA,EUROPA,OTRAS OCM,52
DICIEMBRE,FINLANDIA,EUROPA,SANTA ROSA,18
DICIEMBRE,FRANCIA,EUROPA,AEROPUERTO INTERNACIONAL JORGE CHÁVEZ,21607
DICIEMBRE,FRANCIA,EUROPA,CEBAF - TUMBES,517
DICIEMBRE,FRANCIA,EUROPA,DESAGUADERO,770
DICIEMBRE,FRANCIA,EUROPA,KASANI,1053
DICIEMBRE,FRANCIA,EUROPA,OTRAS OCM,1388
DICIEMBRE,FRANCIA,EUROPA,SANTA ROSA,587
DICIEMBRE,GABÓN,ÁFRICA,AEROPUERTO INTERNACIONAL JORGE CHÁVEZ,1
DICIEMBRE,GABÓN,ÁFRICA,CEBAF - TUMBES,0
DICIEMBRE,GABÓN,ÁFRICA,DESAGUADERO,0
DICIEMBRE,GABÓN,ÁFRICA,KASANI,0
DICIEMBRE,GABÓN,ÁFRICA,OTRAS OCM,0
DICIEMBRE,GABÓN,ÁFRICA,SANTA ROSA,0
DICIEMBRE,GAMBIA,ÁFRICA,AEROPUERTO INTERNACIONAL JORGE CHÁVEZ,1
DICIEMBRE,GAMBIA,ÁFRICA,CEBAF - TUMBES,0
DICIEMBRE,GAMBIA,ÁFRICA,DESAGUADERO,0
DICIEMBRE,GAMBIA,ÁFRICA,KASANI,0
DICIEMBRE,GAMBIA,ÁFRICA,OTRAS OCM,0
DICIEMBRE,GAMBIA,ÁFRICA,SANTA ROSA,0
DICIEMBRE,GEORGIA,ASIA,AEROPUERTO INTERNACIONAL JORGE CHÁVEZ,62
DICIEMBRE,GEORGIA,ASIA,CEBAF - TUMBES,0
DICIEMBRE,GEORGIA,ASIA,DESAGUADERO,2
DICIEMBRE,GEORGIA,ASIA,KASANI,1
DICIEMBRE,GEORGIA,ASIA,OTRAS OCM,11
DICIEMBRE,GEORGIA,ASIA,SANTA ROSA,0
DICIEMBRE,GHANA,ÁFRICA,AEROPUERTO INTERNACIONAL JORGE CHÁVEZ,16
DICIEMBRE,GHANA,ÁFRICA,CEBAF - TUMBES,1
DICIEMBRE,GHANA,ÁFRICA,DESAGUADERO,0
DICIEMBRE,GHANA,ÁFRICA,KASANI,0
DICIEMBRE,GHANA,ÁFRICA,OTRAS OCM,6
DICIEMBRE,GHANA,ÁFRICA,SANTA ROSA,1
DICIEMBRE,GRANADA,AMÉRICA CENTRAL,AEROPUERTO INTERNACIONAL JORGE CHÁVEZ,47
DICIEMBRE,GRANADA,AMÉRICA CENTRAL,CEBAF - TUMBES,3
DICIEMBRE,GRANADA,AMÉRICA CENTRAL,DESAGUADERO,3
DICIEMBRE,GRANADA,AMÉRICA CENTRAL,KASANI,2
DICIEMBRE,GRANADA,AMÉRICA CENTRAL,OTRAS OCM,2
DICIEMBRE,GRANADA,AMÉRICA CENTRAL,SANTA ROSA,0
DICIEMBRE,GRECIA,EUROPA,AEROPUERTO INTERNACIONAL JORGE CHÁVEZ,1129
DICIEMBRE,GRECIA,EUROPA,CEBAF - TUMBES,5
DICIEMBRE,GRECIA,EUROPA,DESAGUADERO,31
DICIEMBRE,GRECIA,EUROPA,KASANI,8
DICIEMBRE,GRECIA,EUROPA,OTRAS OCM,107
DICIEMBRE,GRECIA,EUROPA,SANTA ROSA,2
DICIEMBRE,GROENLANDIA,EUROPA,AEROPUERTO INTERNACIONAL JORGE CHÁVEZ,1
DICIEMBRE,GROENLANDIA,EUROPA,CEBAF - TUMBES,0
DICIEMBRE,GROENLANDIA,EUROPA,DESAGUADERO,0
DICIEMBRE,GROENLANDIA,EUROPA,KASANI,0
DICIEMBRE,GROENLANDIA,EUROPA,OTRAS OCM,0
DICIEMBRE,GROENLANDIA,EUROPA,SANTA ROSA,0
DICIEMBRE,GUATEMALA,AMÉRICA CENTRAL,AEROPUERTO INTERNACIONAL JORGE CHÁVEZ,5159
DICIEMBRE,GUATEMALA,AMÉRICA CENTRAL,CEBAF - TUMBES,14
DICIEMBRE,GUATEMALA,AMÉRICA CENTRAL,DESAGUADERO,21
DICIEMBRE,GUATEMALA,AMÉRICA CENTRAL,KASANI,6
DICIEMBRE,GUATEMALA,AMÉRICA CENTRAL,OTRAS OCM,156
DICIEMBRE,GUATEMALA,AMÉRICA CENTRAL,SANTA ROSA,21
DICIEMBRE,GUINEA,ÁFRICA,AEROPUERTO INTERNACIONAL JORGE CHÁVEZ,2
DICIEMBRE,GUINEA,ÁFRICA,CEBAF - TUMBES,0
DICIEMBRE,GUINEA,ÁFRICA,DESAGUADERO,0
DICIEMBRE,GUINEA,ÁFRICA,KASANI,0
DICIEMBRE,GUINEA,ÁFRICA,OTRAS OCM,0
DICIEMBRE,GUINEA,ÁFRICA,SANTA ROSA,0
DICIEMBRE,GUINEA BISSAU,ÁFRICA,AEROPUERTO INTERNACIONAL JORGE CHÁVEZ,1
DICIEMBRE,GUINEA BISSAU,ÁFRICA,CEBAF - TUMBES,0
DICIEMBRE,GUINEA BISSAU,ÁFRICA,DESAGUADERO,0
DICIEMBRE,GUINEA BISSAU,ÁFRICA,KASANI,0
DICIEMBRE,GUINEA BISSAU,ÁFRICA,OTRAS OCM,0
DICIEMBRE,GUINEA BISSAU,ÁFRICA,SANTA ROSA,0
DICIEMBRE,GUINEA ECUATORIAL,ÁFRICA,AEROPUERTO INTERNACIONAL JORGE CHÁVEZ,2
DICIEMBRE,GUINEA ECUATORIAL,ÁFRICA,CEBAF - TUMBES,0
DICIEMBRE,GUINEA ECUATORIAL,ÁFRICA,DESAGUADERO,0
DICIEMBRE,GUINEA ECUATORIAL,ÁFRICA,KASANI,0
DICIEMBRE,GUINEA ECUATORIAL,ÁFRICA,OTRAS OCM,0
DICIEMBRE,GUINEA ECUATORIAL,ÁFRICA,SANTA ROSA,0
DICIEMBRE,GUYANA,AMÉRICA DEL SUR,AEROPUERTO INTERNACIONAL JORGE CHÁVEZ,57
DICIEMBRE,GUYANA,AMÉRICA DEL SUR,CEBAF - TUMBES,0
DICIEMBRE,GUYANA,AMÉRICA DEL SUR,DESAGUADERO,0
DICIEMBRE,GUYANA,AMÉRICA DEL SUR,KASANI,1
DICIEMBRE,GUYANA,AMÉRICA DEL SUR,OTRAS OCM,2
DICIEMBRE,GUYANA,AMÉRICA DEL SUR,SANTA ROSA,2
DICIEMBRE,HAITÍ,AMÉRICA CENTRAL,AEROPUERTO INTERNACIONAL JORGE CHÁVEZ,79
DICIEMBRE,HAITÍ,AMÉRICA CENTRAL,CEBAF - TUMBES,2
DICIEMBRE,HAITÍ,AMÉRICA CENTRAL,DESAGUADERO,0
DICIEMBRE,HAITÍ,AMÉRICA CENTRAL,KASANI,0
DICIEMBRE,HAITÍ,AMÉRICA CENTRAL,OTRAS OCM,1
DICIEMBRE,HAITÍ,AMÉRICA CENTRAL,SANTA ROSA,31
DICIEMBRE,HONDURAS,AMÉRICA CENTRAL,AEROPUERTO INTERNACIONAL JORGE CHÁVEZ,1398
DICIEMBRE,HONDURAS,AMÉRICA CENTRAL,CEBAF - TUMBES,5
DICIEMBRE,HONDURAS,AMÉRICA CENTRAL,DESAGUADERO,3
DICIEMBRE,HONDURAS,AMÉRICA CENTRAL,KASANI,8
DICIEMBRE,HONDURAS,AMÉRICA CENTRAL,OTRAS OCM,31
DICIEMBRE,HONDURAS,AMÉRICA CENTRAL,SANTA ROSA,25
DICIEMBRE,HONG KONG,ASIA,AEROPUERTO INTERNACIONAL JORGE CHÁVEZ,841
DICIEMBRE,HONG KONG,ASIA,CEBAF - TUMBES,1
DICIEMBRE,HONG KONG,ASIA,DESAGUADERO,45
DICIEMBRE,HONG KONG,ASIA,KASANI,30
DICIEMBRE,HONG KONG,ASIA,OTRAS OCM,163
DICIEMBRE,HONG KONG,ASIA,SANTA ROSA,2
DICIEMBRE,HUNGRÍA,EUROPA,AEROPUERTO INTERNACIONAL JORGE CHÁVEZ,641
DICIEMBRE,HUNGRÍA,EUROPA,CEBAF - TUMBES,7
DICIEMBRE,HUNGRÍA,EUROPA,DESAGUADERO,6
DICIEMBRE,HUNGRÍA,EUROPA,KASANI,38
DICIEMBRE,HUNGRÍA,EUROPA,OTRAS OCM,41
DICIEMBRE,HUNGRÍA,EUROPA,SANTA ROSA,9
DICIEMBRE,INDIA,ASIA,AEROPUERTO INTERNACIONAL JORGE CHÁVEZ,3737
DICIEMBRE,INDIA,ASIA,CEBAF - TUMBES,13
DICIEMBRE,INDIA,ASIA,DESAGUADERO,25
DICIEMBRE,INDIA,ASIA,KASANI,22
DICIEMBRE,INDIA,ASIA,OTRAS OCM,508
DICIEMBRE,INDIA,ASIA,SANTA ROSA,20
DICIEMBRE,INDONESIA,ASIA,AEROPUERTO INTERNACIONAL JORGE CHÁVEZ,834
DICIEMBRE,INDONESIA,ASIA,CEBAF - TUMBES,1
DICIEMBRE,INDONESIA,ASIA,DESAGUADERO,10
DICIEMBRE,INDONESIA,ASIA,KASANI,1
DICIEMBRE,INDONESIA,ASIA,OTRAS OCM,283
DICIEMBRE,INDONESIA,ASIA,SANTA ROSA,11
DICIEMBRE,IRAK,ASIA,AEROPUERTO INTERNACIONAL JORGE CHÁVEZ,13
DICIEMBRE,IRAK,ASIA,CEBAF - TUMBES,0
DICIEMBRE,IRAK,ASIA,DESAGUADERO,0
DICIEMBRE,IRAK,ASIA,KASANI,0
DICIEMBRE,IRAK,ASIA,OTRAS OCM,0
DICIEMBRE,IRAK,ASIA,SANTA ROSA,0
DICIEMBRE,IRLANDA,EUROPA,AEROPUERTO INTERNACIONAL JORGE CHÁVEZ,1771
DICIEMBRE,IRLANDA,EUROPA,CEBAF - TUMBES,65
DICIEMBRE,IRLANDA,EUROPA,DESAGUADERO,48
DICIEMBRE,IRLANDA,EUROPA,KASANI,64
DICIEMBRE,IRLANDA,EUROPA,OTRAS OCM,121
DICIEMBRE,IRLANDA,EUROPA,SANTA ROSA,25
DICIEMBRE,IRÁN,ASIA,AEROPUERTO INTERNACIONAL JORGE CHÁVEZ,94
DICIEMBRE,IRÁN,ASIA,CEBAF - TUMBES,0
DICIEMBRE,IRÁN,ASIA,DESAGUADERO,2
DICIEMBRE,IRÁN,ASIA,KASANI,2
DICIEMBRE,IRÁN,ASIA,OTRAS OCM,2
DICIEMBRE,IRÁN,ASIA,SANTA ROSA,1
DICIEMBRE,ISLAND MARSHALL,OCEANÍA,AEROPUERTO INTERNACIONAL JORGE CHÁVEZ,1
DICIEMBRE,ISLAND MARSHALL,OCEANÍA,CEBAF - TUMBES,0
DICIEMBRE,ISLAND MARSHALL,OCEANÍA,DESAGUADERO,0
DICIEMBRE,ISLAND MARSHALL,OCEANÍA,KASANI,0
DICIEMBRE,ISLAND MARSHALL,OCEANÍA,OTRAS OCM,0
DICIEMBRE,ISLAND MARSHALL,OCEANÍA,SANTA ROSA,0
DICIEMBRE,ISLANDIA,EUROPA,AEROPUERTO INTERNACIONAL JORGE CHÁVEZ,158
DICIEMBRE,ISLANDIA,EUROPA,CEBAF - TUMBES,3
DICIEMBRE,ISLANDIA,EUROPA,DESAGUADERO,9
DICIEMBRE,ISLANDIA,EUROPA,KASANI,4
DICIEMBRE,ISLANDIA,EUROPA,OTRAS OCM,47
DICIEMBRE,ISLANDIA,EUROPA,SANTA ROSA,0
DICIEMBRE,ISRAEL,ASIA,AEROPUERTO INTERNACIONAL JORGE CHÁVEZ,2201
DICIEMBRE,ISRAEL,ASIA,CEBAF - TUMBES,31
DICIEMBRE,ISRAEL,ASIA,DESAGUADERO,38
DICIEMBRE,ISRAEL,ASIA,KASANI,21
DICIEMBRE,ISRAEL,ASIA,OTRAS OCM,131
DICIEMBRE,ISRAEL,ASIA,SANTA ROSA,23
DICIEMBRE,ITALIA,EUROPA,AEROPUERTO INTERNACIONAL JORGE CHÁVEZ,24037
DICIEMBRE,ITALIA,EUROPA,CEBAF - TUMBES,166
DICIEMBRE,ITALIA,EUROPA,DESAGUADERO,247
DICIEMBRE,ITALIA,EUROPA,KASANI,213
DICIEMBRE,ITALIA,EUROPA,OTRAS OCM,599
DICIEMBRE,ITALIA,EUROPA,SANTA ROSA,169
DICIEMBRE,JAMAICA,AMÉRICA CENTRAL,AEROPUERTO INTERNACIONAL JORGE CHÁVEZ,426
DICIEMBRE,JAMAICA,AMÉRICA CENTRAL,CEBAF - TUMBES,0
DICIEMBRE,JAMAICA,AMÉRICA CENTRAL,DESAGUADERO,0
DICIEMBRE,JAMAICA,AMÉRICA CENTRAL,KASANI,1
DICIEMBRE,JAMAICA,AMÉRICA CENTRAL,OTRAS OCM,14
DICIEMBRE,JAMAICA,AMÉRICA CENTRAL,SANTA ROSA,0
DICIEMBRE,JAPÓN,ASIA,AEROPUERTO INTERNACIONAL JORGE CHÁVEZ,9316
DICIEMBRE,JAPÓN,ASIA,CEBAF - TUMBES,75
DICIEMBRE,JAPÓN,ASIA,DESAGUADERO,97
DICIEMBRE,JAPÓN,ASIA,KASANI,66
DICIEMBRE,JAPÓN,ASIA,OTRAS OCM,731
DICIEMBRE,JAPÓN,ASIA,SANTA ROSA,54
DICIEMBRE,JORDANIA,ASIA,AEROPUERTO INTERNACIONAL JORGE CHÁVEZ,35
DICIEMBRE,JORDANIA,ASIA,CEBAF - TUMBES,0
DICIEMBRE,JORDANIA,ASIA,DESAGUADERO,1
DICIEMBRE,JORDANIA,ASIA,KASANI,0
DICIEMBRE,JORDANIA,ASIA,OTRAS OCM,1
DICIEMBRE,JORDANIA,ASIA,SANTA ROSA,0
DICIEMBRE,KATAR,ASIA,AEROPUERTO INTERNACIONAL JORGE CHÁVEZ,27
DICIEMBRE,KATAR,ASIA,CEBAF - TUMBES,0
DICIEMBRE,KATAR,ASIA,DESAGUADERO,0
DICIEMBRE,KATAR,ASIA,KASANI,0
DICIEMBRE,KATAR,ASIA,OTRAS OCM,1
DICIEMBRE,KATAR,ASIA,SANTA ROSA,0
DICIEMBRE,KAZAJSTÁN,ASIA,AEROPUERTO INTERNACIONAL JORGE CHÁVEZ,57
DICIEMBRE,KAZAJSTÁN,ASIA,CEBAF - TUMBES,0
DICIEMBRE,KAZAJSTÁN,ASIA,DESAGUADERO,2
DICIEMBRE,KAZAJSTÁN,ASIA,KASANI,1
DICIEMBRE,KAZAJSTÁN,ASIA,OTRAS OCM,9
DICIEMBRE,KAZAJSTÁN,ASIA,SANTA ROSA,0
DICIEMBRE,KENIA,ÁFRICA,AEROPUERTO INTERNACIONAL JORGE CHÁVEZ,50
DICIEMBRE,KENIA,ÁFRICA,CEBAF - TUMBES,0
DICIEMBRE,KENIA,ÁFRICA,DESAGUADERO,4
DICIEMBRE,KENIA,ÁFRICA,KASANI,1
DICIEMBRE,KENIA,ÁFRICA,OTRAS OCM,4
DICIEMBRE,KENIA,ÁFRICA,SANTA ROSA,0
DICIEMBRE,KIRGUISTÁN,ASIA,AEROPUERTO INTERNACIONAL JORGE CHÁVEZ,7
DICIEMBRE,KIRGUISTÁN,ASIA,CEBAF - TUMBES,0
DICIEMBRE,KIRGUISTÁN,ASIA,DESAGUADERO,0
DICIEMBRE,KIRGUISTÁN,ASIA,KASANI,0
DICIEMBRE,KIRGUISTÁN,ASIA,OTRAS OCM,0
DICIEMBRE,KIRGUISTÁN,ASIA,SANTA ROSA,0
DICIEMBRE,KIRIBATI,OCEANÍA,AEROPUERTO INTERNACIONAL JORGE CHÁVEZ,0
DICIEMBRE,KIRIBATI,OCEANÍA,CEBAF - TUMBES,0
DICIEMBRE,KIRIBATI,OCEANÍA,DESAGUADERO,0
DICIEMBRE,KIRIBATI,OCEANÍA,KASANI,0
DICIEMBRE,KIRIBATI,OCEANÍA,OTRAS OCM,0
DICIEMBRE,KIRIBATI,OCEANÍA,SANTA ROSA,0
DICIEMBRE,KUWAIT,ASIA,AEROPUERTO INTERNACIONAL JORGE CHÁVEZ,32
DICIEMBRE,KUWAIT,ASIA,CEBAF - TUMBES,0
DICIEMBRE,KUWAIT,ASIA,DESAGUADERO,1
DICIEMBRE,KUWAIT,ASIA,KASANI,0
DICIEMBRE,KUWAIT,ASIA,OTRAS OCM,2
DICIEMBRE,KUWAIT,ASIA,SANTA ROSA,0
DICIEMBRE,LAOS,ASIA,AEROPUERTO INTERNACIONAL JORGE CHÁVEZ,5
DICIEMBRE,LAOS,ASIA,CEBAF - TUMBES,0
DICIEMBRE,LAOS,ASIA,DESAGUADERO,0
DICIEMBRE,LAOS,ASIA,KASANI,0
DICIEMBRE,LAOS,ASIA,OTRAS OCM,1
DICIEMBRE,LAOS,ASIA,SANTA ROSA,0
DICIEMBRE,LESOTHO,ÁFRICA,AEROPUERTO INTERNACIONAL JORGE CHÁVEZ,0
DICIEMBRE,LESOTHO,ÁFRICA,CEBAF - TUMBES,0
DICIEMBRE,LESOTHO,ÁFRICA,DESAGUADERO,0
DICIEMBRE,LESOTHO,ÁFRICA,KASANI,0
DICIEMBRE,LESOTHO,ÁFRICA,OTRAS OCM,0
DICIEMBRE,LESOTHO,ÁFRICA,SANTA ROSA,0
DICIEMBRE,LETONIA,EUROPA,AEROPUERTO INTERNACIONAL JORGE CHÁVEZ,234
DICIEMBRE,LETONIA,EUROPA,CEBAF - TUMBES,5
DICIEMBRE,LETONIA,EUROPA,DESAGUADERO,13
DICIEMBRE,LETONIA,EUROPA,KASANI,6
DICIEMBRE,LETONIA,EUROPA,OTRAS OCM,16
DICIEMBRE,LETONIA,EUROPA,SANTA ROSA,1
DICIEMBRE,LIBERIA,ÁFRICA,AEROPUERTO INTERNACIONAL JORGE CHÁVEZ,0
DICIEMBRE,LIBERIA,ÁFRICA,CEBAF - TUMBES,0
DICIEMBRE,LIBERIA,ÁFRICA,DESAGUADERO,0
DICIEMBRE,LIBERIA,ÁFRICA,KASANI,0
DICIEMBRE,LIBERIA,ÁFRICA,OTRAS OCM,0
DICIEMBRE,LIBERIA,ÁFRICA,SANTA ROSA,0
DICIEMBRE,LIBIA,ÁFRICA,AEROPUERTO INTERNACIONAL JORGE CHÁVEZ,0
DICIEMBRE,LIBIA,ÁFRICA,CEBAF - TUMBES,0
DICIEMBRE,LIBIA,ÁFRICA,DESAGUADERO,0
DICIEMBRE,LIBIA,ÁFRICA,KASANI,0
DICIEMBRE,LIBIA,ÁFRICA,OTRAS OCM,0
DICIEMBRE,LIBIA,ÁFRICA,SANTA ROSA,0
DICIEMBRE,LIECHTENSTEIN,EUROPA,AEROPUERTO INTERNACIONAL JORGE CHÁVEZ,32
DICIEMBRE,LIECHTENSTEIN,EUROPA,CEBAF - TUMBES,1
DICIEMBRE,LIECHTENSTEIN,EUROPA,DESAGUADERO,2
DICIEMBRE,LIECHTENSTEIN,EUROPA,KASANI,1
DICIEMBRE,LIECHTENSTEIN,EUROPA,OTRAS OCM,0
DICIEMBRE,LIECHTENSTEIN,EUROPA,SANTA ROSA,0
DICIEMBRE,LITUANIA,EUROPA,AEROPUERTO INTERNACIONAL JORGE CHÁVEZ,348
DICIEMBRE,LITUANIA,EUROPA,CEBAF - TUMBES,5
DICIEMBRE,LITUANIA,EUROPA,DESAGUADERO,12
DICIEMBRE,LITUANIA,EUROPA,KASANI,6
DICIEMBRE,LITUANIA,EUROPA,OTRAS OCM,19
DICIEMBRE,LITUANIA,EUROPA,SANTA ROSA,5
DICIEMBRE,LUXEMBURGO,EUROPA,AEROPUERTO INTERNACIONAL JORGE CHÁVEZ,185
DICIEMBRE,LUXEMBURGO,EUROPA,CEBAF - TUMBES,0
DICIEMBRE,LUXEMBURGO,EUROPA,DESAGUADERO,2
DICIEMBRE,LUXEMBURGO,EUROPA,KASANI,3
DICIEMBRE,LUXEMBURGO,EUROPA,OTRAS OCM,11
DICIEMBRE,LUXEMBURGO,EUROPA,SANTA ROSA,4
DICIEMBRE,LÍBANO,ASIA,AEROPUERTO INTERNACIONAL JORGE CHÁVEZ,86
DICIEMBRE,LÍBANO,ASIA,CEBAF - TUMBES,1
DICIEMBRE,LÍBANO,ASIA,DESAGUADERO,0
DICIEMBRE,LÍBANO,ASIA,KASANI,2
DICIEMBRE,LÍBANO,ASIA,OTRAS OCM,1
DICIEMBRE,LÍBANO,ASIA,SANTA ROSA,5
DICIEMBRE,MADAGASCAR,ÁFRICA,AEROPUERTO INTERNACIONAL JORGE CHÁVEZ,9
DICIEMBRE,MADAGASCAR,ÁFRICA,CEBAF - TUMBES,0
DICIEMBRE,MADAGASCAR,ÁFRICA,DESAGUADERO,0
DICIEMBRE,MADAGASCAR,ÁFRICA,KASANI,0
DICIEMBRE,MADAGASCAR,ÁFRICA,OTRAS OCM,0
DICIEMBRE,MADAGASCAR,ÁFRICA,SANTA ROSA,0
DICIEMBRE,MALASIA,ASIA,AEROPUERTO INTERNACIONAL JORGE CHÁVEZ,725
DICIEMBRE,MALASIA,ASIA,CEBAF - TUMBES,5
DICIEMBRE,MALASIA,ASIA,DESAGUADERO,10
DICIEMBRE,MALASIA,ASIA,KASANI,10
DICIEMBRE,MALASIA,ASIA,OTRAS OCM,63
DICIEMBRE,MALASIA,ASIA,SANTA ROSA,22
DICIEMBRE,MALAWI,ÁFRICA,AEROPUERTO INTERNACIONAL JORGE CHÁVEZ,3
DICIEMBRE,MALAWI,ÁFRICA,CEBAF - TUMBES,0
DICIEMBRE,MALAWI,ÁFRICA,DESAGUADERO,0
DICIEMBRE,MALAWI,ÁFRICA,KASANI,0
DICIEMBRE,MALAWI,ÁFRICA,OTRAS OCM,0
DICIEMBRE,MALAWI,ÁFRICA,SANTA ROSA,0
DICIEMBRE,MALDIVAS,ASIA,AEROPUERTO INTERNACIONAL JORGE CHÁVEZ,4
DICIEMBRE,MALDIVAS,ASIA,CEBAF - TUMBES,0
DICIEMBRE,MALDIVAS,ASIA,DESAGUADERO,0
DICIEMBRE,MALDIVAS,ASIA,KASANI,0
DICIEMBRE,MALDIVAS,ASIA,OTRAS OCM,0
DICIEMBRE,MALDIVAS,ASIA,SANTA ROSA,1
DICIEMBRE,MALTA,EUROPA,AEROPUERTO INTERNACIONAL JORGE CHÁVEZ,149
DICIEMBRE,MALTA,EUROPA,CEBAF - TUMBES,1
DICIEMBRE,MALTA,EUROPA,DESAGUADERO,1
DICIEMBRE,MALTA,EUROPA,KASANI,1
DICIEMBRE,MALTA,EUROPA,OTRAS OCM,6
DICIEMBRE,MALTA,EUROPA,SANTA ROSA,0
DICIEMBRE,MALÍ,ÁFRICA,AEROPUERTO INTERNACIONAL JORGE CHÁVEZ,0
DICIEMBRE,MALÍ,ÁFRICA,CEBAF - TUMBES,0
DICIEMBRE,MALÍ,ÁFRICA,DESAGUADERO,0
DICIEMBRE,MALÍ,ÁFRICA,KASANI,0
DICIEMBRE,MALÍ,ÁFRICA,OTRAS OCM,0
DICIEMBRE,MALÍ,ÁFRICA,SANTA ROSA,0
DICIEMBRE,MARRUECOS,ÁFRICA,AEROPUERTO INTERNACIONAL JORGE CHÁVEZ,101
DICIEMBRE,MARRUECOS,ÁFRICA,CEBAF - TUMBES,1
DICIEMBRE,MARRUECOS,ÁFRICA,DESAGUADERO,2
DICIEMBRE,MARRUECOS,ÁFRICA,KASANI,2
DICIEMBRE,MARRUECOS,ÁFRICA,OTRAS OCM,8
DICIEMBRE,MARRUECOS,ÁFRICA,SANTA ROSA,6
DICIEMBRE,MAURICIO,ÁFRICA,AEROPUERTO INTERNACIONAL JORGE CHÁVEZ,13
DICIEMBRE,MAURICIO,ÁFRICA,CEBAF - TUMBES,0
DICIEMBRE,MAURICIO,ÁFRICA,DESAGUADERO,0
DICIEMBRE,MAURICIO,ÁFRICA,KASANI,1
DICIEMBRE,MAURICIO,ÁFRICA,OTRAS OCM,2
DICIEMBRE,MAURICIO,ÁFRICA,SANTA ROSA,0
DICIEMBRE,MAURITANIA,ÁFRICA,AEROPUERTO INTERNACIONAL JORGE CHÁVEZ,0
DICIEMBRE,MAURITANIA,ÁFRICA,CEBAF - TUMBES,0
DICIEMBRE,MAURITANIA,ÁFRICA,DESAGUADERO,0
DICIEMBRE,MAURITANIA,ÁFRICA,KASANI,0
DICIEMBRE,MAURITANIA,ÁFRICA,OTRAS OCM,0
DICIEMBRE,MAURITANIA,ÁFRICA,SANTA ROSA,0
DICIEMBRE,MONGOLIA,ASIA,AEROPUERTO INTERNACIONAL JORGE CHÁVEZ,53
DICIEMBRE,MONGOLIA,ASIA,CEBAF - TUMBES,0
DICIEMBRE,MONGOLIA,ASIA,DESAGUADERO,0
DICIEMBRE,MONGOLIA,ASIA,KASANI,0
DICIEMBRE,MONGOLIA,ASIA,OTRAS OCM,5
DICIEMBRE,MONGOLIA,ASIA,SANTA ROSA,0
DICIEMBRE,MOZAMBIQUE,ÁFRICA,AEROPUERTO INTERNACIONAL JORGE CHÁVEZ,19
DICIEMBRE,MOZAMBIQUE,ÁFRICA,CEBAF - TUMBES,0
DICIEMBRE,MOZAMBIQUE,ÁFRICA,DESAGUADERO,0
DICIEMBRE,MOZAMBIQUE,ÁFRICA,KASANI,0
DICIEMBRE,MOZAMBIQUE,ÁFRICA,OTRAS OCM,2
DICIEMBRE,MOZAMBIQUE,ÁFRICA,SANTA ROSA,0
DICIEMBRE,MYANMAR,ASIA,AEROPUERTO INTERNACIONAL JORGE CHÁVEZ,34
DICIEMBRE,MYANMAR,ASIA,CEBAF - TUMBES,0
DICIEMBRE,MYANMAR,ASIA,DESAGUADERO,1
DICIEMBRE,MYANMAR,ASIA,KASANI,1
DICIEMBRE,MYANMAR,ASIA,OTRAS OCM,23
DICIEMBRE,MYANMAR,ASIA,SANTA ROSA,0
DICIEMBRE,MÉXICO,AMÉRICA DEL NORTE,AEROPUERTO INTERNACIONAL JORGE CHÁVEZ,45630
DICIEMBRE,MÉXICO,AMÉRICA DEL NORTE,CEBAF - TUMBES,127
DICIEMBRE,MÉXICO,AMÉRICA DEL NORTE,DESAGUADERO,227
DICIEMBRE,MÉXICO,AMÉRICA DEL NORTE,KASANI,124
DICIEMBRE,MÉXICO,AMÉRICA DEL NORTE,OTRAS OCM,1079
DICIEMBRE,MÉXICO,AMÉRICA DEL NORTE,SANTA ROSA,252
DICIEMBRE,MÓNACO,EUROPA,AEROPUERTO INTERNACIONAL JORGE CHÁVEZ,7
DICIEMBRE,MÓNACO,EUROPA,CEBAF - TUMBES,0
DICIEMBRE,MÓNACO,EUROPA,DESAGUADERO,0
DICIEMBRE,MÓNACO,EUROPA,KASANI,0
DICIEMBRE,MÓNACO,EUROPA,OTRAS OCM,2
DICIEMBRE,MÓNACO,EUROPA,SANTA ROSA,0
DICIEMBRE,NAMIBIA,ÁFRICA,AEROPUERTO INTERNACIONAL JORGE CHÁVEZ,2
DICIEMBRE,NAMIBIA,ÁFRICA,CEBAF - TUMBES,0
DICIEMBRE,NAMIBIA,ÁFRICA,DESAGUADERO,0
DICIEMBRE,NAMIBIA,ÁFRICA,KASANI,0
DICIEMBRE,NAMIBIA,ÁFRICA,OTRAS OCM,1
DICIEMBRE,NAMIBIA,ÁFRICA,SANTA ROSA,0
DICIEMBRE,NAURU,OCEANÍA,AEROPUERTO INTERNACIONAL JORGE CHÁVEZ,0
DICIEMBRE,NAURU,OCEANÍA,CEBAF - TUMBES,0
DICIEMBRE,NAURU,OCEANÍA,DESAGUADERO,0
DICIEMBRE,NAURU,OCEANÍA,KASANI,0
DICIEMBRE,NAURU,OCEANÍA,OTRAS OCM,0
DICIEMBRE,NAURU,OCEANÍA,SANTA ROSA,0
DICIEMBRE,NEPAL,ASIA,AEROPUERTO INTERNACIONAL JORGE CHÁVEZ,45
DICIEMBRE,NEPAL,ASIA,CEBAF - TUMBES,0
DICIEMBRE,NEPAL,ASIA,DESAGUADERO,0
DICIEMBRE,NEPAL,ASIA,KASANI,1
DICIEMBRE,NEPAL,ASIA,OTRAS OCM,1
DICIEMBRE,NEPAL,ASIA,SANTA ROSA,2
DICIEMBRE,NICARAGUA,AMÉRICA CENTRAL,AEROPUERTO INTERNACIONAL JORGE CHÁVEZ,463
DICIEMBRE,NICARAGUA,AMÉRICA CENTRAL,CEBAF - TUMBES,0
DICIEMBRE,NICARAGUA,AMÉRICA CENTRAL,DESAGUADERO,1
DICIEMBRE,NICARAGUA,AMÉRICA CENTRAL,KASANI,3
DICIEMBRE,NICARAGUA,AMÉRICA CENTRAL,OTRAS OCM,14
DICIEMBRE,NICARAGUA,AMÉRICA CENTRAL,SANTA ROSA,0
DICIEMBRE,NIGERIA,ÁFRICA,AEROPUERTO INTERNACIONAL JORGE CHÁVEZ,39
DICIEMBRE,NIGERIA,ÁFRICA,CEBAF - TUMBES,1
DICIEMBRE,NIGERIA,ÁFRICA,DESAGUADERO,0
DICIEMBRE,NIGERIA,ÁFRICA,KASANI,1
DICIEMBRE,NIGERIA,ÁFRICA,OTRAS OCM,0
DICIEMBRE,NIGERIA,ÁFRICA,SANTA ROSA,0
DICIEMBRE,NORUEGA,EUROPA,AEROPUERTO INTERNACIONAL JORGE CHÁVEZ,1758
DICIEMBRE,NORUEGA,EUROPA,CEBAF - TUMBES,14
DICIEMBRE,NORUEGA,EUROPA,DESAGUADERO,39
DICIEMBRE,NORUEGA,EUROPA,KASANI,50
DICIEMBRE,NORUEGA,EUROPA,OTRAS OCM,121
DICIEMBRE,NORUEGA,EUROPA,SANTA ROSA,36
DICIEMBRE,NUEVA ZELANDIA,OCEANÍA,AEROPUERTO INTERNACIONAL JORGE CHÁVEZ,1595
DICIEMBRE,NUEVA ZELANDIA,OCEANÍA,CEBAF - TUMBES,28
DICIEMBRE,NUEVA ZELANDIA,OCEANÍA,DESAGUADERO,49
DICIEMBRE,NUEVA ZELANDIA,OCEANÍA,KASANI,50
DICIEMBRE,NUEVA ZELANDIA,OCEANÍA,OTRAS OCM,338
DICIEMBRE,NUEVA ZELANDIA,OCEANÍA,SANTA ROSA,31
DICIEMBRE,NÍGER,ÁFRICA,AEROPUERTO INTERNACIONAL JORGE CHÁVEZ,1
DICIEMBRE,NÍGER,ÁFRICA,CEBAF - TUMBES,0
DICIEMBRE,NÍGER,ÁFRICA,DESAGUADERO,0
DICIEMBRE,NÍGER,ÁFRICA,KASANI,0
DICIEMBRE,NÍGER,ÁFRICA,OTRAS OCM,1
DICIEMBRE,NÍGER,ÁFRICA,SANTA ROSA,0
DICIEMBRE,OMÁN,ASIA,AEROPUERTO INTERNACIONAL JORGE CHÁVEZ,10
DICIEMBRE,OMÁN,ASIA,CEBAF - TUMBES,0
DICIEMBRE,OMÁN,ASIA,DESAGUADERO,1
DICIEMBRE,OMÁN,ASIA,KASANI,0
DICIEMBRE,OMÁN,ASIA,OTRAS OCM,0
DICIEMBRE,OMÁN,ASIA,SANTA ROSA,0
DICIEMBRE,PAKISTÁN,ASIA,AEROPUERTO INTERNACIONAL JORGE CHÁVEZ,68
DICIEMBRE,PAKISTÁN,ASIA,CEBAF - TUMBES,2
DICIEMBRE,PAKISTÁN,ASIA,DESAGUADERO,3
DICIEMBRE,PAKISTÁN,ASIA,KASANI,1
DICIEMBRE,PAKISTÁN,ASIA,OTRAS OCM,5
DICIEMBRE,PAKISTÁN,ASIA,SANTA ROSA,63
DICIEMBRE,PALESTINA,ASIA,AEROPUERTO INTERNACIONAL JORGE CHÁVEZ,11
DICIEMBRE,PALESTINA,ASIA,CEBAF - TUMBES,0
DICIEMBRE,PALESTINA,ASIA,DESAGUADERO,0
DICIEMBRE,PALESTINA,ASIA,KASANI,0
DICIEMBRE,PALESTINA,ASIA,OTRAS OCM,0
DICIEMBRE,PALESTINA,ASIA,SANTA ROSA,0
DICIEMBRE,PANAMÁ,AMÉRICA CENTRAL,AEROPUERTO INTERNACIONAL JORGE CHÁVEZ,8016
DICIEMBRE,PANAMÁ,AMÉRICA CENTRAL,CEBAF - TUMBES,8
DICIEMBRE,PANAMÁ,AMÉRICA CENTRAL,DESAGUADERO,15
DICIEMBRE,PANAMÁ,AMÉRICA CENTRAL,KASANI,6
DICIEMBRE,PANAMÁ,AMÉRICA CENTRAL,OTRAS OCM,163
DICIEMBRE,PANAMÁ,AMÉRICA CENTRAL,SANTA ROSA,17
DICIEMBRE,PAPÚA (NG),OCEANÍA,AEROPUERTO INTERNACIONAL JORGE CHÁVEZ,11
DICIEMBRE,PAPÚA (NG),OCEANÍA,CEBAF - TUMBES,0
DICIEMBRE,PAPÚA (NG),OCEANÍA,DESAGUADERO,0
DICIEMBRE,PAPÚA (NG),OCEANÍA,KASANI,0
DICIEMBRE,PAPÚA (NG),OCEANÍA,OTRAS OCM,0
DICIEMBRE,PAPÚA (NG),OCEANÍA,SANTA ROSA,0
DICIEMBRE,PARAGUAY,AMÉRICA DEL SUR,AEROPUERTO INTERNACIONAL JORGE CHÁVEZ,3029
DICIEMBRE,PARAGUAY,AMÉRICA DEL SUR,CEBAF - TUMBES,10
DICIEMBRE,PARAGUAY,AMÉRICA DEL SUR,DESAGUADERO,153
DICIEMBRE,PARAGUAY,AMÉRICA DEL SUR,KASANI,24
DICIEMBRE,PARAGUAY,AMÉRICA DEL SUR,OTRAS OCM,42
DICIEMBRE,PARAGUAY,AMÉRICA DEL SUR,SANTA ROSA,268
DICIEMBRE,PAÍSES BAJOS (HOLANDA),EUROPA,AEROPUERTO INTERNACIONAL JORGE CHÁVEZ,11103
DICIEMBRE,PAÍSES BAJOS (HOLANDA),EUROPA,CEBAF - TUMBES,158
DICIEMBRE,PAÍSES BAJOS (HOLANDA),EUROPA,DESAGUADERO,180
DICIEMBRE,PAÍSES BAJOS (HOLANDA),EUROPA,KASANI,249
DICIEMBRE,PAÍSES BAJOS (HOLANDA),EUROPA,OTRAS OCM,404
DICIEMBRE,PAÍSES BAJOS (HOLANDA),EUROPA,SANTA ROSA,131
DICIEMBRE,POLONIA,EUROPA,AEROPUERTO INTERNACIONAL JORGE CHÁVEZ,2120
DICIEMBRE,POLONIA,EUROPA,CEBAF - TUMBES,40
DICIEMBRE,POLONIA,EUROPA,DESAGUADERO,354
DICIEMBRE,POLONIA,EUROPA,KASANI,128
DICIEMBRE,POLONIA,EUROPA,OTRAS OCM,197
DICIEMBRE,POLONIA,EUROPA,SANTA ROSA,38
DICIEMBRE,PORTUGAL,EUROPA,AEROPUERTO INTERNACIONAL JORGE CHÁVEZ,2311
DICIEMBRE,PORTUGAL,EUROPA,CEBAF - TUMBES,12
DICIEMBRE,PORTUGAL,EUROPA,DESAGUADERO,136
DICIEMBRE,PORTUGAL,EUROPA,KASANI,76
DICIEMBRE,PORTUGAL,EUROPA,OTRAS OCM,131
DICIEMBRE,PORTUGAL,EUROPA,SANTA ROSA,47
DICIEMBRE,PTO. RICO,AMÉRICA CENTRAL,AEROPUERTO INTERNACIONAL JORGE CHÁVEZ,554
DICIEMBRE,PTO. RICO,AMÉRICA CENTRAL,CEBAF - TUMBES,2
DICIEMBRE,PTO. RICO,AMÉRICA CENTRAL,DESAGUADERO,1
DICIEMBRE,PTO. RICO,AMÉRICA CENTRAL,KASANI,0
DICIEMBRE,PTO. RICO,AMÉRICA CENTRAL,OTRAS OCM,54
DICIEMBRE,PTO. RICO,AMÉRICA CENTRAL,SANTA ROSA,5
DICIEMBRE,R.F. YUGOSLAVIA,EUROPA,AEROPUERTO INTERNACIONAL JORGE CHÁVEZ,0
DICIEMBRE,R.F. YUGOSLAVIA,EUROPA,CEBAF - TUMBES,0
DICIEMBRE,R.F. YUGOSLAVIA,EUROPA,DESAGUADERO,0
DICIEMBRE,R.F. YUGOSLAVIA,EUROPA,KASANI,0
DICIEMBRE,R.F. YUGOSLAVIA,EUROPA,OTRAS OCM,0
DICIEMBRE,R.F. YUGOSLAVIA,EUROPA,SANTA ROSA,0
DICIEMBRE,REINO UNIDO,EUROPA,AEROPUERTO INTERNACIONAL JORGE CHÁVEZ,14777
DICIEMBRE,REINO UNIDO,EUROPA,CEBAF - TUMBES,330
DICIEMBRE,REINO UNIDO,EUROPA,DESAGUADERO,322
DICIEMBRE,REINO UNIDO,EUROPA,KASANI,438
DICIEMBRE,REINO UNIDO,EUROPA,OTRAS OCM,1963
DICIEMBRE,REINO UNIDO,EUROPA,SANTA ROSA,191
DICIEMBRE,REP. CENTROAFRICANA,ÁFRICA,AEROPUERTO INTERNACIONAL JORGE CHÁVEZ,1
DICIEMBRE,REP. CENTROAFRICANA,ÁFRICA,CEBAF - TUMBES,0
DICIEMBRE,REP. CENTROAFRICANA,ÁFRICA,DESAGUADERO,0
DICIEMBRE,REP. CENTROAFRICANA,ÁFRICA,KASANI,0
DICIEMBRE,REP. CENTROAFRICANA,ÁFRICA,OTRAS OCM,0
DICIEMBRE,REP. CENTROAFRICANA,ÁFRICA,SANTA ROSA,0
DICIEMBRE,REP. CHECA,EUROPA,AEROPUERTO INTERNACIONAL JORGE CHÁVEZ,986
DICIEMBRE,REP. CHECA,EUROPA,CEBAF - TUMBES,27
DICIEMBRE,REP. CHECA,EUROPA,DESAGUADERO,34
DICIEMBRE,REP. CHECA,EUROPA,KASANI,50
DICIEMBRE,REP. CHECA,EUROPA,OTRAS OCM,85
DICIEMBRE,REP. CHECA,EUROPA,SANTA ROSA,17
DICIEMBRE,REP. DOMINICANA,AMÉRICA CENTRAL,AEROPUERTO INTERNACIONAL JORGE CHÁVEZ,4247
DICIEMBRE,REP. DOMINICANA,AMÉRICA CENTRAL,CEBAF - TUMBES,132
DICIEMBRE,REP. DOMINICANA,AMÉRICA CENTRAL,DESAGUADERO,15
DICIEMBRE,REP. DOMINICANA,AMÉRICA CENTRAL,KASANI,6
DICIEMBRE,REP. DOMINICANA,AMÉRICA CENTRAL,OTRAS OCM,114
DICIEMBRE,REP. DOMINICANA,AMÉRICA CENTRAL,SANTA ROSA,130
DICIEMBRE,REP. MOLDOVA,EUROPA,AEROPUERTO INTERNACIONAL JORGE CHÁVEZ,3
DICIEMBRE,REP. MOLDOVA,EUROPA,CEBAF - TUMBES,0
DICIEMBRE,REP. MOLDOVA,EUROPA,DESAGUADERO,1
DICIEMBRE,REP. MOLDOVA,EUROPA,KASANI,0
DICIEMBRE,REP. MOLDOVA,EUROPA,OTRAS OCM,2
DICIEMBRE,REP. MOLDOVA,EUROPA,SANTA ROSA,0
DICIEMBRE,RESTO DEL MUNDO,RESTO DEL MUNDO,AEROPUERTO INTERNACIONAL JORGE CHÁVEZ,526
DICIEMBRE,RESTO DEL MUNDO,RESTO DEL MUNDO,CEBAF - TUMBES,8
DICIEMBRE,RESTO DEL MUNDO,RESTO DEL MUNDO,DESAGUADERO,1
DICIEMBRE,RESTO DEL MUNDO,RESTO DEL MUNDO,KASANI,6
DICIEMBRE,RESTO DEL MUNDO,RESTO DEL MUNDO,OTRAS OCM,73
DICIEMBRE,RESTO DEL MUNDO,RESTO DEL MUNDO,SANTA ROSA,5
DICIEMBRE,RUMANIA,EUROPA,AEROPUERTO INTERNACIONAL JORGE CHÁVEZ,1192
DICIEMBRE,RUMANIA,EUROPA,CEBAF - TUMBES,8
DICIEMBRE,RUMANIA,EUROPA,DESAGUADERO,15
DICIEMBRE,RUMANIA,EUROPA,KASANI,87
DICIEMBRE,RUMANIA,EUROPA,OTRAS OCM,106
DICIEMBRE,RUMANIA,EUROPA,SANTA ROSA,13
DICIEMBRE,RUSIA,EUROPA,AEROPUERTO INTERNACIONAL JORGE CHÁVEZ,4051
DICIEMBRE,RUSIA,EUROPA,CEBAF - TUMBES,56
DICIEMBRE,RUSIA,EUROPA,DESAGUADERO,114
DICIEMBRE,RUSIA,EUROPA,KASANI,51
DICIEMBRE,RUSIA,EUROPA,OTRAS OCM,309
DICIEMBRE,RUSIA,EUROPA,SANTA ROSA,61
DICIEMBRE,RWANDA,ÁFRICA,AEROPUERTO INTERNACIONAL JORGE CHÁVEZ,4
DICIEMBRE,RWANDA,ÁFRICA,CEBAF - TUMBES,0
DICIEMBRE,RWANDA,ÁFRICA,DESAGUADERO,0
DICIEMBRE,RWANDA,ÁFRICA,KASANI,0
DICIEMBRE,RWANDA,ÁFRICA,OTRAS OCM,1
DICIEMBRE,RWANDA,ÁFRICA,SANTA ROSA,0
DICIEMBRE,SAINT KITIS Y NEVIS,AMÉRICA CENTRAL,AEROPUERTO INTERNACIONAL JORGE CHÁVEZ,20
DICIEMBRE,SAINT KITIS Y NEVIS,AMÉRICA CENTRAL,CEBAF - TUMBES,0
DICIEMBRE,SAINT KITIS Y NEVIS,AMÉRICA CENTRAL,DESAGUADERO,0
DICIEMBRE,SAINT KITIS Y NEVIS,AMÉRICA CENTRAL,KASANI,0
DICIEMBRE,SAINT KITIS Y NEVIS,AMÉRICA CENTRAL,OTRAS OCM,4
DICIEMBRE,SAINT KITIS Y NEVIS,AMÉRICA CENTRAL,SANTA ROSA,0
DICIEMBRE,SALOMÓN ISLA,OCEANÍA,AEROPUERTO INTERNACIONAL JORGE CHÁVEZ,36
DICIEMBRE,SALOMÓN ISLA,OCEANÍA,CEBAF - TUMBES,1
DICIEMBRE,SALOMÓN ISLA,OCEANÍA,DESAGUADERO,0
DICIEMBRE,SALOMÓN ISLA,OCEANÍA,KASANI,1
DICIEMBRE,SALOMÓN ISLA,OCEANÍA,OTRAS OCM,0
DICIEMBRE,SALOMÓN ISLA,OCEANÍA,SANTA ROSA,0
DICIEMBRE,SAMOA OCCIDENTAL,OCEANÍA,AEROPUERTO INTERNACIONAL JORGE CHÁVEZ,0
DICIEMBRE,SAMOA OCCIDENTAL,OCEANÍA,CEBAF - TUMBES,0
DICIEMBRE,SAMOA OCCIDENTAL,OCEANÍA,DESAGUADERO,0
DICIEMBRE,SAMOA OCCIDENTAL,OCEANÍA,KASANI,0
DICIEMBRE,SAMOA OCCIDENTAL,OCEANÍA,OTRAS OCM,0
DICIEMBRE,SAMOA OCCIDENTAL,OCEANÍA,SANTA ROSA,0
DICIEMBRE,SAN MARINO,EUROPA,AEROPUERTO INTERNACIONAL JORGE CHÁVEZ,12
DICIEMBRE,SAN MARINO,EUROPA,CEBAF - TUMBES,0
DICIEMBRE,SAN MARINO,EUROPA,DESAGUADERO,1
DICIEMBRE,SAN MARINO,EUROPA,KASANI,0
DICIEMBRE,SAN MARINO,EUROPA,OTRAS OCM,0
DICIEMBRE,SAN MARINO,EUROPA,SANTA ROSA,0
DICIEMBRE,SAN VIC. GRANADINAS,AMÉRICA CENTRAL,AEROPUERTO INTERNACIONAL JORGE CHÁVEZ,13
DICIEMBRE,SAN VIC. GRANADINAS,AMÉRICA CENTRAL,CEBAF - TUMBES,0
DICIEMBRE,SAN VIC. GRANADINAS,AMÉRICA CENTRAL,DESAGUADERO,0
DICIEMBRE,SAN VIC. GRANADINAS,AMÉRICA CENTRAL,KASANI,0
DICIEMBRE,SAN VIC. GRANADINAS,AMÉRICA CENTRAL,OTRAS OCM,1
DICIEMBRE,SAN VIC. GRANADINAS,AMÉRICA CENTRAL,SANTA ROSA,0
DICIEMBRE,SANTA LUCÍA,AMÉRICA CENTRAL,AEROPUERTO INTERNACIONAL JORGE CHÁVEZ,13
DICIEMBRE,SANTA LUCÍA,AMÉRICA CENTRAL,CEBAF - TUMBES,0
DICIEMBRE,SANTA LUCÍA,AMÉRICA CENTRAL,DESAGUADERO,0
DICIEMBRE,SANTA LUCÍA,AMÉRICA CENTRAL,KASANI,0
DICIEMBRE,SANTA LUCÍA,AMÉRICA CENTRAL,OTRAS OCM,3
DICIEMBRE,SANTA LUCÍA,AMÉRICA CENTRAL,SANTA ROSA,0
DICIEMBRE,SENEGAL,ÁFRICA,AEROPUERTO INTERNACIONAL JORGE CHÁVEZ,8
DICIEMBRE,SENEGAL,ÁFRICA,CEBAF - TUMBES,0
DICIEMBRE,SENEGAL,ÁFRICA,DESAGUADERO,0
DICIEMBRE,SENEGAL,ÁFRICA,KASANI,0
DICIEMBRE,SENEGAL,ÁFRICA,OTRAS OCM,1
DICIEMBRE,SENEGAL,ÁFRICA,SANTA ROSA,0
DICIEMBRE,SEYCHELLES,ÁFRICA,AEROPUERTO INTERNACIONAL JORGE CHÁVEZ,2
DICIEMBRE,SEYCHELLES,ÁFRICA,CEBAF - TUMBES,0
DICIEMBRE,SEYCHELLES,ÁFRICA,DESAGUADERO,0
DICIEMBRE,SEYCHELLES,ÁFRICA,KASANI,0
DICIEMBRE,SEYCHELLES,ÁFRICA,OTRAS OCM,0
DICIEMBRE,SEYCHELLES,ÁFRICA,SANTA ROSA,0
DICIEMBRE,SIERRA LEONA,ÁFRICA,AEROPUERTO INTERNACIONAL JORGE CHÁVEZ,2
DICIEMBRE,SIERRA LEONA,ÁFRICA,CEBAF - TUMBES,0
DICIEMBRE,SIERRA LEONA,ÁFRICA,DESAGUADERO,0
DICIEMBRE,SIERRA LEONA,ÁFRICA,KASANI,0
DICIEMBRE,SIERRA LEONA,ÁFRICA,OTRAS OCM,0
DICIEMBRE,SIERRA LEONA,ÁFRICA,SANTA ROSA,0
DICIEMBRE,SIKKIM,ASIA,AEROPUERTO INTERNACIONAL JORGE CHÁVEZ,0
DICIEMBRE,SIKKIM,ASIA,CEBAF - TUMBES,0
DICIEMBRE,SIKKIM,ASIA,DESAGUADERO,0
DICIEMBRE,SIKKIM,ASIA,KASANI,0
DICIEMBRE,SIKKIM,ASIA,OTRAS OCM,0
DICIEMBRE,SIKKIM,ASIA,SANTA ROSA,0
DICIEMBRE,SINGAPUR,ASIA,AEROPUERTO INTERNACIONAL JORGE CHÁVEZ,1156
DICIEMBRE,SINGAPUR,ASIA,CEBAF - TUMBES,3
DICIEMBRE,SINGAPUR,ASIA,DESAGUADERO,6
DICIEMBRE,SINGAPUR,ASIA,KASANI,20
DICIEMBRE,SINGAPUR,ASIA,OTRAS OCM,168
DICIEMBRE,SINGAPUR,ASIA,SANTA ROSA,7
DICIEMBRE,SIRIA,ASIA,AEROPUERTO INTERNACIONAL JORGE CHÁVEZ,21
DICIEMBRE,SIRIA,ASIA,CEBAF - TUMBES,0
DICIEMBRE,SIRIA,ASIA,DESAGUADERO,0
DICIEMBRE,SIRIA,ASIA,KASANI,0
DICIEMBRE,SIRIA,ASIA,OTRAS OCM,1
DICIEMBRE,SIRIA,ASIA,SANTA ROSA,0
DICIEMBRE,SOMALIA,ÁFRICA,AEROPUERTO INTERNACIONAL JORGE CHÁVEZ,0
DICIEMBRE,SOMALIA,ÁFRICA,CEBAF - TUMBES,0
DICIEMBRE,SOMALIA,ÁFRICA,DESAGUADERO,0
DICIEMBRE,SOMALIA,ÁFRICA,KASANI,0
DICIEMBRE,SOMALIA,ÁFRICA,OTRAS OCM,0
DICIEMBRE,SOMALIA,ÁFRICA,SANTA ROSA,0
DICIEMBRE,SRI LANKA,ASIA,AEROPUERTO INTERNACIONAL JORGE CHÁVEZ,56
DICIEMBRE,SRI LANKA,ASIA,CEBAF - TUMBES,0
DICIEMBRE,SRI LANKA,ASIA,DESAGUADERO,12
DICIEMBRE,SRI LANKA,ASIA,KASANI,0
DICIEMBRE,SRI LANKA,ASIA,OTRAS OCM,23
DICIEMBRE,SRI LANKA,ASIA,SANTA ROSA,0
DICIEMBRE,STO. TOMÉ Y PRÍNCIPE,ÁFRICA,AEROPUERTO INTERNACIONAL JORGE CHÁVEZ,0
DICIEMBRE,STO. TOMÉ Y PRÍNCIPE,ÁFRICA,CEBAF - TUMBES,0
DICIEMBRE,STO. TOMÉ Y PRÍNCIPE,ÁFRICA,DESAGUADERO,0
DICIEMBRE,STO. TOMÉ Y PRÍNCIPE,ÁFRICA,KASANI,0
DICIEMBRE,STO. TOMÉ Y PRÍNCIPE,ÁFRICA,OTRAS OCM,2
DICIEMBRE,STO. TOMÉ Y PRÍNCIPE,ÁFRICA,SANTA ROSA,0
DICIEMBRE,SUDÁFRICA,ÁFRICA,AEROPUERTO INTERNACIONAL JORGE CHÁVEZ,1001
DICIEMBRE,SUDÁFRICA,ÁFRICA,CEBAF - TUMBES,6
DICIEMBRE,SUDÁFRICA,ÁFRICA,DESAGUADERO,3
DICIEMBRE,SUDÁFRICA,ÁFRICA,KASANI,7
DICIEMBRE,SUDÁFRICA,ÁFRICA,OTRAS OCM,98
DICIEMBRE,SUDÁFRICA,ÁFRICA,SANTA ROSA,5
DICIEMBRE,SUDÁN,ÁFRICA,AEROPUERTO INTERNACIONAL JORGE CHÁVEZ,13
DICIEMBRE,SUDÁN,ÁFRICA,CEBAF - TUMBES,0
DICIEMBRE,SUDÁN,ÁFRICA,DESAGUADERO,0
DICIEMBRE,SUDÁN,ÁFRICA,KASANI,0
DICIEMBRE,SUDÁN,ÁFRICA,OTRAS OCM,0
DICIEMBRE,SUDÁN,ÁFRICA,SANTA ROSA,0
DICIEMBRE,SUECIA,EUROPA,AEROPUERTO INTERNACIONAL JORGE CHÁVEZ,6095
DICIEMBRE,SUECIA,EUROPA,CEBAF - TUMBES,147
DICIEMBRE,SUECIA,EUROPA,DESAGUADERO,130
DICIEMBRE,SUECIA,EUROPA,KASANI,53
DICIEMBRE,SUECIA,EUROPA,OTRAS OCM,188
DICIEMBRE,SUECIA,EUROPA,SANTA ROSA,64
DICIEMBRE,SUIZA,EUROPA,AEROPUERTO INTERNACIONAL JORGE CHÁVEZ,8954
DICIEMBRE,SUIZA,EUROPA,CEBAF - TUMBES,102
DICIEMBRE,SUIZA,EUROPA,DESAGUADERO,144
DICIEMBRE,SUIZA,EUROPA,KASANI,202
DICIEMBRE,SUIZA,EUROPA,OTRAS OCM,533
DICIEMBRE,SUIZA,EUROPA,SANTA ROSA,135
DICIEMBRE,SURINAM,AMÉRICA DEL SUR,AEROPUERTO INTERNACIONAL JORGE CHÁVEZ,28
DICIEMBRE,SURINAM,AMÉRICA DEL SUR,CEBAF - TUMBES,0
DICIEMBRE,SURINAM,AMÉRICA DEL SUR,DESAGUADERO,0
DICIEMBRE,SURINAM,AMÉRICA DEL SUR,KASANI,0
DICIEMBRE,SURINAM,AMÉRICA DEL SUR,OTRAS OCM,0
DICIEMBRE,SURINAM,AMÉRICA DEL SUR,SANTA ROSA,0
DICIEMBRE,SWAZILANDIA,ÁFRICA,AEROPUERTO INTERNACIONAL JORGE CHÁVEZ,0
DICIEMBRE,SWAZILANDIA,ÁFRICA,CEBAF - TUMBES,0
DICIEMBRE,SWAZILANDIA,ÁFRICA,DESAGUADERO,0
DICIEMBRE,SWAZILANDIA,ÁFRICA,KASANI,0
DICIEMBRE,SWAZILANDIA,ÁFRICA,OTRAS OCM,0
DICIEMBRE,SWAZILANDIA,ÁFRICA,SANTA ROSA,0
DICIEMBRE,TAILANDIA,ASIA,AEROPUERTO INTERNACIONAL JORGE CHÁVEZ,345
DICIEMBRE,TAILANDIA,ASIA,CEBAF - TUMBES,4
DICIEMBRE,TAILANDIA,ASIA,DESAGUADERO,2
DICIEMBRE,TAILANDIA,ASIA,KASANI,4
DICIEMBRE,TAILANDIA,ASIA,OTRAS OCM,33
DICIEMBRE,TAILANDIA,ASIA,SANTA ROSA,1
DICIEMBRE,TAIWÁN,ASIA,AEROPUERTO INTERNACIONAL JORGE CHÁVEZ,1526
DICIEMBRE,TAIWÁN,ASIA,CEBAF - TUMBES,11
DICIEMBRE,TAIWÁN,ASIA,DESAGUADERO,22
DICIEMBRE,TAIWÁN,ASIA,KASANI,38
DICIEMBRE,TAIWÁN,ASIA,OTRAS OCM,198
DICIEMBRE,TAIWÁN,ASIA,SANTA ROSA,26
DICIEMBRE,TANZANIA,ÁFRICA,AEROPUERTO INTERNACIONAL JORGE CHÁVEZ,7
DICIEMBRE,TANZANIA,ÁFRICA,CEBAF - TUMBES,0
DICIEMBRE,TANZANIA,ÁFRICA,DESAGUADERO,0
DICIEMBRE,TANZANIA,ÁFRICA,KASANI,0
DICIEMBRE,TANZANIA,ÁFRICA,OTRAS OCM,2
DICIEMBRE,TANZANIA,ÁFRICA,SANTA ROSA,0
DICIEMBRE,TAYIKISTÁN,ASIA,AEROPUERTO INTERNACIONAL JORGE CHÁVEZ,1
DICIEMBRE,TAYIKISTÁN,ASIA,CEBAF - TUMBES,0
DICIEMBRE,TAYIKISTÁN,ASIA,DESAGUADERO,1
DICIEMBRE,TAYIKISTÁN,ASIA,KASANI,0
DICIEMBRE,TAYIKISTÁN,ASIA,OTRAS OCM,0
DICIEMBRE,TAYIKISTÁN,ASIA,SANTA ROSA,0
DICIEMBRE,TOGO,ÁFRICA,AEROPUERTO INTERNACIONAL JORGE CHÁVEZ,0
DICIEMBRE,TOGO,ÁFRICA,CEBAF - TUMBES,0
DICIEMBRE,TOGO,ÁFRICA,DESAGUADERO,0
DICIEMBRE,TOGO,ÁFRICA,KASANI,0
DICIEMBRE,TOGO,ÁFRICA,OTRAS OCM,0
DICIEMBRE,TOGO,ÁFRICA,SANTA ROSA,0
DICIEMBRE,TONGA,OCEANÍA,AEROPUERTO INTERNACIONAL JORGE CHÁVEZ,1
DICIEMBRE,TONGA,OCEANÍA,CEBAF - TUMBES,0
DICIEMBRE,TONGA,OCEANÍA,DESAGUADERO,0
DICIEMBRE,TONGA,OCEANÍA,KASANI,0
DICIEMBRE,TONGA,OCEANÍA,OTRAS OCM,0
DICIEMBRE,TONGA,OCEANÍA,SANTA ROSA,0
DICIEMBRE,TRINIDAD Y TOBAGO,AMÉRICA CENTRAL,AEROPUERTO INTERNACIONAL JORGE CHÁVEZ,187
DICIEMBRE,TRINIDAD Y TOBAGO,AMÉRICA CENTRAL,CEBAF - TUMBES,0
DICIEMBRE,TRINIDAD Y TOBAGO,AMÉRICA CENTRAL,DESAGUADERO,0
DICIEMBRE,TRINIDAD Y TOBAGO,AMÉRICA CENTRAL,KASANI,2
DICIEMBRE,TRINIDAD Y TOBAGO,AMÉRICA CENTRAL,OTRAS OCM,8
DICIEMBRE,TRINIDAD Y TOBAGO,AMÉRICA CENTRAL,SANTA ROSA,0
DICIEMBRE,TURKMENISTÁN,ASIA,AEROPUERTO INTERNACIONAL JORGE CHÁVEZ,0
DICIEMBRE,TURKMENISTÁN,ASIA,CEBAF - TUMBES,0
DICIEMBRE,TURKMENISTÁN,ASIA,DESAGUADERO,0
DICIEMBRE,TURKMENISTÁN,ASIA,KASANI,0
DICIEMBRE,TURKMENISTÁN,ASIA,OTRAS OCM,0
DICIEMBRE,TURKMENISTÁN,ASIA,SANTA ROSA,0
DICIEMBRE,TURQUÍA,ASIA,AEROPUERTO INTERNACIONAL JORGE CHÁVEZ,1277
DICIEMBRE,TURQUÍA,ASIA,CEBAF - TUMBES,9
DICIEMBRE,TURQUÍA,ASIA,DESAGUADERO,69
DICIEMBRE,TURQUÍA,ASIA,KASANI,40
DICIEMBRE,TURQUÍA,ASIA,OTRAS OCM,126
DICIEMBRE,TURQUÍA,ASIA,SANTA ROSA,17
DICIEMBRE,TUVALU,OCEANÍA,AEROPUERTO INTERNACIONAL JORGE CHÁVEZ,0
DICIEMBRE,TUVALU,OCEANÍA,CEBAF - TUMBES,0
DICIEMBRE,TUVALU,OCEANÍA,DESAGUADERO,0
DICIEMBRE,TUVALU,OCEANÍA,KASANI,0
DICIEMBRE,TUVALU,OCEANÍA,OTRAS OCM,0
DICIEMBRE,TUVALU,OCEANÍA,SANTA ROSA,0
DICIEMBRE,TÚNEZ,ÁFRICA,AEROPUERTO INTERNACIONAL JORGE CHÁVEZ,32
DICIEMBRE,TÚNEZ,ÁFRICA,CEBAF - TUMBES,0
DICIEMBRE,TÚNEZ,ÁFRICA,DESAGUADERO,0
DICIEMBRE,TÚNEZ,ÁFRICA,KASANI,2
DICIEMBRE,TÚNEZ,ÁFRICA,OTRAS OCM,5
DICIEMBRE,TÚNEZ,ÁFRICA,SANTA ROSA,0
DICIEMBRE,UCRANIA,EUROPA,AEROPUERTO INTERNACIONAL JORGE CHÁVEZ,1241
DICIEMBRE,UCRANIA,EUROPA,CEBAF - TUMBES,6
DICIEMBRE,UCRANIA,EUROPA,DESAGUADERO,4
DICIEMBRE,UCRANIA,EUROPA,KASANI,5
DICIEMBRE,UCRANIA,EUROPA,OTRAS OCM,213
DICIEMBRE,UCRANIA,EUROPA,SANTA ROSA,8
DICIEMBRE,UGANDA,ÁFRICA,AEROPUERTO INTERNACIONAL JORGE CHÁVEZ,13
DICIEMBRE,UGANDA,ÁFRICA,CEBAF - TUMBES,0
DICIEMBRE,UGANDA,ÁFRICA,DESAGUADERO,1
DICIEMBRE,UGANDA,ÁFRICA,KASANI,0
DICIEMBRE,UGANDA,ÁFRICA,OTRAS OCM,5
DICIEMBRE,UGANDA,ÁFRICA,SANTA ROSA,0
DICIEMBRE,URUGUAY,AMÉRICA DEL SUR,AEROPUERTO INTERNACIONAL JORGE CHÁVEZ,5124
DICIEMBRE,URUGUAY,AMÉRICA DEL SUR,CEBAF - TUMBES,29
DICIEMBRE,URUGUAY,AMÉRICA DEL SUR,DESAGUADERO,45
DICIEMBRE,URUGUAY,AMÉRICA DEL SUR,KASANI,27
DICIEMBRE,URUGUAY,AMÉRICA DEL SUR,OTRAS OCM,117
DICIEMBRE,URUGUAY,AMÉRICA DEL SUR,SANTA ROSA,90
DICIEMBRE,UZBEKISTÁN,ASIA,AEROPUERTO INTERNACIONAL JORGE CHÁVEZ,9
DICIEMBRE,UZBEKISTÁN,ASIA,CEBAF - TUMBES,0
DICIEMBRE,UZBEKISTÁN,ASIA,DESAGUADERO,0
DICIEMBRE,UZBEKISTÁN,ASIA,KASANI,0
DICIEMBRE,UZBEKISTÁN,ASIA,OTRAS OCM,0
DICIEMBRE,UZBEKISTÁN,ASIA,SANTA ROSA,0
DICIEMBRE,VANUATU,OCEANÍA,AEROPUERTO INTERNACIONAL JORGE CHÁVEZ,3
DICIEMBRE,VANUATU,OCEANÍA,CEBAF - TUMBES,0
DICIEMBRE,VANUATU,OCEANÍA,DESAGUADERO,0
DICIEMBRE,VANUATU,OCEANÍA,KASANI,0
DICIEMBRE,VANUATU,OCEANÍA,OTRAS OCM,0
DICIEMBRE,VANUATU,OCEANÍA,SANTA ROSA,0
DICIEMBRE,VATICANO,EUROPA,AEROPUERTO INTERNACIONAL JORGE CHÁVEZ,1
DICIEMBRE,VATICANO,EUROPA,CEBAF - TUMBES,0
DICIEMBRE,VATICANO,EUROPA,DESAGUADERO,0
DICIEMBRE,VATICANO,EUROPA,KASANI,0
DICIEMBRE,VATICANO,EUROPA,OTRAS OCM,0
DICIEMBRE,VATICANO,EUROPA,SANTA ROSA,0
DICIEMBRE,VENEZUELA,AMÉRICA DEL SUR,AEROPUERTO INTERNACIONAL JORGE CHÁVEZ,3060
DICIEMBRE,VENEZUELA,AMÉRICA DEL SUR,CEBAF - TUMBES,583
DICIEMBRE,VENEZUELA,AMÉRICA DEL SUR,DESAGUADERO,33
DICIEMBRE,VENEZUELA,AMÉRICA DEL SUR,KASANI,8
DICIEMBRE,VENEZUELA,AMÉRICA DEL SUR,OTRAS OCM,151
DICIEMBRE,VENEZUELA,AMÉRICA DEL SUR,SANTA ROSA,273
DICIEMBRE,VIETNAM,ASIA,AEROPUERTO INTERNACIONAL JORGE CHÁVEZ,213
DICIEMBRE,VIETNAM,ASIA,CEBAF - TUMBES,1
DICIEMBRE,VIETNAM,ASIA,DESAGUADERO,3
DICIEMBRE,VIETNAM,ASIA,KASANI,0
DICIEMBRE,VIETNAM,ASIA,OTRAS OCM,34
DICIEMBRE,VIETNAM,ASIA,SANTA ROSA,0
DICIEMBRE,YEMEN,ASIA,AEROPUERTO INTERNACIONAL JORGE CHÁVEZ,5
DICIEMBRE,YEMEN,ASIA,CEBAF - TUMBES,0
DICIEMBRE,YEMEN,ASIA,DESAGUADERO,0
DICIEMBRE,YEMEN,ASIA,KASANI,0
DICIEMBRE,YEMEN,ASIA,OTRAS OCM,0
DICIEMBRE,YEMEN,ASIA,SANTA ROSA,0
DICIEMBRE,ZAMBIA,ÁFRICA,AEROPUERTO INTERNACIONAL JORGE CHÁVEZ,28
DICIEMBRE,ZAMBIA,ÁFRICA,CEBAF - TUMBES,0
DICIEMBRE,ZAMBIA,ÁFRICA,DESAGUADERO,0
DICIEMBRE,ZAMBIA,ÁFRICA,KASANI,0
DICIEMBRE,ZAMBIA,ÁFRICA,OTRAS OCM,0
DICIEMBRE,ZAMBIA,ÁFRICA,SANTA ROSA,0
DICIEMBRE,ZIMBABWE,ÁFRICA,AEROPUERTO INTERNACIONAL JORGE CHÁVEZ,20
DICIEMBRE,ZIMBABWE,ÁFRICA,CEBAF - TUMBES,1
DICIEMBRE,ZIMBABWE,ÁFRICA,DESAGUADERO,0
DICIEMBRE,ZIMBABWE,ÁFRICA,KASANI,0
DICIEMBRE,ZIMBABWE,ÁFRICA,OTRAS OCM,3
DICIEMBRE,ZIMBABWE,ÁFRICA,SANTA ROSA,0
ENERO,AFGHANISTÁN,ASIA,AEROPUERTO INTERNACIONAL JORGE CHÁVEZ,5
ENERO,AFGHANISTÁN,ASIA,CEBAF - TUMBES,0
ENERO,AFGHANISTÁN,ASIA,DESAGUADERO,0
ENERO,AFGHANISTÁN,ASIA,KASANI,0
ENERO,AFGHANISTÁN,ASIA,OTRAS OCM,0
ENERO,AFGHANISTÁN,ASIA,SANTA ROSA,14
ENERO,ALBANIA,EUROPA,AEROPUERTO INTERNACIONAL JORGE CHÁVEZ,28
ENERO,ALBANIA,EUROPA,CEBAF - TUMBES,0
ENERO,ALBANIA,EUROPA,DESAGUADERO,0
ENERO,ALBANIA,EUROPA,KASANI,0
ENERO,ALBANIA,EUROPA,OTRAS OCM,2
ENERO,ALBANIA,EUROPA,SANTA ROSA,0
ENERO,ALEMANIA,EUROPA,AEROPUERTO INTERNACIONAL JORGE CHÁVEZ,20212
ENERO,ALEMANIA,EUROPA,CEBAF - TUMBES,791
ENERO,ALEMANIA,EUROPA,DESAGUADERO,1213
ENERO,ALEMANIA,EUROPA,KASANI,913
ENERO,ALEMANIA,EUROPA,OTRAS OCM,2788
ENERO,ALEMANIA,EUROPA,SANTA ROSA,682
ENERO,ANDORRA,EUROPA,AEROPUERTO INTERNACIONAL JORGE CHÁVEZ,39
ENERO,ANDORRA,EUROPA,CEBAF - TUMBES,0
ENERO,ANDORRA,EUROPA,DESAGUADERO,0
ENERO,ANDORRA,EUROPA,KASANI,0
ENERO,ANDORRA,EUROPA,OTRAS OCM,0
ENERO,ANDORRA,EUROPA,SANTA ROSA,2
ENERO,ANGOLA,ÁFRICA,AEROPUERTO INTERNACIONAL JORGE CHÁVEZ,6
ENERO,ANGOLA,ÁFRICA,CEBAF - TUMBES,1
ENERO,ANGOLA,ÁFRICA,DESAGUADERO,0
ENERO,ANGOLA,ÁFRICA,KASANI,0
ENERO,ANGOLA,ÁFRICA,OTRAS OCM,2
ENERO,ANGOLA,ÁFRICA,SANTA ROSA,0
ENERO,ANT. BARBUDA,AMÉRICA CENTRAL,AEROPUERTO INTERNACIONAL JORGE CHÁVEZ,6
ENERO,ANT. BARBUDA,AMÉRICA CENTRAL,CEBAF - TUMBES,0
ENERO,ANT. BARBUDA,AMÉRICA CENTRAL,DESAGUADERO,0
ENERO,ANT. BARBUDA,AMÉRICA CENTRAL,KASANI,1
ENERO,ANT. BARBUDA,AMÉRICA CENTRAL,OTRAS OCM,1
ENERO,ANT. BARBUDA,AMÉRICA CENTRAL,SANTA ROSA,0
ENERO,ARABIA SAUDITA,ASIA,AEROPUERTO INTERNACIONAL JORGE CHÁVEZ,62
ENERO,ARABIA SAUDITA,ASIA,CEBAF - TUMBES,2
ENERO,ARABIA SAUDITA,ASIA,DESAGUADERO,0
ENERO,ARABIA SAUDITA,ASIA,KASANI,0
ENERO,ARABIA SAUDITA,ASIA,OTRAS OCM,1
ENERO,ARABIA SAUDITA,ASIA,SANTA ROSA,0
ENERO,ARGELIA,ÁFRICA,AEROPUERTO INTERNACIONAL JORGE CHÁVEZ,27
ENERO,ARGELIA,ÁFRICA,CEBAF - TUMBES,1
ENERO,ARGELIA,ÁFRICA,DESAGUADERO,1
ENERO,ARGELIA,ÁFRICA,KASANI,0
ENERO,ARGELIA,ÁFRICA,OTRAS OCM,1
ENERO,ARGELIA,ÁFRICA,SANTA ROSA,0
ENERO,ARGENTINA,AMÉRICA DEL SUR,AEROPUERTO INTERNACIONAL JORGE CHÁVEZ,64642
ENERO,ARGENTINA,AMÉRICA DEL SUR,CEBAF - TUMBES,1727
ENERO,ARGENTINA,AMÉRICA DEL SUR,DESAGUADERO,7324
ENERO,ARGENTINA,AMÉRICA DEL SUR,KASANI,2932
ENERO,ARGENTINA,AMÉRICA DEL SUR,OTRAS OCM,2217
ENERO,ARGENTINA,AMÉRICA DEL SUR,SANTA ROSA,11937
ENERO,ARMENIA,ASIA,AEROPUERTO INTERNACIONAL JORGE CHÁVEZ,51
ENERO,ARMENIA,ASIA,CEBAF - TUMBES,3
ENERO,ARMENIA,ASIA,DESAGUADERO,2
ENERO,ARMENIA,ASIA,KASANI,2
ENERO,ARMENIA,ASIA,OTRAS OCM,0
ENERO,ARMENIA,ASIA,SANTA ROSA,7
ENERO,ARUBA,AMÉRICA CENTRAL,AEROPUERTO INTERNACIONAL JORGE CHÁVEZ,42
ENERO,ARUBA,AMÉRICA CENTRAL,CEBAF - TUMBES,0
ENERO,ARUBA,AMÉRICA CENTRAL,DESAGUADERO,0
ENERO,ARUBA,AMÉRICA CENTRAL,KASANI,0
ENERO,ARUBA,AMÉRICA CENTRAL,OTRAS OCM,0
ENERO,ARUBA,AMÉRICA CENTRAL,SANTA ROSA,0
ENERO,AUSTRALIA,OCEANÍA,AEROPUERTO INTERNACIONAL JORGE CHÁVEZ,9775
ENERO,AUSTRALIA,OCEANÍA,CEBAF - TUMBES,206
ENERO,AUSTRALIA,OCEANÍA,DESAGUADERO,333
ENERO,AUSTRALIA,OCEANÍA,KASANI,227
ENERO,AUSTRALIA,OCEANÍA,OTRAS OCM,1492
ENERO,AUSTRALIA,OCEANÍA,SANTA ROSA,124
ENERO,AUSTRIA,EUROPA,AEROPUERTO INTERNACIONAL JORGE CHÁVEZ,2305
ENERO,AUSTRIA,EUROPA,CEBAF - TUMBES,58
ENERO,AUSTRIA,EUROPA,DESAGUADERO,95
ENERO,AUSTRIA,EUROPA,KASANI,105
ENERO,AUSTRIA,EUROPA,OTRAS OCM,309
ENERO,AUSTRIA,EUROPA,SANTA ROSA,63
ENERO,AZERBAIYÁN,ASIA,AEROPUERTO INTERNACIONAL JORGE CHÁVEZ,20
ENERO,AZERBAIYÁN,ASIA,CEBAF - TUMBES,0
ENERO,AZERBAIYÁN,ASIA,DESAGUADERO,0
ENERO,AZERBAIYÁN,ASIA,KASANI,0
ENERO,AZERBAIYÁN,ASIA,OTRAS OCM,0
ENERO,AZERBAIYÁN,ASIA,SANTA ROSA,0
ENERO,BAHAMAS,AMÉRICA CENTRAL,AEROPUERTO INTERNACIONAL JORGE CHÁVEZ,41
ENERO,BAHAMAS,AMÉRICA CENTRAL,CEBAF - TUMBES,1
ENERO,BAHAMAS,AMÉRICA CENTRAL,DESAGUADERO,0
ENERO,BAHAMAS,AMÉRICA CENTRAL,KASANI,0
ENERO,BAHAMAS,AMÉRICA CENTRAL,OTRAS OCM,4
ENERO,BAHAMAS,AMÉRICA CENTRAL,SANTA ROSA,0
ENERO,BAHRÉIN,ASIA,AEROPUERTO INTERNACIONAL JORGE CHÁVEZ,8
ENERO,BAHRÉIN,ASIA,CEBAF - TUMBES,0
ENERO,BAHRÉIN,ASIA,DESAGUADERO,0
ENERO,BAHRÉIN,ASIA,KASANI,0
ENERO,BAHRÉIN,ASIA,OTRAS OCM,0
ENERO,BAHRÉIN,ASIA,SANTA ROSA,0
ENERO,BANGLADESH,ASIA,AEROPUERTO INTERNACIONAL JORGE CHÁVEZ,35
ENERO,BANGLADESH,ASIA,CEBAF - TUMBES,0
ENERO,BANGLADESH,ASIA,DESAGUADERO,1
ENERO,BANGLADESH,ASIA,KASANI,0
ENERO,BANGLADESH,ASIA,OTRAS OCM,29
ENERO,BANGLADESH,ASIA,SANTA ROSA,1
ENERO,BARBADOS,AMÉRICA CENTRAL,AEROPUERTO INTERNACIONAL JORGE CHÁVEZ,88
ENERO,BARBADOS,AMÉRICA CENTRAL,CEBAF - TUMBES,1
ENERO,BARBADOS,AMÉRICA CENTRAL,DESAGUADERO,3
ENERO,BARBADOS,AMÉRICA CENTRAL,KASANI,1
ENERO,BARBADOS,AMÉRICA CENTRAL,OTRAS OCM,6
ENERO,BARBADOS,AMÉRICA CENTRAL,SANTA ROSA,1
ENERO,BELICE,AMÉRICA CENTRAL,AEROPUERTO INTERNACIONAL JORGE CHÁVEZ,171
ENERO,BELICE,AMÉRICA CENTRAL,CEBAF - TUMBES,0
ENERO,BELICE,AMÉRICA CENTRAL,DESAGUADERO,3
ENERO,BELICE,AMÉRICA CENTRAL,KASANI,0
ENERO,BELICE,AMÉRICA CENTRAL,OTRAS OCM,0
ENERO,BELICE,AMÉRICA CENTRAL,SANTA ROSA,0
ENERO,BELORUSIA,EUROPA,AEROPUERTO INTERNACIONAL JORGE CHÁVEZ,190
ENERO,BELORUSIA,EUROPA,CEBAF - TUMBES,4
ENERO,BELORUSIA,EUROPA,DESAGUADERO,5
ENERO,BELORUSIA,EUROPA,KASANI,1
ENERO,BELORUSIA,EUROPA,OTRAS OCM,8
ENERO,BELORUSIA,EUROPA,SANTA ROSA,1
ENERO,BENÍN,ÁFRICA,AEROPUERTO INTERNACIONAL JORGE CHÁVEZ,0
ENERO,BENÍN,ÁFRICA,CEBAF - TUMBES,3
ENERO,BENÍN,ÁFRICA,DESAGUADERO,0
ENERO,BENÍN,ÁFRICA,KASANI,0
ENERO,BENÍN,ÁFRICA,OTRAS OCM,0
ENERO,BENÍN,ÁFRICA,SANTA ROSA,0
ENERO,BERMUDAS,AMÉRICA CENTRAL,AEROPUERTO INTERNACIONAL JORGE CHÁVEZ,5
ENERO,BERMUDAS,AMÉRICA CENTRAL,CEBAF - TUMBES,0
ENERO,BERMUDAS,AMÉRICA CENTRAL,DESAGUADERO,0
ENERO,BERMUDAS,AMÉRICA CENTRAL,KASANI,0
ENERO,BERMUDAS,AMÉRICA CENTRAL,OTRAS OCM,0
ENERO,BERMUDAS,AMÉRICA CENTRAL,SANTA ROSA,0
ENERO,BHUTÁN,ASIA,AEROPUERTO INTERNACIONAL JORGE CHÁVEZ,1
ENERO,BHUTÁN,ASIA,CEBAF - TUMBES,0
ENERO,BHUTÁN,ASIA,DESAGUADERO,0
ENERO,BHUTÁN,ASIA,KASANI,0
ENERO,BHUTÁN,ASIA,OTRAS OCM,0
ENERO,BHUTÁN,ASIA,SANTA ROSA,0
ENERO,BOLIVIA,AMÉRICA DEL SUR,AEROPUERTO INTERNACIONAL JORGE CHÁVEZ,12193
ENERO,BOLIVIA,AMÉRICA DEL SUR,CEBAF - TUMBES,547
ENERO,BOLIVIA,AMÉRICA DEL SUR,DESAGUADERO,61910
ENERO,BOLIVIA,AMÉRICA DEL SUR,KASANI,10629
ENERO,BOLIVIA,AMÉRICA DEL SUR,OTRAS OCM,6666
ENERO,BOLIVIA,AMÉRICA DEL SUR,SANTA ROSA,17822
ENERO,BOSNIA Y HERZEGOVINA,EUROPA,AEROPUERTO INTERNACIONAL JORGE CHÁVEZ,31
ENERO,BOSNIA Y HERZEGOVINA,EUROPA,CEBAF - TUMBES,0
ENERO,BOSNIA Y HERZEGOVINA,EUROPA,DESAGUADERO,12
ENERO,BOSNIA Y HERZEGOVINA,EUROPA,KASANI,4
ENERO,BOSNIA Y HERZEGOVINA,EUROPA,OTRAS OCM,4
ENERO,BOSNIA Y HERZEGOVINA,EUROPA,SANTA ROSA,6
ENERO,BOTSWANA,ÁFRICA,AEROPUERTO INTERNACIONAL JORGE CHÁVEZ,1
ENERO,BOTSWANA,ÁFRICA,CEBAF - TUMBES,0
ENERO,BOTSWANA,ÁFRICA,DESAGUADERO,0
ENERO,BOTSWANA,ÁFRICA,KASANI,0
ENERO,BOTSWANA,ÁFRICA,OTRAS OCM,1
ENERO,BOTSWANA,ÁFRICA,SANTA ROSA,0
ENERO,BRASIL,AMÉRICA DEL SUR,AEROPUERTO INTERNACIONAL JORGE CHÁVEZ,49858
ENERO,BRASIL,AMÉRICA DEL SUR,CEBAF - TUMBES,294
ENERO,BRASIL,AMÉRICA DEL SUR,DESAGUADERO,2674
ENERO,BRASIL,AMÉRICA DEL SUR,KASANI,1328
ENERO,BRASIL,AMÉRICA DEL SUR,OTRAS OCM,10481
ENERO,BRASIL,AMÉRICA DEL SUR,SANTA ROSA,6211
ENERO,BRUNÉI,ASIA,AEROPUERTO INTERNACIONAL JORGE CHÁVEZ,4
ENERO,BRUNÉI,ASIA,CEBAF - TUMBES,0
ENERO,BRUNÉI,ASIA,DESAGUADERO,2
ENERO,BRUNÉI,ASIA,KASANI,0
ENERO,BRUNÉI,ASIA,OTRAS OCM,0
ENERO,BRUNÉI,ASIA,SANTA ROSA,0
ENERO,BULGARIA,EUROPA,AEROPUERTO INTERNACIONAL JORGE CHÁVEZ,427
ENERO,BULGARIA,EUROPA,CEBAF - TUMBES,8
ENERO,BULGARIA,EUROPA,DESAGUADERO,7
ENERO,BULGARIA,EUROPA,KASANI,10
ENERO,BULGARIA,EUROPA,OTRAS OCM,119
ENERO,BULGARIA,EUROPA,SANTA ROSA,3
ENERO,BURKINA FASO,ÁFRICA,AEROPUERTO INTERNACIONAL JORGE CHÁVEZ,5
ENERO,BURKINA FASO,ÁFRICA,CEBAF - TUMBES,0
ENERO,BURKINA FASO,ÁFRICA,DESAGUADERO,0
ENERO,BURKINA FASO,ÁFRICA,KASANI,0
ENERO,BURKINA FASO,ÁFRICA,OTRAS OCM,0
ENERO,BURKINA FASO,ÁFRICA,SANTA ROSA,0
ENERO,BURUNDI,ÁFRICA,AEROPUERTO INTERNACIONAL JORGE CHÁVEZ,2
ENERO,BURUNDI,ÁFRICA,CEBAF - TUMBES,0
ENERO,BURUNDI,ÁFRICA,DESAGUADERO,0
ENERO,BURUNDI,ÁFRICA,KASANI,0
ENERO,BURUNDI,ÁFRICA,OTRAS OCM,0
ENERO,BURUNDI,ÁFRICA,SANTA ROSA,0
ENERO,BÉLGICA,EUROPA,AEROPUERTO INTERNACIONAL JORGE CHÁVEZ,3057
ENERO,BÉLGICA,EUROPA,CEBAF - TUMBES,100
ENERO,BÉLGICA,EUROPA,DESAGUADERO,156
ENERO,BÉLGICA,EUROPA,KASANI,101
ENERO,BÉLGICA,EUROPA,OTRAS OCM,190
ENERO,BÉLGICA,EUROPA,SANTA ROSA,97
ENERO,CABO VERDE,ÁFRICA,AEROPUERTO INTERNACIONAL JORGE CHÁVEZ,5
ENERO,CABO VERDE,ÁFRICA,CEBAF - TUMBES,4
ENERO,CABO VERDE,ÁFRICA,DESAGUADERO,0
ENERO,CABO VERDE,ÁFRICA,KASANI,0
ENERO,CABO VERDE,ÁFRICA,OTRAS OCM,0
ENERO,CABO VERDE,ÁFRICA,SANTA ROSA,0
ENERO,CAMBOYA,ASIA,AEROPUERTO INTERNACIONAL JORGE CHÁVEZ,0
ENERO,CAMBOYA,ASIA,CEBAF - TUMBES,0
ENERO,CAMBOYA,ASIA,DESAGUADERO,0
ENERO,CAMBOYA,ASIA,KASANI,0
ENERO,CAMBOYA,ASIA,OTRAS OCM,0
ENERO,CAMBOYA,ASIA,SANTA ROSA,0
ENERO,CAMERÚN,ÁFRICA,AEROPUERTO INTERNACIONAL JORGE CHÁVEZ,7
ENERO,CAMERÚN,ÁFRICA,CEBAF - TUMBES,0
ENERO,CAMERÚN,ÁFRICA,DESAGUADERO,0
ENERO,CAMERÚN,ÁFRICA,KASANI,0
ENERO,CAMERÚN,ÁFRICA,OTRAS OCM,0
ENERO,CAMERÚN,ÁFRICA,SANTA ROSA,1
ENERO,CANADÁ,AMÉRICA DEL NORTE,AEROPUERTO INTERNACIONAL JORGE CHÁVEZ,28672
ENERO,CANADÁ,AMÉRICA DEL NORTE,CEBAF - TUMBES,355
ENERO,CANADÁ,AMÉRICA DEL NORTE,DESAGUADERO,227
ENERO,CANADÁ,AMÉRICA DEL NORTE,KASANI,143
ENERO,CANADÁ,AMÉRICA DEL NORTE,OTRAS OCM,2408
ENERO,CANADÁ,AMÉRICA DEL NORTE,SANTA ROSA,270
ENERO,CEYLÁN,ASIA,AEROPUERTO INTERNACIONAL JORGE CHÁVEZ,0
ENERO,CEYLÁN,ASIA,CEBAF - TUMBES,0
ENERO,CEYLÁN,ASIA,DESAGUADERO,0
ENERO,CEYLÁN,ASIA,KASANI,0
ENERO,CEYLÁN,ASIA,OTRAS OCM,0
ENERO,CEYLÁN,ASIA,SANTA ROSA,0
ENERO,CHAD,ÁFRICA,AEROPUERTO INTERNACIONAL JORGE CHÁVEZ,1
ENERO,CHAD,ÁFRICA,CEBAF - TUMBES,0
ENERO,CHAD,ÁFRICA,DESAGUADERO,0
ENERO,CHAD,ÁFRICA,KASANI,0
ENERO,CHAD,ÁFRICA,OTRAS OCM,0
ENERO,CHAD,ÁFRICA,SANTA ROSA,1
ENERO,CHILE,AMÉRICA DEL SUR,AEROPUERTO INTERNACIONAL JORGE CHÁVEZ,122270
ENERO,CHILE,AMÉRICA DEL SUR,CEBAF - TUMBES,2951
ENERO,CHILE,AMÉRICA DEL SUR,DESAGUADERO,1434
ENERO,CHILE,AMÉRICA DEL SUR,KASANI,680
ENERO,CHILE,AMÉRICA DEL SUR,OTRAS OCM,11321
ENERO,CHILE,AMÉRICA DEL SUR,SANTA ROSA,600663
ENERO,CHINA (R.P),ASIA,AEROPUERTO INTERNACIONAL JORGE CHÁVEZ,11254
ENERO,CHINA (R.P),ASIA,CEBAF - TUMBES,85
ENERO,CHINA (R.P),ASIA,DESAGUADERO,156
ENERO,CHINA (R.P),ASIA,KASANI,125
ENERO,CHINA (R.P),ASIA,OTRAS OCM,880
ENERO,CHINA (R.P),ASIA,SANTA ROSA,185
ENERO,CHIPRE,EUROPA,AEROPUERTO INTERNACIONAL JORGE CHÁVEZ,73
ENERO,CHIPRE,EUROPA,CEBAF - TUMBES,2
ENERO,CHIPRE,EUROPA,DESAGUADERO,3
ENERO,CHIPRE,EUROPA,KASANI,1
ENERO,CHIPRE,EUROPA,OTRAS OCM,9
ENERO,CHIPRE,EUROPA,SANTA ROSA,1
ENERO,COLOMBIA,AMÉRICA DEL SUR,AEROPUERTO INTERNACIONAL JORGE CHÁVEZ,59358
ENERO,COLOMBIA,AMÉRICA DEL SUR,CEBAF - TUMBES,16331
ENERO,COLOMBIA,AMÉRICA DEL SUR,DESAGUADERO,1743
ENERO,COLOMBIA,AMÉRICA DEL SUR,KASANI,785
ENERO,COLOMBIA,AMÉRICA DEL SUR,OTRAS OCM,6471
ENERO,COLOMBIA,AMÉRICA DEL SUR,SANTA ROSA,6740
ENERO,COMORAS (ISL),ÁFRICA,AEROPUERTO INTERNACIONAL JORGE CHÁVEZ,2
ENERO,COMORAS (ISL),ÁFRICA,CEBAF - TUMBES,0
ENERO,COMORAS (ISL),ÁFRICA,DESAGUADERO,0
ENERO,COMORAS (ISL),ÁFRICA,KASANI,0
ENERO,COMORAS (ISL),ÁFRICA,OTRAS OCM,0
ENERO,COMORAS (ISL),ÁFRICA,SANTA ROSA,0
ENERO,CONGO,ÁFRICA,AEROPUERTO INTERNACIONAL JORGE CHÁVEZ,5
ENERO,CONGO,ÁFRICA,CEBAF - TUMBES,1
ENERO,CONGO,ÁFRICA,DESAGUADERO,0
ENERO,CONGO,ÁFRICA,KASANI,0
ENERO,CONGO,ÁFRICA,OTRAS OCM,0
ENERO,CONGO,ÁFRICA,SANTA ROSA,1
ENERO,COREA DEL NORTE,ASIA,AEROPUERTO INTERNACIONAL JORGE CHÁVEZ,1
ENERO,COREA DEL NORTE,ASIA,CEBAF - TUMBES,0
ENERO,COREA DEL NORTE,ASIA,DESAGUADERO,0
ENERO,COREA DEL NORTE,ASIA,KASANI,0
ENERO,COREA DEL NORTE,ASIA,OTRAS OCM,0
ENERO,COREA DEL NORTE,ASIA,SANTA ROSA,0
ENERO,COREA DEL SUR,ASIA,AEROPUERTO INTERNACIONAL JORGE CHÁVEZ,14207
ENERO,COREA DEL SUR,ASIA,CEBAF - TUMBES,293
ENERO,COREA DEL SUR,ASIA,DESAGUADERO,367
ENERO,COREA DEL SUR,ASIA,KASANI,232
ENERO,COREA DEL SUR,ASIA,OTRAS OCM,885
ENERO,COREA DEL SUR,ASIA,SANTA ROSA,82
ENERO,COSTA MARFIL,ÁFRICA,AEROPUERTO INTERNACIONAL JORGE CHÁVEZ,2
ENERO,COSTA MARFIL,ÁFRICA,CEBAF - TUMBES,0
ENERO,COSTA MARFIL,ÁFRICA,DESAGUADERO,0
ENERO,COSTA MARFIL,ÁFRICA,KASANI,0
ENERO,COSTA MARFIL,ÁFRICA,OTRAS OCM,0
ENERO,COSTA MARFIL,ÁFRICA,SANTA ROSA,0
ENERO,COSTA RICA,AMÉRICA CENTRAL,AEROPUERTO INTERNACIONAL JORGE CHÁVEZ,10276
ENERO,COSTA RICA,AMÉRICA CENTRAL,CEBAF - TUMBES,46
ENERO,COSTA RICA,AMÉRICA CENTRAL,DESAGUADERO,149
ENERO,COSTA RICA,AMÉRICA CENTRAL,KASANI,67
ENERO,COSTA RICA,AMÉRICA CENTRAL,OTRAS OCM,807
ENERO,COSTA RICA,AMÉRICA CENTRAL,SANTA ROSA,47
ENERO,CROACIA,EUROPA,AEROPUERTO INTERNACIONAL JORGE CHÁVEZ,464
ENERO,CROACIA,EUROPA,CEBAF - TUMBES,16
ENERO,CROACIA,EUROPA,DESAGUADERO,17
ENERO,CROACIA,EUROPA,KASANI,12
ENERO,CROACIA,EUROPA,OTRAS OCM,78
ENERO,CROACIA,EUROPA,SANTA ROSA,17
ENERO,CUBA,AMÉRICA CENTRAL,AEROPUERTO INTERNACIONAL JORGE CHÁVEZ,2472
ENERO,CUBA,AMÉRICA CENTRAL,CEBAF - TUMBES,13
ENERO,CUBA,AMÉRICA CENTRAL,DESAGUADERO,2
ENERO,CUBA,AMÉRICA CENTRAL,KASANI,0
ENERO,CUBA,AMÉRICA CENTRAL,OTRAS OCM,19
ENERO,CUBA,AMÉRICA CENTRAL,SANTA ROSA,58
ENERO,DEMOC. REP. CONGO (ZAIRE),ÁFRICA,AEROPUERTO INTERNACIONAL JORGE CHÁVEZ,1
ENERO,DEMOC. REP. CONGO (ZAIRE),ÁFRICA,CEBAF - TUMBES,0
ENERO,DEMOC. REP. CONGO (ZAIRE),ÁFRICA,DESAGUADERO,0
ENERO,DEMOC. REP. CONGO (ZAIRE),ÁFRICA,KASANI,0
ENERO,DEMOC. REP. CONGO (ZAIRE),ÁFRICA,OTRAS OCM,1
ENERO,DEMOC. REP. CONGO (ZAIRE),ÁFRICA,SANTA ROSA,0
ENERO,DINAMARCA,EUROPA,AEROPUERTO INTERNACIONAL JORGE CHÁVEZ,2031
ENERO,DINAMARCA,EUROPA,CEBAF - TUMBES,60
ENERO,DINAMARCA,EUROPA,DESAGUADERO,66
ENERO,DINAMARCA,EUROPA,KASANI,52
ENERO,DINAMARCA,EUROPA,OTRAS OCM,135
ENERO,DINAMARCA,EUROPA,SANTA ROSA,31
ENERO,DJIBOUTI,ÁFRICA,AEROPUERTO INTERNACIONAL JORGE CHÁVEZ,0
ENERO,DJIBOUTI,ÁFRICA,CEBAF - TUMBES,0
ENERO,DJIBOUTI,ÁFRICA,DESAGUADERO,0
ENERO,DJIBOUTI,ÁFRICA,KASANI,0
ENERO,DJIBOUTI,ÁFRICA,OTRAS OCM,0
ENERO,DJIBOUTI,ÁFRICA,SANTA ROSA,0
ENERO,DOMINICA,AMÉRICA CENTRAL,AEROPUERTO INTERNACIONAL JORGE CHÁVEZ,13
ENERO,DOMINICA,AMÉRICA CENTRAL,CEBAF - TUMBES,1
ENERO,DOMINICA,AMÉRICA CENTRAL,DESAGUADERO,1
ENERO,DOMINICA,AMÉRICA CENTRAL,KASANI,0
ENERO,DOMINICA,AMÉRICA CENTRAL,OTRAS OCM,2
ENERO,DOMINICA,AMÉRICA CENTRAL,SANTA ROSA,6
ENERO,ECUADOR,AMÉRICA DEL SUR,AEROPUERTO INTERNACIONAL JORGE CHÁVEZ,17460
ENERO,ECUADOR,AMÉRICA DEL SUR,CEBAF - TUMBES,71025
ENERO,ECUADOR,AMÉRICA DEL SUR,DESAGUADERO,482
ENERO,ECUADOR,AMÉRICA DEL SUR,KASANI,179
ENERO,ECUADOR,AMÉRICA DEL SUR,OTRAS OCM,14527
ENERO,ECUADOR,AMÉRICA DEL SUR,SANTA ROSA,4265
ENERO,EE.UU,AMÉRICA DEL NORTE,AEROPUERTO INTERNACIONAL JORGE CHÁVEZ,206277
ENERO,EE.UU,AMÉRICA DEL NORTE,CEBAF - TUMBES,989
ENERO,EE.UU,AMÉRICA DEL NORTE,DESAGUADERO,395
ENERO,EE.UU,AMÉRICA DEL NORTE,KASANI,209
ENERO,EE.UU,AMÉRICA DEL NORTE,OTRAS OCM,12143
ENERO,EE.UU,AMÉRICA DEL NORTE,SANTA ROSA,880
ENERO,EGIPTO,ÁFRICA,AEROPUERTO INTERNACIONAL JORGE CHÁVEZ,93
ENERO,EGIPTO,ÁFRICA,CEBAF - TUMBES,2
ENERO,EGIPTO,ÁFRICA,DESAGUADERO,3
ENERO,EGIPTO,ÁFRICA,KASANI,0
ENERO,EGIPTO,ÁFRICA,OTRAS OCM,3
ENERO,EGIPTO,ÁFRICA,SANTA ROSA,0
ENERO,EL SALVADOR,AMÉRICA CENTRAL,AEROPUERTO INTERNACIONAL JORGE CHÁVEZ,1812
ENERO,EL SALVADOR,AMÉRICA CENTRAL,CEBAF - TUMBES,9
ENERO,EL SALVADOR,AMÉRICA CENTRAL,DESAGUADERO,3
ENERO,EL SALVADOR,AMÉRICA CENTRAL,KASANI,3
ENERO,EL SALVADOR,AMÉRICA CENTRAL,OTRAS OCM,44
ENERO,EL SALVADOR,AMÉRICA CENTRAL,SANTA ROSA,12
ENERO,EMIRATOS ÁRABES UNIDOS,ASIA,AEROPUERTO INTERNACIONAL JORGE CHÁVEZ,55
ENERO,EMIRATOS ÁRABES UNIDOS,ASIA,CEBAF - TUMBES,0
ENERO,EMIRATOS ÁRABES UNIDOS,ASIA,DESAGUADERO,0
ENERO,EMIRATOS ÁRABES UNIDOS,ASIA,KASANI,0
ENERO,EMIRATOS ÁRABES UNIDOS,ASIA,OTRAS OCM,3
ENERO,EMIRATOS ÁRABES UNIDOS,ASIA,SANTA ROSA,0
ENERO,ERITREA,ÁFRICA,AEROPUERTO INTERNACIONAL JORGE CHÁVEZ,3
ENERO,ERITREA,ÁFRICA,CEBAF - TUMBES,0
ENERO,ERITREA,ÁFRICA,DESAGUADERO,0
ENERO,ERITREA,ÁFRICA,KASANI,0
ENERO,ERITREA,ÁFRICA,OTRAS OCM,0
ENERO,ERITREA,ÁFRICA,SANTA ROSA,0
ENERO,ESLOVAQUIA,EUROPA,AEROPUERTO INTERNACIONAL JORGE CHÁVEZ,580
ENERO,ESLOVAQUIA,EUROPA,CEBAF - TUMBES,10
ENERO,ESLOVAQUIA,EUROPA,DESAGUADERO,38
ENERO,ESLOVAQUIA,EUROPA,KASANI,23
ENERO,ESLOVAQUIA,EUROPA,OTRAS OCM,19
ENERO,ESLOVAQUIA,EUROPA,SANTA ROSA,20
ENERO,ESLOVENIA,EUROPA,AEROPUERTO INTERNACIONAL JORGE CHÁVEZ,216
ENERO,ESLOVENIA,EUROPA,CEBAF - TUMBES,14
ENERO,ESLOVENIA,EUROPA,DESAGUADERO,8
ENERO,ESLOVENIA,EUROPA,KASANI,8
ENERO,ESLOVENIA,EUROPA,OTRAS OCM,11
ENERO,ESLOVENIA,EUROPA,SANTA ROSA,7
ENERO,ESPAÑA,EUROPA,AEROPUERTO INTERNACIONAL JORGE CHÁVEZ,50376
ENERO,ESPAÑA,EUROPA,CEBAF - TUMBES,531
ENERO,ESPAÑA,EUROPA,DESAGUADERO,572
ENERO,ESPAÑA,EUROPA,KASANI,298
ENERO,ESPAÑA,EUROPA,OTRAS OCM,855
ENERO,ESPAÑA,EUROPA,SANTA ROSA,664
ENERO,ESTONIA,EUROPA,AEROPUERTO INTERNACIONAL JORGE CHÁVEZ,298
ENERO,ESTONIA,EUROPA,CEBAF - TUMBES,1
ENERO,ESTONIA,EUROPA,DESAGUADERO,3
ENERO,ESTONIA,EUROPA,KASANI,2
ENERO,ESTONIA,EUROPA,OTRAS OCM,10
ENERO,ESTONIA,EUROPA,SANTA ROSA,2
ENERO,ETIOPÍA,ÁFRICA,AEROPUERTO INTERNACIONAL JORGE CHÁVEZ,33
ENERO,ETIOPÍA,ÁFRICA,CEBAF - TUMBES,0
ENERO,ETIOPÍA,ÁFRICA,DESAGUADERO,0
ENERO,ETIOPÍA,ÁFRICA,KASANI,0
ENERO,ETIOPÍA,ÁFRICA,OTRAS OCM,4
ENERO,ETIOPÍA,ÁFRICA,SANTA ROSA,0
ENERO,EX R. YUG. MACEDONIA,EUROPA,AEROPUERTO INTERNACIONAL JORGE CHÁVEZ,54
ENERO,EX R. YUG. MACEDONIA,EUROPA,CEBAF - TUMBES,0
ENERO,EX R. YUG. MACEDONIA,EUROPA,DESAGUADERO,2
ENERO,EX R. YUG. MACEDONIA,EUROPA,KASANI,0
ENERO,EX R. YUG. MACEDONIA,EUROPA,OTRAS OCM,6
ENERO,EX R. YUG. MACEDONIA,EUROPA,SANTA ROSA,1
ENERO,FIJI,OCEANÍA,AEROPUERTO INTERNACIONAL JORGE CHÁVEZ,4
ENERO,FIJI,OCEANÍA,CEBAF - TUMBES,0
ENERO,FIJI,OCEANÍA,DESAGUADERO,0
ENERO,FIJI,OCEANÍA,KASANI,0
ENERO,FIJI,OCEANÍA,OTRAS OCM,2
ENERO,FIJI,OCEANÍA,SANTA ROSA,2
ENERO,FILIPINAS,ASIA,AEROPUERTO INTERNACIONAL JORGE CHÁVEZ,1195
ENERO,FILIPINAS,ASIA,CEBAF - TUMBES,9
ENERO,FILIPINAS,ASIA,DESAGUADERO,12
ENERO,FILIPINAS,ASIA,KASANI,4
ENERO,FILIPINAS,ASIA,OTRAS OCM,781
ENERO,FILIPINAS,ASIA,SANTA ROSA,2
ENERO,FINLANDIA,EUROPA,AEROPUERTO INTERNACIONAL JORGE CHÁVEZ,841
ENERO,FINLANDIA,EUROPA,CEBAF - TUMBES,27
ENERO,FINLANDIA,EUROPA,DESAGUADERO,19
ENERO,FINLANDIA,EUROPA,KASANI,35
ENERO,FINLANDIA,EUROPA,OTRAS OCM,46
ENERO,FINLANDIA,EUROPA,SANTA ROSA,25
ENERO,FRANCIA,EUROPA,AEROPUERTO INTERNACIONAL JORGE CHÁVEZ,20996
ENERO,FRANCIA,EUROPA,CEBAF - TUMBES,736
ENERO,FRANCIA,EUROPA,DESAGUADERO,1303
ENERO,FRANCIA,EUROPA,KASANI,926
ENERO,FRANCIA,EUROPA,OTRAS OCM,1269
ENERO,FRANCIA,EUROPA,SANTA ROSA,787
ENERO,GABÓN,ÁFRICA,AEROPUERTO INTERNACIONAL JORGE CHÁVEZ,0
ENERO,GABÓN,ÁFRICA,CEBAF - TUMBES,0
ENERO,GABÓN,ÁFRICA,DESAGUADERO,0
ENERO,GABÓN,ÁFRICA,KASANI,0
ENERO,GABÓN,ÁFRICA,OTRAS OCM,0
ENERO,GABÓN,ÁFRICA,SANTA ROSA,0
ENERO,GAMBIA,ÁFRICA,AEROPUERTO INTERNACIONAL JORGE CHÁVEZ,0
ENERO,GAMBIA,ÁFRICA,CEBAF - TUMBES,0
ENERO,GAMBIA,ÁFRICA,DESAGUADERO,0
ENERO,GAMBIA,ÁFRICA,KASANI,0
ENERO,GAMBIA,ÁFRICA,OTRAS OCM,0
ENERO,GAMBIA,ÁFRICA,SANTA ROSA,0
ENERO,GEORGIA,ASIA,AEROPUERTO INTERNACIONAL JORGE CHÁVEZ,27
ENERO,GEORGIA,ASIA,CEBAF - TUMBES,0
ENERO,GEORGIA,ASIA,DESAGUADERO,0
ENERO,GEORGIA,ASIA,KASANI,0
ENERO,GEORGIA,ASIA,OTRAS OCM,2
ENERO,GEORGIA,ASIA,SANTA ROSA,0
ENERO,GHANA,ÁFRICA,AEROPUERTO INTERNACIONAL JORGE CHÁVEZ,17
ENERO,GHANA,ÁFRICA,CEBAF - TUMBES,0
ENERO,GHANA,ÁFRICA,DESAGUADERO,0
ENERO,GHANA,ÁFRICA,KASANI,0
ENERO,GHANA,ÁFRICA,OTRAS OCM,2
ENERO,GHANA,ÁFRICA,SANTA ROSA,0
ENERO,GRANADA,AMÉRICA CENTRAL,AEROPUERTO INTERNACIONAL JORGE CHÁVEZ,35
ENERO,GRANADA,AMÉRICA CENTRAL,CEBAF - TUMBES,0
ENERO,GRANADA,AMÉRICA CENTRAL,DESAGUADERO,1
ENERO,GRANADA,AMÉRICA CENTRAL,KASANI,1
ENERO,GRANADA,AMÉRICA CENTRAL,OTRAS OCM,6
ENERO,GRANADA,AMÉRICA CENTRAL,SANTA ROSA,0
ENERO,GRECIA,EUROPA,AEROPUERTO INTERNACIONAL JORGE CHÁVEZ,676
ENERO,GRECIA,EUROPA,CEBAF - TUMBES,13
ENERO,GRECIA,EUROPA,DESAGUADERO,21
ENERO,GRECIA,EUROPA,KASANI,18
ENERO,GRECIA,EUROPA,OTRAS OCM,54
ENERO,GRECIA,EUROPA,SANTA ROSA,19
ENERO,GROENLANDIA,EUROPA,AEROPUERTO INTERNACIONAL JORGE CHÁVEZ,0
ENERO,GROENLANDIA,EUROPA,CEBAF - TUMBES,0
ENERO,GROENLANDIA,EUROPA,DESAGUADERO,0
ENERO,GROENLANDIA,EUROPA,KASANI,0
ENERO,GROENLANDIA,EUROPA,OTRAS OCM,0
ENERO,GROENLANDIA,EUROPA,SANTA ROSA,0
ENERO,GUATEMALA,AMÉRICA CENTRAL,AEROPUERTO INTERNACIONAL JORGE CHÁVEZ,2665
ENERO,GUATEMALA,AMÉRICA CENTRAL,CEBAF - TUMBES,24
ENERO,GUATEMALA,AMÉRICA CENTRAL,DESAGUADERO,12
ENERO,GUATEMALA,AMÉRICA CENTRAL,KASANI,10
ENERO,GUATEMALA,AMÉRICA CENTRAL,OTRAS OCM,95
ENERO,GUATEMALA,AMÉRICA CENTRAL,SANTA ROSA,15
ENERO,GUINEA,ÁFRICA,AEROPUERTO INTERNACIONAL JORGE CHÁVEZ,2
ENERO,GUINEA,ÁFRICA,CEBAF - TUMBES,0
ENERO,GUINEA,ÁFRICA,DESAGUADERO,0
ENERO,GUINEA,ÁFRICA,KASANI,0
ENERO,GUINEA,ÁFRICA,OTRAS OCM,0
ENERO,GUINEA,ÁFRICA,SANTA ROSA,0
ENERO,GUINEA BISSAU,ÁFRICA,AEROPUERTO INTERNACIONAL JORGE CHÁVEZ,0
ENERO,GUINEA BISSAU,ÁFRICA,CEBAF - TUMBES,0
ENERO,GUINEA BISSAU,ÁFRICA,DESAGUADERO,0
ENERO,GUINEA BISSAU,ÁFRICA,KASANI,0
ENERO,GUINEA BISSAU,ÁFRICA,OTRAS OCM,0
ENERO,GUINEA BISSAU,ÁFRICA,SANTA ROSA,0
ENERO,GUINEA ECUATORIAL,ÁFRICA,AEROPUERTO INTERNACIONAL JORGE CHÁVEZ,2
ENERO,GUINEA ECUATORIAL,ÁFRICA,CEBAF - TUMBES,0
ENERO,GUINEA ECUATORIAL,ÁFRICA,DESAGUADERO,0
ENERO,GUINEA ECUATORIAL,ÁFRICA,KASANI,0
ENERO,GUINEA ECUATORIAL,ÁFRICA,OTRAS OCM,0
ENERO,GUINEA ECUATORIAL,ÁFRICA,SANTA ROSA,0
ENERO,GUYANA,AMÉRICA DEL SUR,AEROPUERTO INTERNACIONAL JORGE CHÁVEZ,62
ENERO,GUYANA,AMÉRICA DEL SUR,CEBAF - TUMBES,1
ENERO,GUYANA,AMÉRICA DEL SUR,DESAGUADERO,0
ENERO,GUYANA,AMÉRICA DEL SUR,KASANI,0
ENERO,GUYANA,AMÉRICA DEL SUR,OTRAS OCM,2
ENERO,GUYANA,AMÉRICA DEL SUR,SANTA ROSA,0
ENERO,HAITÍ,AMÉRICA CENTRAL,AEROPUERTO INTERNACIONAL JORGE CHÁVEZ,73
ENERO,HAITÍ,AMÉRICA CENTRAL,CEBAF - TUMBES,1
ENERO,HAITÍ,AMÉRICA CENTRAL,DESAGUADERO,1
ENERO,HAITÍ,AMÉRICA CENTRAL,KASANI,0
ENERO,HAITÍ,AMÉRICA CENTRAL,OTRAS OCM,1
ENERO,HAITÍ,AMÉRICA CENTRAL,SANTA ROSA,25
ENERO,HONDURAS,AMÉRICA CENTRAL,AEROPUERTO INTERNACIONAL JORGE CHÁVEZ,1261
ENERO,HONDURAS,AMÉRICA CENTRAL,CEBAF - TUMBES,28
ENERO,HONDURAS,AMÉRICA CENTRAL,DESAGUADERO,8
ENERO,HONDURAS,AMÉRICA CENTRAL,KASANI,1
ENERO,HONDURAS,AMÉRICA CENTRAL,OTRAS OCM,53
ENERO,HONDURAS,AMÉRICA CENTRAL,SANTA ROSA,39
ENERO,HONG KONG,ASIA,AEROPUERTO INTERNACIONAL JORGE CHÁVEZ,958
ENERO,HONG KONG,ASIA,CEBAF - TUMBES,9
ENERO,HONG KONG,ASIA,DESAGUADERO,51
ENERO,HONG KONG,ASIA,KASANI,22
ENERO,HONG KONG,ASIA,OTRAS OCM,152
ENERO,HONG KONG,ASIA,SANTA ROSA,15
ENERO,HUNGRÍA,EUROPA,AEROPUERTO INTERNACIONAL JORGE CHÁVEZ,710
ENERO,HUNGRÍA,EUROPA,CEBAF - TUMBES,20
ENERO,HUNGRÍA,EUROPA,DESAGUADERO,15
ENERO,HUNGRÍA,EUROPA,KASANI,16
ENERO,HUNGRÍA,EUROPA,OTRAS OCM,45
ENERO,HUNGRÍA,EUROPA,SANTA ROSA,17
ENERO,INDIA,ASIA,AEROPUERTO INTERNACIONAL JORGE CHÁVEZ,2218
ENERO,INDIA,ASIA,CEBAF - TUMBES,12
ENERO,INDIA,ASIA,DESAGUADERO,20
ENERO,INDIA,ASIA,KASANI,10
ENERO,INDIA,ASIA,OTRAS OCM,460
ENERO,INDIA,ASIA,SANTA ROSA,37
ENERO,INDONESIA,ASIA,AEROPUERTO INTERNACIONAL JORGE CHÁVEZ,644
ENERO,INDONESIA,ASIA,CEBAF - TUMBES,4
ENERO,INDONESIA,ASIA,DESAGUADERO,0
ENERO,INDONESIA,ASIA,KASANI,1
ENERO,INDONESIA,ASIA,OTRAS OCM,317
ENERO,INDONESIA,ASIA,SANTA ROSA,5
ENERO,IRAK,ASIA,AEROPUERTO INTERNACIONAL JORGE CHÁVEZ,4
ENERO,IRAK,ASIA,CEBAF - TUMBES,0
ENERO,IRAK,ASIA,DESAGUADERO,0
ENERO,IRAK,ASIA,KASANI,0
ENERO,IRAK,ASIA,OTRAS OCM,0
ENERO,IRAK,ASIA,SANTA ROSA,0
ENERO,IRLANDA,EUROPA,AEROPUERTO INTERNACIONAL JORGE CHÁVEZ,1568
ENERO,IRLANDA,EUROPA,CEBAF - TUMBES,87
ENERO,IRLANDA,EUROPA,DESAGUADERO,78
ENERO,IRLANDA,EUROPA,KASANI,56
ENERO,IRLANDA,EUROPA,OTRAS OCM,172
ENERO,IRLANDA,EUROPA,SANTA ROSA,34
ENERO,IRÁN,ASIA,AEROPUERTO INTERNACIONAL JORGE CHÁVEZ,42
ENERO,IRÁN,ASIA,CEBAF - TUMBES,2
ENERO,IRÁN,ASIA,DESAGUADERO,2
ENERO,IRÁN,ASIA,KASANI,0
ENERO,IRÁN,ASIA,OTRAS OCM,2
ENERO,IRÁN,ASIA,SANTA ROSA,3
ENERO,ISLAND MARSHALL,OCEANÍA,AEROPUERTO INTERNACIONAL JORGE CHÁVEZ,0
ENERO,ISLAND MARSHALL,OCEANÍA,CEBAF - TUMBES,0
ENERO,ISLAND MARSHALL,OCEANÍA,DESAGUADERO,0
ENERO,ISLAND MARSHALL,OCEANÍA,KASANI,0
ENERO,ISLAND MARSHALL,OCEANÍA,OTRAS OCM,0
ENERO,ISLAND MARSHALL,OCEANÍA,SANTA ROSA,0
ENERO,ISLANDIA,EUROPA,AEROPUERTO INTERNACIONAL JORGE CHÁVEZ,122
ENERO,ISLANDIA,EUROPA,CEBAF - TUMBES,0
ENERO,ISLANDIA,EUROPA,DESAGUADERO,2
ENERO,ISLANDIA,EUROPA,KASANI,0
ENERO,ISLANDIA,EUROPA,OTRAS OCM,4
ENERO,ISLANDIA,EUROPA,SANTA ROSA,0
ENERO,ISRAEL,ASIA,AEROPUERTO INTERNACIONAL JORGE CHÁVEZ,2850
ENERO,ISRAEL,ASIA,CEBAF - TUMBES,42
ENERO,ISRAEL,ASIA,DESAGUADERO,144
ENERO,ISRAEL,ASIA,KASANI,59
ENERO,ISRAEL,ASIA,OTRAS OCM,126
ENERO,ISRAEL,ASIA,SANTA ROSA,50
ENERO,ITALIA,EUROPA,AEROPUERTO INTERNACIONAL JORGE CHÁVEZ,20049
ENERO,ITALIA,EUROPA,CEBAF - TUMBES,252
ENERO,ITALIA,EUROPA,DESAGUADERO,353
ENERO,ITALIA,EUROPA,KASANI,226
ENERO,ITALIA,EUROPA,OTRAS OCM,717
ENERO,ITALIA,EUROPA,SANTA ROSA,281
ENERO,JAMAICA,AMÉRICA CENTRAL,AEROPUERTO INTERNACIONAL JORGE CHÁVEZ,222
ENERO,JAMAICA,AMÉRICA CENTRAL,CEBAF - TUMBES,0
ENERO,JAMAICA,AMÉRICA CENTRAL,DESAGUADERO,1
ENERO,JAMAICA,AMÉRICA CENTRAL,KASANI,2
ENERO,JAMAICA,AMÉRICA CENTRAL,OTRAS OCM,5
ENERO,JAMAICA,AMÉRICA CENTRAL,SANTA ROSA,0
ENERO,JAPÓN,ASIA,AEROPUERTO INTERNACIONAL JORGE CHÁVEZ,9635
ENERO,JAPÓN,ASIA,CEBAF - TUMBES,122
ENERO,JAPÓN,ASIA,DESAGUADERO,258
ENERO,JAPÓN,ASIA,KASANI,130
ENERO,JAPÓN,ASIA,OTRAS OCM,1898
ENERO,JAPÓN,ASIA,SANTA ROSA,49
ENERO,JORDANIA,ASIA,AEROPUERTO INTERNACIONAL JORGE CHÁVEZ,39
ENERO,JORDANIA,ASIA,CEBAF - TUMBES,1
ENERO,JORDANIA,ASIA,DESAGUADERO,0
ENERO,JORDANIA,ASIA,KASANI,0
ENERO,JORDANIA,ASIA,OTRAS OCM,1
ENERO,JORDANIA,ASIA,SANTA ROSA,1
ENERO,KATAR,ASIA,AEROPUERTO INTERNACIONAL JORGE CHÁVEZ,28
ENERO,KATAR,ASIA,CEBAF - TUMBES,0
ENERO,KATAR,ASIA,DESAGUADERO,0
ENERO,KATAR,ASIA,KASANI,0
ENERO,KATAR,ASIA,OTRAS OCM,0
ENERO,KATAR,ASIA,SANTA ROSA,0
ENERO,KAZAJSTÁN,ASIA,AEROPUERTO INTERNACIONAL JORGE CHÁVEZ,46
ENERO,KAZAJSTÁN,ASIA,CEBAF - TUMBES,0
ENERO,KAZAJSTÁN,ASIA,DESAGUADERO,0
ENERO,KAZAJSTÁN,ASIA,KASANI,0
ENERO,KAZAJSTÁN,ASIA,OTRAS OCM,0
ENERO,KAZAJSTÁN,ASIA,SANTA ROSA,0
ENERO,KENIA,ÁFRICA,AEROPUERTO INTERNACIONAL JORGE CHÁVEZ,39
ENERO,KENIA,ÁFRICA,CEBAF - TUMBES,0
ENERO,KENIA,ÁFRICA,DESAGUADERO,1
ENERO,KENIA,ÁFRICA,KASANI,0
ENERO,KENIA,ÁFRICA,OTRAS OCM,7
ENERO,KENIA,ÁFRICA,SANTA ROSA,0
ENERO,KIRGUISTÁN,ASIA,AEROPUERTO INTERNACIONAL JORGE CHÁVEZ,10
ENERO,KIRGUISTÁN,ASIA,CEBAF - TUMBES,0
ENERO,KIRGUISTÁN,ASIA,DESAGUADERO,0
ENERO,KIRGUISTÁN,ASIA,KASANI,0
ENERO,KIRGUISTÁN,ASIA,OTRAS OCM,1
ENERO,KIRGUISTÁN,ASIA,SANTA ROSA,0
ENERO,KIRIBATI,OCEANÍA,AEROPUERTO INTERNACIONAL JORGE CHÁVEZ,0
ENERO,KIRIBATI,OCEANÍA,CEBAF - TUMBES,0
ENERO,KIRIBATI,OCEANÍA,DESAGUADERO,0
ENERO,KIRIBATI,OCEANÍA,KASANI,0
ENERO,KIRIBATI,OCEANÍA,OTRAS OCM,0
ENERO,KIRIBATI,OCEANÍA,SANTA ROSA,0
ENERO,KUWAIT,ASIA,AEROPUERTO INTERNACIONAL JORGE CHÁVEZ,27
ENERO,KUWAIT,ASIA,CEBAF - TUMBES,0
ENERO,KUWAIT,ASIA,DESAGUADERO,0
ENERO,KUWAIT,ASIA,KASANI,0
ENERO,KUWAIT,ASIA,OTRAS OCM,0
ENERO,KUWAIT,ASIA,SANTA ROSA,0
ENERO,LAOS,ASIA,AEROPUERTO INTERNACIONAL JORGE CHÁVEZ,4
ENERO,LAOS,ASIA,CEBAF - TUMBES,0
ENERO,LAOS,ASIA,DESAGUADERO,0
ENERO,LAOS,ASIA,KASANI,0
ENERO,LAOS,ASIA,OTRAS OCM,0
ENERO,LAOS,ASIA,SANTA ROSA,0
ENERO,LESOTHO,ÁFRICA,AEROPUERTO INTERNACIONAL JORGE CHÁVEZ,1
ENERO,LESOTHO,ÁFRICA,CEBAF - TUMBES,0
ENERO,LESOTHO,ÁFRICA,DESAGUADERO,0
ENERO,LESOTHO,ÁFRICA,KASANI,0
ENERO,LESOTHO,ÁFRICA,OTRAS OCM,0
ENERO,LESOTHO,ÁFRICA,SANTA ROSA,0
ENERO,LETONIA,EUROPA,AEROPUERTO INTERNACIONAL JORGE CHÁVEZ,219
ENERO,LETONIA,EUROPA,CEBAF - TUMBES,6
ENERO,LETONIA,EUROPA,DESAGUADERO,7
ENERO,LETONIA,EUROPA,KASANI,1
ENERO,LETONIA,EUROPA,OTRAS OCM,21
ENERO,LETONIA,EUROPA,SANTA ROSA,10
ENERO,LIBERIA,ÁFRICA,AEROPUERTO INTERNACIONAL JORGE CHÁVEZ,2
ENERO,LIBERIA,ÁFRICA,CEBAF - TUMBES,0
ENERO,LIBERIA,ÁFRICA,DESAGUADERO,0
ENERO,LIBERIA,ÁFRICA,KASANI,0
ENERO,LIBERIA,ÁFRICA,OTRAS OCM,0
ENERO,LIBERIA,ÁFRICA,SANTA ROSA,0
ENERO,LIBIA,ÁFRICA,AEROPUERTO INTERNACIONAL JORGE CHÁVEZ,3
ENERO,LIBIA,ÁFRICA,CEBAF - TUMBES,0
ENERO,LIBIA,ÁFRICA,DESAGUADERO,0
ENERO,LIBIA,ÁFRICA,KASANI,0
ENERO,LIBIA,ÁFRICA,OTRAS OCM,0
ENERO,LIBIA,ÁFRICA,SANTA ROSA,0
ENERO,LIECHTENSTEIN,EUROPA,AEROPUERTO INTERNACIONAL JORGE CHÁVEZ,14
ENERO,LIECHTENSTEIN,EUROPA,CEBAF - TUMBES,2
ENERO,LIECHTENSTEIN,EUROPA,DESAGUADERO,0
ENERO,LIECHTENSTEIN,EUROPA,KASANI,0
ENERO,LIECHTENSTEIN,EUROPA,OTRAS OCM,1
ENERO,LIECHTENSTEIN,EUROPA,SANTA ROSA,0
ENERO,LITUANIA,EUROPA,AEROPUERTO INTERNACIONAL JORGE CHÁVEZ,445
ENERO,LITUANIA,EUROPA,CEBAF - TUMBES,11
ENERO,LITUANIA,EUROPA,DESAGUADERO,19
ENERO,LITUANIA,EUROPA,KASANI,6
ENERO,LITUANIA,EUROPA,OTRAS OCM,43
ENERO,LITUANIA,EUROPA,SANTA ROSA,19
ENERO,LUXEMBURGO,EUROPA,AEROPUERTO INTERNACIONAL JORGE CHÁVEZ,171
ENERO,LUXEMBURGO,EUROPA,CEBAF - TUMBES,2
ENERO,LUXEMBURGO,EUROPA,DESAGUADERO,8
ENERO,LUXEMBURGO,EUROPA,KASANI,10
ENERO,LUXEMBURGO,EUROPA,OTRAS OCM,15
ENERO,LUXEMBURGO,EUROPA,SANTA ROSA,4
ENERO,LÍBANO,ASIA,AEROPUERTO INTERNACIONAL JORGE CHÁVEZ,46
ENERO,LÍBANO,ASIA,CEBAF - TUMBES,3
ENERO,LÍBANO,ASIA,DESAGUADERO,0
ENERO,LÍBANO,ASIA,KASANI,0
ENERO,LÍBANO,ASIA,OTRAS OCM,2
ENERO,LÍBANO,ASIA,SANTA ROSA,2
ENERO,MADAGASCAR,ÁFRICA,AEROPUERTO INTERNACIONAL JORGE CHÁVEZ,4
ENERO,MADAGASCAR,ÁFRICA,CEBAF - TUMBES,0
ENERO,MADAGASCAR,ÁFRICA,DESAGUADERO,0
ENERO,MADAGASCAR,ÁFRICA,KASANI,0
ENERO,MADAGASCAR,ÁFRICA,OTRAS OCM,0
ENERO,MADAGASCAR,ÁFRICA,SANTA ROSA,0
ENERO,MALASIA,ASIA,AEROPUERTO INTERNACIONAL JORGE CHÁVEZ,240
ENERO,MALASIA,ASIA,CEBAF - TUMBES,15
ENERO,MALASIA,ASIA,DESAGUADERO,7
ENERO,MALASIA,ASIA,KASANI,12
ENERO,MALASIA,ASIA,OTRAS OCM,85
ENERO,MALASIA,ASIA,SANTA ROSA,8
ENERO,MALAWI,ÁFRICA,AEROPUERTO INTERNACIONAL JORGE CHÁVEZ,1
ENERO,MALAWI,ÁFRICA,CEBAF - TUMBES,0
ENERO,MALAWI,ÁFRICA,DESAGUADERO,0
ENERO,MALAWI,ÁFRICA,KASANI,0
ENERO,MALAWI,ÁFRICA,OTRAS OCM,1
ENERO,MALAWI,ÁFRICA,SANTA ROSA,0
ENERO,MALDIVAS,ASIA,AEROPUERTO INTERNACIONAL JORGE CHÁVEZ,4
ENERO,MALDIVAS,ASIA,CEBAF - TUMBES,0
ENERO,MALDIVAS,ASIA,DESAGUADERO,0
ENERO,MALDIVAS,ASIA,KASANI,0
ENERO,MALDIVAS,ASIA,OTRAS OCM,0
ENERO,MALDIVAS,ASIA,SANTA ROSA,0
ENERO,MALTA,EUROPA,AEROPUERTO INTERNACIONAL JORGE CHÁVEZ,76
ENERO,MALTA,EUROPA,CEBAF - TUMBES,0
ENERO,MALTA,EUROPA,DESAGUADERO,1
ENERO,MALTA,EUROPA,KASANI,1
ENERO,MALTA,EUROPA,OTRAS OCM,7
ENERO,MALTA,EUROPA,SANTA ROSA,0
ENERO,MALÍ,ÁFRICA,AEROPUERTO INTERNACIONAL JORGE CHÁVEZ,2
ENERO,MALÍ,ÁFRICA,CEBAF - TUMBES,0
ENERO,MALÍ,ÁFRICA,DESAGUADERO,0
ENERO,MALÍ,ÁFRICA,KASANI,0
ENERO,MALÍ,ÁFRICA,OTRAS OCM,0
ENERO,MALÍ,ÁFRICA,SANTA ROSA,0
ENERO,MARRUECOS,ÁFRICA,AEROPUERTO INTERNACIONAL JORGE CHÁVEZ,87
ENERO,MARRUECOS,ÁFRICA,CEBAF - TUMBES,2
ENERO,MARRUECOS,ÁFRICA,DESAGUADERO,3
ENERO,MARRUECOS,ÁFRICA,KASANI,0
ENERO,MARRUECOS,ÁFRICA,OTRAS OCM,1
ENERO,MARRUECOS,ÁFRICA,SANTA ROSA,1
ENERO,MAURICIO,ÁFRICA,AEROPUERTO INTERNACIONAL JORGE CHÁVEZ,12
ENERO,MAURICIO,ÁFRICA,CEBAF - TUMBES,0
ENERO,MAURICIO,ÁFRICA,DESAGUADERO,0
ENERO,MAURICIO,ÁFRICA,KASANI,0
ENERO,MAURICIO,ÁFRICA,OTRAS OCM,3
ENERO,MAURICIO,ÁFRICA,SANTA ROSA,0
ENERO,MAURITANIA,ÁFRICA,AEROPUERTO INTERNACIONAL JORGE CHÁVEZ,0
ENERO,MAURITANIA,ÁFRICA,CEBAF - TUMBES,0
ENERO,MAURITANIA,ÁFRICA,DESAGUADERO,0
ENERO,MAURITANIA,ÁFRICA,KASANI,0
ENERO,MAURITANIA,ÁFRICA,OTRAS OCM,1
ENERO,MAURITANIA,ÁFRICA,SANTA ROSA,0
ENERO,MONGOLIA,ASIA,AEROPUERTO INTERNACIONAL JORGE CHÁVEZ,57
ENERO,MONGOLIA,ASIA,CEBAF - TUMBES,0
ENERO,MONGOLIA,ASIA,DESAGUADERO,0
ENERO,MONGOLIA,ASIA,KASANI,0
ENERO,MONGOLIA,ASIA,OTRAS OCM,5
ENERO,MONGOLIA,ASIA,SANTA ROSA,0
ENERO,MOZAMBIQUE,ÁFRICA,AEROPUERTO INTERNACIONAL JORGE CHÁVEZ,17
ENERO,MOZAMBIQUE,ÁFRICA,CEBAF - TUMBES,0
ENERO,MOZAMBIQUE,ÁFRICA,DESAGUADERO,0
ENERO,MOZAMBIQUE,ÁFRICA,KASANI,0
ENERO,MOZAMBIQUE,ÁFRICA,OTRAS OCM,1
ENERO,MOZAMBIQUE,ÁFRICA,SANTA ROSA,0
ENERO,MYANMAR,ASIA,AEROPUERTO INTERNACIONAL JORGE CHÁVEZ,37
ENERO,MYANMAR,ASIA,CEBAF - TUMBES,0
ENERO,MYANMAR,ASIA,DESAGUADERO,0
ENERO,MYANMAR,ASIA,KASANI,0
ENERO,MYANMAR,ASIA,OTRAS OCM,19
ENERO,MYANMAR,ASIA,SANTA ROSA,0
ENERO,MÉXICO,AMÉRICA DEL NORTE,AEROPUERTO INTERNACIONAL JORGE CHÁVEZ,32496
ENERO,MÉXICO,AMÉRICA DEL NORTE,CEBAF - TUMBES,200
ENERO,MÉXICO,AMÉRICA DEL NORTE,DESAGUADERO,236
ENERO,MÉXICO,AMÉRICA DEL NORTE,KASANI,110
ENERO,MÉXICO,AMÉRICA DEL NORTE,OTRAS OCM,936
ENERO,MÉXICO,AMÉRICA DEL NORTE,SANTA ROSA,301
ENERO,MÓNACO,EUROPA,AEROPUERTO INTERNACIONAL JORGE CHÁVEZ,8
ENERO,MÓNACO,EUROPA,CEBAF - TUMBES,0
ENERO,MÓNACO,EUROPA,DESAGUADERO,0
ENERO,MÓNACO,EUROPA,KASANI,0
ENERO,MÓNACO,EUROPA,OTRAS OCM,6
ENERO,MÓNACO,EUROPA,SANTA ROSA,0
ENERO,NAMIBIA,ÁFRICA,AEROPUERTO INTERNACIONAL JORGE CHÁVEZ,0
ENERO,NAMIBIA,ÁFRICA,CEBAF - TUMBES,0
ENERO,NAMIBIA,ÁFRICA,DESAGUADERO,0
ENERO,NAMIBIA,ÁFRICA,KASANI,0
ENERO,NAMIBIA,ÁFRICA,OTRAS OCM,0
ENERO,NAMIBIA,ÁFRICA,SANTA ROSA,0
ENERO,NAURU,OCEANÍA,AEROPUERTO INTERNACIONAL JORGE CHÁVEZ,0
ENERO,NAURU,OCEANÍA,CEBAF - TUMBES,0
ENERO,NAURU,OCEANÍA,DESAGUADERO,0
ENERO,NAURU,OCEANÍA,KASANI,0
ENERO,NAURU,OCEANÍA,OTRAS OCM,0
ENERO,NAURU,OCEANÍA,SANTA ROSA,0
ENERO,NEPAL,ASIA,AEROPUERTO INTERNACIONAL JORGE CHÁVEZ,23
ENERO,NEPAL,ASIA,CEBAF - TUMBES,0
ENERO,NEPAL,ASIA,DESAGUADERO,0
ENERO,NEPAL,ASIA,KASANI,0
ENERO,NEPAL,ASIA,OTRAS OCM,1
ENERO,NEPAL,ASIA,SANTA ROSA,1
ENERO,NICARAGUA,AMÉRICA CENTRAL,AEROPUERTO INTERNACIONAL JORGE CHÁVEZ,395
ENERO,NICARAGUA,AMÉRICA CENTRAL,CEBAF - TUMBES,6
ENERO,NICARAGUA,AMÉRICA CENTRAL,DESAGUADERO,0
ENERO,NICARAGUA,AMÉRICA CENTRAL,KASANI,0
ENERO,NICARAGUA,AMÉRICA CENTRAL,OTRAS OCM,10
ENERO,NICARAGUA,AMÉRICA CENTRAL,SANTA ROSA,18
ENERO,NIGERIA,ÁFRICA,AEROPUERTO INTERNACIONAL JORGE CHÁVEZ,28
ENERO,NIGERIA,ÁFRICA,CEBAF - TUMBES,1
ENERO,NIGERIA,ÁFRICA,DESAGUADERO,0
ENERO,NIGERIA,ÁFRICA,KASANI,0
ENERO,NIGERIA,ÁFRICA,OTRAS OCM,1
ENERO,NIGERIA,ÁFRICA,SANTA ROSA,0
ENERO,NORUEGA,EUROPA,AEROPUERTO INTERNACIONAL JORGE CHÁVEZ,1572
ENERO,NORUEGA,EUROPA,CEBAF - TUMBES,46
ENERO,NORUEGA,EUROPA,DESAGUADERO,76
ENERO,NORUEGA,EUROPA,KASANI,41
ENERO,NORUEGA,EUROPA,OTRAS OCM,161
ENERO,NORUEGA,EUROPA,SANTA ROSA,47
ENERO,NUEVA ZELANDIA,OCEANÍA,AEROPUERTO INTERNACIONAL JORGE CHÁVEZ,1149
ENERO,NUEVA ZELANDIA,OCEANÍA,CEBAF - TUMBES,41
ENERO,NUEVA ZELANDIA,OCEANÍA,DESAGUADERO,70
ENERO,NUEVA ZELANDIA,OCEANÍA,KASANI,51
ENERO,NUEVA ZELANDIA,OCEANÍA,OTRAS OCM,185
ENERO,NUEVA ZELANDIA,OCEANÍA,SANTA ROSA,28
ENERO,NÍGER,ÁFRICA,AEROPUERTO INTERNACIONAL JORGE CHÁVEZ,0
ENERO,NÍGER,ÁFRICA,CEBAF - TUMBES,0
ENERO,NÍGER,ÁFRICA,DESAGUADERO,0
ENERO,NÍGER,ÁFRICA,KASANI,0
ENERO,NÍGER,ÁFRICA,OTRAS OCM,0
ENERO,NÍGER,ÁFRICA,SANTA ROSA,0
ENERO,OMÁN,ASIA,AEROPUERTO INTERNACIONAL JORGE CHÁVEZ,2
ENERO,OMÁN,ASIA,CEBAF - TUMBES,0
ENERO,OMÁN,ASIA,DESAGUADERO,0
ENERO,OMÁN,ASIA,KASANI,0
ENERO,OMÁN,ASIA,OTRAS OCM,0
ENERO,OMÁN,ASIA,SANTA ROSA,0
ENERO,PAKISTÁN,ASIA,AEROPUERTO INTERNACIONAL JORGE CHÁVEZ,61
ENERO,PAKISTÁN,ASIA,CEBAF - TUMBES,1
ENERO,PAKISTÁN,ASIA,DESAGUADERO,0
ENERO,PAKISTÁN,ASIA,KASANI,1
ENERO,PAKISTÁN,ASIA,OTRAS OCM,7
ENERO,PAKISTÁN,ASIA,SANTA ROSA,87
ENERO,PALESTINA,ASIA,AEROPUERTO INTERNACIONAL JORGE CHÁVEZ,12
ENERO,PALESTINA,ASIA,CEBAF - TUMBES,0
ENERO,PALESTINA,ASIA,DESAGUADERO,0
ENERO,PALESTINA,ASIA,KASANI,0
ENERO,PALESTINA,ASIA,OTRAS OCM,0
ENERO,PALESTINA,ASIA,SANTA ROSA,1
ENERO,PANAMÁ,AMÉRICA CENTRAL,AEROPUERTO INTERNACIONAL JORGE CHÁVEZ,7998
ENERO,PANAMÁ,AMÉRICA CENTRAL,CEBAF - TUMBES,7
ENERO,PANAMÁ,AMÉRICA CENTRAL,DESAGUADERO,12
ENERO,PANAMÁ,AMÉRICA CENTRAL,KASANI,1
ENERO,PANAMÁ,AMÉRICA CENTRAL,OTRAS OCM,220
ENERO,PANAMÁ,AMÉRICA CENTRAL,SANTA ROSA,29
ENERO,PAPÚA (NG),OCEANÍA,AEROPUERTO INTERNACIONAL JORGE CHÁVEZ,3
ENERO,PAPÚA (NG),OCEANÍA,CEBAF - TUMBES,0
ENERO,PAPÚA (NG),OCEANÍA,DESAGUADERO,0
ENERO,PAPÚA (NG),OCEANÍA,KASANI,0
ENERO,PAPÚA (NG),OCEANÍA,OTRAS OCM,0
ENERO,PAPÚA (NG),OCEANÍA,SANTA ROSA,0
ENERO,PARAGUAY,AMÉRICA DEL SUR,AEROPUERTO INTERNACIONAL JORGE CHÁVEZ,3251
ENERO,PARAGUAY,AMÉRICA DEL SUR,CEBAF - TUMBES,24
ENERO,PARAGUAY,AMÉRICA DEL SUR,DESAGUADERO,557
ENERO,PARAGUAY,AMÉRICA DEL SUR,KASANI,192
ENERO,PARAGUAY,AMÉRICA DEL SUR,OTRAS OCM,50
ENERO,PARAGUAY,AMÉRICA DEL SUR,SANTA ROSA,315
ENERO,PAÍSES BAJOS (HOLANDA),EUROPA,AEROPUERTO INTERNACIONAL JORGE CHÁVEZ,9213
ENERO,PAÍSES BAJOS (HOLANDA),EUROPA,CEBAF - TUMBES,266
ENERO,PAÍSES BAJOS (HOLANDA),EUROPA,DESAGUADERO,300
ENERO,PAÍSES BAJOS (HOLANDA),EUROPA,KASANI,211
ENERO,PAÍSES BAJOS (HOLANDA),EUROPA,OTRAS OCM,430
ENERO,PAÍSES BAJOS (HOLANDA),EUROPA,SANTA ROSA,158
ENERO,POLONIA,EUROPA,AEROPUERTO INTERNACIONAL JORGE CHÁVEZ,2957
ENERO,POLONIA,EUROPA,CEBAF - TUMBES,73
ENERO,POLONIA,EUROPA,DESAGUADERO,449
ENERO,POLONIA,EUROPA,KASANI,267
ENERO,POLONIA,EUROPA,OTRAS OCM,202
ENERO,POLONIA,EUROPA,SANTA ROSA,59
ENERO,PORTUGAL,EUROPA,AEROPUERTO INTERNACIONAL JORGE CHÁVEZ,2282
ENERO,PORTUGAL,EUROPA,CEBAF - TUMBES,95
ENERO,PORTUGAL,EUROPA,DESAGUADERO,457
ENERO,PORTUGAL,EUROPA,KASANI,165
ENERO,PORTUGAL,EUROPA,OTRAS OCM,223
ENERO,PORTUGAL,EUROPA,SANTA ROSA,41
ENERO,PTO. RICO,AMÉRICA CENTRAL,AEROPUERTO INTERNACIONAL JORGE CHÁVEZ,332
ENERO,PTO. RICO,AMÉRICA CENTRAL,CEBAF - TUMBES,3
ENERO,PTO. RICO,AMÉRICA CENTRAL,DESAGUADERO,0
ENERO,PTO. RICO,AMÉRICA CENTRAL,KASANI,0
ENERO,PTO. RICO,AMÉRICA CENTRAL,OTRAS OCM,3
ENERO,PTO. RICO,AMÉRICA CENTRAL,SANTA ROSA,1
ENERO,R.F. YUGOSLAVIA,EUROPA,AEROPUERTO INTERNACIONAL JORGE CHÁVEZ,0
ENERO,R.F. YUGOSLAVIA,EUROPA,CEBAF - TUMBES,0
ENERO,R.F. YUGOSLAVIA,EUROPA,DESAGUADERO,0
ENERO,R.F. YUGOSLAVIA,EUROPA,KASANI,0
ENERO,R.F. YUGOSLAVIA,EUROPA,OTRAS OCM,0
ENERO,R.F. YUGOSLAVIA,EUROPA,SANTA ROSA,0
ENERO,REINO UNIDO,EUROPA,AEROPUERTO INTERNACIONAL JORGE CHÁVEZ,14199
ENERO,REINO UNIDO,EUROPA,CEBAF - TUMBES,504
ENERO,REINO UNIDO,EUROPA,DESAGUADERO,458
ENERO,REINO UNIDO,EUROPA,KASANI,427
ENERO,REINO UNIDO,EUROPA,OTRAS OCM,1786
ENERO,REINO UNIDO,EUROPA,SANTA ROSA,180
ENERO,REP. CENTROAFRICANA,ÁFRICA,AEROPUERTO INTERNACIONAL JORGE CHÁVEZ,0
ENERO,REP. CENTROAFRICANA,ÁFRICA,CEBAF - TUMBES,0
ENERO,REP. CENTROAFRICANA,ÁFRICA,DESAGUADERO,0
ENERO,REP. CENTROAFRICANA,ÁFRICA,KASANI,0
ENERO,REP. CENTROAFRICANA,ÁFRICA,OTRAS OCM,0
ENERO,REP. CENTROAFRICANA,ÁFRICA,SANTA ROSA,0
ENERO,REP. CHECA,EUROPA,AEROPUERTO INTERNACIONAL JORGE CHÁVEZ,1524
ENERO,REP. CHECA,EUROPA,CEBAF - TUMBES,53
ENERO,REP. CHECA,EUROPA,DESAGUADERO,90
ENERO,REP. CHECA,EUROPA,KASANI,48
ENERO,REP. CHECA,EUROPA,OTRAS OCM,71
ENERO,REP. CHECA,EUROPA,SANTA ROSA,46
ENERO,REP. DOMINICANA,AMÉRICA CENTRAL,AEROPUERTO INTERNACIONAL JORGE CHÁVEZ,2863
ENERO,REP. DOMINICANA,AMÉRICA CENTRAL,CEBAF - TUMBES,181
ENERO,REP. DOMINICANA,AMÉRICA CENTRAL,DESAGUADERO,10
ENERO,REP. DOMINICANA,AMÉRICA CENTRAL,KASANI,4
ENERO,REP. DOMINICANA,AMÉRICA CENTRAL,OTRAS OCM,49
ENERO,REP. DOMINICANA,AMÉRICA CENTRAL,SANTA ROSA,117
ENERO,REP. MOLDOVA,EUROPA,AEROPUERTO INTERNACIONAL JORGE CHÁVEZ,3
ENERO,REP. MOLDOVA,EUROPA,CEBAF - TUMBES,1
ENERO,REP. MOLDOVA,EUROPA,DESAGUADERO,0
ENERO,REP. MOLDOVA,EUROPA,KASANI,0
ENERO,REP. MOLDOVA,EUROPA,OTRAS OCM,0
ENERO,REP. MOLDOVA,EUROPA,SANTA ROSA,1
ENERO,RESTO DEL MUNDO,RESTO DEL MUNDO,AEROPUERTO INTERNACIONAL JORGE CHÁVEZ,523
ENERO,RESTO DEL MUNDO,RESTO DEL MUNDO,CEBAF - TUMBES,10
ENERO,RESTO DEL MUNDO,RESTO DEL MUNDO,DESAGUADERO,4
ENERO,RESTO DEL MUNDO,RESTO DEL MUNDO,KASANI,3
ENERO,RESTO DEL MUNDO,RESTO DEL MUNDO,OTRAS OCM,49
ENERO,RESTO DEL MUNDO,RESTO DEL MUNDO,SANTA ROSA,9
ENERO,RUMANIA,EUROPA,AEROPUERTO INTERNACIONAL JORGE CHÁVEZ,1158
ENERO,RUMANIA,EUROPA,CEBAF - TUMBES,27
ENERO,RUMANIA,EUROPA,DESAGUADERO,43
ENERO,RUMANIA,EUROPA,KASANI,15
ENERO,RUMANIA,EUROPA,OTRAS OCM,124
ENERO,RUMANIA,EUROPA,SANTA ROSA,24
ENERO,RUSIA,EUROPA,AEROPUERTO INTERNACIONAL JORGE CHÁVEZ,4171
ENERO,RUSIA,EUROPA,CEBAF - TUMBES,91
ENERO,RUSIA,EUROPA,DESAGUADERO,166
ENERO,RUSIA,EUROPA,KASANI,72
ENERO,RUSIA,EUROPA,OTRAS OCM,347
ENERO,RUSIA,EUROPA,SANTA ROSA,98
ENERO,RWANDA,ÁFRICA,AEROPUERTO INTERNACIONAL JORGE CHÁVEZ,0
ENERO,RWANDA,ÁFRICA,CEBAF - TUMBES,0
ENERO,RWANDA,ÁFRICA,DESAGUADERO,0
ENERO,RWANDA,ÁFRICA,KASANI,0
ENERO,RWANDA,ÁFRICA,OTRAS OCM,0
ENERO,RWANDA,ÁFRICA,SANTA ROSA,0
ENERO,SAINT KITIS Y NEVIS,AMÉRICA CENTRAL,AEROPUERTO INTERNACIONAL JORGE CHÁVEZ,9
ENERO,SAINT KITIS Y NEVIS,AMÉRICA CENTRAL,CEBAF - TUMBES,0
ENERO,SAINT KITIS Y NEVIS,AMÉRICA CENTRAL,DESAGUADERO,0
ENERO,SAINT KITIS Y NEVIS,AMÉRICA CENTRAL,KASANI,0
ENERO,SAINT KITIS Y NEVIS,AMÉRICA CENTRAL,OTRAS OCM,0
ENERO,SAINT KITIS Y NEVIS,AMÉRICA CENTRAL,SANTA ROSA,0
ENERO,SALOMÓN ISLA,OCEANÍA,AEROPUERTO INTERNACIONAL JORGE CHÁVEZ,18
ENERO,SALOMÓN ISLA,OCEANÍA,CEBAF - TUMBES,0
ENERO,SALOMÓN ISLA,OCEANÍA,DESAGUADERO,0
ENERO,SALOMÓN ISLA,OCEANÍA,KASANI,0
ENERO,SALOMÓN ISLA,OCEANÍA,OTRAS OCM,0
ENERO,SALOMÓN ISLA,OCEANÍA,SANTA ROSA,0
ENERO,SAMOA OCCIDENTAL,OCEANÍA,AEROPUERTO INTERNACIONAL JORGE CHÁVEZ,1
ENERO,SAMOA OCCIDENTAL,OCEANÍA,CEBAF - TUMBES,0
ENERO,SAMOA OCCIDENTAL,OCEANÍA,DESAGUADERO,0
ENERO,SAMOA OCCIDENTAL,OCEANÍA,KASANI,0
ENERO,SAMOA OCCIDENTAL,OCEANÍA,OTRAS OCM,0
ENERO,SAMOA OCCIDENTAL,OCEANÍA,SANTA ROSA,0
ENERO,SAN MARINO,EUROPA,AEROPUERTO INTERNACIONAL JORGE CHÁVEZ,6
ENERO,SAN MARINO,EUROPA,CEBAF - TUMBES,0
ENERO,SAN MARINO,EUROPA,DESAGUADERO,1
ENERO,SAN MARINO,EUROPA,KASANI,0
ENERO,SAN MARINO,EUROPA,OTRAS OCM,0
ENERO,SAN MARINO,EUROPA,SANTA ROSA,0
ENERO,SAN VIC. GRANADINAS,AMÉRICA CENTRAL,AEROPUERTO INTERNACIONAL JORGE CHÁVEZ,4
ENERO,SAN VIC. GRANADINAS,AMÉRICA CENTRAL,CEBAF - TUMBES,0
ENERO,SAN VIC. GRANADINAS,AMÉRICA CENTRAL,DESAGUADERO,0
ENERO,SAN VIC. GRANADINAS,AMÉRICA CENTRAL,KASANI,0
ENERO,SAN VIC. GRANADINAS,AMÉRICA CENTRAL,OTRAS OCM,0
ENERO,SAN VIC. GRANADINAS,AMÉRICA CENTRAL,SANTA ROSA,0
ENERO,SANTA LUCÍA,AMÉRICA CENTRAL,AEROPUERTO INTERNACIONAL JORGE CHÁVEZ,9
ENERO,SANTA LUCÍA,AMÉRICA CENTRAL,CEBAF - TUMBES,0
ENERO,SANTA LUCÍA,AMÉRICA CENTRAL,DESAGUADERO,0
ENERO,SANTA LUCÍA,AMÉRICA CENTRAL,KASANI,0
ENERO,SANTA LUCÍA,AMÉRICA CENTRAL,OTRAS OCM,1
ENERO,SANTA LUCÍA,AMÉRICA CENTRAL,SANTA ROSA,0
ENERO,SENEGAL,ÁFRICA,AEROPUERTO INTERNACIONAL JORGE CHÁVEZ,13
ENERO,SENEGAL,ÁFRICA,CEBAF - TUMBES,0
ENERO,SENEGAL,ÁFRICA,DESAGUADERO,0
ENERO,SENEGAL,ÁFRICA,KASANI,0
ENERO,SENEGAL,ÁFRICA,OTRAS OCM,3
ENERO,SENEGAL,ÁFRICA,SANTA ROSA,0
ENERO,SEYCHELLES,ÁFRICA,AEROPUERTO INTERNACIONAL JORGE CHÁVEZ,0
ENERO,SEYCHELLES,ÁFRICA,CEBAF - TUMBES,0
ENERO,SEYCHELLES,ÁFRICA,DESAGUADERO,0
ENERO,SEYCHELLES,ÁFRICA,KASANI,0
ENERO,SEYCHELLES,ÁFRICA,OTRAS OCM,0
ENERO,SEYCHELLES,ÁFRICA,SANTA ROSA,0
ENERO,SIERRA LEONA,ÁFRICA,AEROPUERTO INTERNACIONAL JORGE CHÁVEZ,1
ENERO,SIERRA LEONA,ÁFRICA,CEBAF - TUMBES,0
ENERO,SIERRA LEONA,ÁFRICA,DESAGUADERO,0
ENERO,SIERRA LEONA,ÁFRICA,KASANI,0
ENERO,SIERRA LEONA,ÁFRICA,OTRAS OCM,0
ENERO,SIERRA LEONA,ÁFRICA,SANTA ROSA,0
ENERO,SIKKIM,ASIA,AEROPUERTO INTERNACIONAL JORGE CHÁVEZ,0
ENERO,SIKKIM,ASIA,CEBAF - TUMBES,0
ENERO,SIKKIM,ASIA,DESAGUADERO,0
ENERO,SIKKIM,ASIA,KASANI,0
ENERO,SIKKIM,ASIA,OTRAS OCM,0
ENERO,SIKKIM,ASIA,SANTA ROSA,0
ENERO,SINGAPUR,ASIA,AEROPUERTO INTERNACIONAL JORGE CHÁVEZ,394
ENERO,SINGAPUR,ASIA,CEBAF - TUMBES,4
ENERO,SINGAPUR,ASIA,DESAGUADERO,9
ENERO,SINGAPUR,ASIA,KASANI,11
ENERO,SINGAPUR,ASIA,OTRAS OCM,161
ENERO,SINGAPUR,ASIA,SANTA ROSA,17
ENERO,SIRIA,ASIA,AEROPUERTO INTERNACIONAL JORGE CHÁVEZ,11
ENERO,SIRIA,ASIA,CEBAF - TUMBES,0
ENERO,SIRIA,ASIA,DESAGUADERO,0
ENERO,SIRIA,ASIA,KASANI,0
ENERO,SIRIA,ASIA,OTRAS OCM,0
ENERO,SIRIA,ASIA,SANTA ROSA,0
ENERO,SOMALIA,ÁFRICA,AEROPUERTO INTERNACIONAL JORGE CHÁVEZ,1
ENERO,SOMALIA,ÁFRICA,CEBAF - TUMBES,0
ENERO,SOMALIA,ÁFRICA,DESAGUADERO,0
ENERO,SOMALIA,ÁFRICA,KASANI,0
ENERO,SOMALIA,ÁFRICA,OTRAS OCM,0
ENERO,SOMALIA,ÁFRICA,SANTA ROSA,0
ENERO,SRI LANKA,ASIA,AEROPUERTO INTERNACIONAL JORGE CHÁVEZ,20
ENERO,SRI LANKA,ASIA,CEBAF - TUMBES,0
ENERO,SRI LANKA,ASIA,DESAGUADERO,0
ENERO,SRI LANKA,ASIA,KASANI,0
ENERO,SRI LANKA,ASIA,OTRAS OCM,3
ENERO,SRI LANKA,ASIA,SANTA ROSA,0
ENERO,STO. TOMÉ Y PRÍNCIPE,ÁFRICA,AEROPUERTO INTERNACIONAL JORGE CHÁVEZ,1
ENERO,STO. TOMÉ Y PRÍNCIPE,ÁFRICA,CEBAF - TUMBES,0
ENERO,STO. TOMÉ Y PRÍNCIPE,ÁFRICA,DESAGUADERO,0
ENERO,STO. TOMÉ Y PRÍNCIPE,ÁFRICA,KASANI,0
ENERO,STO. TOMÉ Y PRÍNCIPE,ÁFRICA,OTRAS OCM,0
ENERO,STO. TOMÉ Y PRÍNCIPE,ÁFRICA,SANTA ROSA,0
ENERO,SUDÁFRICA,ÁFRICA,AEROPUERTO INTERNACIONAL JORGE CHÁVEZ,617
ENERO,SUDÁFRICA,ÁFRICA,CEBAF - TUMBES,13
ENERO,SUDÁFRICA,ÁFRICA,DESAGUADERO,18
ENERO,SUDÁFRICA,ÁFRICA,KASANI,7
ENERO,SUDÁFRICA,ÁFRICA,OTRAS OCM,69
ENERO,SUDÁFRICA,ÁFRICA,SANTA ROSA,27
ENERO,SUDÁN,ÁFRICA,AEROPUERTO INTERNACIONAL JORGE CHÁVEZ,5
ENERO,SUDÁN,ÁFRICA,CEBAF - TUMBES,1
ENERO,SUDÁN,ÁFRICA,DESAGUADERO,0
ENERO,SUDÁN,ÁFRICA,KASANI,0
ENERO,SUDÁN,ÁFRICA,OTRAS OCM,0
ENERO,SUDÁN,ÁFRICA,SANTA ROSA,0
ENERO,SUECIA,EUROPA,AEROPUERTO INTERNACIONAL JORGE CHÁVEZ,3749
ENERO,SUECIA,EUROPA,CEBAF - TUMBES,75
ENERO,SUECIA,EUROPA,DESAGUADERO,169
ENERO,SUECIA,EUROPA,KASANI,96
ENERO,SUECIA,EUROPA,OTRAS OCM,250
ENERO,SUECIA,EUROPA,SANTA ROSA,183
ENERO,SUIZA,EUROPA,AEROPUERTO INTERNACIONAL JORGE CHÁVEZ,6888
ENERO,SUIZA,EUROPA,CEBAF - TUMBES,207
ENERO,SUIZA,EUROPA,DESAGUADERO,305
ENERO,SUIZA,EUROPA,KASANI,238
ENERO,SUIZA,EUROPA,OTRAS OCM,698
ENERO,SUIZA,EUROPA,SANTA ROSA,185
ENERO,SURINAM,AMÉRICA DEL SUR,AEROPUERTO INTERNACIONAL JORGE CHÁVEZ,18
ENERO,SURINAM,AMÉRICA DEL SUR,CEBAF - TUMBES,0
ENERO,SURINAM,AMÉRICA DEL SUR,DESAGUADERO,0
ENERO,SURINAM,AMÉRICA DEL SUR,KASANI,0
ENERO,SURINAM,AMÉRICA DEL SUR,OTRAS OCM,0
ENERO,SURINAM,AMÉRICA DEL SUR,SANTA ROSA,1
ENERO,SWAZILANDIA,ÁFRICA,AEROPUERTO INTERNACIONAL JORGE CHÁVEZ,3
ENERO,SWAZILANDIA,ÁFRICA,CEBAF - TUMBES,0
ENERO,SWAZILANDIA,ÁFRICA,DESAGUADERO,0
ENERO,SWAZILANDIA,ÁFRICA,KASANI,0
ENERO,SWAZILANDIA,ÁFRICA,OTRAS OCM,0
ENERO,SWAZILANDIA,ÁFRICA,SANTA ROSA,0
ENERO,TAILANDIA,ASIA,AEROPUERTO INTERNACIONAL JORGE CHÁVEZ,231
ENERO,TAILANDIA,ASIA,CEBAF - TUMBES,3
ENERO,TAILANDIA,ASIA,DESAGUADERO,2
ENERO,TAILANDIA,ASIA,KASANI,10
ENERO,TAILANDIA,ASIA,OTRAS OCM,38
ENERO,TAILANDIA,ASIA,SANTA ROSA,5
ENERO,TAIWÁN,ASIA,AEROPUERTO INTERNACIONAL JORGE CHÁVEZ,2319
ENERO,TAIWÁN,ASIA,CEBAF - TUMBES,17
ENERO,TAIWÁN,ASIA,DESAGUADERO,59
ENERO,TAIWÁN,ASIA,KASANI,39
ENERO,TAIWÁN,ASIA,OTRAS OCM,278
ENERO,TAIWÁN,ASIA,SANTA ROSA,27
ENERO,TANZANIA,ÁFRICA,AEROPUERTO INTERNACIONAL JORGE CHÁVEZ,4
ENERO,TANZANIA,ÁFRICA,CEBAF - TUMBES,0
ENERO,TANZANIA,ÁFRICA,DESAGUADERO,0
ENERO,TANZANIA,ÁFRICA,KASANI,0
ENERO,TANZANIA,ÁFRICA,OTRAS OCM,1
ENERO,TANZANIA,ÁFRICA,SANTA ROSA,0
ENERO,TAYIKISTÁN,ASIA,AEROPUERTO INTERNACIONAL JORGE CHÁVEZ,3
ENERO,TAYIKISTÁN,ASIA,CEBAF - TUMBES,0
ENERO,TAYIKISTÁN,ASIA,DESAGUADERO,0
ENERO,TAYIKISTÁN,ASIA,KASANI,0
ENERO,TAYIKISTÁN,ASIA,OTRAS OCM,0
ENERO,TAYIKISTÁN,ASIA,SANTA ROSA,0
ENERO,TOGO,ÁFRICA,AEROPUERTO INTERNACIONAL JORGE CHÁVEZ,0
ENERO,TOGO,ÁFRICA,CEBAF - TUMBES,0
ENERO,TOGO,ÁFRICA,DESAGUADERO,0
ENERO,TOGO,ÁFRICA,KASANI,0
ENERO,TOGO,ÁFRICA,OTRAS OCM,0
ENERO,TOGO,ÁFRICA,SANTA ROSA,0
ENERO,TONGA,OCEANÍA,AEROPUERTO INTERNACIONAL JORGE CHÁVEZ,0
ENERO,TONGA,OCEANÍA,CEBAF - TUMBES,0
ENERO,TONGA,OCEANÍA,DESAGUADERO,0
ENERO,TONGA,OCEANÍA,KASANI,0
ENERO,TONGA,OCEANÍA,OTRAS OCM,0
ENERO,TONGA,OCEANÍA,SANTA ROSA,0
ENERO,TRINIDAD Y TOBAGO,AMÉRICA CENTRAL,AEROPUERTO INTERNACIONAL JORGE CHÁVEZ,86
ENERO,TRINIDAD Y TOBAGO,AMÉRICA CENTRAL,CEBAF - TUMBES,0
ENERO,TRINIDAD Y TOBAGO,AMÉRICA CENTRAL,DESAGUADERO,0
ENERO,TRINIDAD Y TOBAGO,AMÉRICA CENTRAL,KASANI,0
ENERO,TRINIDAD Y TOBAGO,AMÉRICA CENTRAL,OTRAS OCM,0
ENERO,TRINIDAD Y TOBAGO,AMÉRICA CENTRAL,SANTA ROSA,0
ENERO,TURKMENISTÁN,ASIA,AEROPUERTO INTERNACIONAL JORGE CHÁVEZ,1
ENERO,TURKMENISTÁN,ASIA,CEBAF - TUMBES,0
ENERO,TURKMENISTÁN,ASIA,DESAGUADERO,0
ENERO,TURKMENISTÁN,ASIA,KASANI,0
ENERO,TURKMENISTÁN,ASIA,OTRAS OCM,0
ENERO,TURKMENISTÁN,ASIA,SANTA ROSA,0
ENERO,TURQUÍA,ASIA,AEROPUERTO INTERNACIONAL JORGE CHÁVEZ,1415
ENERO,TURQUÍA,ASIA,CEBAF - TUMBES,24
ENERO,TURQUÍA,ASIA,DESAGUADERO,156
ENERO,TURQUÍA,ASIA,KASANI,60
ENERO,TURQUÍA,ASIA,OTRAS OCM,154
ENERO,TURQUÍA,ASIA,SANTA ROSA,34
ENERO,TUVALU,OCEANÍA,AEROPUERTO INTERNACIONAL JORGE CHÁVEZ,0
ENERO,TUVALU,OCEANÍA,CEBAF - TUMBES,0
ENERO,TUVALU,OCEANÍA,DESAGUADERO,0
ENERO,TUVALU,OCEANÍA,KASANI,0
ENERO,TUVALU,OCEANÍA,OTRAS OCM,0
ENERO,TUVALU,OCEANÍA,SANTA ROSA,0
ENERO,TÚNEZ,ÁFRICA,AEROPUERTO INTERNACIONAL JORGE CHÁVEZ,20
ENERO,TÚNEZ,ÁFRICA,CEBAF - TUMBES,0
ENERO,TÚNEZ,ÁFRICA,DESAGUADERO,1
ENERO,TÚNEZ,ÁFRICA,KASANI,1
ENERO,TÚNEZ,ÁFRICA,OTRAS OCM,4
ENERO,TÚNEZ,ÁFRICA,SANTA ROSA,0
ENERO,UCRANIA,EUROPA,AEROPUERTO INTERNACIONAL JORGE CHÁVEZ,1324
ENERO,UCRANIA,EUROPA,CEBAF - TUMBES,16
ENERO,UCRANIA,EUROPA,DESAGUADERO,23
ENERO,UCRANIA,EUROPA,KASANI,18
ENERO,UCRANIA,EUROPA,OTRAS OCM,204
ENERO,UCRANIA,EUROPA,SANTA ROSA,28
ENERO,UGANDA,ÁFRICA,AEROPUERTO INTERNACIONAL JORGE CHÁVEZ,8
ENERO,UGANDA,ÁFRICA,CEBAF - TUMBES,0
ENERO,UGANDA,ÁFRICA,DESAGUADERO,0
ENERO,UGANDA,ÁFRICA,KASANI,0
ENERO,UGANDA,ÁFRICA,OTRAS OCM,2
ENERO,UGANDA,ÁFRICA,SANTA ROSA,0
ENERO,URUGUAY,AMÉRICA DEL SUR,AEROPUERTO INTERNACIONAL JORGE CHÁVEZ,5264
ENERO,URUGUAY,AMÉRICA DEL SUR,CEBAF - TUMBES,107
ENERO,URUGUAY,AMÉRICA DEL SUR,DESAGUADERO,209
ENERO,URUGUAY,AMÉRICA DEL SUR,KASANI,95
ENERO,URUGUAY,AMÉRICA DEL SUR,OTRAS OCM,126
ENERO,URUGUAY,AMÉRICA DEL SUR,SANTA ROSA,179
ENERO,UZBEKISTÁN,ASIA,AEROPUERTO INTERNACIONAL JORGE CHÁVEZ,14
ENERO,UZBEKISTÁN,ASIA,CEBAF - TUMBES,0
ENERO,UZBEKISTÁN,ASIA,DESAGUADERO,0
ENERO,UZBEKISTÁN,ASIA,KASANI,0
ENERO,UZBEKISTÁN,ASIA,OTRAS OCM,0
ENERO,UZBEKISTÁN,ASIA,SANTA ROSA,0
ENERO,VANUATU,OCEANÍA,AEROPUERTO INTERNACIONAL JORGE CHÁVEZ,1
ENERO,VANUATU,OCEANÍA,CEBAF - TUMBES,0
ENERO,VANUATU,OCEANÍA,DESAGUADERO,0
ENERO,VANUATU,OCEANÍA,KASANI,0
ENERO,VANUATU,OCEANÍA,OTRAS OCM,0
ENERO,VANUATU,OCEANÍA,SANTA ROSA,0
ENERO,VATICANO,EUROPA,AEROPUERTO INTERNACIONAL JORGE CHÁVEZ,2
ENERO,VATICANO,EUROPA,CEBAF - TUMBES,0
ENERO,VATICANO,EUROPA,DESAGUADERO,0
ENERO,VATICANO,EUROPA,KASANI,0
ENERO,VATICANO,EUROPA,OTRAS OCM,0
ENERO,VATICANO,EUROPA,SANTA ROSA,0
ENERO,VENEZUELA,AMÉRICA DEL SUR,AEROPUERTO INTERNACIONAL JORGE CHÁVEZ,7990
ENERO,VENEZUELA,AMÉRICA DEL SUR,CEBAF - TUMBES,7656
ENERO,VENEZUELA,AMÉRICA DEL SUR,DESAGUADERO,113
ENERO,VENEZUELA,AMÉRICA DEL SUR,KASANI,40
ENERO,VENEZUELA,AMÉRICA DEL SUR,OTRAS OCM,352
ENERO,VENEZUELA,AMÉRICA DEL SUR,SANTA ROSA,2402
ENERO,VIETNAM,ASIA,AEROPUERTO INTERNACIONAL JORGE CHÁVEZ,158
ENERO,VIETNAM,ASIA,CEBAF - TUMBES,1
ENERO,VIETNAM,ASIA,DESAGUADERO,2
ENERO,VIETNAM,ASIA,KASANI,1
ENERO,VIETNAM,ASIA,OTRAS OCM,14
ENERO,VIETNAM,ASIA,SANTA ROSA,3
ENERO,YEMEN,ASIA,AEROPUERTO INTERNACIONAL JORGE CHÁVEZ,6
ENERO,YEMEN,ASIA,CEBAF - TUMBES,0
ENERO,YEMEN,ASIA,DESAGUADERO,0
ENERO,YEMEN,ASIA,KASANI,0
ENERO,YEMEN,ASIA,OTRAS OCM,0
ENERO,YEMEN,ASIA,SANTA ROSA,1
ENERO,ZAMBIA,ÁFRICA,AEROPUERTO INTERNACIONAL JORGE CHÁVEZ,14
ENERO,ZAMBIA,ÁFRICA,CEBAF - TUMBES,0
ENERO,ZAMBIA,ÁFRICA,DESAGUADERO,0
ENERO,ZAMBIA,ÁFRICA,KASANI,0
ENERO,ZAMBIA,ÁFRICA,OTRAS OCM,1
ENERO,ZAMBIA,ÁFRICA,SANTA ROSA,0
ENERO,ZIMBABWE,ÁFRICA,AEROPUERTO INTERNACIONAL JORGE CHÁVEZ,13
ENERO,ZIMBABWE,ÁFRICA,CEBAF - TUMBES,0
ENERO,ZIMBABWE,ÁFRICA,DESAGUADERO,0
ENERO,ZIMBABWE,ÁFRICA,KASANI,0
ENERO,ZIMBABWE,ÁFRICA,OTRAS OCM,6
ENERO,ZIMBABWE,ÁFRICA,SANTA ROSA,0
FEBRERO,AFGHANISTÁN,ASIA,AEROPUERTO INTERNACIONAL JORGE CHÁVEZ,3
FEBRERO,AFGHANISTÁN,ASIA,CEBAF - TUMBES,0
FEBRERO,AFGHANISTÁN,ASIA,DESAGUADERO,1
FEBRERO,AFGHANISTÁN,ASIA,KASANI,0
FEBRERO,AFGHANISTÁN,ASIA,OTRAS OCM,0
FEBRERO,AFGHANISTÁN,ASIA,SANTA ROSA,23
FEBRERO,ALBANIA,EUROPA,AEROPUERTO INTERNACIONAL JORGE CHÁVEZ,27
FEBRERO,ALBANIA,EUROPA,CEBAF - TUMBES,1
FEBRERO,ALBANIA,EUROPA,DESAGUADERO,0
FEBRERO,ALBANIA,EUROPA,KASANI,0
FEBRERO,ALBANIA,EUROPA,OTRAS OCM,3
FEBRERO,ALBANIA,EUROPA,SANTA ROSA,0
FEBRERO,ALEMANIA,EUROPA,AEROPUERTO INTERNACIONAL JORGE CHÁVEZ,22602
FEBRERO,ALEMANIA,EUROPA,CEBAF - TUMBES,691
FEBRERO,ALEMANIA,EUROPA,DESAGUADERO,1177
FEBRERO,ALEMANIA,EUROPA,KASANI,874
FEBRERO,ALEMANIA,EUROPA,OTRAS OCM,2555
FEBRERO,ALEMANIA,EUROPA,SANTA ROSA,598
FEBRERO,ANDORRA,EUROPA,AEROPUERTO INTERNACIONAL JORGE CHÁVEZ,36
FEBRERO,ANDORRA,EUROPA,CEBAF - TUMBES,1
FEBRERO,ANDORRA,EUROPA,DESAGUADERO,0
FEBRERO,ANDORRA,EUROPA,KASANI,0
FEBRERO,ANDORRA,EUROPA,OTRAS OCM,4
FEBRERO,ANDORRA,EUROPA,SANTA ROSA,0
FEBRERO,ANGOLA,ÁFRICA,AEROPUERTO INTERNACIONAL JORGE CHÁVEZ,5
FEBRERO,ANGOLA,ÁFRICA,CEBAF - TUMBES,0
FEBRERO,ANGOLA,ÁFRICA,DESAGUADERO,0
FEBRERO,ANGOLA,ÁFRICA,KASANI,0
FEBRERO,ANGOLA,ÁFRICA,OTRAS OCM,0
FEBRERO,ANGOLA,ÁFRICA,SANTA ROSA,0
FEBRERO,ANT. BARBUDA,AMÉRICA CENTRAL,AEROPUERTO INTERNACIONAL JORGE CHÁVEZ,23
FEBRERO,ANT. BARBUDA,AMÉRICA CENTRAL,CEBAF - TUMBES,0
FEBRERO,ANT. BARBUDA,AMÉRICA CENTRAL,DESAGUADERO,0
FEBRERO,ANT. BARBUDA,AMÉRICA CENTRAL,KASANI,0
FEBRERO,ANT. BARBUDA,AMÉRICA CENTRAL,OTRAS OCM,0
FEBRERO,ANT. BARBUDA,AMÉRICA CENTRAL,SANTA ROSA,0
FEBRERO,ARABIA SAUDITA,ASIA,AEROPUERTO INTERNACIONAL JORGE CHÁVEZ,56
FEBRERO,ARABIA SAUDITA,ASIA,CEBAF - TUMBES,0
FEBRERO,ARABIA SAUDITA,ASIA,DESAGUADERO,2
FEBRERO,ARABIA SAUDITA,ASIA,KASANI,1
FEBRERO,ARABIA SAUDITA,ASIA,OTRAS OCM,3
FEBRERO,ARABIA SAUDITA,ASIA,SANTA ROSA,0
FEBRERO,ARGELIA,ÁFRICA,AEROPUERTO INTERNACIONAL JORGE CHÁVEZ,22
FEBRERO,ARGELIA,ÁFRICA,CEBAF - TUMBES,0
FEBRERO,ARGELIA,ÁFRICA,DESAGUADERO,1
FEBRERO,ARGELIA,ÁFRICA,KASANI,0
FEBRERO,ARGELIA,ÁFRICA,OTRAS OCM,0
FEBRERO,ARGELIA,ÁFRICA,SANTA ROSA,0
FEBRERO,ARGENTINA,AMÉRICA DEL SUR,AEROPUERTO INTERNACIONAL JORGE CHÁVEZ,51680
FEBRERO,ARGENTINA,AMÉRICA DEL SUR,CEBAF - TUMBES,1331
FEBRERO,ARGENTINA,AMÉRICA DEL SUR,DESAGUADERO,2946
FEBRERO,ARGENTINA,AMÉRICA DEL SUR,KASANI,965
FEBRERO,ARGENTINA,AMÉRICA DEL SUR,OTRAS OCM,1130
FEBRERO,ARGENTINA,AMÉRICA DEL SUR,SANTA ROSA,5851
FEBRERO,ARMENIA,ASIA,AEROPUERTO INTERNACIONAL JORGE CHÁVEZ,54
FEBRERO,ARMENIA,ASIA,CEBAF - TUMBES,1
FEBRERO,ARMENIA,ASIA,DESAGUADERO,1
FEBRERO,ARMENIA,ASIA,KASANI,1
FEBRERO,ARMENIA,ASIA,OTRAS OCM,3
FEBRERO,ARMENIA,ASIA,SANTA ROSA,3
FEBRERO,ARUBA,AMÉRICA CENTRAL,AEROPUERTO INTERNACIONAL JORGE CHÁVEZ,50
FEBRERO,ARUBA,AMÉRICA CENTRAL,CEBAF - TUMBES,0
FEBRERO,ARUBA,AMÉRICA CENTRAL,DESAGUADERO,0
FEBRERO,ARUBA,AMÉRICA CENTRAL,KASANI,0
FEBRERO,ARUBA,AMÉRICA CENTRAL,OTRAS OCM,1
FEBRERO,ARUBA,AMÉRICA CENTRAL,SANTA ROSA,0
FEBRERO,AUSTRALIA,OCEANÍA,AEROPUERTO INTERNACIONAL JORGE CHÁVEZ,6125
FEBRERO,AUSTRALIA,OCEANÍA,CEBAF - TUMBES,141
FEBRERO,AUSTRALIA,OCEANÍA,DESAGUADERO,267
FEBRERO,AUSTRALIA,OCEANÍA,KASANI,161
FEBRERO,AUSTRALIA,OCEANÍA,OTRAS OCM,664
FEBRERO,AUSTRALIA,OCEANÍA,SANTA ROSA,66
FEBRERO,AUSTRIA,EUROPA,AEROPUERTO INTERNACIONAL JORGE CHÁVEZ,2184
FEBRERO,AUSTRIA,EUROPA,CEBAF - TUMBES,50
FEBRERO,AUSTRIA,EUROPA,DESAGUADERO,150
FEBRERO,AUSTRIA,EUROPA,KASANI,71
FEBRERO,AUSTRIA,EUROPA,OTRAS OCM,328
FEBRERO,AUSTRIA,EUROPA,SANTA ROSA,54
FEBRERO,AZERBAIYÁN,ASIA,AEROPUERTO INTERNACIONAL JORGE CHÁVEZ,29
FEBRERO,AZERBAIYÁN,ASIA,CEBAF - TUMBES,1
FEBRERO,AZERBAIYÁN,ASIA,DESAGUADERO,1
FEBRERO,AZERBAIYÁN,ASIA,KASANI,0
FEBRERO,AZERBAIYÁN,ASIA,OTRAS OCM,0
FEBRERO,AZERBAIYÁN,ASIA,SANTA ROSA,0
FEBRERO,BAHAMAS,AMÉRICA CENTRAL,AEROPUERTO INTERNACIONAL JORGE CHÁVEZ,94
FEBRERO,BAHAMAS,AMÉRICA CENTRAL,CEBAF - TUMBES,0
FEBRERO,BAHAMAS,AMÉRICA CENTRAL,DESAGUADERO,0
FEBRERO,BAHAMAS,AMÉRICA CENTRAL,KASANI,0
FEBRERO,BAHAMAS,AMÉRICA CENTRAL,OTRAS OCM,0
FEBRERO,BAHAMAS,AMÉRICA CENTRAL,SANTA ROSA,0
FEBRERO,BAHRÉIN,ASIA,AEROPUERTO INTERNACIONAL JORGE CHÁVEZ,6
FEBRERO,BAHRÉIN,ASIA,CEBAF - TUMBES,1
FEBRERO,BAHRÉIN,ASIA,DESAGUADERO,0
FEBRERO,BAHRÉIN,ASIA,KASANI,0
FEBRERO,BAHRÉIN,ASIA,OTRAS OCM,0
FEBRERO,BAHRÉIN,ASIA,SANTA ROSA,0
FEBRERO,BANGLADESH,ASIA,AEROPUERTO INTERNACIONAL JORGE CHÁVEZ,54
FEBRERO,BANGLADESH,ASIA,CEBAF - TUMBES,2
FEBRERO,BANGLADESH,ASIA,DESAGUADERO,0
FEBRERO,BANGLADESH,ASIA,KASANI,0
FEBRERO,BANGLADESH,ASIA,OTRAS OCM,4
FEBRERO,BANGLADESH,ASIA,SANTA ROSA,0
FEBRERO,BARBADOS,AMÉRICA CENTRAL,AEROPUERTO INTERNACIONAL JORGE CHÁVEZ,81
FEBRERO,BARBADOS,AMÉRICA CENTRAL,CEBAF - TUMBES,0
FEBRERO,BARBADOS,AMÉRICA CENTRAL,DESAGUADERO,0
FEBRERO,BARBADOS,AMÉRICA CENTRAL,KASANI,1
FEBRERO,BARBADOS,AMÉRICA CENTRAL,OTRAS OCM,4
FEBRERO,BARBADOS,AMÉRICA CENTRAL,SANTA ROSA,1
FEBRERO,BELICE,AMÉRICA CENTRAL,AEROPUERTO INTERNACIONAL JORGE CHÁVEZ,138
FEBRERO,BELICE,AMÉRICA CENTRAL,CEBAF - TUMBES,1
FEBRERO,BELICE,AMÉRICA CENTRAL,DESAGUADERO,1
FEBRERO,BELICE,AMÉRICA CENTRAL,KASANI,0
FEBRERO,BELICE,AMÉRICA CENTRAL,OTRAS OCM,2
FEBRERO,BELICE,AMÉRICA CENTRAL,SANTA ROSA,0
FEBRERO,BELORUSIA,EUROPA,AEROPUERTO INTERNACIONAL JORGE CHÁVEZ,254
FEBRERO,BELORUSIA,EUROPA,CEBAF - TUMBES,1
FEBRERO,BELORUSIA,EUROPA,DESAGUADERO,5
FEBRERO,BELORUSIA,EUROPA,KASANI,4
FEBRERO,BELORUSIA,EUROPA,OTRAS OCM,21
FEBRERO,BELORUSIA,EUROPA,SANTA ROSA,1
FEBRERO,BENÍN,ÁFRICA,AEROPUERTO INTERNACIONAL JORGE CHÁVEZ,2
FEBRERO,BENÍN,ÁFRICA,CEBAF - TUMBES,0
FEBRERO,BENÍN,ÁFRICA,DESAGUADERO,0
FEBRERO,BENÍN,ÁFRICA,KASANI,0
FEBRERO,BENÍN,ÁFRICA,OTRAS OCM,0
FEBRERO,BENÍN,ÁFRICA,SANTA ROSA,0
FEBRERO,BERMUDAS,AMÉRICA CENTRAL,AEROPUERTO INTERNACIONAL JORGE CHÁVEZ,15
FEBRERO,BERMUDAS,AMÉRICA CENTRAL,CEBAF - TUMBES,0
FEBRERO,BERMUDAS,AMÉRICA CENTRAL,DESAGUADERO,0
FEBRERO,BERMUDAS,AMÉRICA CENTRAL,KASANI,0
FEBRERO,BERMUDAS,AMÉRICA CENTRAL,OTRAS OCM,0
FEBRERO,BERMUDAS,AMÉRICA CENTRAL,SANTA ROSA,0
FEBRERO,BHUTÁN,ASIA,AEROPUERTO INTERNACIONAL JORGE CHÁVEZ,1
FEBRERO,BHUTÁN,ASIA,CEBAF - TUMBES,0
FEBRERO,BHUTÁN,ASIA,DESAGUADERO,0
FEBRERO,BHUTÁN,ASIA,KASANI,0
FEBRERO,BHUTÁN,ASIA,OTRAS OCM,0
FEBRERO,BHUTÁN,ASIA,SANTA ROSA,0
FEBRERO,BOLIVIA,AMÉRICA DEL SUR,AEROPUERTO INTERNACIONAL JORGE CHÁVEZ,9542
FEBRERO,BOLIVIA,AMÉRICA DEL SUR,CEBAF - TUMBES,493
FEBRERO,BOLIVIA,AMÉRICA DEL SUR,DESAGUADERO,39593
FEBRERO,BOLIVIA,AMÉRICA DEL SUR,KASANI,7013
FEBRERO,BOLIVIA,AMÉRICA DEL SUR,OTRAS OCM,4140
FEBRERO,BOLIVIA,AMÉRICA DEL SUR,SANTA ROSA,14108
FEBRERO,BOSNIA Y HERZEGOVINA,EUROPA,AEROPUERTO INTERNACIONAL JORGE CHÁVEZ,21
FEBRERO,BOSNIA Y HERZEGOVINA,EUROPA,CEBAF - TUMBES,0
FEBRERO,BOSNIA Y HERZEGOVINA,EUROPA,DESAGUADERO,8
FEBRERO,BOSNIA Y HERZEGOVINA,EUROPA,KASANI,1
FEBRERO,BOSNIA Y HERZEGOVINA,EUROPA,OTRAS OCM,1
FEBRERO,BOSNIA Y HERZEGOVINA,EUROPA,SANTA ROSA,4
FEBRERO,BOTSWANA,ÁFRICA,AEROPUERTO INTERNACIONAL JORGE CHÁVEZ,1
FEBRERO,BOTSWANA,ÁFRICA,CEBAF - TUMBES,0
FEBRERO,BOTSWANA,ÁFRICA,DESAGUADERO,0
FEBRERO,BOTSWANA,ÁFRICA,KASANI,0
FEBRERO,BOTSWANA,ÁFRICA,OTRAS OCM,0
FEBRERO,BOTSWANA,ÁFRICA,SANTA ROSA,0
FEBRERO,BRASIL,AMÉRICA DEL SUR,AEROPUERTO INTERNACIONAL JORGE CHÁVEZ,40856
FEBRERO,BRASIL,AMÉRICA DEL SUR,CEBAF - TUMBES,208
FEBRERO,BRASIL,AMÉRICA DEL SUR,DESAGUADERO,770
FEBRERO,BRASIL,AMÉRICA DEL SUR,KASANI,401
FEBRERO,BRASIL,AMÉRICA DEL SUR,OTRAS OCM,6638
FEBRERO,BRASIL,AMÉRICA DEL SUR,SANTA ROSA,1916
FEBRERO,BRUNÉI,ASIA,AEROPUERTO INTERNACIONAL JORGE CHÁVEZ,15
FEBRERO,BRUNÉI,ASIA,CEBAF - TUMBES,0
FEBRERO,BRUNÉI,ASIA,DESAGUADERO,0
FEBRERO,BRUNÉI,ASIA,KASANI,0
FEBRERO,BRUNÉI,ASIA,OTRAS OCM,0
FEBRERO,BRUNÉI,ASIA,SANTA ROSA,0
FEBRERO,BULGARIA,EUROPA,AEROPUERTO INTERNACIONAL JORGE CHÁVEZ,410
FEBRERO,BULGARIA,EUROPA,CEBAF - TUMBES,11
FEBRERO,BULGARIA,EUROPA,DESAGUADERO,4
FEBRERO,BULGARIA,EUROPA,KASANI,1
FEBRERO,BULGARIA,EUROPA,OTRAS OCM,49
FEBRERO,BULGARIA,EUROPA,SANTA ROSA,4
FEBRERO,BURKINA FASO,ÁFRICA,AEROPUERTO INTERNACIONAL JORGE CHÁVEZ,3
FEBRERO,BURKINA FASO,ÁFRICA,CEBAF - TUMBES,0
FEBRERO,BURKINA FASO,ÁFRICA,DESAGUADERO,0
FEBRERO,BURKINA FASO,ÁFRICA,KASANI,0
FEBRERO,BURKINA FASO,ÁFRICA,OTRAS OCM,0
FEBRERO,BURKINA FASO,ÁFRICA,SANTA ROSA,0
FEBRERO,BURUNDI,ÁFRICA,AEROPUERTO INTERNACIONAL JORGE CHÁVEZ,0
FEBRERO,BURUNDI,ÁFRICA,CEBAF - TUMBES,0
FEBRERO,BURUNDI,ÁFRICA,DESAGUADERO,0
FEBRERO,BURUNDI,ÁFRICA,KASANI,0
FEBRERO,BURUNDI,ÁFRICA,OTRAS OCM,0
FEBRERO,BURUNDI,ÁFRICA,SANTA ROSA,0
FEBRERO,BÉLGICA,EUROPA,AEROPUERTO INTERNACIONAL JORGE CHÁVEZ,3238
FEBRERO,BÉLGICA,EUROPA,CEBAF - TUMBES,114
FEBRERO,BÉLGICA,EUROPA,DESAGUADERO,103
FEBRERO,BÉLGICA,EUROPA,KASANI,114
FEBRERO,BÉLGICA,EUROPA,OTRAS OCM,166
FEBRERO,BÉLGICA,EUROPA,SANTA ROSA,76
FEBRERO,CABO VERDE,ÁFRICA,AEROPUERTO INTERNACIONAL JORGE CHÁVEZ,6
FEBRERO,CABO VERDE,ÁFRICA,CEBAF - TUMBES,0
FEBRERO,CABO VERDE,ÁFRICA,DESAGUADERO,0
FEBRERO,CABO VERDE,ÁFRICA,KASANI,0
FEBRERO,CABO VERDE,ÁFRICA,OTRAS OCM,3
FEBRERO,CABO VERDE,ÁFRICA,SANTA ROSA,0
FEBRERO,CAMBOYA,ASIA,AEROPUERTO INTERNACIONAL JORGE CHÁVEZ,2
FEBRERO,CAMBOYA,ASIA,CEBAF - TUMBES,0
FEBRERO,CAMBOYA,ASIA,DESAGUADERO,0
FEBRERO,CAMBOYA,ASIA,KASANI,0
FEBRERO,CAMBOYA,ASIA,OTRAS OCM,0
FEBRERO,CAMBOYA,ASIA,SANTA ROSA,0
FEBRERO,CAMERÚN,ÁFRICA,AEROPUERTO INTERNACIONAL JORGE CHÁVEZ,19
FEBRERO,CAMERÚN,ÁFRICA,CEBAF - TUMBES,1
FEBRERO,CAMERÚN,ÁFRICA,DESAGUADERO,0
FEBRERO,CAMERÚN,ÁFRICA,KASANI,0
FEBRERO,CAMERÚN,ÁFRICA,OTRAS OCM,0
FEBRERO,CAMERÚN,ÁFRICA,SANTA ROSA,0
FEBRERO,CANADÁ,AMÉRICA DEL NORTE,AEROPUERTO INTERNACIONAL JORGE CHÁVEZ,28902
FEBRERO,CANADÁ,AMÉRICA DEL NORTE,CEBAF - TUMBES,320
FEBRERO,CANADÁ,AMÉRICA DEL NORTE,DESAGUADERO,231
FEBRERO,CANADÁ,AMÉRICA DEL NORTE,KASANI,168
FEBRERO,CANADÁ,AMÉRICA DEL NORTE,OTRAS OCM,1303
FEBRERO,CANADÁ,AMÉRICA DEL NORTE,SANTA ROSA,246
FEBRERO,CEYLÁN,ASIA,AEROPUERTO INTERNACIONAL JORGE CHÁVEZ,0
FEBRERO,CEYLÁN,ASIA,CEBAF - TUMBES,0
FEBRERO,CEYLÁN,ASIA,DESAGUADERO,0
FEBRERO,CEYLÁN,ASIA,KASANI,0
FEBRERO,CEYLÁN,ASIA,OTRAS OCM,0
FEBRERO,CEYLÁN,ASIA,SANTA ROSA,0
FEBRERO,CHAD,ÁFRICA,AEROPUERTO INTERNACIONAL JORGE CHÁVEZ,2
FEBRERO,CHAD,ÁFRICA,CEBAF - TUMBES,0
FEBRERO,CHAD,ÁFRICA,DESAGUADERO,0
FEBRERO,CHAD,ÁFRICA,KASANI,0
FEBRERO,CHAD,ÁFRICA,OTRAS OCM,0
FEBRERO,CHAD,ÁFRICA,SANTA ROSA,1
FEBRERO,CHILE,AMÉRICA DEL SUR,AEROPUERTO INTERNACIONAL JORGE CHÁVEZ,121622
FEBRERO,CHILE,AMÉRICA DEL SUR,CEBAF - TUMBES,4752
FEBRERO,CHILE,AMÉRICA DEL SUR,DESAGUADERO,2391
FEBRERO,CHILE,AMÉRICA DEL SUR,KASANI,1105
FEBRERO,CHILE,AMÉRICA DEL SUR,OTRAS OCM,12834
FEBRERO,CHILE,AMÉRICA DEL SUR,SANTA ROSA,686051
FEBRERO,CHINA (R.P),ASIA,AEROPUERTO INTERNACIONAL JORGE CHÁVEZ,11689
FEBRERO,CHINA (R.P),ASIA,CEBAF - TUMBES,68
FEBRERO,CHINA (R.P),ASIA,DESAGUADERO,232
FEBRERO,CHINA (R.P),ASIA,KASANI,108
FEBRERO,CHINA (R.P),ASIA,OTRAS OCM,747
FEBRERO,CHINA (R.P),ASIA,SANTA ROSA,127
FEBRERO,CHIPRE,EUROPA,AEROPUERTO INTERNACIONAL JORGE CHÁVEZ,88
FEBRERO,CHIPRE,EUROPA,CEBAF - TUMBES,0
FEBRERO,CHIPRE,EUROPA,DESAGUADERO,0
FEBRERO,CHIPRE,EUROPA,KASANI,0
FEBRERO,CHIPRE,EUROPA,OTRAS OCM,4
FEBRERO,CHIPRE,EUROPA,SANTA ROSA,1
FEBRERO,COLOMBIA,AMÉRICA DEL SUR,AEROPUERTO INTERNACIONAL JORGE CHÁVEZ,45371
FEBRERO,COLOMBIA,AMÉRICA DEL SUR,CEBAF - TUMBES,14303
FEBRERO,COLOMBIA,AMÉRICA DEL SUR,DESAGUADERO,1253
FEBRERO,COLOMBIA,AMÉRICA DEL SUR,KASANI,396
FEBRERO,COLOMBIA,AMÉRICA DEL SUR,OTRAS OCM,5063
FEBRERO,COLOMBIA,AMÉRICA DEL SUR,SANTA ROSA,6007
FEBRERO,COMORAS (ISL),ÁFRICA,AEROPUERTO INTERNACIONAL JORGE CHÁVEZ,0
FEBRERO,COMORAS (ISL),ÁFRICA,CEBAF - TUMBES,1
FEBRERO,COMORAS (ISL),ÁFRICA,DESAGUADERO,0
FEBRERO,COMORAS (ISL),ÁFRICA,KASANI,0
FEBRERO,COMORAS (ISL),ÁFRICA,OTRAS OCM,0
FEBRERO,COMORAS (ISL),ÁFRICA,SANTA ROSA,0
FEBRERO,CONGO,ÁFRICA,AEROPUERTO INTERNACIONAL JORGE CHÁVEZ,3
FEBRERO,CONGO,ÁFRICA,CEBAF - TUMBES,1
FEBRERO,CONGO,ÁFRICA,DESAGUADERO,1
FEBRERO,CONGO,ÁFRICA,KASANI,0
FEBRERO,CONGO,ÁFRICA,OTRAS OCM,0
FEBRERO,CONGO,ÁFRICA,SANTA ROSA,0
FEBRERO,COREA DEL NORTE,ASIA,AEROPUERTO INTERNACIONAL JORGE CHÁVEZ,1
FEBRERO,COREA DEL NORTE,ASIA,CEBAF - TUMBES,0
FEBRERO,COREA DEL NORTE,ASIA,DESAGUADERO,0
FEBRERO,COREA DEL NORTE,ASIA,KASANI,0
FEBRERO,COREA DEL NORTE,ASIA,OTRAS OCM,0
FEBRERO,COREA DEL NORTE,ASIA,SANTA ROSA,0
FEBRERO,COREA DEL SUR,ASIA,AEROPUERTO INTERNACIONAL JORGE CHÁVEZ,13663
FEBRERO,COREA DEL SUR,ASIA,CEBAF - TUMBES,166
FEBRERO,COREA DEL SUR,ASIA,DESAGUADERO,372
FEBRERO,COREA DEL SUR,ASIA,KASANI,133
FEBRERO,COREA DEL SUR,ASIA,OTRAS OCM,961
FEBRERO,COREA DEL SUR,ASIA,SANTA ROSA,60
FEBRERO,COSTA MARFIL,ÁFRICA,AEROPUERTO INTERNACIONAL JORGE CHÁVEZ,9
FEBRERO,COSTA MARFIL,ÁFRICA,CEBAF - TUMBES,0
FEBRERO,COSTA MARFIL,ÁFRICA,DESAGUADERO,0
FEBRERO,COSTA MARFIL,ÁFRICA,KASANI,0
FEBRERO,COSTA MARFIL,ÁFRICA,OTRAS OCM,0
FEBRERO,COSTA MARFIL,ÁFRICA,SANTA ROSA,0
FEBRERO,COSTA RICA,AMÉRICA CENTRAL,AEROPUERTO INTERNACIONAL JORGE CHÁVEZ,4804
FEBRERO,COSTA RICA,AMÉRICA CENTRAL,CEBAF - TUMBES,29
FEBRERO,COSTA RICA,AMÉRICA CENTRAL,DESAGUADERO,43
FEBRERO,COSTA RICA,AMÉRICA CENTRAL,KASANI,18
FEBRERO,COSTA RICA,AMÉRICA CENTRAL,OTRAS OCM,462
FEBRERO,COSTA RICA,AMÉRICA CENTRAL,SANTA ROSA,56
FEBRERO,CROACIA,EUROPA,AEROPUERTO INTERNACIONAL JORGE CHÁVEZ,433
FEBRERO,CROACIA,EUROPA,CEBAF - TUMBES,6
FEBRERO,CROACIA,EUROPA,DESAGUADERO,21
FEBRERO,CROACIA,EUROPA,KASANI,14
FEBRERO,CROACIA,EUROPA,OTRAS OCM,41
FEBRERO,CROACIA,EUROPA,SANTA ROSA,4
FEBRERO,CUBA,AMÉRICA CENTRAL,AEROPUERTO INTERNACIONAL JORGE CHÁVEZ,2362
FEBRERO,CUBA,AMÉRICA CENTRAL,CEBAF - TUMBES,31
FEBRERO,CUBA,AMÉRICA CENTRAL,DESAGUADERO,4
FEBRERO,CUBA,AMÉRICA CENTRAL,KASANI,1
FEBRERO,CUBA,AMÉRICA CENTRAL,OTRAS OCM,33
FEBRERO,CUBA,AMÉRICA CENTRAL,SANTA ROSA,71
FEBRERO,DEMOC. REP. CONGO (ZAIRE),ÁFRICA,AEROPUERTO INTERNACIONAL JORGE CHÁVEZ,4
FEBRERO,DEMOC. REP. CONGO (ZAIRE),ÁFRICA,CEBAF - TUMBES,0
FEBRERO,DEMOC. REP. CONGO (ZAIRE),ÁFRICA,DESAGUADERO,0
FEBRERO,DEMOC. REP. CONGO (ZAIRE),ÁFRICA,KASANI,0
FEBRERO,DEMOC. REP. CONGO (ZAIRE),ÁFRICA,OTRAS OCM,0
FEBRERO,DEMOC. REP. CONGO (ZAIRE),ÁFRICA,SANTA ROSA,0
FEBRERO,DINAMARCA,EUROPA,AEROPUERTO INTERNACIONAL JORGE CHÁVEZ,1796
FEBRERO,DINAMARCA,EUROPA,CEBAF - TUMBES,84
FEBRERO,DINAMARCA,EUROPA,DESAGUADERO,90
FEBRERO,DINAMARCA,EUROPA,KASANI,87
FEBRERO,DINAMARCA,EUROPA,OTRAS OCM,144
FEBRERO,DINAMARCA,EUROPA,SANTA ROSA,45
FEBRERO,DJIBOUTI,ÁFRICA,AEROPUERTO INTERNACIONAL JORGE CHÁVEZ,0
FEBRERO,DJIBOUTI,ÁFRICA,CEBAF - TUMBES,0
FEBRERO,DJIBOUTI,ÁFRICA,DESAGUADERO,0
FEBRERO,DJIBOUTI,ÁFRICA,KASANI,0
FEBRERO,DJIBOUTI,ÁFRICA,OTRAS OCM,0
FEBRERO,DJIBOUTI,ÁFRICA,SANTA ROSA,0
FEBRERO,DOMINICA,AMÉRICA CENTRAL,AEROPUERTO INTERNACIONAL JORGE CHÁVEZ,15
FEBRERO,DOMINICA,AMÉRICA CENTRAL,CEBAF - TUMBES,0
FEBRERO,DOMINICA,AMÉRICA CENTRAL,DESAGUADERO,0
FEBRERO,DOMINICA,AMÉRICA CENTRAL,KASANI,0
FEBRERO,DOMINICA,AMÉRICA CENTRAL,OTRAS OCM,1
FEBRERO,DOMINICA,AMÉRICA CENTRAL,SANTA ROSA,4
FEBRERO,ECUADOR,AMÉRICA DEL SUR,AEROPUERTO INTERNACIONAL JORGE CHÁVEZ,21196
FEBRERO,ECUADOR,AMÉRICA DEL SUR,CEBAF - TUMBES,93878
FEBRERO,ECUADOR,AMÉRICA DEL SUR,DESAGUADERO,575
FEBRERO,ECUADOR,AMÉRICA DEL SUR,KASANI,145
FEBRERO,ECUADOR,AMÉRICA DEL SUR,OTRAS OCM,15749
FEBRERO,ECUADOR,AMÉRICA DEL SUR,SANTA ROSA,4422
FEBRERO,EE.UU,AMÉRICA DEL NORTE,AEROPUERTO INTERNACIONAL JORGE CHÁVEZ,202492
FEBRERO,EE.UU,AMÉRICA DEL NORTE,CEBAF - TUMBES,983
FEBRERO,EE.UU,AMÉRICA DEL NORTE,DESAGUADERO,318
FEBRERO,EE.UU,AMÉRICA DEL NORTE,KASANI,209
FEBRERO,EE.UU,AMÉRICA DEL NORTE,OTRAS OCM,6471
FEBRERO,EE.UU,AMÉRICA DEL NORTE,SANTA ROSA,651
FEBRERO,EGIPTO,ÁFRICA,AEROPUERTO INTERNACIONAL JORGE CHÁVEZ,88
FEBRERO,EGIPTO,ÁFRICA,CEBAF - TUMBES,8
FEBRERO,EGIPTO,ÁFRICA,DESAGUADERO,0
FEBRERO,EGIPTO,ÁFRICA,KASANI,0
FEBRERO,EGIPTO,ÁFRICA,OTRAS OCM,4
FEBRERO,EGIPTO,ÁFRICA,SANTA ROSA,1
FEBRERO,EL SALVADOR,AMÉRICA CENTRAL,AEROPUERTO INTERNACIONAL JORGE CHÁVEZ,1862
FEBRERO,EL SALVADOR,AMÉRICA CENTRAL,CEBAF - TUMBES,6
FEBRERO,EL SALVADOR,AMÉRICA CENTRAL,DESAGUADERO,5
FEBRERO,EL SALVADOR,AMÉRICA CENTRAL,KASANI,2
FEBRERO,EL SALVADOR,AMÉRICA CENTRAL,OTRAS OCM,71
FEBRERO,EL SALVADOR,AMÉRICA CENTRAL,SANTA ROSA,8
FEBRERO,EMIRATOS ÁRABES UNIDOS,ASIA,AEROPUERTO INTERNACIONAL JORGE CHÁVEZ,59
FEBRERO,EMIRATOS ÁRABES UNIDOS,ASIA,CEBAF - TUMBES,0
FEBRERO,EMIRATOS ÁRABES UNIDOS,ASIA,DESAGUADERO,1
FEBRERO,EMIRATOS ÁRABES UNIDOS,ASIA,KASANI,0
FEBRERO,EMIRATOS ÁRABES UNIDOS,ASIA,OTRAS OCM,0
FEBRERO,EMIRATOS ÁRABES UNIDOS,ASIA,SANTA ROSA,0
FEBRERO,ERITREA,ÁFRICA,AEROPUERTO INTERNACIONAL JORGE CHÁVEZ,4
FEBRERO,ERITREA,ÁFRICA,CEBAF - TUMBES,0
FEBRERO,ERITREA,ÁFRICA,DESAGUADERO,0
FEBRERO,ERITREA,ÁFRICA,KASANI,0
FEBRERO,ERITREA,ÁFRICA,OTRAS OCM,0
FEBRERO,ERITREA,ÁFRICA,SANTA ROSA,0
FEBRERO,ESLOVAQUIA,EUROPA,AEROPUERTO INTERNACIONAL JORGE CHÁVEZ,638
FEBRERO,ESLOVAQUIA,EUROPA,CEBAF - TUMBES,13
FEBRERO,ESLOVAQUIA,EUROPA,DESAGUADERO,89
FEBRERO,ESLOVAQUIA,EUROPA,KASANI,13
FEBRERO,ESLOVAQUIA,EUROPA,OTRAS OCM,38
FEBRERO,ESLOVAQUIA,EUROPA,SANTA ROSA,20
FEBRERO,ESLOVENIA,EUROPA,AEROPUERTO INTERNACIONAL JORGE CHÁVEZ,265
FEBRERO,ESLOVENIA,EUROPA,CEBAF - TUMBES,4
FEBRERO,ESLOVENIA,EUROPA,DESAGUADERO,22
FEBRERO,ESLOVENIA,EUROPA,KASANI,11
FEBRERO,ESLOVENIA,EUROPA,OTRAS OCM,16
FEBRERO,ESLOVENIA,EUROPA,SANTA ROSA,3
FEBRERO,ESPAÑA,EUROPA,AEROPUERTO INTERNACIONAL JORGE CHÁVEZ,49225
FEBRERO,ESPAÑA,EUROPA,CEBAF - TUMBES,513
FEBRERO,ESPAÑA,EUROPA,DESAGUADERO,549
FEBRERO,ESPAÑA,EUROPA,KASANI,314
FEBRERO,ESPAÑA,EUROPA,OTRAS OCM,943
FEBRERO,ESPAÑA,EUROPA,SANTA ROSA,495
FEBRERO,ESTONIA,EUROPA,AEROPUERTO INTERNACIONAL JORGE CHÁVEZ,224
FEBRERO,ESTONIA,EUROPA,CEBAF - TUMBES,5
FEBRERO,ESTONIA,EUROPA,DESAGUADERO,6
FEBRERO,ESTONIA,EUROPA,KASANI,2
FEBRERO,ESTONIA,EUROPA,OTRAS OCM,10
FEBRERO,ESTONIA,EUROPA,SANTA ROSA,3
FEBRERO,ETIOPÍA,ÁFRICA,AEROPUERTO INTERNACIONAL JORGE CHÁVEZ,11
FEBRERO,ETIOPÍA,ÁFRICA,CEBAF - TUMBES,0
FEBRERO,ETIOPÍA,ÁFRICA,DESAGUADERO,0
FEBRERO,ETIOPÍA,ÁFRICA,KASANI,0
FEBRERO,ETIOPÍA,ÁFRICA,OTRAS OCM,1
FEBRERO,ETIOPÍA,ÁFRICA,SANTA ROSA,0
FEBRERO,EX R. YUG. MACEDONIA,EUROPA,AEROPUERTO INTERNACIONAL JORGE CHÁVEZ,41
FEBRERO,EX R. YUG. MACEDONIA,EUROPA,CEBAF - TUMBES,1
FEBRERO,EX R. YUG. MACEDONIA,EUROPA,DESAGUADERO,1
FEBRERO,EX R. YUG. MACEDONIA,EUROPA,KASANI,0
FEBRERO,EX R. YUG. MACEDONIA,EUROPA,OTRAS OCM,1
FEBRERO,EX R. YUG. MACEDONIA,EUROPA,SANTA ROSA,1
FEBRERO,FIJI,OCEANÍA,AEROPUERTO INTERNACIONAL JORGE CHÁVEZ,4
FEBRERO,FIJI,OCEANÍA,CEBAF - TUMBES,0
FEBRERO,FIJI,OCEANÍA,DESAGUADERO,0
FEBRERO,FIJI,OCEANÍA,KASANI,0
FEBRERO,FIJI,OCEANÍA,OTRAS OCM,3
FEBRERO,FIJI,OCEANÍA,SANTA ROSA,1
FEBRERO,FILIPINAS,ASIA,AEROPUERTO INTERNACIONAL JORGE CHÁVEZ,1391
FEBRERO,FILIPINAS,ASIA,CEBAF - TUMBES,9
FEBRERO,FILIPINAS,ASIA,DESAGUADERO,16
FEBRERO,FILIPINAS,ASIA,KASANI,5
FEBRERO,FILIPINAS,ASIA,OTRAS OCM,700
FEBRERO,FILIPINAS,ASIA,SANTA ROSA,0
FEBRERO,FINLANDIA,EUROPA,AEROPUERTO INTERNACIONAL JORGE CHÁVEZ,764
FEBRERO,FINLANDIA,EUROPA,CEBAF - TUMBES,26
FEBRERO,FINLANDIA,EUROPA,DESAGUADERO,65
FEBRERO,FINLANDIA,EUROPA,KASANI,15
FEBRERO,FINLANDIA,EUROPA,OTRAS OCM,50
FEBRERO,FINLANDIA,EUROPA,SANTA ROSA,17
FEBRERO,FRANCIA,EUROPA,AEROPUERTO INTERNACIONAL JORGE CHÁVEZ,24124
FEBRERO,FRANCIA,EUROPA,CEBAF - TUMBES,674
FEBRERO,FRANCIA,EUROPA,DESAGUADERO,1210
FEBRERO,FRANCIA,EUROPA,KASANI,913
FEBRERO,FRANCIA,EUROPA,OTRAS OCM,2493
FEBRERO,FRANCIA,EUROPA,SANTA ROSA,651
FEBRERO,GABÓN,ÁFRICA,AEROPUERTO INTERNACIONAL JORGE CHÁVEZ,1
FEBRERO,GABÓN,ÁFRICA,CEBAF - TUMBES,0
FEBRERO,GABÓN,ÁFRICA,DESAGUADERO,0
FEBRERO,GABÓN,ÁFRICA,KASANI,0
FEBRERO,GABÓN,ÁFRICA,OTRAS OCM,0
FEBRERO,GABÓN,ÁFRICA,SANTA ROSA,0
FEBRERO,GAMBIA,ÁFRICA,AEROPUERTO INTERNACIONAL JORGE CHÁVEZ,1
FEBRERO,GAMBIA,ÁFRICA,CEBAF - TUMBES,0
FEBRERO,GAMBIA,ÁFRICA,DESAGUADERO,0
FEBRERO,GAMBIA,ÁFRICA,KASANI,0
FEBRERO,GAMBIA,ÁFRICA,OTRAS OCM,0
FEBRERO,GAMBIA,ÁFRICA,SANTA ROSA,0
FEBRERO,GEORGIA,ASIA,AEROPUERTO INTERNACIONAL JORGE CHÁVEZ,28
FEBRERO,GEORGIA,ASIA,CEBAF - TUMBES,0
FEBRERO,GEORGIA,ASIA,DESAGUADERO,0
FEBRERO,GEORGIA,ASIA,KASANI,0
FEBRERO,GEORGIA,ASIA,OTRAS OCM,8
FEBRERO,GEORGIA,ASIA,SANTA ROSA,1
FEBRERO,GHANA,ÁFRICA,AEROPUERTO INTERNACIONAL JORGE CHÁVEZ,15
FEBRERO,GHANA,ÁFRICA,CEBAF - TUMBES,0
FEBRERO,GHANA,ÁFRICA,DESAGUADERO,0
FEBRERO,GHANA,ÁFRICA,KASANI,0
FEBRERO,GHANA,ÁFRICA,OTRAS OCM,2
FEBRERO,GHANA,ÁFRICA,SANTA ROSA,0
FEBRERO,GRANADA,AMÉRICA CENTRAL,AEROPUERTO INTERNACIONAL JORGE CHÁVEZ,37
FEBRERO,GRANADA,AMÉRICA CENTRAL,CEBAF - TUMBES,2
FEBRERO,GRANADA,AMÉRICA CENTRAL,DESAGUADERO,1
FEBRERO,GRANADA,AMÉRICA CENTRAL,KASANI,1
FEBRERO,GRANADA,AMÉRICA CENTRAL,OTRAS OCM,0
FEBRERO,GRANADA,AMÉRICA CENTRAL,SANTA ROSA,1
FEBRERO,GRECIA,EUROPA,AEROPUERTO INTERNACIONAL JORGE CHÁVEZ,734
FEBRERO,GRECIA,EUROPA,CEBAF - TUMBES,12
FEBRERO,GRECIA,EUROPA,DESAGUADERO,29
FEBRERO,GRECIA,EUROPA,KASANI,15
FEBRERO,GRECIA,EUROPA,OTRAS OCM,84
FEBRERO,GRECIA,EUROPA,SANTA ROSA,9
FEBRERO,GROENLANDIA,EUROPA,AEROPUERTO INTERNACIONAL JORGE CHÁVEZ,0
FEBRERO,GROENLANDIA,EUROPA,CEBAF - TUMBES,0
FEBRERO,GROENLANDIA,EUROPA,DESAGUADERO,0
FEBRERO,GROENLANDIA,EUROPA,KASANI,0
FEBRERO,GROENLANDIA,EUROPA,OTRAS OCM,0
FEBRERO,GROENLANDIA,EUROPA,SANTA ROSA,0
FEBRERO,GUATEMALA,AMÉRICA CENTRAL,AEROPUERTO INTERNACIONAL JORGE CHÁVEZ,2375
FEBRERO,GUATEMALA,AMÉRICA CENTRAL,CEBAF - TUMBES,34
FEBRERO,GUATEMALA,AMÉRICA CENTRAL,DESAGUADERO,11
FEBRERO,GUATEMALA,AMÉRICA CENTRAL,KASANI,7
FEBRERO,GUATEMALA,AMÉRICA CENTRAL,OTRAS OCM,53
FEBRERO,GUATEMALA,AMÉRICA CENTRAL,SANTA ROSA,9
FEBRERO,GUINEA,ÁFRICA,AEROPUERTO INTERNACIONAL JORGE CHÁVEZ,1
FEBRERO,GUINEA,ÁFRICA,CEBAF - TUMBES,0
FEBRERO,GUINEA,ÁFRICA,DESAGUADERO,0
FEBRERO,GUINEA,ÁFRICA,KASANI,0
FEBRERO,GUINEA,ÁFRICA,OTRAS OCM,0
FEBRERO,GUINEA,ÁFRICA,SANTA ROSA,0
FEBRERO,GUINEA BISSAU,ÁFRICA,AEROPUERTO INTERNACIONAL JORGE CHÁVEZ,0
FEBRERO,GUINEA BISSAU,ÁFRICA,CEBAF - TUMBES,0
FEBRERO,GUINEA BISSAU,ÁFRICA,DESAGUADERO,0
FEBRERO,GUINEA BISSAU,ÁFRICA,KASANI,0
FEBRERO,GUINEA BISSAU,ÁFRICA,OTRAS OCM,0
FEBRERO,GUINEA BISSAU,ÁFRICA,SANTA ROSA,0
FEBRERO,GUINEA ECUATORIAL,ÁFRICA,AEROPUERTO INTERNACIONAL JORGE CHÁVEZ,5
FEBRERO,GUINEA ECUATORIAL,ÁFRICA,CEBAF - TUMBES,0
FEBRERO,GUINEA ECUATORIAL,ÁFRICA,DESAGUADERO,0
FEBRERO,GUINEA ECUATORIAL,ÁFRICA,KASANI,0
FEBRERO,GUINEA ECUATORIAL,ÁFRICA,OTRAS OCM,0
FEBRERO,GUINEA ECUATORIAL,ÁFRICA,SANTA ROSA,0
FEBRERO,GUYANA,AMÉRICA DEL SUR,AEROPUERTO INTERNACIONAL JORGE CHÁVEZ,33
FEBRERO,GUYANA,AMÉRICA DEL SUR,CEBAF - TUMBES,2
FEBRERO,GUYANA,AMÉRICA DEL SUR,DESAGUADERO,0
FEBRERO,GUYANA,AMÉRICA DEL SUR,KASANI,0
FEBRERO,GUYANA,AMÉRICA DEL SUR,OTRAS OCM,1
FEBRERO,GUYANA,AMÉRICA DEL SUR,SANTA ROSA,2
FEBRERO,HAITÍ,AMÉRICA CENTRAL,AEROPUERTO INTERNACIONAL JORGE CHÁVEZ,76
FEBRERO,HAITÍ,AMÉRICA CENTRAL,CEBAF - TUMBES,4
FEBRERO,HAITÍ,AMÉRICA CENTRAL,DESAGUADERO,0
FEBRERO,HAITÍ,AMÉRICA CENTRAL,KASANI,0
FEBRERO,HAITÍ,AMÉRICA CENTRAL,OTRAS OCM,1
FEBRERO,HAITÍ,AMÉRICA CENTRAL,SANTA ROSA,29
FEBRERO,HONDURAS,AMÉRICA CENTRAL,AEROPUERTO INTERNACIONAL JORGE CHÁVEZ,1108
FEBRERO,HONDURAS,AMÉRICA CENTRAL,CEBAF - TUMBES,11
FEBRERO,HONDURAS,AMÉRICA CENTRAL,DESAGUADERO,1
FEBRERO,HONDURAS,AMÉRICA CENTRAL,KASANI,2
FEBRERO,HONDURAS,AMÉRICA CENTRAL,OTRAS OCM,33
FEBRERO,HONDURAS,AMÉRICA CENTRAL,SANTA ROSA,37
FEBRERO,HONG KONG,ASIA,AEROPUERTO INTERNACIONAL JORGE CHÁVEZ,1809
FEBRERO,HONG KONG,ASIA,CEBAF - TUMBES,5
FEBRERO,HONG KONG,ASIA,DESAGUADERO,28
FEBRERO,HONG KONG,ASIA,KASANI,76
FEBRERO,HONG KONG,ASIA,OTRAS OCM,103
FEBRERO,HONG KONG,ASIA,SANTA ROSA,5
FEBRERO,HUNGRÍA,EUROPA,AEROPUERTO INTERNACIONAL JORGE CHÁVEZ,685
FEBRERO,HUNGRÍA,EUROPA,CEBAF - TUMBES,12
FEBRERO,HUNGRÍA,EUROPA,DESAGUADERO,33
FEBRERO,HUNGRÍA,EUROPA,KASANI,20
FEBRERO,HUNGRÍA,EUROPA,OTRAS OCM,53
FEBRERO,HUNGRÍA,EUROPA,SANTA ROSA,14
FEBRERO,INDIA,ASIA,AEROPUERTO INTERNACIONAL JORGE CHÁVEZ,2114
FEBRERO,INDIA,ASIA,CEBAF - TUMBES,17
FEBRERO,INDIA,ASIA,DESAGUADERO,18
FEBRERO,INDIA,ASIA,KASANI,5
FEBRERO,INDIA,ASIA,OTRAS OCM,399
FEBRERO,INDIA,ASIA,SANTA ROSA,24
FEBRERO,INDONESIA,ASIA,AEROPUERTO INTERNACIONAL JORGE CHÁVEZ,485
FEBRERO,INDONESIA,ASIA,CEBAF - TUMBES,2
FEBRERO,INDONESIA,ASIA,DESAGUADERO,2
FEBRERO,INDONESIA,ASIA,KASANI,4
FEBRERO,INDONESIA,ASIA,OTRAS OCM,247
FEBRERO,INDONESIA,ASIA,SANTA ROSA,2
FEBRERO,IRAK,ASIA,AEROPUERTO INTERNACIONAL JORGE CHÁVEZ,2
FEBRERO,IRAK,ASIA,CEBAF - TUMBES,0
FEBRERO,IRAK,ASIA,DESAGUADERO,0
FEBRERO,IRAK,ASIA,KASANI,0
FEBRERO,IRAK,ASIA,OTRAS OCM,0
FEBRERO,IRAK,ASIA,SANTA ROSA,0
FEBRERO,IRLANDA,EUROPA,AEROPUERTO INTERNACIONAL JORGE CHÁVEZ,1227
FEBRERO,IRLANDA,EUROPA,CEBAF - TUMBES,84
FEBRERO,IRLANDA,EUROPA,DESAGUADERO,105
FEBRERO,IRLANDA,EUROPA,KASANI,92
FEBRERO,IRLANDA,EUROPA,OTRAS OCM,142
FEBRERO,IRLANDA,EUROPA,SANTA ROSA,25
FEBRERO,IRÁN,ASIA,AEROPUERTO INTERNACIONAL JORGE CHÁVEZ,103
FEBRERO,IRÁN,ASIA,CEBAF - TUMBES,1
FEBRERO,IRÁN,ASIA,DESAGUADERO,4
FEBRERO,IRÁN,ASIA,KASANI,2
FEBRERO,IRÁN,ASIA,OTRAS OCM,0
FEBRERO,IRÁN,ASIA,SANTA ROSA,2
FEBRERO,ISLAND MARSHALL,OCEANÍA,AEROPUERTO INTERNACIONAL JORGE CHÁVEZ,2
FEBRERO,ISLAND MARSHALL,OCEANÍA,CEBAF - TUMBES,0
FEBRERO,ISLAND MARSHALL,OCEANÍA,DESAGUADERO,0
FEBRERO,ISLAND MARSHALL,OCEANÍA,KASANI,0
FEBRERO,ISLAND MARSHALL,OCEANÍA,OTRAS OCM,0
FEBRERO,ISLAND MARSHALL,OCEANÍA,SANTA ROSA,0
FEBRERO,ISLANDIA,EUROPA,AEROPUERTO INTERNACIONAL JORGE CHÁVEZ,134
FEBRERO,ISLANDIA,EUROPA,CEBAF - TUMBES,5
FEBRERO,ISLANDIA,EUROPA,DESAGUADERO,2
FEBRERO,ISLANDIA,EUROPA,KASANI,2
FEBRERO,ISLANDIA,EUROPA,OTRAS OCM,8
FEBRERO,ISLANDIA,EUROPA,SANTA ROSA,4
FEBRERO,ISRAEL,ASIA,AEROPUERTO INTERNACIONAL JORGE CHÁVEZ,4065
FEBRERO,ISRAEL,ASIA,CEBAF - TUMBES,71
FEBRERO,ISRAEL,ASIA,DESAGUADERO,221
FEBRERO,ISRAEL,ASIA,KASANI,89
FEBRERO,ISRAEL,ASIA,OTRAS OCM,142
FEBRERO,ISRAEL,ASIA,SANTA ROSA,31
FEBRERO,ITALIA,EUROPA,AEROPUERTO INTERNACIONAL JORGE CHÁVEZ,18296
FEBRERO,ITALIA,EUROPA,CEBAF - TUMBES,247
FEBRERO,ITALIA,EUROPA,DESAGUADERO,309
FEBRERO,ITALIA,EUROPA,KASANI,189
FEBRERO,ITALIA,EUROPA,OTRAS OCM,786
FEBRERO,ITALIA,EUROPA,SANTA ROSA,169
FEBRERO,JAMAICA,AMÉRICA CENTRAL,AEROPUERTO INTERNACIONAL JORGE CHÁVEZ,296
FEBRERO,JAMAICA,AMÉRICA CENTRAL,CEBAF - TUMBES,1
FEBRERO,JAMAICA,AMÉRICA CENTRAL,DESAGUADERO,0
FEBRERO,JAMAICA,AMÉRICA CENTRAL,KASANI,3
FEBRERO,JAMAICA,AMÉRICA CENTRAL,OTRAS OCM,2
FEBRERO,JAMAICA,AMÉRICA CENTRAL,SANTA ROSA,0
FEBRERO,JAPÓN,ASIA,AEROPUERTO INTERNACIONAL JORGE CHÁVEZ,14912
FEBRERO,JAPÓN,ASIA,CEBAF - TUMBES,160
FEBRERO,JAPÓN,ASIA,DESAGUADERO,403
FEBRERO,JAPÓN,ASIA,KASANI,190
FEBRERO,JAPÓN,ASIA,OTRAS OCM,1551
FEBRERO,JAPÓN,ASIA,SANTA ROSA,48
FEBRERO,JORDANIA,ASIA,AEROPUERTO INTERNACIONAL JORGE CHÁVEZ,32
FEBRERO,JORDANIA,ASIA,CEBAF - TUMBES,0
FEBRERO,JORDANIA,ASIA,DESAGUADERO,0
FEBRERO,JORDANIA,ASIA,KASANI,0
FEBRERO,JORDANIA,ASIA,OTRAS OCM,1
FEBRERO,JORDANIA,ASIA,SANTA ROSA,1
FEBRERO,KATAR,ASIA,AEROPUERTO INTERNACIONAL JORGE CHÁVEZ,12
FEBRERO,KATAR,ASIA,CEBAF - TUMBES,0
FEBRERO,KATAR,ASIA,DESAGUADERO,0
FEBRERO,KATAR,ASIA,KASANI,0
FEBRERO,KATAR,ASIA,OTRAS OCM,0
FEBRERO,KATAR,ASIA,SANTA ROSA,0
FEBRERO,KAZAJSTÁN,ASIA,AEROPUERTO INTERNACIONAL JORGE CHÁVEZ,58
FEBRERO,KAZAJSTÁN,ASIA,CEBAF - TUMBES,1
FEBRERO,KAZAJSTÁN,ASIA,DESAGUADERO,1
FEBRERO,KAZAJSTÁN,ASIA,KASANI,0
FEBRERO,KAZAJSTÁN,ASIA,OTRAS OCM,4
FEBRERO,KAZAJSTÁN,ASIA,SANTA ROSA,1
FEBRERO,KENIA,ÁFRICA,AEROPUERTO INTERNACIONAL JORGE CHÁVEZ,37
FEBRERO,KENIA,ÁFRICA,CEBAF - TUMBES,0
FEBRERO,KENIA,ÁFRICA,DESAGUADERO,0
FEBRERO,KENIA,ÁFRICA,KASANI,0
FEBRERO,KENIA,ÁFRICA,OTRAS OCM,0
FEBRERO,KENIA,ÁFRICA,SANTA ROSA,0
FEBRERO,KIRGUISTÁN,ASIA,AEROPUERTO INTERNACIONAL JORGE CHÁVEZ,9
FEBRERO,KIRGUISTÁN,ASIA,CEBAF - TUMBES,0
FEBRERO,KIRGUISTÁN,ASIA,DESAGUADERO,0
FEBRERO,KIRGUISTÁN,ASIA,KASANI,0
FEBRERO,KIRGUISTÁN,ASIA,OTRAS OCM,0
FEBRERO,KIRGUISTÁN,ASIA,SANTA ROSA,0
FEBRERO,KIRIBATI,OCEANÍA,AEROPUERTO INTERNACIONAL JORGE CHÁVEZ,0
FEBRERO,KIRIBATI,OCEANÍA,CEBAF - TUMBES,0
FEBRERO,KIRIBATI,OCEANÍA,DESAGUADERO,0
FEBRERO,KIRIBATI,OCEANÍA,KASANI,0
FEBRERO,KIRIBATI,OCEANÍA,OTRAS OCM,0
FEBRERO,KIRIBATI,OCEANÍA,SANTA ROSA,0
FEBRERO,KUWAIT,ASIA,AEROPUERTO INTERNACIONAL JORGE CHÁVEZ,27
FEBRERO,KUWAIT,ASIA,CEBAF - TUMBES,0
FEBRERO,KUWAIT,ASIA,DESAGUADERO,1
FEBRERO,KUWAIT,ASIA,KASANI,0
FEBRERO,KUWAIT,ASIA,OTRAS OCM,3
FEBRERO,KUWAIT,ASIA,SANTA ROSA,0
FEBRERO,LAOS,ASIA,AEROPUERTO INTERNACIONAL JORGE CHÁVEZ,2
FEBRERO,LAOS,ASIA,CEBAF - TUMBES,0
FEBRERO,LAOS,ASIA,DESAGUADERO,0
FEBRERO,LAOS,ASIA,KASANI,0
FEBRERO,LAOS,ASIA,OTRAS OCM,0
FEBRERO,LAOS,ASIA,SANTA ROSA,0
FEBRERO,LESOTHO,ÁFRICA,AEROPUERTO INTERNACIONAL JORGE CHÁVEZ,0
FEBRERO,LESOTHO,ÁFRICA,CEBAF - TUMBES,0
FEBRERO,LESOTHO,ÁFRICA,DESAGUADERO,0
FEBRERO,LESOTHO,ÁFRICA,KASANI,0
FEBRERO,LESOTHO,ÁFRICA,OTRAS OCM,0
FEBRERO,LESOTHO,ÁFRICA,SANTA ROSA,0
FEBRERO,LETONIA,EUROPA,AEROPUERTO INTERNACIONAL JORGE CHÁVEZ,248
FEBRERO,LETONIA,EUROPA,CEBAF - TUMBES,12
FEBRERO,LETONIA,EUROPA,DESAGUADERO,7
FEBRERO,LETONIA,EUROPA,KASANI,7
FEBRERO,LETONIA,EUROPA,OTRAS OCM,14
FEBRERO,LETONIA,EUROPA,SANTA ROSA,15
FEBRERO,LIBERIA,ÁFRICA,AEROPUERTO INTERNACIONAL JORGE CHÁVEZ,1
FEBRERO,LIBERIA,ÁFRICA,CEBAF - TUMBES,0
FEBRERO,LIBERIA,ÁFRICA,DESAGUADERO,0
FEBRERO,LIBERIA,ÁFRICA,KASANI,0
FEBRERO,LIBERIA,ÁFRICA,OTRAS OCM,0
FEBRERO,LIBERIA,ÁFRICA,SANTA ROSA,0
FEBRERO,LIBIA,ÁFRICA,AEROPUERTO INTERNACIONAL JORGE CHÁVEZ,1
FEBRERO,LIBIA,ÁFRICA,CEBAF - TUMBES,0
FEBRERO,LIBIA,ÁFRICA,DESAGUADERO,0
FEBRERO,LIBIA,ÁFRICA,KASANI,0
FEBRERO,LIBIA,ÁFRICA,OTRAS OCM,0
FEBRERO,LIBIA,ÁFRICA,SANTA ROSA,0
FEBRERO,LIECHTENSTEIN,EUROPA,AEROPUERTO INTERNACIONAL JORGE CHÁVEZ,23
FEBRERO,LIECHTENSTEIN,EUROPA,CEBAF - TUMBES,1
FEBRERO,LIECHTENSTEIN,EUROPA,DESAGUADERO,1
FEBRERO,LIECHTENSTEIN,EUROPA,KASANI,0
FEBRERO,LIECHTENSTEIN,EUROPA,OTRAS OCM,0
FEBRERO,LIECHTENSTEIN,EUROPA,SANTA ROSA,0
FEBRERO,LITUANIA,EUROPA,AEROPUERTO INTERNACIONAL JORGE CHÁVEZ,508
FEBRERO,LITUANIA,EUROPA,CEBAF - TUMBES,11
FEBRERO,LITUANIA,EUROPA,DESAGUADERO,28
FEBRERO,LITUANIA,EUROPA,KASANI,23
FEBRERO,LITUANIA,EUROPA,OTRAS OCM,41
FEBRERO,LITUANIA,EUROPA,SANTA ROSA,6
FEBRERO,LUXEMBURGO,EUROPA,AEROPUERTO INTERNACIONAL JORGE CHÁVEZ,151
FEBRERO,LUXEMBURGO,EUROPA,CEBAF - TUMBES,2
FEBRERO,LUXEMBURGO,EUROPA,DESAGUADERO,3
FEBRERO,LUXEMBURGO,EUROPA,KASANI,4
FEBRERO,LUXEMBURGO,EUROPA,OTRAS OCM,15
FEBRERO,LUXEMBURGO,EUROPA,SANTA ROSA,2
FEBRERO,LÍBANO,ASIA,AEROPUERTO INTERNACIONAL JORGE CHÁVEZ,38
FEBRERO,LÍBANO,ASIA,CEBAF - TUMBES,0
FEBRERO,LÍBANO,ASIA,DESAGUADERO,0
FEBRERO,LÍBANO,ASIA,KASANI,0
FEBRERO,LÍBANO,ASIA,OTRAS OCM,0
FEBRERO,LÍBANO,ASIA,SANTA ROSA,1
FEBRERO,MADAGASCAR,ÁFRICA,AEROPUERTO INTERNACIONAL JORGE CHÁVEZ,3
FEBRERO,MADAGASCAR,ÁFRICA,CEBAF - TUMBES,0
FEBRERO,MADAGASCAR,ÁFRICA,DESAGUADERO,0
FEBRERO,MADAGASCAR,ÁFRICA,KASANI,0
FEBRERO,MADAGASCAR,ÁFRICA,OTRAS OCM,0
FEBRERO,MADAGASCAR,ÁFRICA,SANTA ROSA,0
FEBRERO,MALASIA,ASIA,AEROPUERTO INTERNACIONAL JORGE CHÁVEZ,520
FEBRERO,MALASIA,ASIA,CEBAF - TUMBES,0
FEBRERO,MALASIA,ASIA,DESAGUADERO,15
FEBRERO,MALASIA,ASIA,KASANI,5
FEBRERO,MALASIA,ASIA,OTRAS OCM,34
FEBRERO,MALASIA,ASIA,SANTA ROSA,30
FEBRERO,MALAWI,ÁFRICA,AEROPUERTO INTERNACIONAL JORGE CHÁVEZ,2
FEBRERO,MALAWI,ÁFRICA,CEBAF - TUMBES,0
FEBRERO,MALAWI,ÁFRICA,DESAGUADERO,0
FEBRERO,MALAWI,ÁFRICA,KASANI,0
FEBRERO,MALAWI,ÁFRICA,OTRAS OCM,0
FEBRERO,MALAWI,ÁFRICA,SANTA ROSA,0
FEBRERO,MALDIVAS,ASIA,AEROPUERTO INTERNACIONAL JORGE CHÁVEZ,1
FEBRERO,MALDIVAS,ASIA,CEBAF - TUMBES,0
FEBRERO,MALDIVAS,ASIA,DESAGUADERO,0
FEBRERO,MALDIVAS,ASIA,KASANI,0
FEBRERO,MALDIVAS,ASIA,OTRAS OCM,0
FEBRERO,MALDIVAS,ASIA,SANTA ROSA,0
FEBRERO,MALTA,EUROPA,AEROPUERTO INTERNACIONAL JORGE CHÁVEZ,82
FEBRERO,MALTA,EUROPA,CEBAF - TUMBES,0
FEBRERO,MALTA,EUROPA,DESAGUADERO,1
FEBRERO,MALTA,EUROPA,KASANI,2
FEBRERO,MALTA,EUROPA,OTRAS OCM,13
FEBRERO,MALTA,EUROPA,SANTA ROSA,0
FEBRERO,MALÍ,ÁFRICA,AEROPUERTO INTERNACIONAL JORGE CHÁVEZ,3
FEBRERO,MALÍ,ÁFRICA,CEBAF - TUMBES,0
FEBRERO,MALÍ,ÁFRICA,DESAGUADERO,0
FEBRERO,MALÍ,ÁFRICA,KASANI,0
FEBRERO,MALÍ,ÁFRICA,OTRAS OCM,0
FEBRERO,MALÍ,ÁFRICA,SANTA ROSA,0
FEBRERO,MARRUECOS,ÁFRICA,AEROPUERTO INTERNACIONAL JORGE CHÁVEZ,104
FEBRERO,MARRUECOS,ÁFRICA,CEBAF - TUMBES,1
FEBRERO,MARRUECOS,ÁFRICA,DESAGUADERO,1
FEBRERO,MARRUECOS,ÁFRICA,KASANI,1
FEBRERO,MARRUECOS,ÁFRICA,OTRAS OCM,4
FEBRERO,MARRUECOS,ÁFRICA,SANTA ROSA,1
FEBRERO,MAURICIO,ÁFRICA,AEROPUERTO INTERNACIONAL JORGE CHÁVEZ,17
FEBRERO,MAURICIO,ÁFRICA,CEBAF - TUMBES,0
FEBRERO,MAURICIO,ÁFRICA,DESAGUADERO,0
FEBRERO,MAURICIO,ÁFRICA,KASANI,0
FEBRERO,MAURICIO,ÁFRICA,OTRAS OCM,3
FEBRERO,MAURICIO,ÁFRICA,SANTA ROSA,0
FEBRERO,MAURITANIA,ÁFRICA,AEROPUERTO INTERNACIONAL JORGE CHÁVEZ,0
FEBRERO,MAURITANIA,ÁFRICA,CEBAF - TUMBES,0
FEBRERO,MAURITANIA,ÁFRICA,DESAGUADERO,0
FEBRERO,MAURITANIA,ÁFRICA,KASANI,0
FEBRERO,MAURITANIA,ÁFRICA,OTRAS OCM,0
FEBRERO,MAURITANIA,ÁFRICA,SANTA ROSA,0
FEBRERO,MONGOLIA,ASIA,AEROPUERTO INTERNACIONAL JORGE CHÁVEZ,37
FEBRERO,MONGOLIA,ASIA,CEBAF - TUMBES,0
FEBRERO,MONGOLIA,ASIA,DESAGUADERO,0
FEBRERO,MONGOLIA,ASIA,KASANI,0
FEBRERO,MONGOLIA,ASIA,OTRAS OCM,0
FEBRERO,MONGOLIA,ASIA,SANTA ROSA,0
FEBRERO,MOZAMBIQUE,ÁFRICA,AEROPUERTO INTERNACIONAL JORGE CHÁVEZ,10
FEBRERO,MOZAMBIQUE,ÁFRICA,CEBAF - TUMBES,0
FEBRERO,MOZAMBIQUE,ÁFRICA,DESAGUADERO,0
FEBRERO,MOZAMBIQUE,ÁFRICA,KASANI,0
FEBRERO,MOZAMBIQUE,ÁFRICA,OTRAS OCM,3
FEBRERO,MOZAMBIQUE,ÁFRICA,SANTA ROSA,0
FEBRERO,MYANMAR,ASIA,AEROPUERTO INTERNACIONAL JORGE CHÁVEZ,31
FEBRERO,MYANMAR,ASIA,CEBAF - TUMBES,0
FEBRERO,MYANMAR,ASIA,DESAGUADERO,0
FEBRERO,MYANMAR,ASIA,KASANI,0
FEBRERO,MYANMAR,ASIA,OTRAS OCM,32
FEBRERO,MYANMAR,ASIA,SANTA ROSA,0
FEBRERO,MÉXICO,AMÉRICA DEL NORTE,AEROPUERTO INTERNACIONAL JORGE CHÁVEZ,28775
FEBRERO,MÉXICO,AMÉRICA DEL NORTE,CEBAF - TUMBES,176
FEBRERO,MÉXICO,AMÉRICA DEL NORTE,DESAGUADERO,269
FEBRERO,MÉXICO,AMÉRICA DEL NORTE,KASANI,121
FEBRERO,MÉXICO,AMÉRICA DEL NORTE,OTRAS OCM,1142
FEBRERO,MÉXICO,AMÉRICA DEL NORTE,SANTA ROSA,237
FEBRERO,MÓNACO,EUROPA,AEROPUERTO INTERNACIONAL JORGE CHÁVEZ,14
FEBRERO,MÓNACO,EUROPA,CEBAF - TUMBES,0
FEBRERO,MÓNACO,EUROPA,DESAGUADERO,0
FEBRERO,MÓNACO,EUROPA,KASANI,0
FEBRERO,MÓNACO,EUROPA,OTRAS OCM,1
FEBRERO,MÓNACO,EUROPA,SANTA ROSA,0
FEBRERO,NAMIBIA,ÁFRICA,AEROPUERTO INTERNACIONAL JORGE CHÁVEZ,1
FEBRERO,NAMIBIA,ÁFRICA,CEBAF - TUMBES,0
FEBRERO,NAMIBIA,ÁFRICA,DESAGUADERO,0
FEBRERO,NAMIBIA,ÁFRICA,KASANI,0
FEBRERO,NAMIBIA,ÁFRICA,OTRAS OCM,0
FEBRERO,NAMIBIA,ÁFRICA,SANTA ROSA,0
FEBRERO,NAURU,OCEANÍA,AEROPUERTO INTERNACIONAL JORGE CHÁVEZ,0
FEBRERO,NAURU,OCEANÍA,CEBAF - TUMBES,0
FEBRERO,NAURU,OCEANÍA,DESAGUADERO,0
FEBRERO,NAURU,OCEANÍA,KASANI,0
FEBRERO,NAURU,OCEANÍA,OTRAS OCM,0
FEBRERO,NAURU,OCEANÍA,SANTA ROSA,0
FEBRERO,NEPAL,ASIA,AEROPUERTO INTERNACIONAL JORGE CHÁVEZ,23
FEBRERO,NEPAL,ASIA,CEBAF - TUMBES,0
FEBRERO,NEPAL,ASIA,DESAGUADERO,0
FEBRERO,NEPAL,ASIA,KASANI,0
FEBRERO,NEPAL,ASIA,OTRAS OCM,1
FEBRERO,NEPAL,ASIA,SANTA ROSA,1
FEBRERO,NICARAGUA,AMÉRICA CENTRAL,AEROPUERTO INTERNACIONAL JORGE CHÁVEZ,388
FEBRERO,NICARAGUA,AMÉRICA CENTRAL,CEBAF - TUMBES,2
FEBRERO,NICARAGUA,AMÉRICA CENTRAL,DESAGUADERO,2
FEBRERO,NICARAGUA,AMÉRICA CENTRAL,KASANI,0
FEBRERO,NICARAGUA,AMÉRICA CENTRAL,OTRAS OCM,10
FEBRERO,NICARAGUA,AMÉRICA CENTRAL,SANTA ROSA,9
FEBRERO,NIGERIA,ÁFRICA,AEROPUERTO INTERNACIONAL JORGE CHÁVEZ,18
FEBRERO,NIGERIA,ÁFRICA,CEBAF - TUMBES,0
FEBRERO,NIGERIA,ÁFRICA,DESAGUADERO,0
FEBRERO,NIGERIA,ÁFRICA,KASANI,0
FEBRERO,NIGERIA,ÁFRICA,OTRAS OCM,0
FEBRERO,NIGERIA,ÁFRICA,SANTA ROSA,0
FEBRERO,NORUEGA,EUROPA,AEROPUERTO INTERNACIONAL JORGE CHÁVEZ,1436
FEBRERO,NORUEGA,EUROPA,CEBAF - TUMBES,26
FEBRERO,NORUEGA,EUROPA,DESAGUADERO,109
FEBRERO,NORUEGA,EUROPA,KASANI,32
FEBRERO,NORUEGA,EUROPA,OTRAS OCM,103
FEBRERO,NORUEGA,EUROPA,SANTA ROSA,48
FEBRERO,NUEVA ZELANDIA,OCEANÍA,AEROPUERTO INTERNACIONAL JORGE CHÁVEZ,818
FEBRERO,NUEVA ZELANDIA,OCEANÍA,CEBAF - TUMBES,38
FEBRERO,NUEVA ZELANDIA,OCEANÍA,DESAGUADERO,51
FEBRERO,NUEVA ZELANDIA,OCEANÍA,KASANI,34
FEBRERO,NUEVA ZELANDIA,OCEANÍA,OTRAS OCM,93
FEBRERO,NUEVA ZELANDIA,OCEANÍA,SANTA ROSA,15
FEBRERO,NÍGER,ÁFRICA,AEROPUERTO INTERNACIONAL JORGE CHÁVEZ,2
FEBRERO,NÍGER,ÁFRICA,CEBAF - TUMBES,0
FEBRERO,NÍGER,ÁFRICA,DESAGUADERO,0
FEBRERO,NÍGER,ÁFRICA,KASANI,0
FEBRERO,NÍGER,ÁFRICA,OTRAS OCM,0
FEBRERO,NÍGER,ÁFRICA,SANTA ROSA,0
FEBRERO,OMÁN,ASIA,AEROPUERTO INTERNACIONAL JORGE CHÁVEZ,14
FEBRERO,OMÁN,ASIA,CEBAF - TUMBES,0
FEBRERO,OMÁN,ASIA,DESAGUADERO,0
FEBRERO,OMÁN,ASIA,KASANI,0
FEBRERO,OMÁN,ASIA,OTRAS OCM,0
FEBRERO,OMÁN,ASIA,SANTA ROSA,0
FEBRERO,PAKISTÁN,ASIA,AEROPUERTO INTERNACIONAL JORGE CHÁVEZ,58
FEBRERO,PAKISTÁN,ASIA,CEBAF - TUMBES,2
FEBRERO,PAKISTÁN,ASIA,DESAGUADERO,1
FEBRERO,PAKISTÁN,ASIA,KASANI,0
FEBRERO,PAKISTÁN,ASIA,OTRAS OCM,0
FEBRERO,PAKISTÁN,ASIA,SANTA ROSA,93
FEBRERO,PALESTINA,ASIA,AEROPUERTO INTERNACIONAL JORGE CHÁVEZ,11
FEBRERO,PALESTINA,ASIA,CEBAF - TUMBES,1
FEBRERO,PALESTINA,ASIA,DESAGUADERO,0
FEBRERO,PALESTINA,ASIA,KASANI,0
FEBRERO,PALESTINA,ASIA,OTRAS OCM,0
FEBRERO,PALESTINA,ASIA,SANTA ROSA,0
FEBRERO,PANAMÁ,AMÉRICA CENTRAL,AEROPUERTO INTERNACIONAL JORGE CHÁVEZ,7422
FEBRERO,PANAMÁ,AMÉRICA CENTRAL,CEBAF - TUMBES,14
FEBRERO,PANAMÁ,AMÉRICA CENTRAL,DESAGUADERO,11
FEBRERO,PANAMÁ,AMÉRICA CENTRAL,KASANI,3
FEBRERO,PANAMÁ,AMÉRICA CENTRAL,OTRAS OCM,229
FEBRERO,PANAMÁ,AMÉRICA CENTRAL,SANTA ROSA,25
FEBRERO,PAPÚA (NG),OCEANÍA,AEROPUERTO INTERNACIONAL JORGE CHÁVEZ,21
FEBRERO,PAPÚA (NG),OCEANÍA,CEBAF - TUMBES,0
FEBRERO,PAPÚA (NG),OCEANÍA,DESAGUADERO,0
FEBRERO,PAPÚA (NG),OCEANÍA,KASANI,0
FEBRERO,PAPÚA (NG),OCEANÍA,OTRAS OCM,0
FEBRERO,PAPÚA (NG),OCEANÍA,SANTA ROSA,0
FEBRERO,PARAGUAY,AMÉRICA DEL SUR,AEROPUERTO INTERNACIONAL JORGE CHÁVEZ,3197
FEBRERO,PARAGUAY,AMÉRICA DEL SUR,CEBAF - TUMBES,14
FEBRERO,PARAGUAY,AMÉRICA DEL SUR,DESAGUADERO,194
FEBRERO,PARAGUAY,AMÉRICA DEL SUR,KASANI,93
FEBRERO,PARAGUAY,AMÉRICA DEL SUR,OTRAS OCM,42
FEBRERO,PARAGUAY,AMÉRICA DEL SUR,SANTA ROSA,309
FEBRERO,PAÍSES BAJOS (HOLANDA),EUROPA,AEROPUERTO INTERNACIONAL JORGE CHÁVEZ,8312
FEBRERO,PAÍSES BAJOS (HOLANDA),EUROPA,CEBAF - TUMBES,214
FEBRERO,PAÍSES BAJOS (HOLANDA),EUROPA,DESAGUADERO,315
FEBRERO,PAÍSES BAJOS (HOLANDA),EUROPA,KASANI,197
FEBRERO,PAÍSES BAJOS (HOLANDA),EUROPA,OTRAS OCM,329
FEBRERO,PAÍSES BAJOS (HOLANDA),EUROPA,SANTA ROSA,183
FEBRERO,POLONIA,EUROPA,AEROPUERTO INTERNACIONAL JORGE CHÁVEZ,2895
FEBRERO,POLONIA,EUROPA,CEBAF - TUMBES,76
FEBRERO,POLONIA,EUROPA,DESAGUADERO,608
FEBRERO,POLONIA,EUROPA,KASANI,400
FEBRERO,POLONIA,EUROPA,OTRAS OCM,220
FEBRERO,POLONIA,EUROPA,SANTA ROSA,68
FEBRERO,PORTUGAL,EUROPA,AEROPUERTO INTERNACIONAL JORGE CHÁVEZ,2088
FEBRERO,PORTUGAL,EUROPA,CEBAF - TUMBES,37
FEBRERO,PORTUGAL,EUROPA,DESAGUADERO,89
FEBRERO,PORTUGAL,EUROPA,KASANI,57
FEBRERO,PORTUGAL,EUROPA,OTRAS OCM,122
FEBRERO,PORTUGAL,EUROPA,SANTA ROSA,33
FEBRERO,PTO. RICO,AMÉRICA CENTRAL,AEROPUERTO INTERNACIONAL JORGE CHÁVEZ,320
FEBRERO,PTO. RICO,AMÉRICA CENTRAL,CEBAF - TUMBES,1
FEBRERO,PTO. RICO,AMÉRICA CENTRAL,DESAGUADERO,2
FEBRERO,PTO. RICO,AMÉRICA CENTRAL,KASANI,0
FEBRERO,PTO. RICO,AMÉRICA CENTRAL,OTRAS OCM,2
FEBRERO,PTO. RICO,AMÉRICA CENTRAL,SANTA ROSA,2
FEBRERO,R.F. YUGOSLAVIA,EUROPA,AEROPUERTO INTERNACIONAL JORGE CHÁVEZ,0
FEBRERO,R.F. YUGOSLAVIA,EUROPA,CEBAF - TUMBES,0
FEBRERO,R.F. YUGOSLAVIA,EUROPA,DESAGUADERO,0
FEBRERO,R.F. YUGOSLAVIA,EUROPA,KASANI,0
FEBRERO,R.F. YUGOSLAVIA,EUROPA,OTRAS OCM,0
FEBRERO,R.F. YUGOSLAVIA,EUROPA,SANTA ROSA,0
FEBRERO,REINO UNIDO,EUROPA,AEROPUERTO INTERNACIONAL JORGE CHÁVEZ,13736
FEBRERO,REINO UNIDO,EUROPA,CEBAF - TUMBES,426
FEBRERO,REINO UNIDO,EUROPA,DESAGUADERO,736
FEBRERO,REINO UNIDO,EUROPA,KASANI,585
FEBRERO,REINO UNIDO,EUROPA,OTRAS OCM,2427
FEBRERO,REINO UNIDO,EUROPA,SANTA ROSA,201
FEBRERO,REP. CENTROAFRICANA,ÁFRICA,AEROPUERTO INTERNACIONAL JORGE CHÁVEZ,0
FEBRERO,REP. CENTROAFRICANA,ÁFRICA,CEBAF - TUMBES,0
FEBRERO,REP. CENTROAFRICANA,ÁFRICA,DESAGUADERO,0
FEBRERO,REP. CENTROAFRICANA,ÁFRICA,KASANI,0
FEBRERO,REP. CENTROAFRICANA,ÁFRICA,OTRAS OCM,0
FEBRERO,REP. CENTROAFRICANA,ÁFRICA,SANTA ROSA,0
FEBRERO,REP. CHECA,EUROPA,AEROPUERTO INTERNACIONAL JORGE CHÁVEZ,1271
FEBRERO,REP. CHECA,EUROPA,CEBAF - TUMBES,52
FEBRERO,REP. CHECA,EUROPA,DESAGUADERO,92
FEBRERO,REP. CHECA,EUROPA,KASANI,42
FEBRERO,REP. CHECA,EUROPA,OTRAS OCM,108
FEBRERO,REP. CHECA,EUROPA,SANTA ROSA,41
FEBRERO,REP. DOMINICANA,AMÉRICA CENTRAL,AEROPUERTO INTERNACIONAL JORGE CHÁVEZ,2680
FEBRERO,REP. DOMINICANA,AMÉRICA CENTRAL,CEBAF - TUMBES,212
FEBRERO,REP. DOMINICANA,AMÉRICA CENTRAL,DESAGUADERO,18
FEBRERO,REP. DOMINICANA,AMÉRICA CENTRAL,KASANI,3
FEBRERO,REP. DOMINICANA,AMÉRICA CENTRAL,OTRAS OCM,83
FEBRERO,REP. DOMINICANA,AMÉRICA CENTRAL,SANTA ROSA,123
FEBRERO,REP. MOLDOVA,EUROPA,AEROPUERTO INTERNACIONAL JORGE CHÁVEZ,2
FEBRERO,REP. MOLDOVA,EUROPA,CEBAF - TUMBES,1
FEBRERO,REP. MOLDOVA,EUROPA,DESAGUADERO,0
FEBRERO,REP. MOLDOVA,EUROPA,KASANI,0
FEBRERO,REP. MOLDOVA,EUROPA,OTRAS OCM,0
FEBRERO,REP. MOLDOVA,EUROPA,SANTA ROSA,0
FEBRERO,RESTO DEL MUNDO,RESTO DEL MUNDO,AEROPUERTO INTERNACIONAL JORGE CHÁVEZ,492
FEBRERO,RESTO DEL MUNDO,RESTO DEL MUNDO,CEBAF - TUMBES,7
FEBRERO,RESTO DEL MUNDO,RESTO DEL MUNDO,DESAGUADERO,22
FEBRERO,RESTO DEL MUNDO,RESTO DEL MUNDO,KASANI,52
FEBRERO,RESTO DEL MUNDO,RESTO DEL MUNDO,OTRAS OCM,51
FEBRERO,RESTO DEL MUNDO,RESTO DEL MUNDO,SANTA ROSA,3
FEBRERO,RUMANIA,EUROPA,AEROPUERTO INTERNACIONAL JORGE CHÁVEZ,1021
FEBRERO,RUMANIA,EUROPA,CEBAF - TUMBES,30
FEBRERO,RUMANIA,EUROPA,DESAGUADERO,14
FEBRERO,RUMANIA,EUROPA,KASANI,9
FEBRERO,RUMANIA,EUROPA,OTRAS OCM,104
FEBRERO,RUMANIA,EUROPA,SANTA ROSA,7
FEBRERO,RUSIA,EUROPA,AEROPUERTO INTERNACIONAL JORGE CHÁVEZ,3394
FEBRERO,RUSIA,EUROPA,CEBAF - TUMBES,68
FEBRERO,RUSIA,EUROPA,DESAGUADERO,148
FEBRERO,RUSIA,EUROPA,KASANI,49
FEBRERO,RUSIA,EUROPA,OTRAS OCM,224
FEBRERO,RUSIA,EUROPA,SANTA ROSA,78
FEBRERO,RWANDA,ÁFRICA,AEROPUERTO INTERNACIONAL JORGE CHÁVEZ,4
FEBRERO,RWANDA,ÁFRICA,CEBAF - TUMBES,0
FEBRERO,RWANDA,ÁFRICA,DESAGUADERO,0
FEBRERO,RWANDA,ÁFRICA,KASANI,0
FEBRERO,RWANDA,ÁFRICA,OTRAS OCM,0
FEBRERO,RWANDA,ÁFRICA,SANTA ROSA,0
FEBRERO,SAINT KITIS Y NEVIS,AMÉRICA CENTRAL,AEROPUERTO INTERNACIONAL JORGE CHÁVEZ,7
FEBRERO,SAINT KITIS Y NEVIS,AMÉRICA CENTRAL,CEBAF - TUMBES,0
FEBRERO,SAINT KITIS Y NEVIS,AMÉRICA CENTRAL,DESAGUADERO,0
FEBRERO,SAINT KITIS Y NEVIS,AMÉRICA CENTRAL,KASANI,0
FEBRERO,SAINT KITIS Y NEVIS,AMÉRICA CENTRAL,OTRAS OCM,0
FEBRERO,SAINT KITIS Y NEVIS,AMÉRICA CENTRAL,SANTA ROSA,0
FEBRERO,SALOMÓN ISLA,OCEANÍA,AEROPUERTO INTERNACIONAL JORGE CHÁVEZ,20
FEBRERO,SALOMÓN ISLA,OCEANÍA,CEBAF - TUMBES,0
FEBRERO,SALOMÓN ISLA,OCEANÍA,DESAGUADERO,0
FEBRERO,SALOMÓN ISLA,OCEANÍA,KASANI,1
FEBRERO,SALOMÓN ISLA,OCEANÍA,OTRAS OCM,0
FEBRERO,SALOMÓN ISLA,OCEANÍA,SANTA ROSA,0
FEBRERO,SAMOA OCCIDENTAL,OCEANÍA,AEROPUERTO INTERNACIONAL JORGE CHÁVEZ,0
FEBRERO,SAMOA OCCIDENTAL,OCEANÍA,CEBAF - TUMBES,0
FEBRERO,SAMOA OCCIDENTAL,OCEANÍA,DESAGUADERO,0
FEBRERO,SAMOA OCCIDENTAL,OCEANÍA,KASANI,0
FEBRERO,SAMOA OCCIDENTAL,OCEANÍA,OTRAS OCM,0
FEBRERO,SAMOA OCCIDENTAL,OCEANÍA,SANTA ROSA,0
FEBRERO,SAN MARINO,EUROPA,AEROPUERTO INTERNACIONAL JORGE CHÁVEZ,2
FEBRERO,SAN MARINO,EUROPA,CEBAF - TUMBES,1
FEBRERO,SAN MARINO,EUROPA,DESAGUADERO,0
FEBRERO,SAN MARINO,EUROPA,KASANI,0
FEBRERO,SAN MARINO,EUROPA,OTRAS OCM,0
FEBRERO,SAN MARINO,EUROPA,SANTA ROSA,0
FEBRERO,SAN VIC. GRANADINAS,AMÉRICA CENTRAL,AEROPUERTO INTERNACIONAL JORGE CHÁVEZ,5
FEBRERO,SAN VIC. GRANADINAS,AMÉRICA CENTRAL,CEBAF - TUMBES,0
FEBRERO,SAN VIC. GRANADINAS,AMÉRICA CENTRAL,DESAGUADERO,0
FEBRERO,SAN VIC. GRANADINAS,AMÉRICA CENTRAL,KASANI,0
FEBRERO,SAN VIC. GRANADINAS,AMÉRICA CENTRAL,OTRAS OCM,0
FEBRERO,SAN VIC. GRANADINAS,AMÉRICA CENTRAL,SANTA ROSA,0
FEBRERO,SANTA LUCÍA,AMÉRICA CENTRAL,AEROPUERTO INTERNACIONAL JORGE CHÁVEZ,14
FEBRERO,SANTA LUCÍA,AMÉRICA CENTRAL,CEBAF - TUMBES,0
FEBRERO,SANTA LUCÍA,AMÉRICA CENTRAL,DESAGUADERO,0
FEBRERO,SANTA LUCÍA,AMÉRICA CENTRAL,KASANI,0
FEBRERO,SANTA LUCÍA,AMÉRICA CENTRAL,OTRAS OCM,0
FEBRERO,SANTA LUCÍA,AMÉRICA CENTRAL,SANTA ROSA,0
FEBRERO,SENEGAL,ÁFRICA,AEROPUERTO INTERNACIONAL JORGE CHÁVEZ,10
FEBRERO,SENEGAL,ÁFRICA,CEBAF - TUMBES,0
FEBRERO,SENEGAL,ÁFRICA,DESAGUADERO,0
FEBRERO,SENEGAL,ÁFRICA,KASANI,0
FEBRERO,SENEGAL,ÁFRICA,OTRAS OCM,7
FEBRERO,SENEGAL,ÁFRICA,SANTA ROSA,0
FEBRERO,SEYCHELLES,ÁFRICA,AEROPUERTO INTERNACIONAL JORGE CHÁVEZ,0
FEBRERO,SEYCHELLES,ÁFRICA,CEBAF - TUMBES,0
FEBRERO,SEYCHELLES,ÁFRICA,DESAGUADERO,0
FEBRERO,SEYCHELLES,ÁFRICA,KASANI,0
FEBRERO,SEYCHELLES,ÁFRICA,OTRAS OCM,0
FEBRERO,SEYCHELLES,ÁFRICA,SANTA ROSA,0
FEBRERO,SIERRA LEONA,ÁFRICA,AEROPUERTO INTERNACIONAL JORGE CHÁVEZ,3
FEBRERO,SIERRA LEONA,ÁFRICA,CEBAF - TUMBES,1
FEBRERO,SIERRA LEONA,ÁFRICA,DESAGUADERO,0
FEBRERO,SIERRA LEONA,ÁFRICA,KASANI,0
FEBRERO,SIERRA LEONA,ÁFRICA,OTRAS OCM,0
FEBRERO,SIERRA LEONA,ÁFRICA,SANTA ROSA,0
FEBRERO,SIKKIM,ASIA,AEROPUERTO INTERNACIONAL JORGE CHÁVEZ,0
FEBRERO,SIKKIM,ASIA,CEBAF - TUMBES,0
FEBRERO,SIKKIM,ASIA,DESAGUADERO,0
FEBRERO,SIKKIM,ASIA,KASANI,0
FEBRERO,SIKKIM,ASIA,OTRAS OCM,0
FEBRERO,SIKKIM,ASIA,SANTA ROSA,0
FEBRERO,SINGAPUR,ASIA,AEROPUERTO INTERNACIONAL JORGE CHÁVEZ,325
FEBRERO,SINGAPUR,ASIA,CEBAF - TUMBES,2
FEBRERO,SINGAPUR,ASIA,DESAGUADERO,13
FEBRERO,SINGAPUR,ASIA,KASANI,13
FEBRERO,SINGAPUR,ASIA,OTRAS OCM,39
FEBRERO,SINGAPUR,ASIA,SANTA ROSA,5
FEBRERO,SIRIA,ASIA,AEROPUERTO INTERNACIONAL JORGE CHÁVEZ,17
FEBRERO,SIRIA,ASIA,CEBAF - TUMBES,0
FEBRERO,SIRIA,ASIA,DESAGUADERO,0
FEBRERO,SIRIA,ASIA,KASANI,1
FEBRERO,SIRIA,ASIA,OTRAS OCM,0
FEBRERO,SIRIA,ASIA,SANTA ROSA,1
FEBRERO,SOMALIA,ÁFRICA,AEROPUERTO INTERNACIONAL JORGE CHÁVEZ,1
FEBRERO,SOMALIA,ÁFRICA,CEBAF - TUMBES,0
FEBRERO,SOMALIA,ÁFRICA,DESAGUADERO,0
FEBRERO,SOMALIA,ÁFRICA,KASANI,0
FEBRERO,SOMALIA,ÁFRICA,OTRAS OCM,1
FEBRERO,SOMALIA,ÁFRICA,SANTA ROSA,0
FEBRERO,SRI LANKA,ASIA,AEROPUERTO INTERNACIONAL JORGE CHÁVEZ,32
FEBRERO,SRI LANKA,ASIA,CEBAF - TUMBES,1
FEBRERO,SRI LANKA,ASIA,DESAGUADERO,0
FEBRERO,SRI LANKA,ASIA,KASANI,1
FEBRERO,SRI LANKA,ASIA,OTRAS OCM,19
FEBRERO,SRI LANKA,ASIA,SANTA ROSA,0
FEBRERO,STO. TOMÉ Y PRÍNCIPE,ÁFRICA,AEROPUERTO INTERNACIONAL JORGE CHÁVEZ,2
FEBRERO,STO. TOMÉ Y PRÍNCIPE,ÁFRICA,CEBAF - TUMBES,0
FEBRERO,STO. TOMÉ Y PRÍNCIPE,ÁFRICA,DESAGUADERO,0
FEBRERO,STO. TOMÉ Y PRÍNCIPE,ÁFRICA,KASANI,0
FEBRERO,STO. TOMÉ Y PRÍNCIPE,ÁFRICA,OTRAS OCM,4
FEBRERO,STO. TOMÉ Y PRÍNCIPE,ÁFRICA,SANTA ROSA,0
FEBRERO,SUDÁFRICA,ÁFRICA,AEROPUERTO INTERNACIONAL JORGE CHÁVEZ,470
FEBRERO,SUDÁFRICA,ÁFRICA,CEBAF - TUMBES,5
FEBRERO,SUDÁFRICA,ÁFRICA,DESAGUADERO,15
FEBRERO,SUDÁFRICA,ÁFRICA,KASANI,7
FEBRERO,SUDÁFRICA,ÁFRICA,OTRAS OCM,50
FEBRERO,SUDÁFRICA,ÁFRICA,SANTA ROSA,15
FEBRERO,SUDÁN,ÁFRICA,AEROPUERTO INTERNACIONAL JORGE CHÁVEZ,3
FEBRERO,SUDÁN,ÁFRICA,CEBAF - TUMBES,0
FEBRERO,SUDÁN,ÁFRICA,DESAGUADERO,0
FEBRERO,SUDÁN,ÁFRICA,KASANI,0
FEBRERO,SUDÁN,ÁFRICA,OTRAS OCM,0
FEBRERO,SUDÁN,ÁFRICA,SANTA ROSA,0
FEBRERO,SUECIA,EUROPA,AEROPUERTO INTERNACIONAL JORGE CHÁVEZ,3223
FEBRERO,SUECIA,EUROPA,CEBAF - TUMBES,65
FEBRERO,SUECIA,EUROPA,DESAGUADERO,242
FEBRERO,SUECIA,EUROPA,KASANI,111
FEBRERO,SUECIA,EUROPA,OTRAS OCM,186
FEBRERO,SUECIA,EUROPA,SANTA ROSA,117
FEBRERO,SUIZA,EUROPA,AEROPUERTO INTERNACIONAL JORGE CHÁVEZ,6998
FEBRERO,SUIZA,EUROPA,CEBAF - TUMBES,206
FEBRERO,SUIZA,EUROPA,DESAGUADERO,281
FEBRERO,SUIZA,EUROPA,KASANI,200
FEBRERO,SUIZA,EUROPA,OTRAS OCM,632
FEBRERO,SUIZA,EUROPA,SANTA ROSA,200
FEBRERO,SURINAM,AMÉRICA DEL SUR,AEROPUERTO INTERNACIONAL JORGE CHÁVEZ,42
FEBRERO,SURINAM,AMÉRICA DEL SUR,CEBAF - TUMBES,0
FEBRERO,SURINAM,AMÉRICA DEL SUR,DESAGUADERO,0
FEBRERO,SURINAM,AMÉRICA DEL SUR,KASANI,0
FEBRERO,SURINAM,AMÉRICA DEL SUR,OTRAS OCM,0
FEBRERO,SURINAM,AMÉRICA DEL SUR,SANTA ROSA,0
FEBRERO,SWAZILANDIA,ÁFRICA,AEROPUERTO INTERNACIONAL JORGE CHÁVEZ,0
FEBRERO,SWAZILANDIA,ÁFRICA,CEBAF - TUMBES,0
FEBRERO,SWAZILANDIA,ÁFRICA,DESAGUADERO,0
FEBRERO,SWAZILANDIA,ÁFRICA,KASANI,0
FEBRERO,SWAZILANDIA,ÁFRICA,OTRAS OCM,0
FEBRERO,SWAZILANDIA,ÁFRICA,SANTA ROSA,0
FEBRERO,TAILANDIA,ASIA,AEROPUERTO INTERNACIONAL JORGE CHÁVEZ,351
FEBRERO,TAILANDIA,ASIA,CEBAF - TUMBES,3
FEBRERO,TAILANDIA,ASIA,DESAGUADERO,3
FEBRERO,TAILANDIA,ASIA,KASANI,0
FEBRERO,TAILANDIA,ASIA,OTRAS OCM,30
FEBRERO,TAILANDIA,ASIA,SANTA ROSA,0
FEBRERO,TAIWÁN,ASIA,AEROPUERTO INTERNACIONAL JORGE CHÁVEZ,2420
FEBRERO,TAIWÁN,ASIA,CEBAF - TUMBES,19
FEBRERO,TAIWÁN,ASIA,DESAGUADERO,61
FEBRERO,TAIWÁN,ASIA,KASANI,44
FEBRERO,TAIWÁN,ASIA,OTRAS OCM,130
FEBRERO,TAIWÁN,ASIA,SANTA ROSA,22
FEBRERO,TANZANIA,ÁFRICA,AEROPUERTO INTERNACIONAL JORGE CHÁVEZ,9
FEBRERO,TANZANIA,ÁFRICA,CEBAF - TUMBES,0
FEBRERO,TANZANIA,ÁFRICA,DESAGUADERO,1
FEBRERO,TANZANIA,ÁFRICA,KASANI,0
FEBRERO,TANZANIA,ÁFRICA,OTRAS OCM,3
FEBRERO,TANZANIA,ÁFRICA,SANTA ROSA,0
FEBRERO,TAYIKISTÁN,ASIA,AEROPUERTO INTERNACIONAL JORGE CHÁVEZ,2
FEBRERO,TAYIKISTÁN,ASIA,CEBAF - TUMBES,0
FEBRERO,TAYIKISTÁN,ASIA,DESAGUADERO,0
FEBRERO,TAYIKISTÁN,ASIA,KASANI,0
FEBRERO,TAYIKISTÁN,ASIA,OTRAS OCM,0
FEBRERO,TAYIKISTÁN,ASIA,SANTA ROSA,0
FEBRERO,TOGO,ÁFRICA,AEROPUERTO INTERNACIONAL JORGE CHÁVEZ,1
FEBRERO,TOGO,ÁFRICA,CEBAF - TUMBES,0
FEBRERO,TOGO,ÁFRICA,DESAGUADERO,0
FEBRERO,TOGO,ÁFRICA,KASANI,0
FEBRERO,TOGO,ÁFRICA,OTRAS OCM,1
FEBRERO,TOGO,ÁFRICA,SANTA ROSA,0
FEBRERO,TONGA,OCEANÍA,AEROPUERTO INTERNACIONAL JORGE CHÁVEZ,5
FEBRERO,TONGA,OCEANÍA,CEBAF - TUMBES,0
FEBRERO,TONGA,OCEANÍA,DESAGUADERO,0
FEBRERO,TONGA,OCEANÍA,KASANI,0
FEBRERO,TONGA,OCEANÍA,OTRAS OCM,0
FEBRERO,TONGA,OCEANÍA,SANTA ROSA,0
FEBRERO,TRINIDAD Y TOBAGO,AMÉRICA CENTRAL,AEROPUERTO INTERNACIONAL JORGE CHÁVEZ,124
FEBRERO,TRINIDAD Y TOBAGO,AMÉRICA CENTRAL,CEBAF - TUMBES,1
FEBRERO,TRINIDAD Y TOBAGO,AMÉRICA CENTRAL,DESAGUADERO,3
FEBRERO,TRINIDAD Y TOBAGO,AMÉRICA CENTRAL,KASANI,0
FEBRERO,TRINIDAD Y TOBAGO,AMÉRICA CENTRAL,OTRAS OCM,1
FEBRERO,TRINIDAD Y TOBAGO,AMÉRICA CENTRAL,SANTA ROSA,0
FEBRERO,TURKMENISTÁN,ASIA,AEROPUERTO INTERNACIONAL JORGE CHÁVEZ,0
FEBRERO,TURKMENISTÁN,ASIA,CEBAF - TUMBES,0
FEBRERO,TURKMENISTÁN,ASIA,DESAGUADERO,0
FEBRERO,TURKMENISTÁN,ASIA,KASANI,0
FEBRERO,TURKMENISTÁN,ASIA,OTRAS OCM,0
FEBRERO,TURKMENISTÁN,ASIA,SANTA ROSA,0
FEBRERO,TURQUÍA,ASIA,AEROPUERTO INTERNACIONAL JORGE CHÁVEZ,1135
FEBRERO,TURQUÍA,ASIA,CEBAF - TUMBES,27
FEBRERO,TURQUÍA,ASIA,DESAGUADERO,134
FEBRERO,TURQUÍA,ASIA,KASANI,31
FEBRERO,TURQUÍA,ASIA,OTRAS OCM,194
FEBRERO,TURQUÍA,ASIA,SANTA ROSA,52
FEBRERO,TUVALU,OCEANÍA,AEROPUERTO INTERNACIONAL JORGE CHÁVEZ,0
FEBRERO,TUVALU,OCEANÍA,CEBAF - TUMBES,0
FEBRERO,TUVALU,OCEANÍA,DESAGUADERO,0
FEBRERO,TUVALU,OCEANÍA,KASANI,0
FEBRERO,TUVALU,OCEANÍA,OTRAS OCM,0
FEBRERO,TUVALU,OCEANÍA,SANTA ROSA,0
FEBRERO,TÚNEZ,ÁFRICA,AEROPUERTO INTERNACIONAL JORGE CHÁVEZ,16
FEBRERO,TÚNEZ,ÁFRICA,CEBAF - TUMBES,0
FEBRERO,TÚNEZ,ÁFRICA,DESAGUADERO,1
FEBRERO,TÚNEZ,ÁFRICA,KASANI,0
FEBRERO,TÚNEZ,ÁFRICA,OTRAS OCM,0
FEBRERO,TÚNEZ,ÁFRICA,SANTA ROSA,0
FEBRERO,UCRANIA,EUROPA,AEROPUERTO INTERNACIONAL JORGE CHÁVEZ,1104
FEBRERO,UCRANIA,EUROPA,CEBAF - TUMBES,23
FEBRERO,UCRANIA,EUROPA,DESAGUADERO,22
FEBRERO,UCRANIA,EUROPA,KASANI,7
FEBRERO,UCRANIA,EUROPA,OTRAS OCM,191
FEBRERO,UCRANIA,EUROPA,SANTA ROSA,24
FEBRERO,UGANDA,ÁFRICA,AEROPUERTO INTERNACIONAL JORGE CHÁVEZ,5
FEBRERO,UGANDA,ÁFRICA,CEBAF - TUMBES,2
FEBRERO,UGANDA,ÁFRICA,DESAGUADERO,0
FEBRERO,UGANDA,ÁFRICA,KASANI,0
FEBRERO,UGANDA,ÁFRICA,OTRAS OCM,0
FEBRERO,UGANDA,ÁFRICA,SANTA ROSA,0
FEBRERO,URUGUAY,AMÉRICA DEL SUR,AEROPUERTO INTERNACIONAL JORGE CHÁVEZ,4854
FEBRERO,URUGUAY,AMÉRICA DEL SUR,CEBAF - TUMBES,65
FEBRERO,URUGUAY,AMÉRICA DEL SUR,DESAGUADERO,89
FEBRERO,URUGUAY,AMÉRICA DEL SUR,KASANI,33
FEBRERO,URUGUAY,AMÉRICA DEL SUR,OTRAS OCM,65
FEBRERO,URUGUAY,AMÉRICA DEL SUR,SANTA ROSA,118
FEBRERO,UZBEKISTÁN,ASIA,AEROPUERTO INTERNACIONAL JORGE CHÁVEZ,30
FEBRERO,UZBEKISTÁN,ASIA,CEBAF - TUMBES,0
FEBRERO,UZBEKISTÁN,ASIA,DESAGUADERO,0
FEBRERO,UZBEKISTÁN,ASIA,KASANI,0
FEBRERO,UZBEKISTÁN,ASIA,OTRAS OCM,0
FEBRERO,UZBEKISTÁN,ASIA,SANTA ROSA,0
FEBRERO,VANUATU,OCEANÍA,AEROPUERTO INTERNACIONAL JORGE CHÁVEZ,6
FEBRERO,VANUATU,OCEANÍA,CEBAF - TUMBES,0
FEBRERO,VANUATU,OCEANÍA,DESAGUADERO,0
FEBRERO,VANUATU,OCEANÍA,KASANI,0
FEBRERO,VANUATU,OCEANÍA,OTRAS OCM,0
FEBRERO,VANUATU,OCEANÍA,SANTA ROSA,0
FEBRERO,VATICANO,EUROPA,AEROPUERTO INTERNACIONAL JORGE CHÁVEZ,4
FEBRERO,VATICANO,EUROPA,CEBAF - TUMBES,0
FEBRERO,VATICANO,EUROPA,DESAGUADERO,0
FEBRERO,VATICANO,EUROPA,KASANI,0
FEBRERO,VATICANO,EUROPA,OTRAS OCM,0
FEBRERO,VATICANO,EUROPA,SANTA ROSA,0
FEBRERO,VENEZUELA,AMÉRICA DEL SUR,AEROPUERTO INTERNACIONAL JORGE CHÁVEZ,7738
FEBRERO,VENEZUELA,AMÉRICA DEL SUR,CEBAF - TUMBES,10629
FEBRERO,VENEZUELA,AMÉRICA DEL SUR,DESAGUADERO,76
FEBRERO,VENEZUELA,AMÉRICA DEL SUR,KASANI,37
FEBRERO,VENEZUELA,AMÉRICA DEL SUR,OTRAS OCM,390
FEBRERO,VENEZUELA,AMÉRICA DEL SUR,SANTA ROSA,3151
FEBRERO,VIETNAM,ASIA,AEROPUERTO INTERNACIONAL JORGE CHÁVEZ,217
FEBRERO,VIETNAM,ASIA,CEBAF - TUMBES,1
FEBRERO,VIETNAM,ASIA,DESAGUADERO,0
FEBRERO,VIETNAM,ASIA,KASANI,2
FEBRERO,VIETNAM,ASIA,OTRAS OCM,12
FEBRERO,VIETNAM,ASIA,SANTA ROSA,0
FEBRERO,YEMEN,ASIA,AEROPUERTO INTERNACIONAL JORGE CHÁVEZ,2
FEBRERO,YEMEN,ASIA,CEBAF - TUMBES,5
FEBRERO,YEMEN,ASIA,DESAGUADERO,0
FEBRERO,YEMEN,ASIA,KASANI,0
FEBRERO,YEMEN,ASIA,OTRAS OCM,0
FEBRERO,YEMEN,ASIA,SANTA ROSA,1
FEBRERO,ZAMBIA,ÁFRICA,AEROPUERTO INTERNACIONAL JORGE CHÁVEZ,15
FEBRERO,ZAMBIA,ÁFRICA,CEBAF - TUMBES,0
FEBRERO,ZAMBIA,ÁFRICA,DESAGUADERO,0
FEBRERO,ZAMBIA,ÁFRICA,KASANI,0
FEBRERO,ZAMBIA,ÁFRICA,OTRAS OCM,0
FEBRERO,ZAMBIA,ÁFRICA,SANTA ROSA,0
FEBRERO,ZIMBABWE,ÁFRICA,AEROPUERTO INTERNACIONAL JORGE CHÁVEZ,11
FEBRERO,ZIMBABWE,ÁFRICA,CEBAF - TUMBES,0
FEBRERO,ZIMBABWE,ÁFRICA,DESAGUADERO,0
FEBRERO,ZIMBABWE,ÁFRICA,KASANI,0
FEBRERO,ZIMBABWE,ÁFRICA,OTRAS OCM,0
FEBRERO,ZIMBABWE,ÁFRICA,SANTA ROSA,0
JULIO,AFGHANISTÁN,ASIA,AEROPUERTO INTERNACIONAL JORGE CHÁVEZ,5
JULIO,AFGHANISTÁN,ASIA,CEBAF - TUMBES,0
JULIO,AFGHANISTÁN,ASIA,DESAGUADERO,1
JULIO,AFGHANISTÁN,ASIA,KASANI,0
JULIO,AFGHANISTÁN,ASIA,OTRAS OCM,1
JULIO,AFGHANISTÁN,ASIA,SANTA ROSA,14
JULIO,ALBANIA,EUROPA,AEROPUERTO INTERNACIONAL JORGE CHÁVEZ,26
JULIO,ALBANIA,EUROPA,CEBAF - TUMBES,0
JULIO,ALBANIA,EUROPA,DESAGUADERO,0
JULIO,ALBANIA,EUROPA,KASANI,1
JULIO,ALBANIA,EUROPA,OTRAS OCM,0
JULIO,ALBANIA,EUROPA,SANTA ROSA,0
JULIO,ALEMANIA,EUROPA,AEROPUERTO INTERNACIONAL JORGE CHÁVEZ,22341
JULIO,ALEMANIA,EUROPA,CEBAF - TUMBES,454
JULIO,ALEMANIA,EUROPA,DESAGUADERO,793
JULIO,ALEMANIA,EUROPA,KASANI,1130
JULIO,ALEMANIA,EUROPA,OTRAS OCM,792
JULIO,ALEMANIA,EUROPA,SANTA ROSA,323
JULIO,ANDORRA,EUROPA,AEROPUERTO INTERNACIONAL JORGE CHÁVEZ,63
JULIO,ANDORRA,EUROPA,CEBAF - TUMBES,1
JULIO,ANDORRA,EUROPA,DESAGUADERO,5
JULIO,ANDORRA,EUROPA,KASANI,1
JULIO,ANDORRA,EUROPA,OTRAS OCM,1
JULIO,ANDORRA,EUROPA,SANTA ROSA,0
JULIO,ANGOLA,ÁFRICA,AEROPUERTO INTERNACIONAL JORGE CHÁVEZ,15
JULIO,ANGOLA,ÁFRICA,CEBAF - TUMBES,0
JULIO,ANGOLA,ÁFRICA,DESAGUADERO,0
JULIO,ANGOLA,ÁFRICA,KASANI,0
JULIO,ANGOLA,ÁFRICA,OTRAS OCM,0
JULIO,ANGOLA,ÁFRICA,SANTA ROSA,0
JULIO,ANT. BARBUDA,AMÉRICA CENTRAL,AEROPUERTO INTERNACIONAL JORGE CHÁVEZ,28
JULIO,ANT. BARBUDA,AMÉRICA CENTRAL,CEBAF - TUMBES,0
JULIO,ANT. BARBUDA,AMÉRICA CENTRAL,DESAGUADERO,0
JULIO,ANT. BARBUDA,AMÉRICA CENTRAL,KASANI,0
JULIO,ANT. BARBUDA,AMÉRICA CENTRAL,OTRAS OCM,0
JULIO,ANT. BARBUDA,AMÉRICA CENTRAL,SANTA ROSA,0
JULIO,ARABIA SAUDITA,ASIA,AEROPUERTO INTERNACIONAL JORGE CHÁVEZ,144
JULIO,ARABIA SAUDITA,ASIA,CEBAF - TUMBES,0
JULIO,ARABIA SAUDITA,ASIA,DESAGUADERO,0
JULIO,ARABIA SAUDITA,ASIA,KASANI,1
JULIO,ARABIA SAUDITA,ASIA,OTRAS OCM,2
JULIO,ARABIA SAUDITA,ASIA,SANTA ROSA,0
JULIO,ARGELIA,ÁFRICA,AEROPUERTO INTERNACIONAL JORGE CHÁVEZ,20
JULIO,ARGELIA,ÁFRICA,CEBAF - TUMBES,1
JULIO,ARGELIA,ÁFRICA,DESAGUADERO,1
JULIO,ARGELIA,ÁFRICA,KASANI,0
JULIO,ARGELIA,ÁFRICA,OTRAS OCM,1
JULIO,ARGELIA,ÁFRICA,SANTA ROSA,0
JULIO,ARGENTINA,AMÉRICA DEL SUR,AEROPUERTO INTERNACIONAL JORGE CHÁVEZ,59822
JULIO,ARGENTINA,AMÉRICA DEL SUR,CEBAF - TUMBES,578
JULIO,ARGENTINA,AMÉRICA DEL SUR,DESAGUADERO,5768
JULIO,ARGENTINA,AMÉRICA DEL SUR,KASANI,1796
JULIO,ARGENTINA,AMÉRICA DEL SUR,OTRAS OCM,1973
JULIO,ARGENTINA,AMÉRICA DEL SUR,SANTA ROSA,4600
JULIO,ARMENIA,ASIA,AEROPUERTO INTERNACIONAL JORGE CHÁVEZ,55
JULIO,ARMENIA,ASIA,CEBAF - TUMBES,0
JULIO,ARMENIA,ASIA,DESAGUADERO,2
JULIO,ARMENIA,ASIA,KASANI,2
JULIO,ARMENIA,ASIA,OTRAS OCM,1
JULIO,ARMENIA,ASIA,SANTA ROSA,8
JULIO,ARUBA,AMÉRICA CENTRAL,AEROPUERTO INTERNACIONAL JORGE CHÁVEZ,223
JULIO,ARUBA,AMÉRICA CENTRAL,CEBAF - TUMBES,0
JULIO,ARUBA,AMÉRICA CENTRAL,DESAGUADERO,1
JULIO,ARUBA,AMÉRICA CENTRAL,KASANI,1
JULIO,ARUBA,AMÉRICA CENTRAL,OTRAS OCM,12
JULIO,ARUBA,AMÉRICA CENTRAL,SANTA ROSA,0
JULIO,AUSTRALIA,OCEANÍA,AEROPUERTO INTERNACIONAL JORGE CHÁVEZ,7766
JULIO,AUSTRALIA,OCEANÍA,CEBAF - TUMBES,145
JULIO,AUSTRALIA,OCEANÍA,DESAGUADERO,194
JULIO,AUSTRALIA,OCEANÍA,KASANI,270
JULIO,AUSTRALIA,OCEANÍA,OTRAS OCM,826
JULIO,AUSTRALIA,OCEANÍA,SANTA ROSA,58
JULIO,AUSTRIA,EUROPA,AEROPUERTO INTERNACIONAL JORGE CHÁVEZ,3602
JULIO,AUSTRIA,EUROPA,CEBAF - TUMBES,37
JULIO,AUSTRIA,EUROPA,DESAGUADERO,94
JULIO,AUSTRIA,EUROPA,KASANI,165
JULIO,AUSTRIA,EUROPA,OTRAS OCM,142
JULIO,AUSTRIA,EUROPA,SANTA ROSA,52
JULIO,AZERBAIYÁN,ASIA,AEROPUERTO INTERNACIONAL JORGE CHÁVEZ,15
JULIO,AZERBAIYÁN,ASIA,CEBAF - TUMBES,0
JULIO,AZERBAIYÁN,ASIA,DESAGUADERO,1
JULIO,AZERBAIYÁN,ASIA,KASANI,0
JULIO,AZERBAIYÁN,ASIA,OTRAS OCM,1
JULIO,AZERBAIYÁN,ASIA,SANTA ROSA,0
JULIO,BAHAMAS,AMÉRICA CENTRAL,AEROPUERTO INTERNACIONAL JORGE CHÁVEZ,139
JULIO,BAHAMAS,AMÉRICA CENTRAL,CEBAF - TUMBES,0
JULIO,BAHAMAS,AMÉRICA CENTRAL,DESAGUADERO,0
JULIO,BAHAMAS,AMÉRICA CENTRAL,KASANI,0
JULIO,BAHAMAS,AMÉRICA CENTRAL,OTRAS OCM,3
JULIO,BAHAMAS,AMÉRICA CENTRAL,SANTA ROSA,0
JULIO,BAHRÉIN,ASIA,AEROPUERTO INTERNACIONAL JORGE CHÁVEZ,15
JULIO,BAHRÉIN,ASIA,CEBAF - TUMBES,0
JULIO,BAHRÉIN,ASIA,DESAGUADERO,0
JULIO,BAHRÉIN,ASIA,KASANI,0
JULIO,BAHRÉIN,ASIA,OTRAS OCM,0
JULIO,BAHRÉIN,ASIA,SANTA ROSA,0
JULIO,BANGLADESH,ASIA,AEROPUERTO INTERNACIONAL JORGE CHÁVEZ,30
JULIO,BANGLADESH,ASIA,CEBAF - TUMBES,0
JULIO,BANGLADESH,ASIA,DESAGUADERO,0
JULIO,BANGLADESH,ASIA,KASANI,0
JULIO,BANGLADESH,ASIA,OTRAS OCM,22
JULIO,BANGLADESH,ASIA,SANTA ROSA,0
JULIO,BARBADOS,AMÉRICA CENTRAL,AEROPUERTO INTERNACIONAL JORGE CHÁVEZ,181
JULIO,BARBADOS,AMÉRICA CENTRAL,CEBAF - TUMBES,0
JULIO,BARBADOS,AMÉRICA CENTRAL,DESAGUADERO,0
JULIO,BARBADOS,AMÉRICA CENTRAL,KASANI,2
JULIO,BARBADOS,AMÉRICA CENTRAL,OTRAS OCM,2
JULIO,BARBADOS,AMÉRICA CENTRAL,SANTA ROSA,0
JULIO,BELICE,AMÉRICA CENTRAL,AEROPUERTO INTERNACIONAL JORGE CHÁVEZ,400
JULIO,BELICE,AMÉRICA CENTRAL,CEBAF - TUMBES,0
JULIO,BELICE,AMÉRICA CENTRAL,DESAGUADERO,10
JULIO,BELICE,AMÉRICA CENTRAL,KASANI,8
JULIO,BELICE,AMÉRICA CENTRAL,OTRAS OCM,4
JULIO,BELICE,AMÉRICA CENTRAL,SANTA ROSA,0
JULIO,BELORUSIA,EUROPA,AEROPUERTO INTERNACIONAL JORGE CHÁVEZ,124
JULIO,BELORUSIA,EUROPA,CEBAF - TUMBES,3
JULIO,BELORUSIA,EUROPA,DESAGUADERO,2
JULIO,BELORUSIA,EUROPA,KASANI,2
JULIO,BELORUSIA,EUROPA,OTRAS OCM,0
JULIO,BELORUSIA,EUROPA,SANTA ROSA,1
JULIO,BENÍN,ÁFRICA,AEROPUERTO INTERNACIONAL JORGE CHÁVEZ,5
JULIO,BENÍN,ÁFRICA,CEBAF - TUMBES,0
JULIO,BENÍN,ÁFRICA,DESAGUADERO,0
JULIO,BENÍN,ÁFRICA,KASANI,0
JULIO,BENÍN,ÁFRICA,OTRAS OCM,0
JULIO,BENÍN,ÁFRICA,SANTA ROSA,0
JULIO,BERMUDAS,AMÉRICA CENTRAL,AEROPUERTO INTERNACIONAL JORGE CHÁVEZ,21
JULIO,BERMUDAS,AMÉRICA CENTRAL,CEBAF - TUMBES,0
JULIO,BERMUDAS,AMÉRICA CENTRAL,DESAGUADERO,0
JULIO,BERMUDAS,AMÉRICA CENTRAL,KASANI,0
JULIO,BERMUDAS,AMÉRICA CENTRAL,OTRAS OCM,0
JULIO,BERMUDAS,AMÉRICA CENTRAL,SANTA ROSA,0
JULIO,BHUTÁN,ASIA,AEROPUERTO INTERNACIONAL JORGE CHÁVEZ,5
JULIO,BHUTÁN,ASIA,CEBAF - TUMBES,0
JULIO,BHUTÁN,ASIA,DESAGUADERO,0
JULIO,BHUTÁN,ASIA,KASANI,0
JULIO,BHUTÁN,ASIA,OTRAS OCM,0
JULIO,BHUTÁN,ASIA,SANTA ROSA,0
JULIO,BOLIVIA,AMÉRICA DEL SUR,AEROPUERTO INTERNACIONAL JORGE CHÁVEZ,10289
JULIO,BOLIVIA,AMÉRICA DEL SUR,CEBAF - TUMBES,295
JULIO,BOLIVIA,AMÉRICA DEL SUR,DESAGUADERO,57948
JULIO,BOLIVIA,AMÉRICA DEL SUR,KASANI,4725
JULIO,BOLIVIA,AMÉRICA DEL SUR,OTRAS OCM,5725
JULIO,BOLIVIA,AMÉRICA DEL SUR,SANTA ROSA,14773
JULIO,BOSNIA Y HERZEGOVINA,EUROPA,AEROPUERTO INTERNACIONAL JORGE CHÁVEZ,14
JULIO,BOSNIA Y HERZEGOVINA,EUROPA,CEBAF - TUMBES,0
JULIO,BOSNIA Y HERZEGOVINA,EUROPA,DESAGUADERO,4
JULIO,BOSNIA Y HERZEGOVINA,EUROPA,KASANI,6
JULIO,BOSNIA Y HERZEGOVINA,EUROPA,OTRAS OCM,1
JULIO,BOSNIA Y HERZEGOVINA,EUROPA,SANTA ROSA,0
JULIO,BOTSWANA,ÁFRICA,AEROPUERTO INTERNACIONAL JORGE CHÁVEZ,4
JULIO,BOTSWANA,ÁFRICA,CEBAF - TUMBES,0
JULIO,BOTSWANA,ÁFRICA,DESAGUADERO,0
JULIO,BOTSWANA,ÁFRICA,KASANI,0
JULIO,BOTSWANA,ÁFRICA,OTRAS OCM,0
JULIO,BOTSWANA,ÁFRICA,SANTA ROSA,0
JULIO,BRASIL,AMÉRICA DEL SUR,AEROPUERTO INTERNACIONAL JORGE CHÁVEZ,73612
JULIO,BRASIL,AMÉRICA DEL SUR,CEBAF - TUMBES,143
JULIO,BRASIL,AMÉRICA DEL SUR,DESAGUADERO,1396
JULIO,BRASIL,AMÉRICA DEL SUR,KASANI,1157
JULIO,BRASIL,AMÉRICA DEL SUR,OTRAS OCM,11662
JULIO,BRASIL,AMÉRICA DEL SUR,SANTA ROSA,3275
JULIO,BRUNÉI,ASIA,AEROPUERTO INTERNACIONAL JORGE CHÁVEZ,7
JULIO,BRUNÉI,ASIA,CEBAF - TUMBES,0
JULIO,BRUNÉI,ASIA,DESAGUADERO,0
JULIO,BRUNÉI,ASIA,KASANI,0
JULIO,BRUNÉI,ASIA,OTRAS OCM,0
JULIO,BRUNÉI,ASIA,SANTA ROSA,0
JULIO,BULGARIA,EUROPA,AEROPUERTO INTERNACIONAL JORGE CHÁVEZ,400
JULIO,BULGARIA,EUROPA,CEBAF - TUMBES,0
JULIO,BULGARIA,EUROPA,DESAGUADERO,17
JULIO,BULGARIA,EUROPA,KASANI,7
JULIO,BULGARIA,EUROPA,OTRAS OCM,15
JULIO,BULGARIA,EUROPA,SANTA ROSA,2
JULIO,BURKINA FASO,ÁFRICA,AEROPUERTO INTERNACIONAL JORGE CHÁVEZ,4
JULIO,BURKINA FASO,ÁFRICA,CEBAF - TUMBES,0
JULIO,BURKINA FASO,ÁFRICA,DESAGUADERO,0
JULIO,BURKINA FASO,ÁFRICA,KASANI,0
JULIO,BURKINA FASO,ÁFRICA,OTRAS OCM,0
JULIO,BURKINA FASO,ÁFRICA,SANTA ROSA,0
JULIO,BURUNDI,ÁFRICA,AEROPUERTO INTERNACIONAL JORGE CHÁVEZ,1
JULIO,BURUNDI,ÁFRICA,CEBAF - TUMBES,0
JULIO,BURUNDI,ÁFRICA,DESAGUADERO,0
JULIO,BURUNDI,ÁFRICA,KASANI,0
JULIO,BURUNDI,ÁFRICA,OTRAS OCM,0
JULIO,BURUNDI,ÁFRICA,SANTA ROSA,0
JULIO,BÉLGICA,EUROPA,AEROPUERTO INTERNACIONAL JORGE CHÁVEZ,9867
JULIO,BÉLGICA,EUROPA,CEBAF - TUMBES,133
JULIO,BÉLGICA,EUROPA,DESAGUADERO,233
JULIO,BÉLGICA,EUROPA,KASANI,317
JULIO,BÉLGICA,EUROPA,OTRAS OCM,182
JULIO,BÉLGICA,EUROPA,SANTA ROSA,76
JULIO,CABO VERDE,ÁFRICA,AEROPUERTO INTERNACIONAL JORGE CHÁVEZ,11
JULIO,CABO VERDE,ÁFRICA,CEBAF - TUMBES,0
JULIO,CABO VERDE,ÁFRICA,DESAGUADERO,0
JULIO,CABO VERDE,ÁFRICA,KASANI,0
JULIO,CABO VERDE,ÁFRICA,OTRAS OCM,10
JULIO,CABO VERDE,ÁFRICA,SANTA ROSA,0
JULIO,CAMBOYA,ASIA,AEROPUERTO INTERNACIONAL JORGE CHÁVEZ,2
JULIO,CAMBOYA,ASIA,CEBAF - TUMBES,0
JULIO,CAMBOYA,ASIA,DESAGUADERO,0
JULIO,CAMBOYA,ASIA,KASANI,0
JULIO,CAMBOYA,ASIA,OTRAS OCM,0
JULIO,CAMBOYA,ASIA,SANTA ROSA,0
JULIO,CAMERÚN,ÁFRICA,AEROPUERTO INTERNACIONAL JORGE CHÁVEZ,14
JULIO,CAMERÚN,ÁFRICA,CEBAF - TUMBES,0
JULIO,CAMERÚN,ÁFRICA,DESAGUADERO,1
JULIO,CAMERÚN,ÁFRICA,KASANI,0
JULIO,CAMERÚN,ÁFRICA,OTRAS OCM,0
JULIO,CAMERÚN,ÁFRICA,SANTA ROSA,0
JULIO,CANADÁ,AMÉRICA DEL NORTE,AEROPUERTO INTERNACIONAL JORGE CHÁVEZ,28334
JULIO,CANADÁ,AMÉRICA DEL NORTE,CEBAF - TUMBES,161
JULIO,CANADÁ,AMÉRICA DEL NORTE,DESAGUADERO,178
JULIO,CANADÁ,AMÉRICA DEL NORTE,KASANI,223
JULIO,CANADÁ,AMÉRICA DEL NORTE,OTRAS OCM,505
JULIO,CANADÁ,AMÉRICA DEL NORTE,SANTA ROSA,92
JULIO,CEYLÁN,ASIA,AEROPUERTO INTERNACIONAL JORGE CHÁVEZ,0
JULIO,CEYLÁN,ASIA,CEBAF - TUMBES,0
JULIO,CEYLÁN,ASIA,DESAGUADERO,0
JULIO,CEYLÁN,ASIA,KASANI,0
JULIO,CEYLÁN,ASIA,OTRAS OCM,0
JULIO,CEYLÁN,ASIA,SANTA ROSA,0
JULIO,CHAD,ÁFRICA,AEROPUERTO INTERNACIONAL JORGE CHÁVEZ,1
JULIO,CHAD,ÁFRICA,CEBAF - TUMBES,0
JULIO,CHAD,ÁFRICA,DESAGUADERO,0
JULIO,CHAD,ÁFRICA,KASANI,0
JULIO,CHAD,ÁFRICA,OTRAS OCM,0
JULIO,CHAD,ÁFRICA,SANTA ROSA,0
JULIO,CHILE,AMÉRICA DEL SUR,AEROPUERTO INTERNACIONAL JORGE CHÁVEZ,105585
JULIO,CHILE,AMÉRICA DEL SUR,CEBAF - TUMBES,788
JULIO,CHILE,AMÉRICA DEL SUR,DESAGUADERO,836
JULIO,CHILE,AMÉRICA DEL SUR,KASANI,409
JULIO,CHILE,AMÉRICA DEL SUR,OTRAS OCM,13778
JULIO,CHILE,AMÉRICA DEL SUR,SANTA ROSA,519838
JULIO,CHINA (R.P),ASIA,AEROPUERTO INTERNACIONAL JORGE CHÁVEZ,10653
JULIO,CHINA (R.P),ASIA,CEBAF - TUMBES,68
JULIO,CHINA (R.P),ASIA,DESAGUADERO,37
JULIO,CHINA (R.P),ASIA,KASANI,36
JULIO,CHINA (R.P),ASIA,OTRAS OCM,812
JULIO,CHINA (R.P),ASIA,SANTA ROSA,214
JULIO,CHIPRE,EUROPA,AEROPUERTO INTERNACIONAL JORGE CHÁVEZ,169
JULIO,CHIPRE,EUROPA,CEBAF - TUMBES,0
JULIO,CHIPRE,EUROPA,DESAGUADERO,5
JULIO,CHIPRE,EUROPA,KASANI,2
JULIO,CHIPRE,EUROPA,OTRAS OCM,10
JULIO,CHIPRE,EUROPA,SANTA ROSA,1
JULIO,COLOMBIA,AMÉRICA DEL SUR,AEROPUERTO INTERNACIONAL JORGE CHÁVEZ,55448
JULIO,COLOMBIA,AMÉRICA DEL SUR,CEBAF - TUMBES,8468
JULIO,COLOMBIA,AMÉRICA DEL SUR,DESAGUADERO,1115
JULIO,COLOMBIA,AMÉRICA DEL SUR,KASANI,423
JULIO,COLOMBIA,AMÉRICA DEL SUR,OTRAS OCM,3725
JULIO,COLOMBIA,AMÉRICA DEL SUR,SANTA ROSA,4927
JULIO,COMORAS (ISL),ÁFRICA,AEROPUERTO INTERNACIONAL JORGE CHÁVEZ,1
JULIO,COMORAS (ISL),ÁFRICA,CEBAF - TUMBES,0
JULIO,COMORAS (ISL),ÁFRICA,DESAGUADERO,0
JULIO,COMORAS (ISL),ÁFRICA,KASANI,0
JULIO,COMORAS (ISL),ÁFRICA,OTRAS OCM,0
JULIO,COMORAS (ISL),ÁFRICA,SANTA ROSA,0
JULIO,CONGO,ÁFRICA,AEROPUERTO INTERNACIONAL JORGE CHÁVEZ,7
JULIO,CONGO,ÁFRICA,CEBAF - TUMBES,0
JULIO,CONGO,ÁFRICA,DESAGUADERO,0
JULIO,CONGO,ÁFRICA,KASANI,0
JULIO,CONGO,ÁFRICA,OTRAS OCM,0
JULIO,CONGO,ÁFRICA,SANTA ROSA,0
JULIO,COREA DEL NORTE,ASIA,AEROPUERTO INTERNACIONAL JORGE CHÁVEZ,1
JULIO,COREA DEL NORTE,ASIA,CEBAF - TUMBES,0
JULIO,COREA DEL NORTE,ASIA,DESAGUADERO,1
JULIO,COREA DEL NORTE,ASIA,KASANI,0
JULIO,COREA DEL NORTE,ASIA,OTRAS OCM,0
JULIO,COREA DEL NORTE,ASIA,SANTA ROSA,0
JULIO,COREA DEL SUR,ASIA,AEROPUERTO INTERNACIONAL JORGE CHÁVEZ,4716
JULIO,COREA DEL SUR,ASIA,CEBAF - TUMBES,58
JULIO,COREA DEL SUR,ASIA,DESAGUADERO,105
JULIO,COREA DEL SUR,ASIA,KASANI,62
JULIO,COREA DEL SUR,ASIA,OTRAS OCM,225
JULIO,COREA DEL SUR,ASIA,SANTA ROSA,50
JULIO,COSTA MARFIL,ÁFRICA,AEROPUERTO INTERNACIONAL JORGE CHÁVEZ,7
JULIO,COSTA MARFIL,ÁFRICA,CEBAF - TUMBES,0
JULIO,COSTA MARFIL,ÁFRICA,DESAGUADERO,0
JULIO,COSTA MARFIL,ÁFRICA,KASANI,0
JULIO,COSTA MARFIL,ÁFRICA,OTRAS OCM,0
JULIO,COSTA MARFIL,ÁFRICA,SANTA ROSA,0
JULIO,COSTA RICA,AMÉRICA CENTRAL,AEROPUERTO INTERNACIONAL JORGE CHÁVEZ,12802
JULIO,COSTA RICA,AMÉRICA CENTRAL,CEBAF - TUMBES,35
JULIO,COSTA RICA,AMÉRICA CENTRAL,DESAGUADERO,50
JULIO,COSTA RICA,AMÉRICA CENTRAL,KASANI,85
JULIO,COSTA RICA,AMÉRICA CENTRAL,OTRAS OCM,438
JULIO,COSTA RICA,AMÉRICA CENTRAL,SANTA ROSA,14
JULIO,CROACIA,EUROPA,AEROPUERTO INTERNACIONAL JORGE CHÁVEZ,351
JULIO,CROACIA,EUROPA,CEBAF - TUMBES,4
JULIO,CROACIA,EUROPA,DESAGUADERO,5
JULIO,CROACIA,EUROPA,KASANI,7
JULIO,CROACIA,EUROPA,OTRAS OCM,16
JULIO,CROACIA,EUROPA,SANTA ROSA,1
JULIO,CUBA,AMÉRICA CENTRAL,AEROPUERTO INTERNACIONAL JORGE CHÁVEZ,2586
JULIO,CUBA,AMÉRICA CENTRAL,CEBAF - TUMBES,7
JULIO,CUBA,AMÉRICA CENTRAL,DESAGUADERO,4
JULIO,CUBA,AMÉRICA CENTRAL,KASANI,0
JULIO,CUBA,AMÉRICA CENTRAL,OTRAS OCM,24
JULIO,CUBA,AMÉRICA CENTRAL,SANTA ROSA,48
JULIO,DEMOC. REP. CONGO (ZAIRE),ÁFRICA,AEROPUERTO INTERNACIONAL JORGE CHÁVEZ,1
JULIO,DEMOC. REP. CONGO (ZAIRE),ÁFRICA,CEBAF - TUMBES,0
JULIO,DEMOC. REP. CONGO (ZAIRE),ÁFRICA,DESAGUADERO,0
JULIO,DEMOC. REP. CONGO (ZAIRE),ÁFRICA,KASANI,0
JULIO,DEMOC. REP. CONGO (ZAIRE),ÁFRICA,OTRAS OCM,0
JULIO,DEMOC. REP. CONGO (ZAIRE),ÁFRICA,SANTA ROSA,0
JULIO,DINAMARCA,EUROPA,AEROPUERTO INTERNACIONAL JORGE CHÁVEZ,3510
JULIO,DINAMARCA,EUROPA,CEBAF - TUMBES,238
JULIO,DINAMARCA,EUROPA,DESAGUADERO,56
JULIO,DINAMARCA,EUROPA,KASANI,106
JULIO,DINAMARCA,EUROPA,OTRAS OCM,103
JULIO,DINAMARCA,EUROPA,SANTA ROSA,21
JULIO,DJIBOUTI,ÁFRICA,AEROPUERTO INTERNACIONAL JORGE CHÁVEZ,0
JULIO,DJIBOUTI,ÁFRICA,CEBAF - TUMBES,0
JULIO,DJIBOUTI,ÁFRICA,DESAGUADERO,0
JULIO,DJIBOUTI,ÁFRICA,KASANI,0
JULIO,DJIBOUTI,ÁFRICA,OTRAS OCM,0
JULIO,DJIBOUTI,ÁFRICA,SANTA ROSA,0
JULIO,DOMINICA,AMÉRICA CENTRAL,AEROPUERTO INTERNACIONAL JORGE CHÁVEZ,17
JULIO,DOMINICA,AMÉRICA CENTRAL,CEBAF - TUMBES,1
JULIO,DOMINICA,AMÉRICA CENTRAL,DESAGUADERO,0
JULIO,DOMINICA,AMÉRICA CENTRAL,KASANI,0
JULIO,DOMINICA,AMÉRICA CENTRAL,OTRAS OCM,3
JULIO,DOMINICA,AMÉRICA CENTRAL,SANTA ROSA,0
JULIO,ECUADOR,AMÉRICA DEL SUR,AEROPUERTO INTERNACIONAL JORGE CHÁVEZ,20201
JULIO,ECUADOR,AMÉRICA DEL SUR,CEBAF - TUMBES,85372
JULIO,ECUADOR,AMÉRICA DEL SUR,DESAGUADERO,642
JULIO,ECUADOR,AMÉRICA DEL SUR,KASANI,217
JULIO,ECUADOR,AMÉRICA DEL SUR,OTRAS OCM,18361
JULIO,ECUADOR,AMÉRICA DEL SUR,SANTA ROSA,3261
JULIO,EE.UU,AMÉRICA DEL NORTE,AEROPUERTO INTERNACIONAL JORGE CHÁVEZ,298346
JULIO,EE.UU,AMÉRICA DEL NORTE,CEBAF - TUMBES,1190
JULIO,EE.UU,AMÉRICA DEL NORTE,DESAGUADERO,428
JULIO,EE.UU,AMÉRICA DEL NORTE,KASANI,416
JULIO,EE.UU,AMÉRICA DEL NORTE,OTRAS OCM,6136
JULIO,EE.UU,AMÉRICA DEL NORTE,SANTA ROSA,849
JULIO,EGIPTO,ÁFRICA,AEROPUERTO INTERNACIONAL JORGE CHÁVEZ,71
JULIO,EGIPTO,ÁFRICA,CEBAF - TUMBES,2
JULIO,EGIPTO,ÁFRICA,DESAGUADERO,0
JULIO,EGIPTO,ÁFRICA,KASANI,1
JULIO,EGIPTO,ÁFRICA,OTRAS OCM,4
JULIO,EGIPTO,ÁFRICA,SANTA ROSA,0
JULIO,EL SALVADOR,AMÉRICA CENTRAL,AEROPUERTO INTERNACIONAL JORGE CHÁVEZ,3053
JULIO,EL SALVADOR,AMÉRICA CENTRAL,CEBAF - TUMBES,8
JULIO,EL SALVADOR,AMÉRICA CENTRAL,DESAGUADERO,3
JULIO,EL SALVADOR,AMÉRICA CENTRAL,KASANI,3
JULIO,EL SALVADOR,AMÉRICA CENTRAL,OTRAS OCM,66
JULIO,EL SALVADOR,AMÉRICA CENTRAL,SANTA ROSA,6
JULIO,EMIRATOS ÁRABES UNIDOS,ASIA,AEROPUERTO INTERNACIONAL JORGE CHÁVEZ,159
JULIO,EMIRATOS ÁRABES UNIDOS,ASIA,CEBAF - TUMBES,0
JULIO,EMIRATOS ÁRABES UNIDOS,ASIA,DESAGUADERO,1
JULIO,EMIRATOS ÁRABES UNIDOS,ASIA,KASANI,1
JULIO,EMIRATOS ÁRABES UNIDOS,ASIA,OTRAS OCM,12
JULIO,EMIRATOS ÁRABES UNIDOS,ASIA,SANTA ROSA,1
JULIO,ERITREA,ÁFRICA,AEROPUERTO INTERNACIONAL JORGE CHÁVEZ,4
JULIO,ERITREA,ÁFRICA,CEBAF - TUMBES,0
JULIO,ERITREA,ÁFRICA,DESAGUADERO,0
JULIO,ERITREA,ÁFRICA,KASANI,0
JULIO,ERITREA,ÁFRICA,OTRAS OCM,0
JULIO,ERITREA,ÁFRICA,SANTA ROSA,0
JULIO,ESLOVAQUIA,EUROPA,AEROPUERTO INTERNACIONAL JORGE CHÁVEZ,588
JULIO,ESLOVAQUIA,EUROPA,CEBAF - TUMBES,7
JULIO,ESLOVAQUIA,EUROPA,DESAGUADERO,74
JULIO,ESLOVAQUIA,EUROPA,KASANI,35
JULIO,ESLOVAQUIA,EUROPA,OTRAS OCM,21
JULIO,ESLOVAQUIA,EUROPA,SANTA ROSA,12
JULIO,ESLOVENIA,EUROPA,AEROPUERTO INTERNACIONAL JORGE CHÁVEZ,812
JULIO,ESLOVENIA,EUROPA,CEBAF - TUMBES,2
JULIO,ESLOVENIA,EUROPA,DESAGUADERO,12
JULIO,ESLOVENIA,EUROPA,KASANI,16
JULIO,ESLOVENIA,EUROPA,OTRAS OCM,6
JULIO,ESLOVENIA,EUROPA,SANTA ROSA,12
JULIO,ESPAÑA,EUROPA,AEROPUERTO INTERNACIONAL JORGE CHÁVEZ,70882
JULIO,ESPAÑA,EUROPA,CEBAF - TUMBES,428
JULIO,ESPAÑA,EUROPA,DESAGUADERO,592
JULIO,ESPAÑA,EUROPA,KASANI,491
JULIO,ESPAÑA,EUROPA,OTRAS OCM,953
JULIO,ESPAÑA,EUROPA,SANTA ROSA,522
JULIO,ESTONIA,EUROPA,AEROPUERTO INTERNACIONAL JORGE CHÁVEZ,103
JULIO,ESTONIA,EUROPA,CEBAF - TUMBES,6
JULIO,ESTONIA,EUROPA,DESAGUADERO,3
JULIO,ESTONIA,EUROPA,KASANI,6
JULIO,ESTONIA,EUROPA,OTRAS OCM,7
JULIO,ESTONIA,EUROPA,SANTA ROSA,0
JULIO,ETIOPÍA,ÁFRICA,AEROPUERTO INTERNACIONAL JORGE CHÁVEZ,32
JULIO,ETIOPÍA,ÁFRICA,CEBAF - TUMBES,0
JULIO,ETIOPÍA,ÁFRICA,DESAGUADERO,0
JULIO,ETIOPÍA,ÁFRICA,KASANI,0
JULIO,ETIOPÍA,ÁFRICA,OTRAS OCM,12
JULIO,ETIOPÍA,ÁFRICA,SANTA ROSA,0
JULIO,EX R. YUG. MACEDONIA,EUROPA,AEROPUERTO INTERNACIONAL JORGE CHÁVEZ,21
JULIO,EX R. YUG. MACEDONIA,EUROPA,CEBAF - TUMBES,2
JULIO,EX R. YUG. MACEDONIA,EUROPA,DESAGUADERO,1
JULIO,EX R. YUG. MACEDONIA,EUROPA,KASANI,0
JULIO,EX R. YUG. MACEDONIA,EUROPA,OTRAS OCM,0
JULIO,EX R. YUG. MACEDONIA,EUROPA,SANTA ROSA,0
JULIO,FIJI,OCEANÍA,AEROPUERTO INTERNACIONAL JORGE CHÁVEZ,11
JULIO,FIJI,OCEANÍA,CEBAF - TUMBES,0
JULIO,FIJI,OCEANÍA,DESAGUADERO,0
JULIO,FIJI,OCEANÍA,KASANI,0
JULIO,FIJI,OCEANÍA,OTRAS OCM,0
JULIO,FIJI,OCEANÍA,SANTA ROSA,0
JULIO,FILIPINAS,ASIA,AEROPUERTO INTERNACIONAL JORGE CHÁVEZ,1552
JULIO,FILIPINAS,ASIA,CEBAF - TUMBES,2
JULIO,FILIPINAS,ASIA,DESAGUADERO,2
JULIO,FILIPINAS,ASIA,KASANI,15
JULIO,FILIPINAS,ASIA,OTRAS OCM,532
JULIO,FILIPINAS,ASIA,SANTA ROSA,6
JULIO,FINLANDIA,EUROPA,AEROPUERTO INTERNACIONAL JORGE CHÁVEZ,553
JULIO,FINLANDIA,EUROPA,CEBAF - TUMBES,5
JULIO,FINLANDIA,EUROPA,DESAGUADERO,18
JULIO,FINLANDIA,EUROPA,KASANI,35
JULIO,FINLANDIA,EUROPA,OTRAS OCM,18
JULIO,FINLANDIA,EUROPA,SANTA ROSA,18
JULIO,FRANCIA,EUROPA,AEROPUERTO INTERNACIONAL JORGE CHÁVEZ,40678
JULIO,FRANCIA,EUROPA,CEBAF - TUMBES,660
JULIO,FRANCIA,EUROPA,DESAGUADERO,1885
JULIO,FRANCIA,EUROPA,KASANI,2348
JULIO,FRANCIA,EUROPA,OTRAS OCM,1121
JULIO,FRANCIA,EUROPA,SANTA ROSA,612
JULIO,GABÓN,ÁFRICA,AEROPUERTO INTERNACIONAL JORGE CHÁVEZ,1
JULIO,GABÓN,ÁFRICA,CEBAF - TUMBES,0
JULIO,GABÓN,ÁFRICA,DESAGUADERO,0
JULIO,GABÓN,ÁFRICA,KASANI,0
JULIO,GABÓN,ÁFRICA,OTRAS OCM,0
JULIO,GABÓN,ÁFRICA,SANTA ROSA,0
JULIO,GAMBIA,ÁFRICA,AEROPUERTO INTERNACIONAL JORGE CHÁVEZ,1
JULIO,GAMBIA,ÁFRICA,CEBAF - TUMBES,0
JULIO,GAMBIA,ÁFRICA,DESAGUADERO,0
JULIO,GAMBIA,ÁFRICA,KASANI,0
JULIO,GAMBIA,ÁFRICA,OTRAS OCM,0
JULIO,GAMBIA,ÁFRICA,SANTA ROSA,0
JULIO,GEORGIA,ASIA,AEROPUERTO INTERNACIONAL JORGE CHÁVEZ,50
JULIO,GEORGIA,ASIA,CEBAF - TUMBES,0
JULIO,GEORGIA,ASIA,DESAGUADERO,0
JULIO,GEORGIA,ASIA,KASANI,0
JULIO,GEORGIA,ASIA,OTRAS OCM,8
JULIO,GEORGIA,ASIA,SANTA ROSA,0
JULIO,GHANA,ÁFRICA,AEROPUERTO INTERNACIONAL JORGE CHÁVEZ,27
JULIO,GHANA,ÁFRICA,CEBAF - TUMBES,0
JULIO,GHANA,ÁFRICA,DESAGUADERO,0
JULIO,GHANA,ÁFRICA,KASANI,0
JULIO,GHANA,ÁFRICA,OTRAS OCM,1
JULIO,GHANA,ÁFRICA,SANTA ROSA,0
JULIO,GRANADA,AMÉRICA CENTRAL,AEROPUERTO INTERNACIONAL JORGE CHÁVEZ,66
JULIO,GRANADA,AMÉRICA CENTRAL,CEBAF - TUMBES,4
JULIO,GRANADA,AMÉRICA CENTRAL,DESAGUADERO,4
JULIO,GRANADA,AMÉRICA CENTRAL,KASANI,1
JULIO,GRANADA,AMÉRICA CENTRAL,OTRAS OCM,1
JULIO,GRANADA,AMÉRICA CENTRAL,SANTA ROSA,2
JULIO,GRECIA,EUROPA,AEROPUERTO INTERNACIONAL JORGE CHÁVEZ,1075
JULIO,GRECIA,EUROPA,CEBAF - TUMBES,2
JULIO,GRECIA,EUROPA,DESAGUADERO,49
JULIO,GRECIA,EUROPA,KASANI,54
JULIO,GRECIA,EUROPA,OTRAS OCM,46
JULIO,GRECIA,EUROPA,SANTA ROSA,29
JULIO,GROENLANDIA,EUROPA,AEROPUERTO INTERNACIONAL JORGE CHÁVEZ,0
JULIO,GROENLANDIA,EUROPA,CEBAF - TUMBES,0
JULIO,GROENLANDIA,EUROPA,DESAGUADERO,0
JULIO,GROENLANDIA,EUROPA,KASANI,0
JULIO,GROENLANDIA,EUROPA,OTRAS OCM,0
JULIO,GROENLANDIA,EUROPA,SANTA ROSA,0
JULIO,GUATEMALA,AMÉRICA CENTRAL,AEROPUERTO INTERNACIONAL JORGE CHÁVEZ,3288
JULIO,GUATEMALA,AMÉRICA CENTRAL,CEBAF - TUMBES,16
JULIO,GUATEMALA,AMÉRICA CENTRAL,DESAGUADERO,1
JULIO,GUATEMALA,AMÉRICA CENTRAL,KASANI,5
JULIO,GUATEMALA,AMÉRICA CENTRAL,OTRAS OCM,40
JULIO,GUATEMALA,AMÉRICA CENTRAL,SANTA ROSA,17
JULIO,GUINEA,ÁFRICA,AEROPUERTO INTERNACIONAL JORGE CHÁVEZ,3
JULIO,GUINEA,ÁFRICA,CEBAF - TUMBES,0
JULIO,GUINEA,ÁFRICA,DESAGUADERO,0
JULIO,GUINEA,ÁFRICA,KASANI,0
JULIO,GUINEA,ÁFRICA,OTRAS OCM,0
JULIO,GUINEA,ÁFRICA,SANTA ROSA,0
JULIO,GUINEA BISSAU,ÁFRICA,AEROPUERTO INTERNACIONAL JORGE CHÁVEZ,0
JULIO,GUINEA BISSAU,ÁFRICA,CEBAF - TUMBES,0
JULIO,GUINEA BISSAU,ÁFRICA,DESAGUADERO,0
JULIO,GUINEA BISSAU,ÁFRICA,KASANI,0
JULIO,GUINEA BISSAU,ÁFRICA,OTRAS OCM,0
JULIO,GUINEA BISSAU,ÁFRICA,SANTA ROSA,0
JULIO,GUINEA ECUATORIAL,ÁFRICA,AEROPUERTO INTERNACIONAL JORGE CHÁVEZ,5
JULIO,GUINEA ECUATORIAL,ÁFRICA,CEBAF - TUMBES,0
JULIO,GUINEA ECUATORIAL,ÁFRICA,DESAGUADERO,0
JULIO,GUINEA ECUATORIAL,ÁFRICA,KASANI,0
JULIO,GUINEA ECUATORIAL,ÁFRICA,OTRAS OCM,0
JULIO,GUINEA ECUATORIAL,ÁFRICA,SANTA ROSA,0
JULIO,GUYANA,AMÉRICA DEL SUR,AEROPUERTO INTERNACIONAL JORGE CHÁVEZ,99
JULIO,GUYANA,AMÉRICA DEL SUR,CEBAF - TUMBES,0
JULIO,GUYANA,AMÉRICA DEL SUR,DESAGUADERO,1
JULIO,GUYANA,AMÉRICA DEL SUR,KASANI,2
JULIO,GUYANA,AMÉRICA DEL SUR,OTRAS OCM,5
JULIO,GUYANA,AMÉRICA DEL SUR,SANTA ROSA,2
JULIO,HAITÍ,AMÉRICA CENTRAL,AEROPUERTO INTERNACIONAL JORGE CHÁVEZ,73
JULIO,HAITÍ,AMÉRICA CENTRAL,CEBAF - TUMBES,0
JULIO,HAITÍ,AMÉRICA CENTRAL,DESAGUADERO,0
JULIO,HAITÍ,AMÉRICA CENTRAL,KASANI,0
JULIO,HAITÍ,AMÉRICA CENTRAL,OTRAS OCM,1
JULIO,HAITÍ,AMÉRICA CENTRAL,SANTA ROSA,36
JULIO,HONDURAS,AMÉRICA CENTRAL,AEROPUERTO INTERNACIONAL JORGE CHÁVEZ,1868
JULIO,HONDURAS,AMÉRICA CENTRAL,CEBAF - TUMBES,10
JULIO,HONDURAS,AMÉRICA CENTRAL,DESAGUADERO,4
JULIO,HONDURAS,AMÉRICA CENTRAL,KASANI,2
JULIO,HONDURAS,AMÉRICA CENTRAL,OTRAS OCM,29
JULIO,HONDURAS,AMÉRICA CENTRAL,SANTA ROSA,17
JULIO,HONG KONG,ASIA,AEROPUERTO INTERNACIONAL JORGE CHÁVEZ,670
JULIO,HONG KONG,ASIA,CEBAF - TUMBES,3
JULIO,HONG KONG,ASIA,DESAGUADERO,10
JULIO,HONG KONG,ASIA,KASANI,22
JULIO,HONG KONG,ASIA,OTRAS OCM,59
JULIO,HONG KONG,ASIA,SANTA ROSA,7
JULIO,HUNGRÍA,EUROPA,AEROPUERTO INTERNACIONAL JORGE CHÁVEZ,757
JULIO,HUNGRÍA,EUROPA,CEBAF - TUMBES,10
JULIO,HUNGRÍA,EUROPA,DESAGUADERO,52
JULIO,HUNGRÍA,EUROPA,KASANI,32
JULIO,HUNGRÍA,EUROPA,OTRAS OCM,13
JULIO,HUNGRÍA,EUROPA,SANTA ROSA,9
JULIO,INDIA,ASIA,AEROPUERTO INTERNACIONAL JORGE CHÁVEZ,3447
JULIO,INDIA,ASIA,CEBAF - TUMBES,7
JULIO,INDIA,ASIA,DESAGUADERO,13
JULIO,INDIA,ASIA,KASANI,12
JULIO,INDIA,ASIA,OTRAS OCM,376
JULIO,INDIA,ASIA,SANTA ROSA,24
JULIO,INDONESIA,ASIA,AEROPUERTO INTERNACIONAL JORGE CHÁVEZ,814
JULIO,INDONESIA,ASIA,CEBAF - TUMBES,4
JULIO,INDONESIA,ASIA,DESAGUADERO,0
JULIO,INDONESIA,ASIA,KASANI,1
JULIO,INDONESIA,ASIA,OTRAS OCM,183
JULIO,INDONESIA,ASIA,SANTA ROSA,4
JULIO,IRAK,ASIA,AEROPUERTO INTERNACIONAL JORGE CHÁVEZ,12
JULIO,IRAK,ASIA,CEBAF - TUMBES,0
JULIO,IRAK,ASIA,DESAGUADERO,0
JULIO,IRAK,ASIA,KASANI,0
JULIO,IRAK,ASIA,OTRAS OCM,0
JULIO,IRAK,ASIA,SANTA ROSA,0
JULIO,IRLANDA,EUROPA,AEROPUERTO INTERNACIONAL JORGE CHÁVEZ,3108
JULIO,IRLANDA,EUROPA,CEBAF - TUMBES,88
JULIO,IRLANDA,EUROPA,DESAGUADERO,221
JULIO,IRLANDA,EUROPA,KASANI,218
JULIO,IRLANDA,EUROPA,OTRAS OCM,243
JULIO,IRLANDA,EUROPA,SANTA ROSA,23
JULIO,IRÁN,ASIA,AEROPUERTO INTERNACIONAL JORGE CHÁVEZ,43
JULIO,IRÁN,ASIA,CEBAF - TUMBES,0
JULIO,IRÁN,ASIA,DESAGUADERO,2
JULIO,IRÁN,ASIA,KASANI,2
JULIO,IRÁN,ASIA,OTRAS OCM,1
JULIO,IRÁN,ASIA,SANTA ROSA,0
JULIO,ISLAND MARSHALL,OCEANÍA,AEROPUERTO INTERNACIONAL JORGE CHÁVEZ,0
JULIO,ISLAND MARSHALL,OCEANÍA,CEBAF - TUMBES,0
JULIO,ISLAND MARSHALL,OCEANÍA,DESAGUADERO,0
JULIO,ISLAND MARSHALL,OCEANÍA,KASANI,0
JULIO,ISLAND MARSHALL,OCEANÍA,OTRAS OCM,0
JULIO,ISLAND MARSHALL,OCEANÍA,SANTA ROSA,0
JULIO,ISLANDIA,EUROPA,AEROPUERTO INTERNACIONAL JORGE CHÁVEZ,108
JULIO,ISLANDIA,EUROPA,CEBAF - TUMBES,0
JULIO,ISLANDIA,EUROPA,DESAGUADERO,0
JULIO,ISLANDIA,EUROPA,KASANI,3
JULIO,ISLANDIA,EUROPA,OTRAS OCM,5
JULIO,ISLANDIA,EUROPA,SANTA ROSA,0
JULIO,ISRAEL,ASIA,AEROPUERTO INTERNACIONAL JORGE CHÁVEZ,4686
JULIO,ISRAEL,ASIA,CEBAF - TUMBES,103
JULIO,ISRAEL,ASIA,DESAGUADERO,325
JULIO,ISRAEL,ASIA,KASANI,172
JULIO,ISRAEL,ASIA,OTRAS OCM,107
JULIO,ISRAEL,ASIA,SANTA ROSA,29
JULIO,ITALIA,EUROPA,AEROPUERTO INTERNACIONAL JORGE CHÁVEZ,27017
JULIO,ITALIA,EUROPA,CEBAF - TUMBES,171
JULIO,ITALIA,EUROPA,DESAGUADERO,314
JULIO,ITALIA,EUROPA,KASANI,371
JULIO,ITALIA,EUROPA,OTRAS OCM,402
JULIO,ITALIA,EUROPA,SANTA ROSA,105
JULIO,JAMAICA,AMÉRICA CENTRAL,AEROPUERTO INTERNACIONAL JORGE CHÁVEZ,475
JULIO,JAMAICA,AMÉRICA CENTRAL,CEBAF - TUMBES,2
JULIO,JAMAICA,AMÉRICA CENTRAL,DESAGUADERO,1
JULIO,JAMAICA,AMÉRICA CENTRAL,KASANI,0
JULIO,JAMAICA,AMÉRICA CENTRAL,OTRAS OCM,4
JULIO,JAMAICA,AMÉRICA CENTRAL,SANTA ROSA,0
JULIO,JAPÓN,ASIA,AEROPUERTO INTERNACIONAL JORGE CHÁVEZ,6309
JULIO,JAPÓN,ASIA,CEBAF - TUMBES,30
JULIO,JAPÓN,ASIA,DESAGUADERO,45
JULIO,JAPÓN,ASIA,KASANI,46
JULIO,JAPÓN,ASIA,OTRAS OCM,231
JULIO,JAPÓN,ASIA,SANTA ROSA,31
JULIO,JORDANIA,ASIA,AEROPUERTO INTERNACIONAL JORGE CHÁVEZ,32
JULIO,JORDANIA,ASIA,CEBAF - TUMBES,0
JULIO,JORDANIA,ASIA,DESAGUADERO,1
JULIO,JORDANIA,ASIA,KASANI,0
JULIO,JORDANIA,ASIA,OTRAS OCM,0
JULIO,JORDANIA,ASIA,SANTA ROSA,0
JULIO,KATAR,ASIA,AEROPUERTO INTERNACIONAL JORGE CHÁVEZ,52
JULIO,KATAR,ASIA,CEBAF - TUMBES,0
JULIO,KATAR,ASIA,DESAGUADERO,0
JULIO,KATAR,ASIA,KASANI,0
JULIO,KATAR,ASIA,OTRAS OCM,4
JULIO,KATAR,ASIA,SANTA ROSA,0
JULIO,KAZAJSTÁN,ASIA,AEROPUERTO INTERNACIONAL JORGE CHÁVEZ,48
JULIO,KAZAJSTÁN,ASIA,CEBAF - TUMBES,0
JULIO,KAZAJSTÁN,ASIA,DESAGUADERO,0
JULIO,KAZAJSTÁN,ASIA,KASANI,0
JULIO,KAZAJSTÁN,ASIA,OTRAS OCM,1
JULIO,KAZAJSTÁN,ASIA,SANTA ROSA,0
JULIO,KENIA,ÁFRICA,AEROPUERTO INTERNACIONAL JORGE CHÁVEZ,45
JULIO,KENIA,ÁFRICA,CEBAF - TUMBES,0
JULIO,KENIA,ÁFRICA,DESAGUADERO,2
JULIO,KENIA,ÁFRICA,KASANI,0
JULIO,KENIA,ÁFRICA,OTRAS OCM,0
JULIO,KENIA,ÁFRICA,SANTA ROSA,0
JULIO,KIRGUISTÁN,ASIA,AEROPUERTO INTERNACIONAL JORGE CHÁVEZ,1
JULIO,KIRGUISTÁN,ASIA,CEBAF - TUMBES,0
JULIO,KIRGUISTÁN,ASIA,DESAGUADERO,0
JULIO,KIRGUISTÁN,ASIA,KASANI,0
JULIO,KIRGUISTÁN,ASIA,OTRAS OCM,1
JULIO,KIRGUISTÁN,ASIA,SANTA ROSA,0
JULIO,KIRIBATI,OCEANÍA,AEROPUERTO INTERNACIONAL JORGE CHÁVEZ,0
JULIO,KIRIBATI,OCEANÍA,CEBAF - TUMBES,0
JULIO,KIRIBATI,OCEANÍA,DESAGUADERO,0
JULIO,KIRIBATI,OCEANÍA,KASANI,0
JULIO,KIRIBATI,OCEANÍA,OTRAS OCM,0
JULIO,KIRIBATI,OCEANÍA,SANTA ROSA,0
JULIO,KUWAIT,ASIA,AEROPUERTO INTERNACIONAL JORGE CHÁVEZ,72
JULIO,KUWAIT,ASIA,CEBAF - TUMBES,0
JULIO,KUWAIT,ASIA,DESAGUADERO,1
JULIO,KUWAIT,ASIA,KASANI,0
JULIO,KUWAIT,ASIA,OTRAS OCM,2
JULIO,KUWAIT,ASIA,SANTA ROSA,0
JULIO,LAOS,ASIA,AEROPUERTO INTERNACIONAL JORGE CHÁVEZ,7
JULIO,LAOS,ASIA,CEBAF - TUMBES,0
JULIO,LAOS,ASIA,DESAGUADERO,0
JULIO,LAOS,ASIA,KASANI,0
JULIO,LAOS,ASIA,OTRAS OCM,0
JULIO,LAOS,ASIA,SANTA ROSA,0
JULIO,LESOTHO,ÁFRICA,AEROPUERTO INTERNACIONAL JORGE CHÁVEZ,3
JULIO,LESOTHO,ÁFRICA,CEBAF - TUMBES,0
JULIO,LESOTHO,ÁFRICA,DESAGUADERO,0
JULIO,LESOTHO,ÁFRICA,KASANI,0
JULIO,LESOTHO,ÁFRICA,OTRAS OCM,0
JULIO,LESOTHO,ÁFRICA,SANTA ROSA,0
JULIO,LETONIA,EUROPA,AEROPUERTO INTERNACIONAL JORGE CHÁVEZ,123
JULIO,LETONIA,EUROPA,CEBAF - TUMBES,2
JULIO,LETONIA,EUROPA,DESAGUADERO,1
JULIO,LETONIA,EUROPA,KASANI,5
JULIO,LETONIA,EUROPA,OTRAS OCM,16
JULIO,LETONIA,EUROPA,SANTA ROSA,0
JULIO,LIBERIA,ÁFRICA,AEROPUERTO INTERNACIONAL JORGE CHÁVEZ,3
JULIO,LIBERIA,ÁFRICA,CEBAF - TUMBES,0
JULIO,LIBERIA,ÁFRICA,DESAGUADERO,0
JULIO,LIBERIA,ÁFRICA,KASANI,0
JULIO,LIBERIA,ÁFRICA,OTRAS OCM,0
JULIO,LIBERIA,ÁFRICA,SANTA ROSA,0
JULIO,LIBIA,ÁFRICA,AEROPUERTO INTERNACIONAL JORGE CHÁVEZ,2
JULIO,LIBIA,ÁFRICA,CEBAF - TUMBES,0
JULIO,LIBIA,ÁFRICA,DESAGUADERO,0
JULIO,LIBIA,ÁFRICA,KASANI,0
JULIO,LIBIA,ÁFRICA,OTRAS OCM,0
JULIO,LIBIA,ÁFRICA,SANTA ROSA,0
JULIO,LIECHTENSTEIN,EUROPA,AEROPUERTO INTERNACIONAL JORGE CHÁVEZ,37
JULIO,LIECHTENSTEIN,EUROPA,CEBAF - TUMBES,0
JULIO,LIECHTENSTEIN,EUROPA,DESAGUADERO,2
JULIO,LIECHTENSTEIN,EUROPA,KASANI,0
JULIO,LIECHTENSTEIN,EUROPA,OTRAS OCM,0
JULIO,LIECHTENSTEIN,EUROPA,SANTA ROSA,2
JULIO,LITUANIA,EUROPA,AEROPUERTO INTERNACIONAL JORGE CHÁVEZ,312
JULIO,LITUANIA,EUROPA,CEBAF - TUMBES,4
JULIO,LITUANIA,EUROPA,DESAGUADERO,13
JULIO,LITUANIA,EUROPA,KASANI,17
JULIO,LITUANIA,EUROPA,OTRAS OCM,19
JULIO,LITUANIA,EUROPA,SANTA ROSA,3
JULIO,LUXEMBURGO,EUROPA,AEROPUERTO INTERNACIONAL JORGE CHÁVEZ,322
JULIO,LUXEMBURGO,EUROPA,CEBAF - TUMBES,2
JULIO,LUXEMBURGO,EUROPA,DESAGUADERO,3
JULIO,LUXEMBURGO,EUROPA,KASANI,10
JULIO,LUXEMBURGO,EUROPA,OTRAS OCM,15
JULIO,LUXEMBURGO,EUROPA,SANTA ROSA,0
JULIO,LÍBANO,ASIA,AEROPUERTO INTERNACIONAL JORGE CHÁVEZ,54
JULIO,LÍBANO,ASIA,CEBAF - TUMBES,0
JULIO,LÍBANO,ASIA,DESAGUADERO,1
JULIO,LÍBANO,ASIA,KASANI,1
JULIO,LÍBANO,ASIA,OTRAS OCM,1
JULIO,LÍBANO,ASIA,SANTA ROSA,0
JULIO,MADAGASCAR,ÁFRICA,AEROPUERTO INTERNACIONAL JORGE CHÁVEZ,12
JULIO,MADAGASCAR,ÁFRICA,CEBAF - TUMBES,0
JULIO,MADAGASCAR,ÁFRICA,DESAGUADERO,0
JULIO,MADAGASCAR,ÁFRICA,KASANI,0
JULIO,MADAGASCAR,ÁFRICA,OTRAS OCM,0
JULIO,MADAGASCAR,ÁFRICA,SANTA ROSA,0
JULIO,MALASIA,ASIA,AEROPUERTO INTERNACIONAL JORGE CHÁVEZ,364
JULIO,MALASIA,ASIA,CEBAF - TUMBES,5
JULIO,MALASIA,ASIA,DESAGUADERO,1
JULIO,MALASIA,ASIA,KASANI,7
JULIO,MALASIA,ASIA,OTRAS OCM,19
JULIO,MALASIA,ASIA,SANTA ROSA,2
JULIO,MALAWI,ÁFRICA,AEROPUERTO INTERNACIONAL JORGE CHÁVEZ,7
JULIO,MALAWI,ÁFRICA,CEBAF - TUMBES,0
JULIO,MALAWI,ÁFRICA,DESAGUADERO,0
JULIO,MALAWI,ÁFRICA,KASANI,0
JULIO,MALAWI,ÁFRICA,OTRAS OCM,0
JULIO,MALAWI,ÁFRICA,SANTA ROSA,0
JULIO,MALDIVAS,ASIA,AEROPUERTO INTERNACIONAL JORGE CHÁVEZ,6
JULIO,MALDIVAS,ASIA,CEBAF - TUMBES,0
JULIO,MALDIVAS,ASIA,DESAGUADERO,0
JULIO,MALDIVAS,ASIA,KASANI,0
JULIO,MALDIVAS,ASIA,OTRAS OCM,0
JULIO,MALDIVAS,ASIA,SANTA ROSA,0
JULIO,MALTA,EUROPA,AEROPUERTO INTERNACIONAL JORGE CHÁVEZ,233
JULIO,MALTA,EUROPA,CEBAF - TUMBES,2
JULIO,MALTA,EUROPA,DESAGUADERO,9
JULIO,MALTA,EUROPA,KASANI,4
JULIO,MALTA,EUROPA,OTRAS OCM,1
JULIO,MALTA,EUROPA,SANTA ROSA,0
JULIO,MALÍ,ÁFRICA,AEROPUERTO INTERNACIONAL JORGE CHÁVEZ,0
JULIO,MALÍ,ÁFRICA,CEBAF - TUMBES,0
JULIO,MALÍ,ÁFRICA,DESAGUADERO,0
JULIO,MALÍ,ÁFRICA,KASANI,0
JULIO,MALÍ,ÁFRICA,OTRAS OCM,0
JULIO,MALÍ,ÁFRICA,SANTA ROSA,0
JULIO,MARRUECOS,ÁFRICA,AEROPUERTO INTERNACIONAL JORGE CHÁVEZ,115
JULIO,MARRUECOS,ÁFRICA,CEBAF - TUMBES,2
JULIO,MARRUECOS,ÁFRICA,DESAGUADERO,2
JULIO,MARRUECOS,ÁFRICA,KASANI,1
JULIO,MARRUECOS,ÁFRICA,OTRAS OCM,1
JULIO,MARRUECOS,ÁFRICA,SANTA ROSA,3
JULIO,MAURICIO,ÁFRICA,AEROPUERTO INTERNACIONAL JORGE CHÁVEZ,15
JULIO,MAURICIO,ÁFRICA,CEBAF - TUMBES,1
JULIO,MAURICIO,ÁFRICA,DESAGUADERO,0
JULIO,MAURICIO,ÁFRICA,KASANI,1
JULIO,MAURICIO,ÁFRICA,OTRAS OCM,1
JULIO,MAURICIO,ÁFRICA,SANTA ROSA,0
JULIO,MAURITANIA,ÁFRICA,AEROPUERTO INTERNACIONAL JORGE CHÁVEZ,0
JULIO,MAURITANIA,ÁFRICA,CEBAF - TUMBES,0
JULIO,MAURITANIA,ÁFRICA,DESAGUADERO,0
JULIO,MAURITANIA,ÁFRICA,KASANI,0
JULIO,MAURITANIA,ÁFRICA,OTRAS OCM,0
JULIO,MAURITANIA,ÁFRICA,SANTA ROSA,0
JULIO,MONGOLIA,ASIA,AEROPUERTO INTERNACIONAL JORGE CHÁVEZ,66
JULIO,MONGOLIA,ASIA,CEBAF - TUMBES,0
JULIO,MONGOLIA,ASIA,DESAGUADERO,0
JULIO,MONGOLIA,ASIA,KASANI,0
JULIO,MONGOLIA,ASIA,OTRAS OCM,1
JULIO,MONGOLIA,ASIA,SANTA ROSA,3
JULIO,MOZAMBIQUE,ÁFRICA,AEROPUERTO INTERNACIONAL JORGE CHÁVEZ,9
JULIO,MOZAMBIQUE,ÁFRICA,CEBAF - TUMBES,0
JULIO,MOZAMBIQUE,ÁFRICA,DESAGUADERO,0
JULIO,MOZAMBIQUE,ÁFRICA,KASANI,0
JULIO,MOZAMBIQUE,ÁFRICA,OTRAS OCM,1
JULIO,MOZAMBIQUE,ÁFRICA,SANTA ROSA,0
JULIO,MYANMAR,ASIA,AEROPUERTO INTERNACIONAL JORGE CHÁVEZ,43
JULIO,MYANMAR,ASIA,CEBAF - TUMBES,0
JULIO,MYANMAR,ASIA,DESAGUADERO,0
JULIO,MYANMAR,ASIA,KASANI,0
JULIO,MYANMAR,ASIA,OTRAS OCM,21
JULIO,MYANMAR,ASIA,SANTA ROSA,0
JULIO,MÉXICO,AMÉRICA DEL NORTE,AEROPUERTO INTERNACIONAL JORGE CHÁVEZ,54123
JULIO,MÉXICO,AMÉRICA DEL NORTE,CEBAF - TUMBES,192
JULIO,MÉXICO,AMÉRICA DEL NORTE,DESAGUADERO,320
JULIO,MÉXICO,AMÉRICA DEL NORTE,KASANI,194
JULIO,MÉXICO,AMÉRICA DEL NORTE,OTRAS OCM,1321
JULIO,MÉXICO,AMÉRICA DEL NORTE,SANTA ROSA,243
JULIO,MÓNACO,EUROPA,AEROPUERTO INTERNACIONAL JORGE CHÁVEZ,15
JULIO,MÓNACO,EUROPA,CEBAF - TUMBES,2
JULIO,MÓNACO,EUROPA,DESAGUADERO,0
JULIO,MÓNACO,EUROPA,KASANI,0
JULIO,MÓNACO,EUROPA,OTRAS OCM,1
JULIO,MÓNACO,EUROPA,SANTA ROSA,0
JULIO,NAMIBIA,ÁFRICA,AEROPUERTO INTERNACIONAL JORGE CHÁVEZ,4
JULIO,NAMIBIA,ÁFRICA,CEBAF - TUMBES,0
JULIO,NAMIBIA,ÁFRICA,DESAGUADERO,0
JULIO,NAMIBIA,ÁFRICA,KASANI,0
JULIO,NAMIBIA,ÁFRICA,OTRAS OCM,0
JULIO,NAMIBIA,ÁFRICA,SANTA ROSA,0
JULIO,NAURU,OCEANÍA,AEROPUERTO INTERNACIONAL JORGE CHÁVEZ,0
JULIO,NAURU,OCEANÍA,CEBAF - TUMBES,0
JULIO,NAURU,OCEANÍA,DESAGUADERO,0
JULIO,NAURU,OCEANÍA,KASANI,0
JULIO,NAURU,OCEANÍA,OTRAS OCM,0
JULIO,NAURU,OCEANÍA,SANTA ROSA,0
JULIO,NEPAL,ASIA,AEROPUERTO INTERNACIONAL JORGE CHÁVEZ,41
JULIO,NEPAL,ASIA,CEBAF - TUMBES,0
JULIO,NEPAL,ASIA,DESAGUADERO,1
JULIO,NEPAL,ASIA,KASANI,0
JULIO,NEPAL,ASIA,OTRAS OCM,3
JULIO,NEPAL,ASIA,SANTA ROSA,0
JULIO,NICARAGUA,AMÉRICA CENTRAL,AEROPUERTO INTERNACIONAL JORGE CHÁVEZ,584
JULIO,NICARAGUA,AMÉRICA CENTRAL,CEBAF - TUMBES,0
JULIO,NICARAGUA,AMÉRICA CENTRAL,DESAGUADERO,0
JULIO,NICARAGUA,AMÉRICA CENTRAL,KASANI,1
JULIO,NICARAGUA,AMÉRICA CENTRAL,OTRAS OCM,6
JULIO,NICARAGUA,AMÉRICA CENTRAL,SANTA ROSA,9
JULIO,NIGERIA,ÁFRICA,AEROPUERTO INTERNACIONAL JORGE CHÁVEZ,36
JULIO,NIGERIA,ÁFRICA,CEBAF - TUMBES,0
JULIO,NIGERIA,ÁFRICA,DESAGUADERO,0
JULIO,NIGERIA,ÁFRICA,KASANI,0
JULIO,NIGERIA,ÁFRICA,OTRAS OCM,1
JULIO,NIGERIA,ÁFRICA,SANTA ROSA,0
JULIO,NORUEGA,EUROPA,AEROPUERTO INTERNACIONAL JORGE CHÁVEZ,2080
JULIO,NORUEGA,EUROPA,CEBAF - TUMBES,34
JULIO,NORUEGA,EUROPA,DESAGUADERO,41
JULIO,NORUEGA,EUROPA,KASANI,67
JULIO,NORUEGA,EUROPA,OTRAS OCM,77
JULIO,NORUEGA,EUROPA,SANTA ROSA,39
JULIO,NUEVA ZELANDIA,OCEANÍA,AEROPUERTO INTERNACIONAL JORGE CHÁVEZ,1645
JULIO,NUEVA ZELANDIA,OCEANÍA,CEBAF - TUMBES,41
JULIO,NUEVA ZELANDIA,OCEANÍA,DESAGUADERO,54
JULIO,NUEVA ZELANDIA,OCEANÍA,KASANI,94
JULIO,NUEVA ZELANDIA,OCEANÍA,OTRAS OCM,114
JULIO,NUEVA ZELANDIA,OCEANÍA,SANTA ROSA,19
JULIO,NÍGER,ÁFRICA,AEROPUERTO INTERNACIONAL JORGE CHÁVEZ,2
JULIO,NÍGER,ÁFRICA,CEBAF - TUMBES,0
JULIO,NÍGER,ÁFRICA,DESAGUADERO,0
JULIO,NÍGER,ÁFRICA,KASANI,0
JULIO,NÍGER,ÁFRICA,OTRAS OCM,0
JULIO,NÍGER,ÁFRICA,SANTA ROSA,0
JULIO,OMÁN,ASIA,AEROPUERTO INTERNACIONAL JORGE CHÁVEZ,9
JULIO,OMÁN,ASIA,CEBAF - TUMBES,0
JULIO,OMÁN,ASIA,DESAGUADERO,1
JULIO,OMÁN,ASIA,KASANI,1
JULIO,OMÁN,ASIA,OTRAS OCM,1
JULIO,OMÁN,ASIA,SANTA ROSA,0
JULIO,PAKISTÁN,ASIA,AEROPUERTO INTERNACIONAL JORGE CHÁVEZ,57
JULIO,PAKISTÁN,ASIA,CEBAF - TUMBES,1
JULIO,PAKISTÁN,ASIA,DESAGUADERO,1
JULIO,PAKISTÁN,ASIA,KASANI,1
JULIO,PAKISTÁN,ASIA,OTRAS OCM,4
JULIO,PAKISTÁN,ASIA,SANTA ROSA,71
JULIO,PALESTINA,ASIA,AEROPUERTO INTERNACIONAL JORGE CHÁVEZ,11
JULIO,PALESTINA,ASIA,CEBAF - TUMBES,0
JULIO,PALESTINA,ASIA,DESAGUADERO,0
JULIO,PALESTINA,ASIA,KASANI,1
JULIO,PALESTINA,ASIA,OTRAS OCM,0
JULIO,PALESTINA,ASIA,SANTA ROSA,0
JULIO,PANAMÁ,AMÉRICA CENTRAL,AEROPUERTO INTERNACIONAL JORGE CHÁVEZ,7200
JULIO,PANAMÁ,AMÉRICA CENTRAL,CEBAF - TUMBES,12
JULIO,PANAMÁ,AMÉRICA CENTRAL,DESAGUADERO,10
JULIO,PANAMÁ,AMÉRICA CENTRAL,KASANI,0
JULIO,PANAMÁ,AMÉRICA CENTRAL,OTRAS OCM,105
JULIO,PANAMÁ,AMÉRICA CENTRAL,SANTA ROSA,22
JULIO,PAPÚA (NG),OCEANÍA,AEROPUERTO INTERNACIONAL JORGE CHÁVEZ,6
JULIO,PAPÚA (NG),OCEANÍA,CEBAF - TUMBES,0
JULIO,PAPÚA (NG),OCEANÍA,DESAGUADERO,0
JULIO,PAPÚA (NG),OCEANÍA,KASANI,0
JULIO,PAPÚA (NG),OCEANÍA,OTRAS OCM,1
JULIO,PAPÚA (NG),OCEANÍA,SANTA ROSA,0
JULIO,PARAGUAY,AMÉRICA DEL SUR,AEROPUERTO INTERNACIONAL JORGE CHÁVEZ,3060
JULIO,PARAGUAY,AMÉRICA DEL SUR,CEBAF - TUMBES,10
JULIO,PARAGUAY,AMÉRICA DEL SUR,DESAGUADERO,173
JULIO,PARAGUAY,AMÉRICA DEL SUR,KASANI,83
JULIO,PARAGUAY,AMÉRICA DEL SUR,OTRAS OCM,28
JULIO,PARAGUAY,AMÉRICA DEL SUR,SANTA ROSA,244
JULIO,PAÍSES BAJOS (HOLANDA),EUROPA,AEROPUERTO INTERNACIONAL JORGE CHÁVEZ,19100
JULIO,PAÍSES BAJOS (HOLANDA),EUROPA,CEBAF - TUMBES,157
JULIO,PAÍSES BAJOS (HOLANDA),EUROPA,DESAGUADERO,349
JULIO,PAÍSES BAJOS (HOLANDA),EUROPA,KASANI,464
JULIO,PAÍSES BAJOS (HOLANDA),EUROPA,OTRAS OCM,298
JULIO,PAÍSES BAJOS (HOLANDA),EUROPA,SANTA ROSA,102
JULIO,POLONIA,EUROPA,AEROPUERTO INTERNACIONAL JORGE CHÁVEZ,3226
JULIO,POLONIA,EUROPA,CEBAF - TUMBES,41
JULIO,POLONIA,EUROPA,DESAGUADERO,421
JULIO,POLONIA,EUROPA,KASANI,467
JULIO,POLONIA,EUROPA,OTRAS OCM,151
JULIO,POLONIA,EUROPA,SANTA ROSA,33
JULIO,PORTUGAL,EUROPA,AEROPUERTO INTERNACIONAL JORGE CHÁVEZ,2437
JULIO,PORTUGAL,EUROPA,CEBAF - TUMBES,19
JULIO,PORTUGAL,EUROPA,DESAGUADERO,65
JULIO,PORTUGAL,EUROPA,KASANI,66
JULIO,PORTUGAL,EUROPA,OTRAS OCM,64
JULIO,PORTUGAL,EUROPA,SANTA ROSA,20
JULIO,PTO. RICO,AMÉRICA CENTRAL,AEROPUERTO INTERNACIONAL JORGE CHÁVEZ,1168
JULIO,PTO. RICO,AMÉRICA CENTRAL,CEBAF - TUMBES,1
JULIO,PTO. RICO,AMÉRICA CENTRAL,DESAGUADERO,2
JULIO,PTO. RICO,AMÉRICA CENTRAL,KASANI,0
JULIO,PTO. RICO,AMÉRICA CENTRAL,OTRAS OCM,12
JULIO,PTO. RICO,AMÉRICA CENTRAL,SANTA ROSA,3
JULIO,R.F. YUGOSLAVIA,EUROPA,AEROPUERTO INTERNACIONAL JORGE CHÁVEZ,0
JULIO,R.F. YUGOSLAVIA,EUROPA,CEBAF - TUMBES,0
JULIO,R.F. YUGOSLAVIA,EUROPA,DESAGUADERO,0
JULIO,R.F. YUGOSLAVIA,EUROPA,KASANI,0
JULIO,R.F. YUGOSLAVIA,EUROPA,OTRAS OCM,0
JULIO,R.F. YUGOSLAVIA,EUROPA,SANTA ROSA,0
JULIO,REINO UNIDO,EUROPA,AEROPUERTO INTERNACIONAL JORGE CHÁVEZ,23221
JULIO,REINO UNIDO,EUROPA,CEBAF - TUMBES,457
JULIO,REINO UNIDO,EUROPA,DESAGUADERO,883
JULIO,REINO UNIDO,EUROPA,KASANI,942
JULIO,REINO UNIDO,EUROPA,OTRAS OCM,1968
JULIO,REINO UNIDO,EUROPA,SANTA ROSA,149
JULIO,REP. CENTROAFRICANA,ÁFRICA,AEROPUERTO INTERNACIONAL JORGE CHÁVEZ,0
JULIO,REP. CENTROAFRICANA,ÁFRICA,CEBAF - TUMBES,0
JULIO,REP. CENTROAFRICANA,ÁFRICA,DESAGUADERO,0
JULIO,REP. CENTROAFRICANA,ÁFRICA,KASANI,0
JULIO,REP. CENTROAFRICANA,ÁFRICA,OTRAS OCM,0
JULIO,REP. CENTROAFRICANA,ÁFRICA,SANTA ROSA,0
JULIO,REP. CHECA,EUROPA,AEROPUERTO INTERNACIONAL JORGE CHÁVEZ,1613
JULIO,REP. CHECA,EUROPA,CEBAF - TUMBES,40
JULIO,REP. CHECA,EUROPA,DESAGUADERO,224
JULIO,REP. CHECA,EUROPA,KASANI,92
JULIO,REP. CHECA,EUROPA,OTRAS OCM,66
JULIO,REP. CHECA,EUROPA,SANTA ROSA,101
JULIO,REP. DOMINICANA,AMÉRICA CENTRAL,AEROPUERTO INTERNACIONAL JORGE CHÁVEZ,4888
JULIO,REP. DOMINICANA,AMÉRICA CENTRAL,CEBAF - TUMBES,281
JULIO,REP. DOMINICANA,AMÉRICA CENTRAL,DESAGUADERO,13
JULIO,REP. DOMINICANA,AMÉRICA CENTRAL,KASANI,7
JULIO,REP. DOMINICANA,AMÉRICA CENTRAL,OTRAS OCM,72
JULIO,REP. DOMINICANA,AMÉRICA CENTRAL,SANTA ROSA,128
JULIO,REP. MOLDOVA,EUROPA,AEROPUERTO INTERNACIONAL JORGE CHÁVEZ,0
JULIO,REP. MOLDOVA,EUROPA,CEBAF - TUMBES,0
JULIO,REP. MOLDOVA,EUROPA,DESAGUADERO,0
JULIO,REP. MOLDOVA,EUROPA,KASANI,0
JULIO,REP. MOLDOVA,EUROPA,OTRAS OCM,0
JULIO,REP. MOLDOVA,EUROPA,SANTA ROSA,0
JULIO,RESTO DEL MUNDO,RESTO DEL MUNDO,AEROPUERTO INTERNACIONAL JORGE CHÁVEZ,405
JULIO,RESTO DEL MUNDO,RESTO DEL MUNDO,CEBAF - TUMBES,6
JULIO,RESTO DEL MUNDO,RESTO DEL MUNDO,DESAGUADERO,1
JULIO,RESTO DEL MUNDO,RESTO DEL MUNDO,KASANI,4
JULIO,RESTO DEL MUNDO,RESTO DEL MUNDO,OTRAS OCM,12
JULIO,RESTO DEL MUNDO,RESTO DEL MUNDO,SANTA ROSA,2
JULIO,RUMANIA,EUROPA,AEROPUERTO INTERNACIONAL JORGE CHÁVEZ,1191
JULIO,RUMANIA,EUROPA,CEBAF - TUMBES,11
JULIO,RUMANIA,EUROPA,DESAGUADERO,60
JULIO,RUMANIA,EUROPA,KASANI,6
JULIO,RUMANIA,EUROPA,OTRAS OCM,74
JULIO,RUMANIA,EUROPA,SANTA ROSA,4
JULIO,RUSIA,EUROPA,AEROPUERTO INTERNACIONAL JORGE CHÁVEZ,2322
JULIO,RUSIA,EUROPA,CEBAF - TUMBES,45
JULIO,RUSIA,EUROPA,DESAGUADERO,73
JULIO,RUSIA,EUROPA,KASANI,66
JULIO,RUSIA,EUROPA,OTRAS OCM,159
JULIO,RUSIA,EUROPA,SANTA ROSA,44
JULIO,RWANDA,ÁFRICA,AEROPUERTO INTERNACIONAL JORGE CHÁVEZ,5
JULIO,RWANDA,ÁFRICA,CEBAF - TUMBES,0
JULIO,RWANDA,ÁFRICA,DESAGUADERO,0
JULIO,RWANDA,ÁFRICA,KASANI,0
JULIO,RWANDA,ÁFRICA,OTRAS OCM,0
JULIO,RWANDA,ÁFRICA,SANTA ROSA,0
JULIO,SAINT KITIS Y NEVIS,AMÉRICA CENTRAL,AEROPUERTO INTERNACIONAL JORGE CHÁVEZ,8
JULIO,SAINT KITIS Y NEVIS,AMÉRICA CENTRAL,CEBAF - TUMBES,0
JULIO,SAINT KITIS Y NEVIS,AMÉRICA CENTRAL,DESAGUADERO,0
JULIO,SAINT KITIS Y NEVIS,AMÉRICA CENTRAL,KASANI,0
JULIO,SAINT KITIS Y NEVIS,AMÉRICA CENTRAL,OTRAS OCM,5
JULIO,SAINT KITIS Y NEVIS,AMÉRICA CENTRAL,SANTA ROSA,0
JULIO,SALOMÓN ISLA,OCEANÍA,AEROPUERTO INTERNACIONAL JORGE CHÁVEZ,30
JULIO,SALOMÓN ISLA,OCEANÍA,CEBAF - TUMBES,0
JULIO,SALOMÓN ISLA,OCEANÍA,DESAGUADERO,2
JULIO,SALOMÓN ISLA,OCEANÍA,KASANI,0
JULIO,SALOMÓN ISLA,OCEANÍA,OTRAS OCM,0
JULIO,SALOMÓN ISLA,OCEANÍA,SANTA ROSA,0
JULIO,SAMOA OCCIDENTAL,OCEANÍA,AEROPUERTO INTERNACIONAL JORGE CHÁVEZ,2
JULIO,SAMOA OCCIDENTAL,OCEANÍA,CEBAF - TUMBES,0
JULIO,SAMOA OCCIDENTAL,OCEANÍA,DESAGUADERO,0
JULIO,SAMOA OCCIDENTAL,OCEANÍA,KASANI,0
JULIO,SAMOA OCCIDENTAL,OCEANÍA,OTRAS OCM,0
JULIO,SAMOA OCCIDENTAL,OCEANÍA,SANTA ROSA,0
JULIO,SAN MARINO,EUROPA,AEROPUERTO INTERNACIONAL JORGE CHÁVEZ,8
JULIO,SAN MARINO,EUROPA,CEBAF - TUMBES,0
JULIO,SAN MARINO,EUROPA,DESAGUADERO,0
JULIO,SAN MARINO,EUROPA,KASANI,2
JULIO,SAN MARINO,EUROPA,OTRAS OCM,0
JULIO,SAN MARINO,EUROPA,SANTA ROSA,1
JULIO,SAN VIC. GRANADINAS,AMÉRICA CENTRAL,AEROPUERTO INTERNACIONAL JORGE CHÁVEZ,20
JULIO,SAN VIC. GRANADINAS,AMÉRICA CENTRAL,CEBAF - TUMBES,0
JULIO,SAN VIC. GRANADINAS,AMÉRICA CENTRAL,DESAGUADERO,0
JULIO,SAN VIC. GRANADINAS,AMÉRICA CENTRAL,KASANI,0
JULIO,SAN VIC. GRANADINAS,AMÉRICA CENTRAL,OTRAS OCM,0
JULIO,SAN VIC. GRANADINAS,AMÉRICA CENTRAL,SANTA ROSA,0
JULIO,SANTA LUCÍA,AMÉRICA CENTRAL,AEROPUERTO INTERNACIONAL JORGE CHÁVEZ,22
JULIO,SANTA LUCÍA,AMÉRICA CENTRAL,CEBAF - TUMBES,0
JULIO,SANTA LUCÍA,AMÉRICA CENTRAL,DESAGUADERO,0
JULIO,SANTA LUCÍA,AMÉRICA CENTRAL,KASANI,0
JULIO,SANTA LUCÍA,AMÉRICA CENTRAL,OTRAS OCM,1
JULIO,SANTA LUCÍA,AMÉRICA CENTRAL,SANTA ROSA,0
JULIO,SENEGAL,ÁFRICA,AEROPUERTO INTERNACIONAL JORGE CHÁVEZ,15
JULIO,SENEGAL,ÁFRICA,CEBAF - TUMBES,0
JULIO,SENEGAL,ÁFRICA,DESAGUADERO,0
JULIO,SENEGAL,ÁFRICA,KASANI,0
JULIO,SENEGAL,ÁFRICA,OTRAS OCM,5
JULIO,SENEGAL,ÁFRICA,SANTA ROSA,0
JULIO,SEYCHELLES,ÁFRICA,AEROPUERTO INTERNACIONAL JORGE CHÁVEZ,2
JULIO,SEYCHELLES,ÁFRICA,CEBAF - TUMBES,0
JULIO,SEYCHELLES,ÁFRICA,DESAGUADERO,0
JULIO,SEYCHELLES,ÁFRICA,KASANI,0
JULIO,SEYCHELLES,ÁFRICA,OTRAS OCM,0
JULIO,SEYCHELLES,ÁFRICA,SANTA ROSA,0
JULIO,SIERRA LEONA,ÁFRICA,AEROPUERTO INTERNACIONAL JORGE CHÁVEZ,2
JULIO,SIERRA LEONA,ÁFRICA,CEBAF - TUMBES,0
JULIO,SIERRA LEONA,ÁFRICA,DESAGUADERO,0
JULIO,SIERRA LEONA,ÁFRICA,KASANI,0
JULIO,SIERRA LEONA,ÁFRICA,OTRAS OCM,0
JULIO,SIERRA LEONA,ÁFRICA,SANTA ROSA,0
JULIO,SIKKIM,ASIA,AEROPUERTO INTERNACIONAL JORGE CHÁVEZ,0
JULIO,SIKKIM,ASIA,CEBAF - TUMBES,0
JULIO,SIKKIM,ASIA,DESAGUADERO,0
JULIO,SIKKIM,ASIA,KASANI,0
JULIO,SIKKIM,ASIA,OTRAS OCM,0
JULIO,SIKKIM,ASIA,SANTA ROSA,0
JULIO,SINGAPUR,ASIA,AEROPUERTO INTERNACIONAL JORGE CHÁVEZ,540
JULIO,SINGAPUR,ASIA,CEBAF - TUMBES,4
JULIO,SINGAPUR,ASIA,DESAGUADERO,14
JULIO,SINGAPUR,ASIA,KASANI,18
JULIO,SINGAPUR,ASIA,OTRAS OCM,42
JULIO,SINGAPUR,ASIA,SANTA ROSA,3
JULIO,SIRIA,ASIA,AEROPUERTO INTERNACIONAL JORGE CHÁVEZ,15
JULIO,SIRIA,ASIA,CEBAF - TUMBES,0
JULIO,SIRIA,ASIA,DESAGUADERO,0
JULIO,SIRIA,ASIA,KASANI,0
JULIO,SIRIA,ASIA,OTRAS OCM,0
JULIO,SIRIA,ASIA,SANTA ROSA,0
JULIO,SOMALIA,ÁFRICA,AEROPUERTO INTERNACIONAL JORGE CHÁVEZ,2
JULIO,SOMALIA,ÁFRICA,CEBAF - TUMBES,0
JULIO,SOMALIA,ÁFRICA,DESAGUADERO,0
JULIO,SOMALIA,ÁFRICA,KASANI,0
JULIO,SOMALIA,ÁFRICA,OTRAS OCM,0
JULIO,SOMALIA,ÁFRICA,SANTA ROSA,0
JULIO,SRI LANKA,ASIA,AEROPUERTO INTERNACIONAL JORGE CHÁVEZ,65
JULIO,SRI LANKA,ASIA,CEBAF - TUMBES,0
JULIO,SRI LANKA,ASIA,DESAGUADERO,10
JULIO,SRI LANKA,ASIA,KASANI,3
JULIO,SRI LANKA,ASIA,OTRAS OCM,10
JULIO,SRI LANKA,ASIA,SANTA ROSA,0
JULIO,STO. TOMÉ Y PRÍNCIPE,ÁFRICA,AEROPUERTO INTERNACIONAL JORGE CHÁVEZ,0
JULIO,STO. TOMÉ Y PRÍNCIPE,ÁFRICA,CEBAF - TUMBES,0
JULIO,STO. TOMÉ Y PRÍNCIPE,ÁFRICA,DESAGUADERO,0
JULIO,STO. TOMÉ Y PRÍNCIPE,ÁFRICA,KASANI,0
JULIO,STO. TOMÉ Y PRÍNCIPE,ÁFRICA,OTRAS OCM,2
JULIO,STO. TOMÉ Y PRÍNCIPE,ÁFRICA,SANTA ROSA,0
JULIO,SUDÁFRICA,ÁFRICA,AEROPUERTO INTERNACIONAL JORGE CHÁVEZ,669
JULIO,SUDÁFRICA,ÁFRICA,CEBAF - TUMBES,27
JULIO,SUDÁFRICA,ÁFRICA,DESAGUADERO,9
JULIO,SUDÁFRICA,ÁFRICA,KASANI,21
JULIO,SUDÁFRICA,ÁFRICA,OTRAS OCM,32
JULIO,SUDÁFRICA,ÁFRICA,SANTA ROSA,14
JULIO,SUDÁN,ÁFRICA,AEROPUERTO INTERNACIONAL JORGE CHÁVEZ,3
JULIO,SUDÁN,ÁFRICA,CEBAF - TUMBES,0
JULIO,SUDÁN,ÁFRICA,DESAGUADERO,0
JULIO,SUDÁN,ÁFRICA,KASANI,0
JULIO,SUDÁN,ÁFRICA,OTRAS OCM,0
JULIO,SUDÁN,ÁFRICA,SANTA ROSA,0
JULIO,SUECIA,EUROPA,AEROPUERTO INTERNACIONAL JORGE CHÁVEZ,3046
JULIO,SUECIA,EUROPA,CEBAF - TUMBES,21
JULIO,SUECIA,EUROPA,DESAGUADERO,120
JULIO,SUECIA,EUROPA,KASANI,84
JULIO,SUECIA,EUROPA,OTRAS OCM,108
JULIO,SUECIA,EUROPA,SANTA ROSA,34
JULIO,SUIZA,EUROPA,AEROPUERTO INTERNACIONAL JORGE CHÁVEZ,10048
JULIO,SUIZA,EUROPA,CEBAF - TUMBES,158
JULIO,SUIZA,EUROPA,DESAGUADERO,378
JULIO,SUIZA,EUROPA,KASANI,424
JULIO,SUIZA,EUROPA,OTRAS OCM,299
JULIO,SUIZA,EUROPA,SANTA ROSA,98
JULIO,SURINAM,AMÉRICA DEL SUR,AEROPUERTO INTERNACIONAL JORGE CHÁVEZ,83
JULIO,SURINAM,AMÉRICA DEL SUR,CEBAF - TUMBES,0
JULIO,SURINAM,AMÉRICA DEL SUR,DESAGUADERO,0
JULIO,SURINAM,AMÉRICA DEL SUR,KASANI,0
JULIO,SURINAM,AMÉRICA DEL SUR,OTRAS OCM,1
JULIO,SURINAM,AMÉRICA DEL SUR,SANTA ROSA,0
JULIO,SWAZILANDIA,ÁFRICA,AEROPUERTO INTERNACIONAL JORGE CHÁVEZ,3
JULIO,SWAZILANDIA,ÁFRICA,CEBAF - TUMBES,0
JULIO,SWAZILANDIA,ÁFRICA,DESAGUADERO,0
JULIO,SWAZILANDIA,ÁFRICA,KASANI,0
JULIO,SWAZILANDIA,ÁFRICA,OTRAS OCM,0
JULIO,SWAZILANDIA,ÁFRICA,SANTA ROSA,0
JULIO,TAILANDIA,ASIA,AEROPUERTO INTERNACIONAL JORGE CHÁVEZ,488
JULIO,TAILANDIA,ASIA,CEBAF - TUMBES,1
JULIO,TAILANDIA,ASIA,DESAGUADERO,6
JULIO,TAILANDIA,ASIA,KASANI,6
JULIO,TAILANDIA,ASIA,OTRAS OCM,28
JULIO,TAILANDIA,ASIA,SANTA ROSA,8
JULIO,TAIWÁN,ASIA,AEROPUERTO INTERNACIONAL JORGE CHÁVEZ,1799
JULIO,TAIWÁN,ASIA,CEBAF - TUMBES,7
JULIO,TAIWÁN,ASIA,DESAGUADERO,28
JULIO,TAIWÁN,ASIA,KASANI,25
JULIO,TAIWÁN,ASIA,OTRAS OCM,61
JULIO,TAIWÁN,ASIA,SANTA ROSA,50
JULIO,TANZANIA,ÁFRICA,AEROPUERTO INTERNACIONAL JORGE CHÁVEZ,15
JULIO,TANZANIA,ÁFRICA,CEBAF - TUMBES,0
JULIO,TANZANIA,ÁFRICA,DESAGUADERO,0
JULIO,TANZANIA,ÁFRICA,KASANI,0
JULIO,TANZANIA,ÁFRICA,OTRAS OCM,1
JULIO,TANZANIA,ÁFRICA,SANTA ROSA,0
JULIO,TAYIKISTÁN,ASIA,AEROPUERTO INTERNACIONAL JORGE CHÁVEZ,2
JULIO,TAYIKISTÁN,ASIA,CEBAF - TUMBES,0
JULIO,TAYIKISTÁN,ASIA,DESAGUADERO,1
JULIO,TAYIKISTÁN,ASIA,KASANI,0
JULIO,TAYIKISTÁN,ASIA,OTRAS OCM,0
JULIO,TAYIKISTÁN,ASIA,SANTA ROSA,0
JULIO,TOGO,ÁFRICA,AEROPUERTO INTERNACIONAL JORGE CHÁVEZ,1
JULIO,TOGO,ÁFRICA,CEBAF - TUMBES,0
JULIO,TOGO,ÁFRICA,DESAGUADERO,0
JULIO,TOGO,ÁFRICA,KASANI,0
JULIO,TOGO,ÁFRICA,OTRAS OCM,0
JULIO,TOGO,ÁFRICA,SANTA ROSA,0
JULIO,TONGA,OCEANÍA,AEROPUERTO INTERNACIONAL JORGE CHÁVEZ,3
JULIO,TONGA,OCEANÍA,CEBAF - TUMBES,0
JULIO,TONGA,OCEANÍA,DESAGUADERO,0
JULIO,TONGA,OCEANÍA,KASANI,0
JULIO,TONGA,OCEANÍA,OTRAS OCM,1
JULIO,TONGA,OCEANÍA,SANTA ROSA,0
JULIO,TRINIDAD Y TOBAGO,AMÉRICA CENTRAL,AEROPUERTO INTERNACIONAL JORGE CHÁVEZ,372
JULIO,TRINIDAD Y TOBAGO,AMÉRICA CENTRAL,CEBAF - TUMBES,0
JULIO,TRINIDAD Y TOBAGO,AMÉRICA CENTRAL,DESAGUADERO,0
JULIO,TRINIDAD Y TOBAGO,AMÉRICA CENTRAL,KASANI,0
JULIO,TRINIDAD Y TOBAGO,AMÉRICA CENTRAL,OTRAS OCM,6
JULIO,TRINIDAD Y TOBAGO,AMÉRICA CENTRAL,SANTA ROSA,4
JULIO,TURKMENISTÁN,ASIA,AEROPUERTO INTERNACIONAL JORGE CHÁVEZ,1
JULIO,TURKMENISTÁN,ASIA,CEBAF - TUMBES,0
JULIO,TURKMENISTÁN,ASIA,DESAGUADERO,0
JULIO,TURKMENISTÁN,ASIA,KASANI,0
JULIO,TURKMENISTÁN,ASIA,OTRAS OCM,0
JULIO,TURKMENISTÁN,ASIA,SANTA ROSA,0
JULIO,TURQUÍA,ASIA,AEROPUERTO INTERNACIONAL JORGE CHÁVEZ,1034
JULIO,TURQUÍA,ASIA,CEBAF - TUMBES,9
JULIO,TURQUÍA,ASIA,DESAGUADERO,70
JULIO,TURQUÍA,ASIA,KASANI,45
JULIO,TURQUÍA,ASIA,OTRAS OCM,87
JULIO,TURQUÍA,ASIA,SANTA ROSA,18
JULIO,TUVALU,OCEANÍA,AEROPUERTO INTERNACIONAL JORGE CHÁVEZ,0
JULIO,TUVALU,OCEANÍA,CEBAF - TUMBES,0
JULIO,TUVALU,OCEANÍA,DESAGUADERO,0
JULIO,TUVALU,OCEANÍA,KASANI,0
JULIO,TUVALU,OCEANÍA,OTRAS OCM,0
JULIO,TUVALU,OCEANÍA,SANTA ROSA,0
JULIO,TÚNEZ,ÁFRICA,AEROPUERTO INTERNACIONAL JORGE CHÁVEZ,18
JULIO,TÚNEZ,ÁFRICA,CEBAF - TUMBES,0
JULIO,TÚNEZ,ÁFRICA,DESAGUADERO,1
JULIO,TÚNEZ,ÁFRICA,KASANI,1
JULIO,TÚNEZ,ÁFRICA,OTRAS OCM,0
JULIO,TÚNEZ,ÁFRICA,SANTA ROSA,0
JULIO,UCRANIA,EUROPA,AEROPUERTO INTERNACIONAL JORGE CHÁVEZ,775
JULIO,UCRANIA,EUROPA,CEBAF - TUMBES,14
JULIO,UCRANIA,EUROPA,DESAGUADERO,7
JULIO,UCRANIA,EUROPA,KASANI,3
JULIO,UCRANIA,EUROPA,OTRAS OCM,152
JULIO,UCRANIA,EUROPA,SANTA ROSA,10
JULIO,UGANDA,ÁFRICA,AEROPUERTO INTERNACIONAL JORGE CHÁVEZ,9
JULIO,UGANDA,ÁFRICA,CEBAF - TUMBES,1
JULIO,UGANDA,ÁFRICA,DESAGUADERO,1
JULIO,UGANDA,ÁFRICA,KASANI,0
JULIO,UGANDA,ÁFRICA,OTRAS OCM,0
JULIO,UGANDA,ÁFRICA,SANTA ROSA,0
JULIO,URUGUAY,AMÉRICA DEL SUR,AEROPUERTO INTERNACIONAL JORGE CHÁVEZ,6648
JULIO,URUGUAY,AMÉRICA DEL SUR,CEBAF - TUMBES,32
JULIO,URUGUAY,AMÉRICA DEL SUR,DESAGUADERO,359
JULIO,URUGUAY,AMÉRICA DEL SUR,KASANI,93
JULIO,URUGUAY,AMÉRICA DEL SUR,OTRAS OCM,201
JULIO,URUGUAY,AMÉRICA DEL SUR,SANTA ROSA,207
JULIO,UZBEKISTÁN,ASIA,AEROPUERTO INTERNACIONAL JORGE CHÁVEZ,13
JULIO,UZBEKISTÁN,ASIA,CEBAF - TUMBES,0
JULIO,UZBEKISTÁN,ASIA,DESAGUADERO,0
JULIO,UZBEKISTÁN,ASIA,KASANI,0
JULIO,UZBEKISTÁN,ASIA,OTRAS OCM,1
JULIO,UZBEKISTÁN,ASIA,SANTA ROSA,0
JULIO,VANUATU,OCEANÍA,AEROPUERTO INTERNACIONAL JORGE CHÁVEZ,6
JULIO,VANUATU,OCEANÍA,CEBAF - TUMBES,0
JULIO,VANUATU,OCEANÍA,DESAGUADERO,0
JULIO,VANUATU,OCEANÍA,KASANI,0
JULIO,VANUATU,OCEANÍA,OTRAS OCM,0
JULIO,VANUATU,OCEANÍA,SANTA ROSA,0
JULIO,VATICANO,EUROPA,AEROPUERTO INTERNACIONAL JORGE CHÁVEZ,3
JULIO,VATICANO,EUROPA,CEBAF - TUMBES,0
JULIO,VATICANO,EUROPA,DESAGUADERO,0
JULIO,VATICANO,EUROPA,KASANI,0
JULIO,VATICANO,EUROPA,OTRAS OCM,0
JULIO,VATICANO,EUROPA,SANTA ROSA,0
JULIO,VENEZUELA,AMÉRICA DEL SUR,AEROPUERTO INTERNACIONAL JORGE CHÁVEZ,2442
JULIO,VENEZUELA,AMÉRICA DEL SUR,CEBAF - TUMBES,3188
JULIO,VENEZUELA,AMÉRICA DEL SUR,DESAGUADERO,32
JULIO,VENEZUELA,AMÉRICA DEL SUR,KASANI,14
JULIO,VENEZUELA,AMÉRICA DEL SUR,OTRAS OCM,165
JULIO,VENEZUELA,AMÉRICA DEL SUR,SANTA ROSA,326
JULIO,VIETNAM,ASIA,AEROPUERTO INTERNACIONAL JORGE CHÁVEZ,187
JULIO,VIETNAM,ASIA,CEBAF - TUMBES,1
JULIO,VIETNAM,ASIA,DESAGUADERO,0
JULIO,VIETNAM,ASIA,KASANI,1
JULIO,VIETNAM,ASIA,OTRAS OCM,13
JULIO,VIETNAM,ASIA,SANTA ROSA,1
JULIO,YEMEN,ASIA,AEROPUERTO INTERNACIONAL JORGE CHÁVEZ,6
JULIO,YEMEN,ASIA,CEBAF - TUMBES,2
JULIO,YEMEN,ASIA,DESAGUADERO,0
JULIO,YEMEN,ASIA,KASANI,0
JULIO,YEMEN,ASIA,OTRAS OCM,0
JULIO,YEMEN,ASIA,SANTA ROSA,0
JULIO,ZAMBIA,ÁFRICA,AEROPUERTO INTERNACIONAL JORGE CHÁVEZ,17
JULIO,ZAMBIA,ÁFRICA,CEBAF - TUMBES,0
JULIO,ZAMBIA,ÁFRICA,DESAGUADERO,0
JULIO,ZAMBIA,ÁFRICA,KASANI,0
JULIO,ZAMBIA,ÁFRICA,OTRAS OCM,0
JULIO,ZAMBIA,ÁFRICA,SANTA ROSA,0
JULIO,ZIMBABWE,ÁFRICA,AEROPUERTO INTERNACIONAL JORGE CHÁVEZ,17
JULIO,ZIMBABWE,ÁFRICA,CEBAF - TUMBES,0
JULIO,ZIMBABWE,ÁFRICA,DESAGUADERO,0
JULIO,ZIMBABWE,ÁFRICA,KASANI,0
JULIO,ZIMBABWE,ÁFRICA,OTRAS OCM,2
JULIO,ZIMBABWE,ÁFRICA,SANTA ROSA,0
JUNIO,AFGHANISTÁN,ASIA,AEROPUERTO INTERNACIONAL JORGE CHÁVEZ,5
JUNIO,AFGHANISTÁN,ASIA,CEBAF - TUMBES,0
JUNIO,AFGHANISTÁN,ASIA,DESAGUADERO,0
JUNIO,AFGHANISTÁN,ASIA,KASANI,0
JUNIO,AFGHANISTÁN,ASIA,OTRAS OCM,0
JUNIO,AFGHANISTÁN,ASIA,SANTA ROSA,13
JUNIO,ALBANIA,EUROPA,AEROPUERTO INTERNACIONAL JORGE CHÁVEZ,22
JUNIO,ALBANIA,EUROPA,CEBAF - TUMBES,0
JUNIO,ALBANIA,EUROPA,DESAGUADERO,0
JUNIO,ALBANIA,EUROPA,KASANI,0
JUNIO,ALBANIA,EUROPA,OTRAS OCM,4
JUNIO,ALBANIA,EUROPA,SANTA ROSA,0
JUNIO,ALEMANIA,EUROPA,AEROPUERTO INTERNACIONAL JORGE CHÁVEZ,15518
JUNIO,ALEMANIA,EUROPA,CEBAF - TUMBES,433
JUNIO,ALEMANIA,EUROPA,DESAGUADERO,895
JUNIO,ALEMANIA,EUROPA,KASANI,1104
JUNIO,ALEMANIA,EUROPA,OTRAS OCM,653
JUNIO,ALEMANIA,EUROPA,SANTA ROSA,302
JUNIO,ANDORRA,EUROPA,AEROPUERTO INTERNACIONAL JORGE CHÁVEZ,51
JUNIO,ANDORRA,EUROPA,CEBAF - TUMBES,1
JUNIO,ANDORRA,EUROPA,DESAGUADERO,1
JUNIO,ANDORRA,EUROPA,KASANI,1
JUNIO,ANDORRA,EUROPA,OTRAS OCM,1
JUNIO,ANDORRA,EUROPA,SANTA ROSA,1
JUNIO,ANGOLA,ÁFRICA,AEROPUERTO INTERNACIONAL JORGE CHÁVEZ,0
JUNIO,ANGOLA,ÁFRICA,CEBAF - TUMBES,0
JUNIO,ANGOLA,ÁFRICA,DESAGUADERO,0
JUNIO,ANGOLA,ÁFRICA,KASANI,0
JUNIO,ANGOLA,ÁFRICA,OTRAS OCM,1
JUNIO,ANGOLA,ÁFRICA,SANTA ROSA,0
JUNIO,ANT. BARBUDA,AMÉRICA CENTRAL,AEROPUERTO INTERNACIONAL JORGE CHÁVEZ,20
JUNIO,ANT. BARBUDA,AMÉRICA CENTRAL,CEBAF - TUMBES,0
JUNIO,ANT. BARBUDA,AMÉRICA CENTRAL,DESAGUADERO,0
JUNIO,ANT. BARBUDA,AMÉRICA CENTRAL,KASANI,0
JUNIO,ANT. BARBUDA,AMÉRICA CENTRAL,OTRAS OCM,0
JUNIO,ANT. BARBUDA,AMÉRICA CENTRAL,SANTA ROSA,0
JUNIO,ARABIA SAUDITA,ASIA,AEROPUERTO INTERNACIONAL JORGE CHÁVEZ,182
JUNIO,ARABIA SAUDITA,ASIA,CEBAF - TUMBES,1
JUNIO,ARABIA SAUDITA,ASIA,DESAGUADERO,2
JUNIO,ARABIA SAUDITA,ASIA,KASANI,2
JUNIO,ARABIA SAUDITA,ASIA,OTRAS OCM,8
JUNIO,ARABIA SAUDITA,ASIA,SANTA ROSA,0
JUNIO,ARGELIA,ÁFRICA,AEROPUERTO INTERNACIONAL JORGE CHÁVEZ,40
JUNIO,ARGELIA,ÁFRICA,CEBAF - TUMBES,1
JUNIO,ARGELIA,ÁFRICA,DESAGUADERO,1
JUNIO,ARGELIA,ÁFRICA,KASANI,0
JUNIO,ARGELIA,ÁFRICA,OTRAS OCM,0
JUNIO,ARGELIA,ÁFRICA,SANTA ROSA,0
JUNIO,ARGENTINA,AMÉRICA DEL SUR,AEROPUERTO INTERNACIONAL JORGE CHÁVEZ,43941
JUNIO,ARGENTINA,AMÉRICA DEL SUR,CEBAF - TUMBES,557
JUNIO,ARGENTINA,AMÉRICA DEL SUR,DESAGUADERO,1792
JUNIO,ARGENTINA,AMÉRICA DEL SUR,KASANI,948
JUNIO,ARGENTINA,AMÉRICA DEL SUR,OTRAS OCM,1165
JUNIO,ARGENTINA,AMÉRICA DEL SUR,SANTA ROSA,2892
JUNIO,ARMENIA,ASIA,AEROPUERTO INTERNACIONAL JORGE CHÁVEZ,132
JUNIO,ARMENIA,ASIA,CEBAF - TUMBES,2
JUNIO,ARMENIA,ASIA,DESAGUADERO,0
JUNIO,ARMENIA,ASIA,KASANI,1
JUNIO,ARMENIA,ASIA,OTRAS OCM,0
JUNIO,ARMENIA,ASIA,SANTA ROSA,2
JUNIO,ARUBA,AMÉRICA CENTRAL,AEROPUERTO INTERNACIONAL JORGE CHÁVEZ,65
JUNIO,ARUBA,AMÉRICA CENTRAL,CEBAF - TUMBES,0
JUNIO,ARUBA,AMÉRICA CENTRAL,DESAGUADERO,1
JUNIO,ARUBA,AMÉRICA CENTRAL,KASANI,0
JUNIO,ARUBA,AMÉRICA CENTRAL,OTRAS OCM,18
JUNIO,ARUBA,AMÉRICA CENTRAL,SANTA ROSA,0
JUNIO,AUSTRALIA,OCEANÍA,AEROPUERTO INTERNACIONAL JORGE CHÁVEZ,8185
JUNIO,AUSTRALIA,OCEANÍA,CEBAF - TUMBES,159
JUNIO,AUSTRALIA,OCEANÍA,DESAGUADERO,218
JUNIO,AUSTRALIA,OCEANÍA,KASANI,273
JUNIO,AUSTRALIA,OCEANÍA,OTRAS OCM,763
JUNIO,AUSTRALIA,OCEANÍA,SANTA ROSA,56
JUNIO,AUSTRIA,EUROPA,AEROPUERTO INTERNACIONAL JORGE CHÁVEZ,1791
JUNIO,AUSTRIA,EUROPA,CEBAF - TUMBES,41
JUNIO,AUSTRIA,EUROPA,DESAGUADERO,111
JUNIO,AUSTRIA,EUROPA,KASANI,94
JUNIO,AUSTRIA,EUROPA,OTRAS OCM,69
JUNIO,AUSTRIA,EUROPA,SANTA ROSA,36
JUNIO,AZERBAIYÁN,ASIA,AEROPUERTO INTERNACIONAL JORGE CHÁVEZ,13
JUNIO,AZERBAIYÁN,ASIA,CEBAF - TUMBES,0
JUNIO,AZERBAIYÁN,ASIA,DESAGUADERO,1
JUNIO,AZERBAIYÁN,ASIA,KASANI,1
JUNIO,AZERBAIYÁN,ASIA,OTRAS OCM,1
JUNIO,AZERBAIYÁN,ASIA,SANTA ROSA,0
JUNIO,BAHAMAS,AMÉRICA CENTRAL,AEROPUERTO INTERNACIONAL JORGE CHÁVEZ,118
JUNIO,BAHAMAS,AMÉRICA CENTRAL,CEBAF - TUMBES,0
JUNIO,BAHAMAS,AMÉRICA CENTRAL,DESAGUADERO,0
JUNIO,BAHAMAS,AMÉRICA CENTRAL,KASANI,0
JUNIO,BAHAMAS,AMÉRICA CENTRAL,OTRAS OCM,1
JUNIO,BAHAMAS,AMÉRICA CENTRAL,SANTA ROSA,0
JUNIO,BAHRÉIN,ASIA,AEROPUERTO INTERNACIONAL JORGE CHÁVEZ,12
JUNIO,BAHRÉIN,ASIA,CEBAF - TUMBES,0
JUNIO,BAHRÉIN,ASIA,DESAGUADERO,0
JUNIO,BAHRÉIN,ASIA,KASANI,0
JUNIO,BAHRÉIN,ASIA,OTRAS OCM,0
JUNIO,BAHRÉIN,ASIA,SANTA ROSA,0
JUNIO,BANGLADESH,ASIA,AEROPUERTO INTERNACIONAL JORGE CHÁVEZ,46
JUNIO,BANGLADESH,ASIA,CEBAF - TUMBES,0
JUNIO,BANGLADESH,ASIA,DESAGUADERO,0
JUNIO,BANGLADESH,ASIA,KASANI,0
JUNIO,BANGLADESH,ASIA,OTRAS OCM,8
JUNIO,BANGLADESH,ASIA,SANTA ROSA,1
JUNIO,BARBADOS,AMÉRICA CENTRAL,AEROPUERTO INTERNACIONAL JORGE CHÁVEZ,109
JUNIO,BARBADOS,AMÉRICA CENTRAL,CEBAF - TUMBES,0
JUNIO,BARBADOS,AMÉRICA CENTRAL,DESAGUADERO,1
JUNIO,BARBADOS,AMÉRICA CENTRAL,KASANI,1
JUNIO,BARBADOS,AMÉRICA CENTRAL,OTRAS OCM,1
JUNIO,BARBADOS,AMÉRICA CENTRAL,SANTA ROSA,0
JUNIO,BELICE,AMÉRICA CENTRAL,AEROPUERTO INTERNACIONAL JORGE CHÁVEZ,226
JUNIO,BELICE,AMÉRICA CENTRAL,CEBAF - TUMBES,0
JUNIO,BELICE,AMÉRICA CENTRAL,DESAGUADERO,3
JUNIO,BELICE,AMÉRICA CENTRAL,KASANI,1
JUNIO,BELICE,AMÉRICA CENTRAL,OTRAS OCM,1
JUNIO,BELICE,AMÉRICA CENTRAL,SANTA ROSA,1
JUNIO,BELORUSIA,EUROPA,AEROPUERTO INTERNACIONAL JORGE CHÁVEZ,162
JUNIO,BELORUSIA,EUROPA,CEBAF - TUMBES,5
JUNIO,BELORUSIA,EUROPA,DESAGUADERO,12
JUNIO,BELORUSIA,EUROPA,KASANI,5
JUNIO,BELORUSIA,EUROPA,OTRAS OCM,4
JUNIO,BELORUSIA,EUROPA,SANTA ROSA,0
JUNIO,BENÍN,ÁFRICA,AEROPUERTO INTERNACIONAL JORGE CHÁVEZ,2
JUNIO,BENÍN,ÁFRICA,CEBAF - TUMBES,1
JUNIO,BENÍN,ÁFRICA,DESAGUADERO,0
JUNIO,BENÍN,ÁFRICA,KASANI,0
JUNIO,BENÍN,ÁFRICA,OTRAS OCM,0
JUNIO,BENÍN,ÁFRICA,SANTA ROSA,0
JUNIO,BERMUDAS,AMÉRICA CENTRAL,AEROPUERTO INTERNACIONAL JORGE CHÁVEZ,9
JUNIO,BERMUDAS,AMÉRICA CENTRAL,CEBAF - TUMBES,0
JUNIO,BERMUDAS,AMÉRICA CENTRAL,DESAGUADERO,0
JUNIO,BERMUDAS,AMÉRICA CENTRAL,KASANI,0
JUNIO,BERMUDAS,AMÉRICA CENTRAL,OTRAS OCM,0
JUNIO,BERMUDAS,AMÉRICA CENTRAL,SANTA ROSA,0
JUNIO,BHUTÁN,ASIA,AEROPUERTO INTERNACIONAL JORGE CHÁVEZ,1
JUNIO,BHUTÁN,ASIA,CEBAF - TUMBES,0
JUNIO,BHUTÁN,ASIA,DESAGUADERO,0
JUNIO,BHUTÁN,ASIA,KASANI,0
JUNIO,BHUTÁN,ASIA,OTRAS OCM,0
JUNIO,BHUTÁN,ASIA,SANTA ROSA,0
JUNIO,BOLIVIA,AMÉRICA DEL SUR,AEROPUERTO INTERNACIONAL JORGE CHÁVEZ,8902
JUNIO,BOLIVIA,AMÉRICA DEL SUR,CEBAF - TUMBES,170
JUNIO,BOLIVIA,AMÉRICA DEL SUR,DESAGUADERO,52621
JUNIO,BOLIVIA,AMÉRICA DEL SUR,KASANI,3395
JUNIO,BOLIVIA,AMÉRICA DEL SUR,OTRAS OCM,3680
JUNIO,BOLIVIA,AMÉRICA DEL SUR,SANTA ROSA,12754
JUNIO,BOSNIA Y HERZEGOVINA,EUROPA,AEROPUERTO INTERNACIONAL JORGE CHÁVEZ,18
JUNIO,BOSNIA Y HERZEGOVINA,EUROPA,CEBAF - TUMBES,0
JUNIO,BOSNIA Y HERZEGOVINA,EUROPA,DESAGUADERO,5
JUNIO,BOSNIA Y HERZEGOVINA,EUROPA,KASANI,3
JUNIO,BOSNIA Y HERZEGOVINA,EUROPA,OTRAS OCM,0
JUNIO,BOSNIA Y HERZEGOVINA,EUROPA,SANTA ROSA,3
JUNIO,BOTSWANA,ÁFRICA,AEROPUERTO INTERNACIONAL JORGE CHÁVEZ,2
JUNIO,BOTSWANA,ÁFRICA,CEBAF - TUMBES,0
JUNIO,BOTSWANA,ÁFRICA,DESAGUADERO,0
JUNIO,BOTSWANA,ÁFRICA,KASANI,0
JUNIO,BOTSWANA,ÁFRICA,OTRAS OCM,1
JUNIO,BOTSWANA,ÁFRICA,SANTA ROSA,0
JUNIO,BRASIL,AMÉRICA DEL SUR,AEROPUERTO INTERNACIONAL JORGE CHÁVEZ,60946
JUNIO,BRASIL,AMÉRICA DEL SUR,CEBAF - TUMBES,117
JUNIO,BRASIL,AMÉRICA DEL SUR,DESAGUADERO,721
JUNIO,BRASIL,AMÉRICA DEL SUR,KASANI,737
JUNIO,BRASIL,AMÉRICA DEL SUR,OTRAS OCM,6826
JUNIO,BRASIL,AMÉRICA DEL SUR,SANTA ROSA,2216
JUNIO,BRUNÉI,ASIA,AEROPUERTO INTERNACIONAL JORGE CHÁVEZ,5
JUNIO,BRUNÉI,ASIA,CEBAF - TUMBES,0
JUNIO,BRUNÉI,ASIA,DESAGUADERO,0
JUNIO,BRUNÉI,ASIA,KASANI,0
JUNIO,BRUNÉI,ASIA,OTRAS OCM,0
JUNIO,BRUNÉI,ASIA,SANTA ROSA,0
JUNIO,BULGARIA,EUROPA,AEROPUERTO INTERNACIONAL JORGE CHÁVEZ,690
JUNIO,BULGARIA,EUROPA,CEBAF - TUMBES,4
JUNIO,BULGARIA,EUROPA,DESAGUADERO,6
JUNIO,BULGARIA,EUROPA,KASANI,11
JUNIO,BULGARIA,EUROPA,OTRAS OCM,24
JUNIO,BULGARIA,EUROPA,SANTA ROSA,0
JUNIO,BURKINA FASO,ÁFRICA,AEROPUERTO INTERNACIONAL JORGE CHÁVEZ,2
JUNIO,BURKINA FASO,ÁFRICA,CEBAF - TUMBES,0
JUNIO,BURKINA FASO,ÁFRICA,DESAGUADERO,0
JUNIO,BURKINA FASO,ÁFRICA,KASANI,0
JUNIO,BURKINA FASO,ÁFRICA,OTRAS OCM,0
JUNIO,BURKINA FASO,ÁFRICA,SANTA ROSA,0
JUNIO,BURUNDI,ÁFRICA,AEROPUERTO INTERNACIONAL JORGE CHÁVEZ,0
JUNIO,BURUNDI,ÁFRICA,CEBAF - TUMBES,0
JUNIO,BURUNDI,ÁFRICA,DESAGUADERO,0
JUNIO,BURUNDI,ÁFRICA,KASANI,0
JUNIO,BURUNDI,ÁFRICA,OTRAS OCM,0
JUNIO,BURUNDI,ÁFRICA,SANTA ROSA,0
JUNIO,BÉLGICA,EUROPA,AEROPUERTO INTERNACIONAL JORGE CHÁVEZ,4469
JUNIO,BÉLGICA,EUROPA,CEBAF - TUMBES,57
JUNIO,BÉLGICA,EUROPA,DESAGUADERO,170
JUNIO,BÉLGICA,EUROPA,KASANI,249
JUNIO,BÉLGICA,EUROPA,OTRAS OCM,86
JUNIO,BÉLGICA,EUROPA,SANTA ROSA,39
JUNIO,CABO VERDE,ÁFRICA,AEROPUERTO INTERNACIONAL JORGE CHÁVEZ,11
JUNIO,CABO VERDE,ÁFRICA,CEBAF - TUMBES,1
JUNIO,CABO VERDE,ÁFRICA,DESAGUADERO,0
JUNIO,CABO VERDE,ÁFRICA,KASANI,0
JUNIO,CABO VERDE,ÁFRICA,OTRAS OCM,7
JUNIO,CABO VERDE,ÁFRICA,SANTA ROSA,0
JUNIO,CAMBOYA,ASIA,AEROPUERTO INTERNACIONAL JORGE CHÁVEZ,4
JUNIO,CAMBOYA,ASIA,CEBAF - TUMBES,0
JUNIO,CAMBOYA,ASIA,DESAGUADERO,0
JUNIO,CAMBOYA,ASIA,KASANI,0
JUNIO,CAMBOYA,ASIA,OTRAS OCM,0
JUNIO,CAMBOYA,ASIA,SANTA ROSA,0
JUNIO,CAMERÚN,ÁFRICA,AEROPUERTO INTERNACIONAL JORGE CHÁVEZ,10
JUNIO,CAMERÚN,ÁFRICA,CEBAF - TUMBES,0
JUNIO,CAMERÚN,ÁFRICA,DESAGUADERO,1
JUNIO,CAMERÚN,ÁFRICA,KASANI,0
JUNIO,CAMERÚN,ÁFRICA,OTRAS OCM,0
JUNIO,CAMERÚN,ÁFRICA,SANTA ROSA,0
JUNIO,CANADÁ,AMÉRICA DEL NORTE,AEROPUERTO INTERNACIONAL JORGE CHÁVEZ,22305
JUNIO,CANADÁ,AMÉRICA DEL NORTE,CEBAF - TUMBES,157
JUNIO,CANADÁ,AMÉRICA DEL NORTE,DESAGUADERO,190
JUNIO,CANADÁ,AMÉRICA DEL NORTE,KASANI,215
JUNIO,CANADÁ,AMÉRICA DEL NORTE,OTRAS OCM,604
JUNIO,CANADÁ,AMÉRICA DEL NORTE,SANTA ROSA,91
JUNIO,CEYLÁN,ASIA,AEROPUERTO INTERNACIONAL JORGE CHÁVEZ,0
JUNIO,CEYLÁN,ASIA,CEBAF - TUMBES,0
JUNIO,CEYLÁN,ASIA,DESAGUADERO,0
JUNIO,CEYLÁN,ASIA,KASANI,0
JUNIO,CEYLÁN,ASIA,OTRAS OCM,0
JUNIO,CEYLÁN,ASIA,SANTA ROSA,0
JUNIO,CHAD,ÁFRICA,AEROPUERTO INTERNACIONAL JORGE CHÁVEZ,1
JUNIO,CHAD,ÁFRICA,CEBAF - TUMBES,0
JUNIO,CHAD,ÁFRICA,DESAGUADERO,0
JUNIO,CHAD,ÁFRICA,KASANI,0
JUNIO,CHAD,ÁFRICA,OTRAS OCM,0
JUNIO,CHAD,ÁFRICA,SANTA ROSA,0
JUNIO,CHILE,AMÉRICA DEL SUR,AEROPUERTO INTERNACIONAL JORGE CHÁVEZ,92192
JUNIO,CHILE,AMÉRICA DEL SUR,CEBAF - TUMBES,623
JUNIO,CHILE,AMÉRICA DEL SUR,DESAGUADERO,512
JUNIO,CHILE,AMÉRICA DEL SUR,KASANI,227
JUNIO,CHILE,AMÉRICA DEL SUR,OTRAS OCM,11090
JUNIO,CHILE,AMÉRICA DEL SUR,SANTA ROSA,395379
JUNIO,CHINA (R.P),ASIA,AEROPUERTO INTERNACIONAL JORGE CHÁVEZ,9810
JUNIO,CHINA (R.P),ASIA,CEBAF - TUMBES,92
JUNIO,CHINA (R.P),ASIA,DESAGUADERO,38
JUNIO,CHINA (R.P),ASIA,KASANI,33
JUNIO,CHINA (R.P),ASIA,OTRAS OCM,717
JUNIO,CHINA (R.P),ASIA,SANTA ROSA,164
JUNIO,CHIPRE,EUROPA,AEROPUERTO INTERNACIONAL JORGE CHÁVEZ,154
JUNIO,CHIPRE,EUROPA,CEBAF - TUMBES,0
JUNIO,CHIPRE,EUROPA,DESAGUADERO,0
JUNIO,CHIPRE,EUROPA,KASANI,1
JUNIO,CHIPRE,EUROPA,OTRAS OCM,3
JUNIO,CHIPRE,EUROPA,SANTA ROSA,0
JUNIO,COLOMBIA,AMÉRICA DEL SUR,AEROPUERTO INTERNACIONAL JORGE CHÁVEZ,71264
JUNIO,COLOMBIA,AMÉRICA DEL SUR,CEBAF - TUMBES,8722
JUNIO,COLOMBIA,AMÉRICA DEL SUR,DESAGUADERO,1132
JUNIO,COLOMBIA,AMÉRICA DEL SUR,KASANI,423
JUNIO,COLOMBIA,AMÉRICA DEL SUR,OTRAS OCM,6134
JUNIO,COLOMBIA,AMÉRICA DEL SUR,SANTA ROSA,5371
JUNIO,COMORAS (ISL),ÁFRICA,AEROPUERTO INTERNACIONAL JORGE CHÁVEZ,0
JUNIO,COMORAS (ISL),ÁFRICA,CEBAF - TUMBES,0
JUNIO,COMORAS (ISL),ÁFRICA,DESAGUADERO,0
JUNIO,COMORAS (ISL),ÁFRICA,KASANI,0
JUNIO,COMORAS (ISL),ÁFRICA,OTRAS OCM,0
JUNIO,COMORAS (ISL),ÁFRICA,SANTA ROSA,0
JUNIO,CONGO,ÁFRICA,AEROPUERTO INTERNACIONAL JORGE CHÁVEZ,3
JUNIO,CONGO,ÁFRICA,CEBAF - TUMBES,0
JUNIO,CONGO,ÁFRICA,DESAGUADERO,0
JUNIO,CONGO,ÁFRICA,KASANI,0
JUNIO,CONGO,ÁFRICA,OTRAS OCM,0
JUNIO,CONGO,ÁFRICA,SANTA ROSA,0
JUNIO,COREA DEL NORTE,ASIA,AEROPUERTO INTERNACIONAL JORGE CHÁVEZ,1
JUNIO,COREA DEL NORTE,ASIA,CEBAF - TUMBES,0
JUNIO,COREA DEL NORTE,ASIA,DESAGUADERO,0
JUNIO,COREA DEL NORTE,ASIA,KASANI,0
JUNIO,COREA DEL NORTE,ASIA,OTRAS OCM,1
JUNIO,COREA DEL NORTE,ASIA,SANTA ROSA,0
JUNIO,COREA DEL SUR,ASIA,AEROPUERTO INTERNACIONAL JORGE CHÁVEZ,3908
JUNIO,COREA DEL SUR,ASIA,CEBAF - TUMBES,60
JUNIO,COREA DEL SUR,ASIA,DESAGUADERO,58
JUNIO,COREA DEL SUR,ASIA,KASANI,70
JUNIO,COREA DEL SUR,ASIA,OTRAS OCM,166
JUNIO,COREA DEL SUR,ASIA,SANTA ROSA,53
JUNIO,COSTA MARFIL,ÁFRICA,AEROPUERTO INTERNACIONAL JORGE CHÁVEZ,4
JUNIO,COSTA MARFIL,ÁFRICA,CEBAF - TUMBES,0
JUNIO,COSTA MARFIL,ÁFRICA,DESAGUADERO,0
JUNIO,COSTA MARFIL,ÁFRICA,KASANI,0
JUNIO,COSTA MARFIL,ÁFRICA,OTRAS OCM,0
JUNIO,COSTA MARFIL,ÁFRICA,SANTA ROSA,0
JUNIO,COSTA RICA,AMÉRICA CENTRAL,AEROPUERTO INTERNACIONAL JORGE CHÁVEZ,9858
JUNIO,COSTA RICA,AMÉRICA CENTRAL,CEBAF - TUMBES,15
JUNIO,COSTA RICA,AMÉRICA CENTRAL,DESAGUADERO,40
JUNIO,COSTA RICA,AMÉRICA CENTRAL,KASANI,17
JUNIO,COSTA RICA,AMÉRICA CENTRAL,OTRAS OCM,276
JUNIO,COSTA RICA,AMÉRICA CENTRAL,SANTA ROSA,22
JUNIO,CROACIA,EUROPA,AEROPUERTO INTERNACIONAL JORGE CHÁVEZ,363
JUNIO,CROACIA,EUROPA,CEBAF - TUMBES,1
JUNIO,CROACIA,EUROPA,DESAGUADERO,14
JUNIO,CROACIA,EUROPA,KASANI,12
JUNIO,CROACIA,EUROPA,OTRAS OCM,25
JUNIO,CROACIA,EUROPA,SANTA ROSA,2
JUNIO,CUBA,AMÉRICA CENTRAL,AEROPUERTO INTERNACIONAL JORGE CHÁVEZ,2044
JUNIO,CUBA,AMÉRICA CENTRAL,CEBAF - TUMBES,13
JUNIO,CUBA,AMÉRICA CENTRAL,DESAGUADERO,2
JUNIO,CUBA,AMÉRICA CENTRAL,KASANI,0
JUNIO,CUBA,AMÉRICA CENTRAL,OTRAS OCM,10
JUNIO,CUBA,AMÉRICA CENTRAL,SANTA ROSA,56
JUNIO,DEMOC. REP. CONGO (ZAIRE),ÁFRICA,AEROPUERTO INTERNACIONAL JORGE CHÁVEZ,1
JUNIO,DEMOC. REP. CONGO (ZAIRE),ÁFRICA,CEBAF - TUMBES,0
JUNIO,DEMOC. REP. CONGO (ZAIRE),ÁFRICA,DESAGUADERO,0
JUNIO,DEMOC. REP. CONGO (ZAIRE),ÁFRICA,KASANI,0
JUNIO,DEMOC. REP. CONGO (ZAIRE),ÁFRICA,OTRAS OCM,0
JUNIO,DEMOC. REP. CONGO (ZAIRE),ÁFRICA,SANTA ROSA,0
JUNIO,DINAMARCA,EUROPA,AEROPUERTO INTERNACIONAL JORGE CHÁVEZ,1508
JUNIO,DINAMARCA,EUROPA,CEBAF - TUMBES,24
JUNIO,DINAMARCA,EUROPA,DESAGUADERO,64
JUNIO,DINAMARCA,EUROPA,KASANI,68
JUNIO,DINAMARCA,EUROPA,OTRAS OCM,53
JUNIO,DINAMARCA,EUROPA,SANTA ROSA,9
JUNIO,DJIBOUTI,ÁFRICA,AEROPUERTO INTERNACIONAL JORGE CHÁVEZ,0
JUNIO,DJIBOUTI,ÁFRICA,CEBAF - TUMBES,0
JUNIO,DJIBOUTI,ÁFRICA,DESAGUADERO,0
JUNIO,DJIBOUTI,ÁFRICA,KASANI,0
JUNIO,DJIBOUTI,ÁFRICA,OTRAS OCM,0
JUNIO,DJIBOUTI,ÁFRICA,SANTA ROSA,0
JUNIO,DOMINICA,AMÉRICA CENTRAL,AEROPUERTO INTERNACIONAL JORGE CHÁVEZ,21
JUNIO,DOMINICA,AMÉRICA CENTRAL,CEBAF - TUMBES,1
JUNIO,DOMINICA,AMÉRICA CENTRAL,DESAGUADERO,0
JUNIO,DOMINICA,AMÉRICA CENTRAL,KASANI,0
JUNIO,DOMINICA,AMÉRICA CENTRAL,OTRAS OCM,1
JUNIO,DOMINICA,AMÉRICA CENTRAL,SANTA ROSA,2
JUNIO,ECUADOR,AMÉRICA DEL SUR,AEROPUERTO INTERNACIONAL JORGE CHÁVEZ,19229
JUNIO,ECUADOR,AMÉRICA DEL SUR,CEBAF - TUMBES,61344
JUNIO,ECUADOR,AMÉRICA DEL SUR,DESAGUADERO,475
JUNIO,ECUADOR,AMÉRICA DEL SUR,KASANI,182
JUNIO,ECUADOR,AMÉRICA DEL SUR,OTRAS OCM,10895
JUNIO,ECUADOR,AMÉRICA DEL SUR,SANTA ROSA,3471
JUNIO,EE.UU,AMÉRICA DEL NORTE,AEROPUERTO INTERNACIONAL JORGE CHÁVEZ,328887
JUNIO,EE.UU,AMÉRICA DEL NORTE,CEBAF - TUMBES,786
JUNIO,EE.UU,AMÉRICA DEL NORTE,DESAGUADERO,436
JUNIO,EE.UU,AMÉRICA DEL NORTE,KASANI,443
JUNIO,EE.UU,AMÉRICA DEL NORTE,OTRAS OCM,6123
JUNIO,EE.UU,AMÉRICA DEL NORTE,SANTA ROSA,536
JUNIO,EGIPTO,ÁFRICA,AEROPUERTO INTERNACIONAL JORGE CHÁVEZ,101
JUNIO,EGIPTO,ÁFRICA,CEBAF - TUMBES,0
JUNIO,EGIPTO,ÁFRICA,DESAGUADERO,2
JUNIO,EGIPTO,ÁFRICA,KASANI,1
JUNIO,EGIPTO,ÁFRICA,OTRAS OCM,2
JUNIO,EGIPTO,ÁFRICA,SANTA ROSA,0
JUNIO,EL SALVADOR,AMÉRICA CENTRAL,AEROPUERTO INTERNACIONAL JORGE CHÁVEZ,2355
JUNIO,EL SALVADOR,AMÉRICA CENTRAL,CEBAF - TUMBES,14
JUNIO,EL SALVADOR,AMÉRICA CENTRAL,DESAGUADERO,7
JUNIO,EL SALVADOR,AMÉRICA CENTRAL,KASANI,3
JUNIO,EL SALVADOR,AMÉRICA CENTRAL,OTRAS OCM,49
JUNIO,EL SALVADOR,AMÉRICA CENTRAL,SANTA ROSA,7
JUNIO,EMIRATOS ÁRABES UNIDOS,ASIA,AEROPUERTO INTERNACIONAL JORGE CHÁVEZ,158
JUNIO,EMIRATOS ÁRABES UNIDOS,ASIA,CEBAF - TUMBES,0
JUNIO,EMIRATOS ÁRABES UNIDOS,ASIA,DESAGUADERO,1
JUNIO,EMIRATOS ÁRABES UNIDOS,ASIA,KASANI,0
JUNIO,EMIRATOS ÁRABES UNIDOS,ASIA,OTRAS OCM,5
JUNIO,EMIRATOS ÁRABES UNIDOS,ASIA,SANTA ROSA,0
JUNIO,ERITREA,ÁFRICA,AEROPUERTO INTERNACIONAL JORGE CHÁVEZ,3
JUNIO,ERITREA,ÁFRICA,CEBAF - TUMBES,0
JUNIO,ERITREA,ÁFRICA,DESAGUADERO,0
JUNIO,ERITREA,ÁFRICA,KASANI,0
JUNIO,ERITREA,ÁFRICA,OTRAS OCM,0
JUNIO,ERITREA,ÁFRICA,SANTA ROSA,0
JUNIO,ESLOVAQUIA,EUROPA,AEROPUERTO INTERNACIONAL JORGE CHÁVEZ,413
JUNIO,ESLOVAQUIA,EUROPA,CEBAF - TUMBES,7
JUNIO,ESLOVAQUIA,EUROPA,DESAGUADERO,12
JUNIO,ESLOVAQUIA,EUROPA,KASANI,21
JUNIO,ESLOVAQUIA,EUROPA,OTRAS OCM,13
JUNIO,ESLOVAQUIA,EUROPA,SANTA ROSA,11
JUNIO,ESLOVENIA,EUROPA,AEROPUERTO INTERNACIONAL JORGE CHÁVEZ,597
JUNIO,ESLOVENIA,EUROPA,CEBAF - TUMBES,6
JUNIO,ESLOVENIA,EUROPA,DESAGUADERO,4
JUNIO,ESLOVENIA,EUROPA,KASANI,14
JUNIO,ESLOVENIA,EUROPA,OTRAS OCM,9
JUNIO,ESLOVENIA,EUROPA,SANTA ROSA,12
JUNIO,ESPAÑA,EUROPA,AEROPUERTO INTERNACIONAL JORGE CHÁVEZ,53673
JUNIO,ESPAÑA,EUROPA,CEBAF - TUMBES,293
JUNIO,ESPAÑA,EUROPA,DESAGUADERO,373
JUNIO,ESPAÑA,EUROPA,KASANI,345
JUNIO,ESPAÑA,EUROPA,OTRAS OCM,565
JUNIO,ESPAÑA,EUROPA,SANTA ROSA,367
JUNIO,ESTONIA,EUROPA,AEROPUERTO INTERNACIONAL JORGE CHÁVEZ,106
JUNIO,ESTONIA,EUROPA,CEBAF - TUMBES,1
JUNIO,ESTONIA,EUROPA,DESAGUADERO,4
JUNIO,ESTONIA,EUROPA,KASANI,3
JUNIO,ESTONIA,EUROPA,OTRAS OCM,9
JUNIO,ESTONIA,EUROPA,SANTA ROSA,0
JUNIO,ETIOPÍA,ÁFRICA,AEROPUERTO INTERNACIONAL JORGE CHÁVEZ,32
JUNIO,ETIOPÍA,ÁFRICA,CEBAF - TUMBES,0
JUNIO,ETIOPÍA,ÁFRICA,DESAGUADERO,0
JUNIO,ETIOPÍA,ÁFRICA,KASANI,0
JUNIO,ETIOPÍA,ÁFRICA,OTRAS OCM,2
JUNIO,ETIOPÍA,ÁFRICA,SANTA ROSA,0
JUNIO,EX R. YUG. MACEDONIA,EUROPA,AEROPUERTO INTERNACIONAL JORGE CHÁVEZ,33
JUNIO,EX R. YUG. MACEDONIA,EUROPA,CEBAF - TUMBES,1
JUNIO,EX R. YUG. MACEDONIA,EUROPA,DESAGUADERO,1
JUNIO,EX R. YUG. MACEDONIA,EUROPA,KASANI,0
JUNIO,EX R. YUG. MACEDONIA,EUROPA,OTRAS OCM,0
JUNIO,EX R. YUG. MACEDONIA,EUROPA,SANTA ROSA,1
JUNIO,FIJI,OCEANÍA,AEROPUERTO INTERNACIONAL JORGE CHÁVEZ,6
JUNIO,FIJI,OCEANÍA,CEBAF - TUMBES,0
JUNIO,FIJI,OCEANÍA,DESAGUADERO,0
JUNIO,FIJI,OCEANÍA,KASANI,0
JUNIO,FIJI,OCEANÍA,OTRAS OCM,3
JUNIO,FIJI,OCEANÍA,SANTA ROSA,1
JUNIO,FILIPINAS,ASIA,AEROPUERTO INTERNACIONAL JORGE CHÁVEZ,1447
JUNIO,FILIPINAS,ASIA,CEBAF - TUMBES,3
JUNIO,FILIPINAS,ASIA,DESAGUADERO,10
JUNIO,FILIPINAS,ASIA,KASANI,12
JUNIO,FILIPINAS,ASIA,OTRAS OCM,540
JUNIO,FILIPINAS,ASIA,SANTA ROSA,3
JUNIO,FINLANDIA,EUROPA,AEROPUERTO INTERNACIONAL JORGE CHÁVEZ,715
JUNIO,FINLANDIA,EUROPA,CEBAF - TUMBES,12
JUNIO,FINLANDIA,EUROPA,DESAGUADERO,22
JUNIO,FINLANDIA,EUROPA,KASANI,24
JUNIO,FINLANDIA,EUROPA,OTRAS OCM,26
JUNIO,FINLANDIA,EUROPA,SANTA ROSA,5
JUNIO,FRANCIA,EUROPA,AEROPUERTO INTERNACIONAL JORGE CHÁVEZ,23375
JUNIO,FRANCIA,EUROPA,CEBAF - TUMBES,552
JUNIO,FRANCIA,EUROPA,DESAGUADERO,1775
JUNIO,FRANCIA,EUROPA,KASANI,2496
JUNIO,FRANCIA,EUROPA,OTRAS OCM,731
JUNIO,FRANCIA,EUROPA,SANTA ROSA,425
JUNIO,GABÓN,ÁFRICA,AEROPUERTO INTERNACIONAL JORGE CHÁVEZ,0
JUNIO,GABÓN,ÁFRICA,CEBAF - TUMBES,0
JUNIO,GABÓN,ÁFRICA,DESAGUADERO,0
JUNIO,GABÓN,ÁFRICA,KASANI,0
JUNIO,GABÓN,ÁFRICA,OTRAS OCM,0
JUNIO,GABÓN,ÁFRICA,SANTA ROSA,0
JUNIO,GAMBIA,ÁFRICA,AEROPUERTO INTERNACIONAL JORGE CHÁVEZ,0
JUNIO,GAMBIA,ÁFRICA,CEBAF - TUMBES,0
JUNIO,GAMBIA,ÁFRICA,DESAGUADERO,0
JUNIO,GAMBIA,ÁFRICA,KASANI,0
JUNIO,GAMBIA,ÁFRICA,OTRAS OCM,0
JUNIO,GAMBIA,ÁFRICA,SANTA ROSA,0
JUNIO,GEORGIA,ASIA,AEROPUERTO INTERNACIONAL JORGE CHÁVEZ,41
JUNIO,GEORGIA,ASIA,CEBAF - TUMBES,28
JUNIO,GEORGIA,ASIA,DESAGUADERO,2
JUNIO,GEORGIA,ASIA,KASANI,0
JUNIO,GEORGIA,ASIA,OTRAS OCM,8
JUNIO,GEORGIA,ASIA,SANTA ROSA,1
JUNIO,GHANA,ÁFRICA,AEROPUERTO INTERNACIONAL JORGE CHÁVEZ,22
JUNIO,GHANA,ÁFRICA,CEBAF - TUMBES,0
JUNIO,GHANA,ÁFRICA,DESAGUADERO,0
JUNIO,GHANA,ÁFRICA,KASANI,0
JUNIO,GHANA,ÁFRICA,OTRAS OCM,1
JUNIO,GHANA,ÁFRICA,SANTA ROSA,0
JUNIO,GRANADA,AMÉRICA CENTRAL,AEROPUERTO INTERNACIONAL JORGE CHÁVEZ,25
JUNIO,GRANADA,AMÉRICA CENTRAL,CEBAF - TUMBES,3
JUNIO,GRANADA,AMÉRICA CENTRAL,DESAGUADERO,1
JUNIO,GRANADA,AMÉRICA CENTRAL,KASANI,3
JUNIO,GRANADA,AMÉRICA CENTRAL,OTRAS OCM,0
JUNIO,GRANADA,AMÉRICA CENTRAL,SANTA ROSA,0
JUNIO,GRECIA,EUROPA,AEROPUERTO INTERNACIONAL JORGE CHÁVEZ,791
JUNIO,GRECIA,EUROPA,CEBAF - TUMBES,0
JUNIO,GRECIA,EUROPA,DESAGUADERO,9
JUNIO,GRECIA,EUROPA,KASANI,18
JUNIO,GRECIA,EUROPA,OTRAS OCM,72
JUNIO,GRECIA,EUROPA,SANTA ROSA,2
JUNIO,GROENLANDIA,EUROPA,AEROPUERTO INTERNACIONAL JORGE CHÁVEZ,0
JUNIO,GROENLANDIA,EUROPA,CEBAF - TUMBES,0
JUNIO,GROENLANDIA,EUROPA,DESAGUADERO,0
JUNIO,GROENLANDIA,EUROPA,KASANI,0
JUNIO,GROENLANDIA,EUROPA,OTRAS OCM,0
JUNIO,GROENLANDIA,EUROPA,SANTA ROSA,0
JUNIO,GUATEMALA,AMÉRICA CENTRAL,AEROPUERTO INTERNACIONAL JORGE CHÁVEZ,4927
JUNIO,GUATEMALA,AMÉRICA CENTRAL,CEBAF - TUMBES,21
JUNIO,GUATEMALA,AMÉRICA CENTRAL,DESAGUADERO,9
JUNIO,GUATEMALA,AMÉRICA CENTRAL,KASANI,2
JUNIO,GUATEMALA,AMÉRICA CENTRAL,OTRAS OCM,103
JUNIO,GUATEMALA,AMÉRICA CENTRAL,SANTA ROSA,13
JUNIO,GUINEA,ÁFRICA,AEROPUERTO INTERNACIONAL JORGE CHÁVEZ,0
JUNIO,GUINEA,ÁFRICA,CEBAF - TUMBES,0
JUNIO,GUINEA,ÁFRICA,DESAGUADERO,0
JUNIO,GUINEA,ÁFRICA,KASANI,0
JUNIO,GUINEA,ÁFRICA,OTRAS OCM,0
JUNIO,GUINEA,ÁFRICA,SANTA ROSA,0
JUNIO,GUINEA BISSAU,ÁFRICA,AEROPUERTO INTERNACIONAL JORGE CHÁVEZ,0
JUNIO,GUINEA BISSAU,ÁFRICA,CEBAF - TUMBES,0
JUNIO,GUINEA BISSAU,ÁFRICA,DESAGUADERO,0
JUNIO,GUINEA BISSAU,ÁFRICA,KASANI,0
JUNIO,GUINEA BISSAU,ÁFRICA,OTRAS OCM,0
JUNIO,GUINEA BISSAU,ÁFRICA,SANTA ROSA,0
JUNIO,GUINEA ECUATORIAL,ÁFRICA,AEROPUERTO INTERNACIONAL JORGE CHÁVEZ,3
JUNIO,GUINEA ECUATORIAL,ÁFRICA,CEBAF - TUMBES,0
JUNIO,GUINEA ECUATORIAL,ÁFRICA,DESAGUADERO,0
JUNIO,GUINEA ECUATORIAL,ÁFRICA,KASANI,0
JUNIO,GUINEA ECUATORIAL,ÁFRICA,OTRAS OCM,0
JUNIO,GUINEA ECUATORIAL,ÁFRICA,SANTA ROSA,0
JUNIO,GUYANA,AMÉRICA DEL SUR,AEROPUERTO INTERNACIONAL JORGE CHÁVEZ,75
JUNIO,GUYANA,AMÉRICA DEL SUR,CEBAF - TUMBES,3
JUNIO,GUYANA,AMÉRICA DEL SUR,DESAGUADERO,3
JUNIO,GUYANA,AMÉRICA DEL SUR,KASANI,1
JUNIO,GUYANA,AMÉRICA DEL SUR,OTRAS OCM,0
JUNIO,GUYANA,AMÉRICA DEL SUR,SANTA ROSA,0
JUNIO,HAITÍ,AMÉRICA CENTRAL,AEROPUERTO INTERNACIONAL JORGE CHÁVEZ,76
JUNIO,HAITÍ,AMÉRICA CENTRAL,CEBAF - TUMBES,2
JUNIO,HAITÍ,AMÉRICA CENTRAL,DESAGUADERO,1
JUNIO,HAITÍ,AMÉRICA CENTRAL,KASANI,0
JUNIO,HAITÍ,AMÉRICA CENTRAL,OTRAS OCM,0
JUNIO,HAITÍ,AMÉRICA CENTRAL,SANTA ROSA,23
JUNIO,HONDURAS,AMÉRICA CENTRAL,AEROPUERTO INTERNACIONAL JORGE CHÁVEZ,1763
JUNIO,HONDURAS,AMÉRICA CENTRAL,CEBAF - TUMBES,10
JUNIO,HONDURAS,AMÉRICA CENTRAL,DESAGUADERO,6
JUNIO,HONDURAS,AMÉRICA CENTRAL,KASANI,11
JUNIO,HONDURAS,AMÉRICA CENTRAL,OTRAS OCM,21
JUNIO,HONDURAS,AMÉRICA CENTRAL,SANTA ROSA,13
JUNIO,HONG KONG,ASIA,AEROPUERTO INTERNACIONAL JORGE CHÁVEZ,767
JUNIO,HONG KONG,ASIA,CEBAF - TUMBES,4
JUNIO,HONG KONG,ASIA,DESAGUADERO,50
JUNIO,HONG KONG,ASIA,KASANI,21
JUNIO,HONG KONG,ASIA,OTRAS OCM,53
JUNIO,HONG KONG,ASIA,SANTA ROSA,10
JUNIO,HUNGRÍA,EUROPA,AEROPUERTO INTERNACIONAL JORGE CHÁVEZ,946
JUNIO,HUNGRÍA,EUROPA,CEBAF - TUMBES,4
JUNIO,HUNGRÍA,EUROPA,DESAGUADERO,22
JUNIO,HUNGRÍA,EUROPA,KASANI,20
JUNIO,HUNGRÍA,EUROPA,OTRAS OCM,21
JUNIO,HUNGRÍA,EUROPA,SANTA ROSA,7
JUNIO,INDIA,ASIA,AEROPUERTO INTERNACIONAL JORGE CHÁVEZ,4246
JUNIO,INDIA,ASIA,CEBAF - TUMBES,14
JUNIO,INDIA,ASIA,DESAGUADERO,13
JUNIO,INDIA,ASIA,KASANI,14
JUNIO,INDIA,ASIA,OTRAS OCM,339
JUNIO,INDIA,ASIA,SANTA ROSA,33
JUNIO,INDONESIA,ASIA,AEROPUERTO INTERNACIONAL JORGE CHÁVEZ,876
JUNIO,INDONESIA,ASIA,CEBAF - TUMBES,5
JUNIO,INDONESIA,ASIA,DESAGUADERO,3
JUNIO,INDONESIA,ASIA,KASANI,1
JUNIO,INDONESIA,ASIA,OTRAS OCM,366
JUNIO,INDONESIA,ASIA,SANTA ROSA,2
JUNIO,IRAK,ASIA,AEROPUERTO INTERNACIONAL JORGE CHÁVEZ,5
JUNIO,IRAK,ASIA,CEBAF - TUMBES,0
JUNIO,IRAK,ASIA,DESAGUADERO,0
JUNIO,IRAK,ASIA,KASANI,0
JUNIO,IRAK,ASIA,OTRAS OCM,0
JUNIO,IRAK,ASIA,SANTA ROSA,0
JUNIO,IRLANDA,EUROPA,AEROPUERTO INTERNACIONAL JORGE CHÁVEZ,2349
JUNIO,IRLANDA,EUROPA,CEBAF - TUMBES,100
JUNIO,IRLANDA,EUROPA,DESAGUADERO,102
JUNIO,IRLANDA,EUROPA,KASANI,200
JUNIO,IRLANDA,EUROPA,OTRAS OCM,100
JUNIO,IRLANDA,EUROPA,SANTA ROSA,21
JUNIO,IRÁN,ASIA,AEROPUERTO INTERNACIONAL JORGE CHÁVEZ,56
JUNIO,IRÁN,ASIA,CEBAF - TUMBES,0
JUNIO,IRÁN,ASIA,DESAGUADERO,1
JUNIO,IRÁN,ASIA,KASANI,0
JUNIO,IRÁN,ASIA,OTRAS OCM,1
JUNIO,IRÁN,ASIA,SANTA ROSA,2
JUNIO,ISLAND MARSHALL,OCEANÍA,AEROPUERTO INTERNACIONAL JORGE CHÁVEZ,4
JUNIO,ISLAND MARSHALL,OCEANÍA,CEBAF - TUMBES,0
JUNIO,ISLAND MARSHALL,OCEANÍA,DESAGUADERO,0
JUNIO,ISLAND MARSHALL,OCEANÍA,KASANI,0
JUNIO,ISLAND MARSHALL,OCEANÍA,OTRAS OCM,0
JUNIO,ISLAND MARSHALL,OCEANÍA,SANTA ROSA,0
JUNIO,ISLANDIA,EUROPA,AEROPUERTO INTERNACIONAL JORGE CHÁVEZ,114
JUNIO,ISLANDIA,EUROPA,CEBAF - TUMBES,4
JUNIO,ISLANDIA,EUROPA,DESAGUADERO,7
JUNIO,ISLANDIA,EUROPA,KASANI,6
JUNIO,ISLANDIA,EUROPA,OTRAS OCM,3
JUNIO,ISLANDIA,EUROPA,SANTA ROSA,1
JUNIO,ISRAEL,ASIA,AEROPUERTO INTERNACIONAL JORGE CHÁVEZ,3633
JUNIO,ISRAEL,ASIA,CEBAF - TUMBES,154
JUNIO,ISRAEL,ASIA,DESAGUADERO,595
JUNIO,ISRAEL,ASIA,KASANI,265
JUNIO,ISRAEL,ASIA,OTRAS OCM,122
JUNIO,ISRAEL,ASIA,SANTA ROSA,51
JUNIO,ITALIA,EUROPA,AEROPUERTO INTERNACIONAL JORGE CHÁVEZ,24477
JUNIO,ITALIA,EUROPA,CEBAF - TUMBES,127
JUNIO,ITALIA,EUROPA,DESAGUADERO,383
JUNIO,ITALIA,EUROPA,KASANI,300
JUNIO,ITALIA,EUROPA,OTRAS OCM,275
JUNIO,ITALIA,EUROPA,SANTA ROSA,88
JUNIO,JAMAICA,AMÉRICA CENTRAL,AEROPUERTO INTERNACIONAL JORGE CHÁVEZ,271
JUNIO,JAMAICA,AMÉRICA CENTRAL,CEBAF - TUMBES,0
JUNIO,JAMAICA,AMÉRICA CENTRAL,DESAGUADERO,0
JUNIO,JAMAICA,AMÉRICA CENTRAL,KASANI,1
JUNIO,JAMAICA,AMÉRICA CENTRAL,OTRAS OCM,3
JUNIO,JAMAICA,AMÉRICA CENTRAL,SANTA ROSA,1
JUNIO,JAPÓN,ASIA,AEROPUERTO INTERNACIONAL JORGE CHÁVEZ,6630
JUNIO,JAPÓN,ASIA,CEBAF - TUMBES,37
JUNIO,JAPÓN,ASIA,DESAGUADERO,35
JUNIO,JAPÓN,ASIA,KASANI,74
JUNIO,JAPÓN,ASIA,OTRAS OCM,210
JUNIO,JAPÓN,ASIA,SANTA ROSA,37
JUNIO,JORDANIA,ASIA,AEROPUERTO INTERNACIONAL JORGE CHÁVEZ,39
JUNIO,JORDANIA,ASIA,CEBAF - TUMBES,1
JUNIO,JORDANIA,ASIA,DESAGUADERO,1
JUNIO,JORDANIA,ASIA,KASANI,0
JUNIO,JORDANIA,ASIA,OTRAS OCM,1
JUNIO,JORDANIA,ASIA,SANTA ROSA,0
JUNIO,KATAR,ASIA,AEROPUERTO INTERNACIONAL JORGE CHÁVEZ,57
JUNIO,KATAR,ASIA,CEBAF - TUMBES,0
JUNIO,KATAR,ASIA,DESAGUADERO,0
JUNIO,KATAR,ASIA,KASANI,0
JUNIO,KATAR,ASIA,OTRAS OCM,0
JUNIO,KATAR,ASIA,SANTA ROSA,0
JUNIO,KAZAJSTÁN,ASIA,AEROPUERTO INTERNACIONAL JORGE CHÁVEZ,63
JUNIO,KAZAJSTÁN,ASIA,CEBAF - TUMBES,0
JUNIO,KAZAJSTÁN,ASIA,DESAGUADERO,1
JUNIO,KAZAJSTÁN,ASIA,KASANI,2
JUNIO,KAZAJSTÁN,ASIA,OTRAS OCM,0
JUNIO,KAZAJSTÁN,ASIA,SANTA ROSA,1
JUNIO,KENIA,ÁFRICA,AEROPUERTO INTERNACIONAL JORGE CHÁVEZ,64
JUNIO,KENIA,ÁFRICA,CEBAF - TUMBES,0
JUNIO,KENIA,ÁFRICA,DESAGUADERO,1
JUNIO,KENIA,ÁFRICA,KASANI,0
JUNIO,KENIA,ÁFRICA,OTRAS OCM,0
JUNIO,KENIA,ÁFRICA,SANTA ROSA,0
JUNIO,KIRGUISTÁN,ASIA,AEROPUERTO INTERNACIONAL JORGE CHÁVEZ,3
JUNIO,KIRGUISTÁN,ASIA,CEBAF - TUMBES,0
JUNIO,KIRGUISTÁN,ASIA,DESAGUADERO,0
JUNIO,KIRGUISTÁN,ASIA,KASANI,0
JUNIO,KIRGUISTÁN,ASIA,OTRAS OCM,0
JUNIO,KIRGUISTÁN,ASIA,SANTA ROSA,0
JUNIO,KIRIBATI,OCEANÍA,AEROPUERTO INTERNACIONAL JORGE CHÁVEZ,4
JUNIO,KIRIBATI,OCEANÍA,CEBAF - TUMBES,0
JUNIO,KIRIBATI,OCEANÍA,DESAGUADERO,0
JUNIO,KIRIBATI,OCEANÍA,KASANI,0
JUNIO,KIRIBATI,OCEANÍA,OTRAS OCM,1
JUNIO,KIRIBATI,OCEANÍA,SANTA ROSA,0
JUNIO,KUWAIT,ASIA,AEROPUERTO INTERNACIONAL JORGE CHÁVEZ,118
JUNIO,KUWAIT,ASIA,CEBAF - TUMBES,0
JUNIO,KUWAIT,ASIA,DESAGUADERO,2
JUNIO,KUWAIT,ASIA,KASANI,0
JUNIO,KUWAIT,ASIA,OTRAS OCM,4
JUNIO,KUWAIT,ASIA,SANTA ROSA,0
JUNIO,LAOS,ASIA,AEROPUERTO INTERNACIONAL JORGE CHÁVEZ,0
JUNIO,LAOS,ASIA,CEBAF - TUMBES,0
JUNIO,LAOS,ASIA,DESAGUADERO,0
JUNIO,LAOS,ASIA,KASANI,0
JUNIO,LAOS,ASIA,OTRAS OCM,0
JUNIO,LAOS,ASIA,SANTA ROSA,0
JUNIO,LESOTHO,ÁFRICA,AEROPUERTO INTERNACIONAL JORGE CHÁVEZ,3
JUNIO,LESOTHO,ÁFRICA,CEBAF - TUMBES,0
JUNIO,LESOTHO,ÁFRICA,DESAGUADERO,0
JUNIO,LESOTHO,ÁFRICA,KASANI,0
JUNIO,LESOTHO,ÁFRICA,OTRAS OCM,0
JUNIO,LESOTHO,ÁFRICA,SANTA ROSA,0
JUNIO,LETONIA,EUROPA,AEROPUERTO INTERNACIONAL JORGE CHÁVEZ,138
JUNIO,LETONIA,EUROPA,CEBAF - TUMBES,3
JUNIO,LETONIA,EUROPA,DESAGUADERO,2
JUNIO,LETONIA,EUROPA,KASANI,7
JUNIO,LETONIA,EUROPA,OTRAS OCM,8
JUNIO,LETONIA,EUROPA,SANTA ROSA,2
JUNIO,LIBERIA,ÁFRICA,AEROPUERTO INTERNACIONAL JORGE CHÁVEZ,4
JUNIO,LIBERIA,ÁFRICA,CEBAF - TUMBES,0
JUNIO,LIBERIA,ÁFRICA,DESAGUADERO,0
JUNIO,LIBERIA,ÁFRICA,KASANI,0
JUNIO,LIBERIA,ÁFRICA,OTRAS OCM,0
JUNIO,LIBERIA,ÁFRICA,SANTA ROSA,0
JUNIO,LIBIA,ÁFRICA,AEROPUERTO INTERNACIONAL JORGE CHÁVEZ,1
JUNIO,LIBIA,ÁFRICA,CEBAF - TUMBES,0
JUNIO,LIBIA,ÁFRICA,DESAGUADERO,0
JUNIO,LIBIA,ÁFRICA,KASANI,0
JUNIO,LIBIA,ÁFRICA,OTRAS OCM,0
JUNIO,LIBIA,ÁFRICA,SANTA ROSA,0
JUNIO,LIECHTENSTEIN,EUROPA,AEROPUERTO INTERNACIONAL JORGE CHÁVEZ,14
JUNIO,LIECHTENSTEIN,EUROPA,CEBAF - TUMBES,0
JUNIO,LIECHTENSTEIN,EUROPA,DESAGUADERO,3
JUNIO,LIECHTENSTEIN,EUROPA,KASANI,2
JUNIO,LIECHTENSTEIN,EUROPA,OTRAS OCM,0
JUNIO,LIECHTENSTEIN,EUROPA,SANTA ROSA,0
JUNIO,LITUANIA,EUROPA,AEROPUERTO INTERNACIONAL JORGE CHÁVEZ,376
JUNIO,LITUANIA,EUROPA,CEBAF - TUMBES,2
JUNIO,LITUANIA,EUROPA,DESAGUADERO,8
JUNIO,LITUANIA,EUROPA,KASANI,17
JUNIO,LITUANIA,EUROPA,OTRAS OCM,16
JUNIO,LITUANIA,EUROPA,SANTA ROSA,4
JUNIO,LUXEMBURGO,EUROPA,AEROPUERTO INTERNACIONAL JORGE CHÁVEZ,222
JUNIO,LUXEMBURGO,EUROPA,CEBAF - TUMBES,0
JUNIO,LUXEMBURGO,EUROPA,DESAGUADERO,13
JUNIO,LUXEMBURGO,EUROPA,KASANI,9
JUNIO,LUXEMBURGO,EUROPA,OTRAS OCM,1
JUNIO,LUXEMBURGO,EUROPA,SANTA ROSA,3
JUNIO,LÍBANO,ASIA,AEROPUERTO INTERNACIONAL JORGE CHÁVEZ,51
JUNIO,LÍBANO,ASIA,CEBAF - TUMBES,0
JUNIO,LÍBANO,ASIA,DESAGUADERO,0
JUNIO,LÍBANO,ASIA,KASANI,0
JUNIO,LÍBANO,ASIA,OTRAS OCM,16
JUNIO,LÍBANO,ASIA,SANTA ROSA,1
JUNIO,MADAGASCAR,ÁFRICA,AEROPUERTO INTERNACIONAL JORGE CHÁVEZ,7
JUNIO,MADAGASCAR,ÁFRICA,CEBAF - TUMBES,0
JUNIO,MADAGASCAR,ÁFRICA,DESAGUADERO,0
JUNIO,MADAGASCAR,ÁFRICA,KASANI,0
JUNIO,MADAGASCAR,ÁFRICA,OTRAS OCM,0
JUNIO,MADAGASCAR,ÁFRICA,SANTA ROSA,0
JUNIO,MALASIA,ASIA,AEROPUERTO INTERNACIONAL JORGE CHÁVEZ,515
JUNIO,MALASIA,ASIA,CEBAF - TUMBES,6
JUNIO,MALASIA,ASIA,DESAGUADERO,7
JUNIO,MALASIA,ASIA,KASANI,13
JUNIO,MALASIA,ASIA,OTRAS OCM,38
JUNIO,MALASIA,ASIA,SANTA ROSA,5
JUNIO,MALAWI,ÁFRICA,AEROPUERTO INTERNACIONAL JORGE CHÁVEZ,4
JUNIO,MALAWI,ÁFRICA,CEBAF - TUMBES,0
JUNIO,MALAWI,ÁFRICA,DESAGUADERO,0
JUNIO,MALAWI,ÁFRICA,KASANI,0
JUNIO,MALAWI,ÁFRICA,OTRAS OCM,0
JUNIO,MALAWI,ÁFRICA,SANTA ROSA,0
JUNIO,MALDIVAS,ASIA,AEROPUERTO INTERNACIONAL JORGE CHÁVEZ,5
JUNIO,MALDIVAS,ASIA,CEBAF - TUMBES,0
JUNIO,MALDIVAS,ASIA,DESAGUADERO,0
JUNIO,MALDIVAS,ASIA,KASANI,0
JUNIO,MALDIVAS,ASIA,OTRAS OCM,1
JUNIO,MALDIVAS,ASIA,SANTA ROSA,0
JUNIO,MALTA,EUROPA,AEROPUERTO INTERNACIONAL JORGE CHÁVEZ,134
JUNIO,MALTA,EUROPA,CEBAF - TUMBES,2
JUNIO,MALTA,EUROPA,DESAGUADERO,1
JUNIO,MALTA,EUROPA,KASANI,7
JUNIO,MALTA,EUROPA,OTRAS OCM,6
JUNIO,MALTA,EUROPA,SANTA ROSA,0
JUNIO,MALÍ,ÁFRICA,AEROPUERTO INTERNACIONAL JORGE CHÁVEZ,1
JUNIO,MALÍ,ÁFRICA,CEBAF - TUMBES,0
JUNIO,MALÍ,ÁFRICA,DESAGUADERO,0
JUNIO,MALÍ,ÁFRICA,KASANI,0
JUNIO,MALÍ,ÁFRICA,OTRAS OCM,0
JUNIO,MALÍ,ÁFRICA,SANTA ROSA,0
JUNIO,MARRUECOS,ÁFRICA,AEROPUERTO INTERNACIONAL JORGE CHÁVEZ,84
JUNIO,MARRUECOS,ÁFRICA,CEBAF - TUMBES,1
JUNIO,MARRUECOS,ÁFRICA,DESAGUADERO,0
JUNIO,MARRUECOS,ÁFRICA,KASANI,5
JUNIO,MARRUECOS,ÁFRICA,OTRAS OCM,0
JUNIO,MARRUECOS,ÁFRICA,SANTA ROSA,2
JUNIO,MAURICIO,ÁFRICA,AEROPUERTO INTERNACIONAL JORGE CHÁVEZ,8
JUNIO,MAURICIO,ÁFRICA,CEBAF - TUMBES,0
JUNIO,MAURICIO,ÁFRICA,DESAGUADERO,0
JUNIO,MAURICIO,ÁFRICA,KASANI,2
JUNIO,MAURICIO,ÁFRICA,OTRAS OCM,0
JUNIO,MAURICIO,ÁFRICA,SANTA ROSA,0
JUNIO,MAURITANIA,ÁFRICA,AEROPUERTO INTERNACIONAL JORGE CHÁVEZ,1
JUNIO,MAURITANIA,ÁFRICA,CEBAF - TUMBES,0
JUNIO,MAURITANIA,ÁFRICA,DESAGUADERO,0
JUNIO,MAURITANIA,ÁFRICA,KASANI,0
JUNIO,MAURITANIA,ÁFRICA,OTRAS OCM,0
JUNIO,MAURITANIA,ÁFRICA,SANTA ROSA,0
JUNIO,MONGOLIA,ASIA,AEROPUERTO INTERNACIONAL JORGE CHÁVEZ,41
JUNIO,MONGOLIA,ASIA,CEBAF - TUMBES,0
JUNIO,MONGOLIA,ASIA,DESAGUADERO,0
JUNIO,MONGOLIA,ASIA,KASANI,0
JUNIO,MONGOLIA,ASIA,OTRAS OCM,3
JUNIO,MONGOLIA,ASIA,SANTA ROSA,0
JUNIO,MOZAMBIQUE,ÁFRICA,AEROPUERTO INTERNACIONAL JORGE CHÁVEZ,5
JUNIO,MOZAMBIQUE,ÁFRICA,CEBAF - TUMBES,0
JUNIO,MOZAMBIQUE,ÁFRICA,DESAGUADERO,0
JUNIO,MOZAMBIQUE,ÁFRICA,KASANI,0
JUNIO,MOZAMBIQUE,ÁFRICA,OTRAS OCM,1
JUNIO,MOZAMBIQUE,ÁFRICA,SANTA ROSA,0
JUNIO,MYANMAR,ASIA,AEROPUERTO INTERNACIONAL JORGE CHÁVEZ,70
JUNIO,MYANMAR,ASIA,CEBAF - TUMBES,0
JUNIO,MYANMAR,ASIA,DESAGUADERO,0
JUNIO,MYANMAR,ASIA,KASANI,0
JUNIO,MYANMAR,ASIA,OTRAS OCM,50
JUNIO,MYANMAR,ASIA,SANTA ROSA,0
JUNIO,MÉXICO,AMÉRICA DEL NORTE,AEROPUERTO INTERNACIONAL JORGE CHÁVEZ,43350
JUNIO,MÉXICO,AMÉRICA DEL NORTE,CEBAF - TUMBES,140
JUNIO,MÉXICO,AMÉRICA DEL NORTE,DESAGUADERO,239
JUNIO,MÉXICO,AMÉRICA DEL NORTE,KASANI,140
JUNIO,MÉXICO,AMÉRICA DEL NORTE,OTRAS OCM,1038
JUNIO,MÉXICO,AMÉRICA DEL NORTE,SANTA ROSA,218
JUNIO,MÓNACO,EUROPA,AEROPUERTO INTERNACIONAL JORGE CHÁVEZ,7
JUNIO,MÓNACO,EUROPA,CEBAF - TUMBES,0
JUNIO,MÓNACO,EUROPA,DESAGUADERO,0
JUNIO,MÓNACO,EUROPA,KASANI,0
JUNIO,MÓNACO,EUROPA,OTRAS OCM,0
JUNIO,MÓNACO,EUROPA,SANTA ROSA,0
JUNIO,NAMIBIA,ÁFRICA,AEROPUERTO INTERNACIONAL JORGE CHÁVEZ,2
JUNIO,NAMIBIA,ÁFRICA,CEBAF - TUMBES,0
JUNIO,NAMIBIA,ÁFRICA,DESAGUADERO,0
JUNIO,NAMIBIA,ÁFRICA,KASANI,0
JUNIO,NAMIBIA,ÁFRICA,OTRAS OCM,0
JUNIO,NAMIBIA,ÁFRICA,SANTA ROSA,0
JUNIO,NAURU,OCEANÍA,AEROPUERTO INTERNACIONAL JORGE CHÁVEZ,0
JUNIO,NAURU,OCEANÍA,CEBAF - TUMBES,0
JUNIO,NAURU,OCEANÍA,DESAGUADERO,0
JUNIO,NAURU,OCEANÍA,KASANI,0
JUNIO,NAURU,OCEANÍA,OTRAS OCM,0
JUNIO,NAURU,OCEANÍA,SANTA ROSA,0
JUNIO,NEPAL,ASIA,AEROPUERTO INTERNACIONAL JORGE CHÁVEZ,41
JUNIO,NEPAL,ASIA,CEBAF - TUMBES,0
JUNIO,NEPAL,ASIA,DESAGUADERO,3
JUNIO,NEPAL,ASIA,KASANI,0
JUNIO,NEPAL,ASIA,OTRAS OCM,10
JUNIO,NEPAL,ASIA,SANTA ROSA,8
JUNIO,NICARAGUA,AMÉRICA CENTRAL,AEROPUERTO INTERNACIONAL JORGE CHÁVEZ,608
JUNIO,NICARAGUA,AMÉRICA CENTRAL,CEBAF - TUMBES,0
JUNIO,NICARAGUA,AMÉRICA CENTRAL,DESAGUADERO,2
JUNIO,NICARAGUA,AMÉRICA CENTRAL,KASANI,0
JUNIO,NICARAGUA,AMÉRICA CENTRAL,OTRAS OCM,8
JUNIO,NICARAGUA,AMÉRICA CENTRAL,SANTA ROSA,10
JUNIO,NIGERIA,ÁFRICA,AEROPUERTO INTERNACIONAL JORGE CHÁVEZ,30
JUNIO,NIGERIA,ÁFRICA,CEBAF - TUMBES,0
JUNIO,NIGERIA,ÁFRICA,DESAGUADERO,0
JUNIO,NIGERIA,ÁFRICA,KASANI,0
JUNIO,NIGERIA,ÁFRICA,OTRAS OCM,1
JUNIO,NIGERIA,ÁFRICA,SANTA ROSA,0
JUNIO,NORUEGA,EUROPA,AEROPUERTO INTERNACIONAL JORGE CHÁVEZ,1907
JUNIO,NORUEGA,EUROPA,CEBAF - TUMBES,15
JUNIO,NORUEGA,EUROPA,DESAGUADERO,29
JUNIO,NORUEGA,EUROPA,KASANI,44
JUNIO,NORUEGA,EUROPA,OTRAS OCM,64
JUNIO,NORUEGA,EUROPA,SANTA ROSA,8
JUNIO,NUEVA ZELANDIA,OCEANÍA,AEROPUERTO INTERNACIONAL JORGE CHÁVEZ,1561
JUNIO,NUEVA ZELANDIA,OCEANÍA,CEBAF - TUMBES,31
JUNIO,NUEVA ZELANDIA,OCEANÍA,DESAGUADERO,58
JUNIO,NUEVA ZELANDIA,OCEANÍA,KASANI,127
JUNIO,NUEVA ZELANDIA,OCEANÍA,OTRAS OCM,101
JUNIO,NUEVA ZELANDIA,OCEANÍA,SANTA ROSA,36
JUNIO,NÍGER,ÁFRICA,AEROPUERTO INTERNACIONAL JORGE CHÁVEZ,1
JUNIO,NÍGER,ÁFRICA,CEBAF - TUMBES,0
JUNIO,NÍGER,ÁFRICA,DESAGUADERO,0
JUNIO,NÍGER,ÁFRICA,KASANI,0
JUNIO,NÍGER,ÁFRICA,OTRAS OCM,0
JUNIO,NÍGER,ÁFRICA,SANTA ROSA,0
JUNIO,OMÁN,ASIA,AEROPUERTO INTERNACIONAL JORGE CHÁVEZ,25
JUNIO,OMÁN,ASIA,CEBAF - TUMBES,0
JUNIO,OMÁN,ASIA,DESAGUADERO,0
JUNIO,OMÁN,ASIA,KASANI,0
JUNIO,OMÁN,ASIA,OTRAS OCM,0
JUNIO,OMÁN,ASIA,SANTA ROSA,0
JUNIO,PAKISTÁN,ASIA,AEROPUERTO INTERNACIONAL JORGE CHÁVEZ,66
JUNIO,PAKISTÁN,ASIA,CEBAF - TUMBES,0
JUNIO,PAKISTÁN,ASIA,DESAGUADERO,1
JUNIO,PAKISTÁN,ASIA,KASANI,1
JUNIO,PAKISTÁN,ASIA,OTRAS OCM,4
JUNIO,PAKISTÁN,ASIA,SANTA ROSA,82
JUNIO,PALESTINA,ASIA,AEROPUERTO INTERNACIONAL JORGE CHÁVEZ,10
JUNIO,PALESTINA,ASIA,CEBAF - TUMBES,0
JUNIO,PALESTINA,ASIA,DESAGUADERO,0
JUNIO,PALESTINA,ASIA,KASANI,0
JUNIO,PALESTINA,ASIA,OTRAS OCM,0
JUNIO,PALESTINA,ASIA,SANTA ROSA,0
JUNIO,PANAMÁ,AMÉRICA CENTRAL,AEROPUERTO INTERNACIONAL JORGE CHÁVEZ,7840
JUNIO,PANAMÁ,AMÉRICA CENTRAL,CEBAF - TUMBES,14
JUNIO,PANAMÁ,AMÉRICA CENTRAL,DESAGUADERO,10
JUNIO,PANAMÁ,AMÉRICA CENTRAL,KASANI,6
JUNIO,PANAMÁ,AMÉRICA CENTRAL,OTRAS OCM,108
JUNIO,PANAMÁ,AMÉRICA CENTRAL,SANTA ROSA,12
JUNIO,PAPÚA (NG),OCEANÍA,AEROPUERTO INTERNACIONAL JORGE CHÁVEZ,5
JUNIO,PAPÚA (NG),OCEANÍA,CEBAF - TUMBES,0
JUNIO,PAPÚA (NG),OCEANÍA,DESAGUADERO,0
JUNIO,PAPÚA (NG),OCEANÍA,KASANI,0
JUNIO,PAPÚA (NG),OCEANÍA,OTRAS OCM,2
JUNIO,PAPÚA (NG),OCEANÍA,SANTA ROSA,0
JUNIO,PARAGUAY,AMÉRICA DEL SUR,AEROPUERTO INTERNACIONAL JORGE CHÁVEZ,2717
JUNIO,PARAGUAY,AMÉRICA DEL SUR,CEBAF - TUMBES,10
JUNIO,PARAGUAY,AMÉRICA DEL SUR,DESAGUADERO,77
JUNIO,PARAGUAY,AMÉRICA DEL SUR,KASANI,11
JUNIO,PARAGUAY,AMÉRICA DEL SUR,OTRAS OCM,22
JUNIO,PARAGUAY,AMÉRICA DEL SUR,SANTA ROSA,287
JUNIO,PAÍSES BAJOS (HOLANDA),EUROPA,AEROPUERTO INTERNACIONAL JORGE CHÁVEZ,9167
JUNIO,PAÍSES BAJOS (HOLANDA),EUROPA,CEBAF - TUMBES,213
JUNIO,PAÍSES BAJOS (HOLANDA),EUROPA,DESAGUADERO,484
JUNIO,PAÍSES BAJOS (HOLANDA),EUROPA,KASANI,546
JUNIO,PAÍSES BAJOS (HOLANDA),EUROPA,OTRAS OCM,238
JUNIO,PAÍSES BAJOS (HOLANDA),EUROPA,SANTA ROSA,99
JUNIO,POLONIA,EUROPA,AEROPUERTO INTERNACIONAL JORGE CHÁVEZ,3394
JUNIO,POLONIA,EUROPA,CEBAF - TUMBES,35
JUNIO,POLONIA,EUROPA,DESAGUADERO,288
JUNIO,POLONIA,EUROPA,KASANI,571
JUNIO,POLONIA,EUROPA,OTRAS OCM,107
JUNIO,POLONIA,EUROPA,SANTA ROSA,35
JUNIO,PORTUGAL,EUROPA,AEROPUERTO INTERNACIONAL JORGE CHÁVEZ,2599
JUNIO,PORTUGAL,EUROPA,CEBAF - TUMBES,22
JUNIO,PORTUGAL,EUROPA,DESAGUADERO,78
JUNIO,PORTUGAL,EUROPA,KASANI,104
JUNIO,PORTUGAL,EUROPA,OTRAS OCM,54
JUNIO,PORTUGAL,EUROPA,SANTA ROSA,15
JUNIO,PTO. RICO,AMÉRICA CENTRAL,AEROPUERTO INTERNACIONAL JORGE CHÁVEZ,931
JUNIO,PTO. RICO,AMÉRICA CENTRAL,CEBAF - TUMBES,0
JUNIO,PTO. RICO,AMÉRICA CENTRAL,DESAGUADERO,1
JUNIO,PTO. RICO,AMÉRICA CENTRAL,KASANI,0
JUNIO,PTO. RICO,AMÉRICA CENTRAL,OTRAS OCM,30
JUNIO,PTO. RICO,AMÉRICA CENTRAL,SANTA ROSA,1
JUNIO,R.F. YUGOSLAVIA,EUROPA,AEROPUERTO INTERNACIONAL JORGE CHÁVEZ,0
JUNIO,R.F. YUGOSLAVIA,EUROPA,CEBAF - TUMBES,0
JUNIO,R.F. YUGOSLAVIA,EUROPA,DESAGUADERO,0
JUNIO,R.F. YUGOSLAVIA,EUROPA,KASANI,0
JUNIO,R.F. YUGOSLAVIA,EUROPA,OTRAS OCM,0
JUNIO,R.F. YUGOSLAVIA,EUROPA,SANTA ROSA,0
JUNIO,REINO UNIDO,EUROPA,AEROPUERTO INTERNACIONAL JORGE CHÁVEZ,18138
JUNIO,REINO UNIDO,EUROPA,CEBAF - TUMBES,477
JUNIO,REINO UNIDO,EUROPA,DESAGUADERO,869
JUNIO,REINO UNIDO,EUROPA,KASANI,1099
JUNIO,REINO UNIDO,EUROPA,OTRAS OCM,1196
JUNIO,REINO UNIDO,EUROPA,SANTA ROSA,147
JUNIO,REP. CENTROAFRICANA,ÁFRICA,AEROPUERTO INTERNACIONAL JORGE CHÁVEZ,1
JUNIO,REP. CENTROAFRICANA,ÁFRICA,CEBAF - TUMBES,0
JUNIO,REP. CENTROAFRICANA,ÁFRICA,DESAGUADERO,0
JUNIO,REP. CENTROAFRICANA,ÁFRICA,KASANI,0
JUNIO,REP. CENTROAFRICANA,ÁFRICA,OTRAS OCM,0
JUNIO,REP. CENTROAFRICANA,ÁFRICA,SANTA ROSA,0
JUNIO,REP. CHECA,EUROPA,AEROPUERTO INTERNACIONAL JORGE CHÁVEZ,1666
JUNIO,REP. CHECA,EUROPA,CEBAF - TUMBES,13
JUNIO,REP. CHECA,EUROPA,DESAGUADERO,85
JUNIO,REP. CHECA,EUROPA,KASANI,37
JUNIO,REP. CHECA,EUROPA,OTRAS OCM,39
JUNIO,REP. CHECA,EUROPA,SANTA ROSA,7
JUNIO,REP. DOMINICANA,AMÉRICA CENTRAL,AEROPUERTO INTERNACIONAL JORGE CHÁVEZ,3937
JUNIO,REP. DOMINICANA,AMÉRICA CENTRAL,CEBAF - TUMBES,214
JUNIO,REP. DOMINICANA,AMÉRICA CENTRAL,DESAGUADERO,12
JUNIO,REP. DOMINICANA,AMÉRICA CENTRAL,KASANI,1
JUNIO,REP. DOMINICANA,AMÉRICA CENTRAL,OTRAS OCM,79
JUNIO,REP. DOMINICANA,AMÉRICA CENTRAL,SANTA ROSA,101
JUNIO,REP. MOLDOVA,EUROPA,AEROPUERTO INTERNACIONAL JORGE CHÁVEZ,4
JUNIO,REP. MOLDOVA,EUROPA,CEBAF - TUMBES,0
JUNIO,REP. MOLDOVA,EUROPA,DESAGUADERO,0
JUNIO,REP. MOLDOVA,EUROPA,KASANI,0
JUNIO,REP. MOLDOVA,EUROPA,OTRAS OCM,0
JUNIO,REP. MOLDOVA,EUROPA,SANTA ROSA,0
JUNIO,RESTO DEL MUNDO,RESTO DEL MUNDO,AEROPUERTO INTERNACIONAL JORGE CHÁVEZ,350
JUNIO,RESTO DEL MUNDO,RESTO DEL MUNDO,CEBAF - TUMBES,4
JUNIO,RESTO DEL MUNDO,RESTO DEL MUNDO,DESAGUADERO,0
JUNIO,RESTO DEL MUNDO,RESTO DEL MUNDO,KASANI,2
JUNIO,RESTO DEL MUNDO,RESTO DEL MUNDO,OTRAS OCM,21
JUNIO,RESTO DEL MUNDO,RESTO DEL MUNDO,SANTA ROSA,3
JUNIO,RUMANIA,EUROPA,AEROPUERTO INTERNACIONAL JORGE CHÁVEZ,1287
JUNIO,RUMANIA,EUROPA,CEBAF - TUMBES,5
JUNIO,RUMANIA,EUROPA,DESAGUADERO,25
JUNIO,RUMANIA,EUROPA,KASANI,42
JUNIO,RUMANIA,EUROPA,OTRAS OCM,47
JUNIO,RUMANIA,EUROPA,SANTA ROSA,8
JUNIO,RUSIA,EUROPA,AEROPUERTO INTERNACIONAL JORGE CHÁVEZ,2344
JUNIO,RUSIA,EUROPA,CEBAF - TUMBES,46
JUNIO,RUSIA,EUROPA,DESAGUADERO,81
JUNIO,RUSIA,EUROPA,KASANI,43
JUNIO,RUSIA,EUROPA,OTRAS OCM,115
JUNIO,RUSIA,EUROPA,SANTA ROSA,42
JUNIO,RWANDA,ÁFRICA,AEROPUERTO INTERNACIONAL JORGE CHÁVEZ,5
JUNIO,RWANDA,ÁFRICA,CEBAF - TUMBES,0
JUNIO,RWANDA,ÁFRICA,DESAGUADERO,0
JUNIO,RWANDA,ÁFRICA,KASANI,0
JUNIO,RWANDA,ÁFRICA,OTRAS OCM,0
JUNIO,RWANDA,ÁFRICA,SANTA ROSA,0
JUNIO,SAINT KITIS Y NEVIS,AMÉRICA CENTRAL,AEROPUERTO INTERNACIONAL JORGE CHÁVEZ,8
JUNIO,SAINT KITIS Y NEVIS,AMÉRICA CENTRAL,CEBAF - TUMBES,0
JUNIO,SAINT KITIS Y NEVIS,AMÉRICA CENTRAL,DESAGUADERO,0
JUNIO,SAINT KITIS Y NEVIS,AMÉRICA CENTRAL,KASANI,0
JUNIO,SAINT KITIS Y NEVIS,AMÉRICA CENTRAL,OTRAS OCM,0
JUNIO,SAINT KITIS Y NEVIS,AMÉRICA CENTRAL,SANTA ROSA,0
JUNIO,SALOMÓN ISLA,OCEANÍA,AEROPUERTO INTERNACIONAL JORGE CHÁVEZ,22
JUNIO,SALOMÓN ISLA,OCEANÍA,CEBAF - TUMBES,0
JUNIO,SALOMÓN ISLA,OCEANÍA,DESAGUADERO,0
JUNIO,SALOMÓN ISLA,OCEANÍA,KASANI,0
JUNIO,SALOMÓN ISLA,OCEANÍA,OTRAS OCM,0
JUNIO,SALOMÓN ISLA,OCEANÍA,SANTA ROSA,0
JUNIO,SAMOA OCCIDENTAL,OCEANÍA,AEROPUERTO INTERNACIONAL JORGE CHÁVEZ,0
JUNIO,SAMOA OCCIDENTAL,OCEANÍA,CEBAF - TUMBES,0
JUNIO,SAMOA OCCIDENTAL,OCEANÍA,DESAGUADERO,0
JUNIO,SAMOA OCCIDENTAL,OCEANÍA,KASANI,0
JUNIO,SAMOA OCCIDENTAL,OCEANÍA,OTRAS OCM,0
JUNIO,SAMOA OCCIDENTAL,OCEANÍA,SANTA ROSA,0
JUNIO,SAN MARINO,EUROPA,AEROPUERTO INTERNACIONAL JORGE CHÁVEZ,3
JUNIO,SAN MARINO,EUROPA,CEBAF - TUMBES,0
JUNIO,SAN MARINO,EUROPA,DESAGUADERO,0
JUNIO,SAN MARINO,EUROPA,KASANI,0
JUNIO,SAN MARINO,EUROPA,OTRAS OCM,2
JUNIO,SAN MARINO,EUROPA,SANTA ROSA,0
JUNIO,SAN VIC. GRANADINAS,AMÉRICA CENTRAL,AEROPUERTO INTERNACIONAL JORGE CHÁVEZ,4
JUNIO,SAN VIC. GRANADINAS,AMÉRICA CENTRAL,CEBAF - TUMBES,0
JUNIO,SAN VIC. GRANADINAS,AMÉRICA CENTRAL,DESAGUADERO,0
JUNIO,SAN VIC. GRANADINAS,AMÉRICA CENTRAL,KASANI,0
JUNIO,SAN VIC. GRANADINAS,AMÉRICA CENTRAL,OTRAS OCM,0
JUNIO,SAN VIC. GRANADINAS,AMÉRICA CENTRAL,SANTA ROSA,0
JUNIO,SANTA LUCÍA,AMÉRICA CENTRAL,AEROPUERTO INTERNACIONAL JORGE CHÁVEZ,15
JUNIO,SANTA LUCÍA,AMÉRICA CENTRAL,CEBAF - TUMBES,0
JUNIO,SANTA LUCÍA,AMÉRICA CENTRAL,DESAGUADERO,0
JUNIO,SANTA LUCÍA,AMÉRICA CENTRAL,KASANI,0
JUNIO,SANTA LUCÍA,AMÉRICA CENTRAL,OTRAS OCM,0
JUNIO,SANTA LUCÍA,AMÉRICA CENTRAL,SANTA ROSA,0
JUNIO,SENEGAL,ÁFRICA,AEROPUERTO INTERNACIONAL JORGE CHÁVEZ,6
JUNIO,SENEGAL,ÁFRICA,CEBAF - TUMBES,0
JUNIO,SENEGAL,ÁFRICA,DESAGUADERO,0
JUNIO,SENEGAL,ÁFRICA,KASANI,0
JUNIO,SENEGAL,ÁFRICA,OTRAS OCM,6
JUNIO,SENEGAL,ÁFRICA,SANTA ROSA,0
JUNIO,SEYCHELLES,ÁFRICA,AEROPUERTO INTERNACIONAL JORGE CHÁVEZ,0
JUNIO,SEYCHELLES,ÁFRICA,CEBAF - TUMBES,0
JUNIO,SEYCHELLES,ÁFRICA,DESAGUADERO,0
JUNIO,SEYCHELLES,ÁFRICA,KASANI,0
JUNIO,SEYCHELLES,ÁFRICA,OTRAS OCM,0
JUNIO,SEYCHELLES,ÁFRICA,SANTA ROSA,0
JUNIO,SIERRA LEONA,ÁFRICA,AEROPUERTO INTERNACIONAL JORGE CHÁVEZ,5
JUNIO,SIERRA LEONA,ÁFRICA,CEBAF - TUMBES,0
JUNIO,SIERRA LEONA,ÁFRICA,DESAGUADERO,0
JUNIO,SIERRA LEONA,ÁFRICA,KASANI,0
JUNIO,SIERRA LEONA,ÁFRICA,OTRAS OCM,0
JUNIO,SIERRA LEONA,ÁFRICA,SANTA ROSA,0
JUNIO,SIKKIM,ASIA,AEROPUERTO INTERNACIONAL JORGE CHÁVEZ,0
JUNIO,SIKKIM,ASIA,CEBAF - TUMBES,0
JUNIO,SIKKIM,ASIA,DESAGUADERO,0
JUNIO,SIKKIM,ASIA,KASANI,0
JUNIO,SIKKIM,ASIA,OTRAS OCM,0
JUNIO,SIKKIM,ASIA,SANTA ROSA,0
JUNIO,SINGAPUR,ASIA,AEROPUERTO INTERNACIONAL JORGE CHÁVEZ,766
JUNIO,SINGAPUR,ASIA,CEBAF - TUMBES,1
JUNIO,SINGAPUR,ASIA,DESAGUADERO,5
JUNIO,SINGAPUR,ASIA,KASANI,15
JUNIO,SINGAPUR,ASIA,OTRAS OCM,41
JUNIO,SINGAPUR,ASIA,SANTA ROSA,6
JUNIO,SIRIA,ASIA,AEROPUERTO INTERNACIONAL JORGE CHÁVEZ,9
JUNIO,SIRIA,ASIA,CEBAF - TUMBES,0
JUNIO,SIRIA,ASIA,DESAGUADERO,0
JUNIO,SIRIA,ASIA,KASANI,0
JUNIO,SIRIA,ASIA,OTRAS OCM,0
JUNIO,SIRIA,ASIA,SANTA ROSA,0
JUNIO,SOMALIA,ÁFRICA,AEROPUERTO INTERNACIONAL JORGE CHÁVEZ,3
JUNIO,SOMALIA,ÁFRICA,CEBAF - TUMBES,0
JUNIO,SOMALIA,ÁFRICA,DESAGUADERO,0
JUNIO,SOMALIA,ÁFRICA,KASANI,0
JUNIO,SOMALIA,ÁFRICA,OTRAS OCM,0
JUNIO,SOMALIA,ÁFRICA,SANTA ROSA,0
JUNIO,SRI LANKA,ASIA,AEROPUERTO INTERNACIONAL JORGE CHÁVEZ,54
JUNIO,SRI LANKA,ASIA,CEBAF - TUMBES,0
JUNIO,SRI LANKA,ASIA,DESAGUADERO,1
JUNIO,SRI LANKA,ASIA,KASANI,0
JUNIO,SRI LANKA,ASIA,OTRAS OCM,21
JUNIO,SRI LANKA,ASIA,SANTA ROSA,0
JUNIO,STO. TOMÉ Y PRÍNCIPE,ÁFRICA,AEROPUERTO INTERNACIONAL JORGE CHÁVEZ,2
JUNIO,STO. TOMÉ Y PRÍNCIPE,ÁFRICA,CEBAF - TUMBES,0
JUNIO,STO. TOMÉ Y PRÍNCIPE,ÁFRICA,DESAGUADERO,0
JUNIO,STO. TOMÉ Y PRÍNCIPE,ÁFRICA,KASANI,0
JUNIO,STO. TOMÉ Y PRÍNCIPE,ÁFRICA,OTRAS OCM,0
JUNIO,STO. TOMÉ Y PRÍNCIPE,ÁFRICA,SANTA ROSA,0
JUNIO,SUDÁFRICA,ÁFRICA,AEROPUERTO INTERNACIONAL JORGE CHÁVEZ,914
JUNIO,SUDÁFRICA,ÁFRICA,CEBAF - TUMBES,9
JUNIO,SUDÁFRICA,ÁFRICA,DESAGUADERO,21
JUNIO,SUDÁFRICA,ÁFRICA,KASANI,19
JUNIO,SUDÁFRICA,ÁFRICA,OTRAS OCM,22
JUNIO,SUDÁFRICA,ÁFRICA,SANTA ROSA,25
JUNIO,SUDÁN,ÁFRICA,AEROPUERTO INTERNACIONAL JORGE CHÁVEZ,10
JUNIO,SUDÁN,ÁFRICA,CEBAF - TUMBES,0
JUNIO,SUDÁN,ÁFRICA,DESAGUADERO,0
JUNIO,SUDÁN,ÁFRICA,KASANI,0
JUNIO,SUDÁN,ÁFRICA,OTRAS OCM,0
JUNIO,SUDÁN,ÁFRICA,SANTA ROSA,0
JUNIO,SUECIA,EUROPA,AEROPUERTO INTERNACIONAL JORGE CHÁVEZ,3559
JUNIO,SUECIA,EUROPA,CEBAF - TUMBES,34
JUNIO,SUECIA,EUROPA,DESAGUADERO,59
JUNIO,SUECIA,EUROPA,KASANI,51
JUNIO,SUECIA,EUROPA,OTRAS OCM,51
JUNIO,SUECIA,EUROPA,SANTA ROSA,33
JUNIO,SUIZA,EUROPA,AEROPUERTO INTERNACIONAL JORGE CHÁVEZ,4988
JUNIO,SUIZA,EUROPA,CEBAF - TUMBES,129
JUNIO,SUIZA,EUROPA,DESAGUADERO,246
JUNIO,SUIZA,EUROPA,KASANI,347
JUNIO,SUIZA,EUROPA,OTRAS OCM,183
JUNIO,SUIZA,EUROPA,SANTA ROSA,73
JUNIO,SURINAM,AMÉRICA DEL SUR,AEROPUERTO INTERNACIONAL JORGE CHÁVEZ,61
JUNIO,SURINAM,AMÉRICA DEL SUR,CEBAF - TUMBES,0
JUNIO,SURINAM,AMÉRICA DEL SUR,DESAGUADERO,1
JUNIO,SURINAM,AMÉRICA DEL SUR,KASANI,0
JUNIO,SURINAM,AMÉRICA DEL SUR,OTRAS OCM,0
JUNIO,SURINAM,AMÉRICA DEL SUR,SANTA ROSA,0
JUNIO,SWAZILANDIA,ÁFRICA,AEROPUERTO INTERNACIONAL JORGE CHÁVEZ,1
JUNIO,SWAZILANDIA,ÁFRICA,CEBAF - TUMBES,0
JUNIO,SWAZILANDIA,ÁFRICA,DESAGUADERO,0
JUNIO,SWAZILANDIA,ÁFRICA,KASANI,0
JUNIO,SWAZILANDIA,ÁFRICA,OTRAS OCM,0
JUNIO,SWAZILANDIA,ÁFRICA,SANTA ROSA,0
JUNIO,TAILANDIA,ASIA,AEROPUERTO INTERNACIONAL JORGE CHÁVEZ,492
JUNIO,TAILANDIA,ASIA,CEBAF - TUMBES,4
JUNIO,TAILANDIA,ASIA,DESAGUADERO,9
JUNIO,TAILANDIA,ASIA,KASANI,4
JUNIO,TAILANDIA,ASIA,OTRAS OCM,43
JUNIO,TAILANDIA,ASIA,SANTA ROSA,4
JUNIO,TAIWÁN,ASIA,AEROPUERTO INTERNACIONAL JORGE CHÁVEZ,2464
JUNIO,TAIWÁN,ASIA,CEBAF - TUMBES,9
JUNIO,TAIWÁN,ASIA,DESAGUADERO,17
JUNIO,TAIWÁN,ASIA,KASANI,26
JUNIO,TAIWÁN,ASIA,OTRAS OCM,101
JUNIO,TAIWÁN,ASIA,SANTA ROSA,28
JUNIO,TANZANIA,ÁFRICA,AEROPUERTO INTERNACIONAL JORGE CHÁVEZ,8
JUNIO,TANZANIA,ÁFRICA,CEBAF - TUMBES,0
JUNIO,TANZANIA,ÁFRICA,DESAGUADERO,0
JUNIO,TANZANIA,ÁFRICA,KASANI,0
JUNIO,TANZANIA,ÁFRICA,OTRAS OCM,3
JUNIO,TANZANIA,ÁFRICA,SANTA ROSA,0
JUNIO,TAYIKISTÁN,ASIA,AEROPUERTO INTERNACIONAL JORGE CHÁVEZ,0
JUNIO,TAYIKISTÁN,ASIA,CEBAF - TUMBES,0
JUNIO,TAYIKISTÁN,ASIA,DESAGUADERO,1
JUNIO,TAYIKISTÁN,ASIA,KASANI,0
JUNIO,TAYIKISTÁN,ASIA,OTRAS OCM,0
JUNIO,TAYIKISTÁN,ASIA,SANTA ROSA,0
JUNIO,TOGO,ÁFRICA,AEROPUERTO INTERNACIONAL JORGE CHÁVEZ,1
JUNIO,TOGO,ÁFRICA,CEBAF - TUMBES,0
JUNIO,TOGO,ÁFRICA,DESAGUADERO,0
JUNIO,TOGO,ÁFRICA,KASANI,0
JUNIO,TOGO,ÁFRICA,OTRAS OCM,0
JUNIO,TOGO,ÁFRICA,SANTA ROSA,0
JUNIO,TONGA,OCEANÍA,AEROPUERTO INTERNACIONAL JORGE CHÁVEZ,3
JUNIO,TONGA,OCEANÍA,CEBAF - TUMBES,0
JUNIO,TONGA,OCEANÍA,DESAGUADERO,0
JUNIO,TONGA,OCEANÍA,KASANI,0
JUNIO,TONGA,OCEANÍA,OTRAS OCM,0
JUNIO,TONGA,OCEANÍA,SANTA ROSA,0
JUNIO,TRINIDAD Y TOBAGO,AMÉRICA CENTRAL,AEROPUERTO INTERNACIONAL JORGE CHÁVEZ,199
JUNIO,TRINIDAD Y TOBAGO,AMÉRICA CENTRAL,CEBAF - TUMBES,5
JUNIO,TRINIDAD Y TOBAGO,AMÉRICA CENTRAL,DESAGUADERO,0
JUNIO,TRINIDAD Y TOBAGO,AMÉRICA CENTRAL,KASANI,0
JUNIO,TRINIDAD Y TOBAGO,AMÉRICA CENTRAL,OTRAS OCM,16
JUNIO,TRINIDAD Y TOBAGO,AMÉRICA CENTRAL,SANTA ROSA,2
JUNIO,TURKMENISTÁN,ASIA,AEROPUERTO INTERNACIONAL JORGE CHÁVEZ,1
JUNIO,TURKMENISTÁN,ASIA,CEBAF - TUMBES,1
JUNIO,TURKMENISTÁN,ASIA,DESAGUADERO,0
JUNIO,TURKMENISTÁN,ASIA,KASANI,0
JUNIO,TURKMENISTÁN,ASIA,OTRAS OCM,0
JUNIO,TURKMENISTÁN,ASIA,SANTA ROSA,0
JUNIO,TURQUÍA,ASIA,AEROPUERTO INTERNACIONAL JORGE CHÁVEZ,1326
JUNIO,TURQUÍA,ASIA,CEBAF - TUMBES,22
JUNIO,TURQUÍA,ASIA,DESAGUADERO,131
JUNIO,TURQUÍA,ASIA,KASANI,29
JUNIO,TURQUÍA,ASIA,OTRAS OCM,117
JUNIO,TURQUÍA,ASIA,SANTA ROSA,25
JUNIO,TUVALU,OCEANÍA,AEROPUERTO INTERNACIONAL JORGE CHÁVEZ,0
JUNIO,TUVALU,OCEANÍA,CEBAF - TUMBES,0
JUNIO,TUVALU,OCEANÍA,DESAGUADERO,0
JUNIO,TUVALU,OCEANÍA,KASANI,0
JUNIO,TUVALU,OCEANÍA,OTRAS OCM,0
JUNIO,TUVALU,OCEANÍA,SANTA ROSA,0
JUNIO,TÚNEZ,ÁFRICA,AEROPUERTO INTERNACIONAL JORGE CHÁVEZ,27
JUNIO,TÚNEZ,ÁFRICA,CEBAF - TUMBES,1
JUNIO,TÚNEZ,ÁFRICA,DESAGUADERO,0
JUNIO,TÚNEZ,ÁFRICA,KASANI,2
JUNIO,TÚNEZ,ÁFRICA,OTRAS OCM,0
JUNIO,TÚNEZ,ÁFRICA,SANTA ROSA,0
JUNIO,UCRANIA,EUROPA,AEROPUERTO INTERNACIONAL JORGE CHÁVEZ,865
JUNIO,UCRANIA,EUROPA,CEBAF - TUMBES,13
JUNIO,UCRANIA,EUROPA,DESAGUADERO,8
JUNIO,UCRANIA,EUROPA,KASANI,15
JUNIO,UCRANIA,EUROPA,OTRAS OCM,134
JUNIO,UCRANIA,EUROPA,SANTA ROSA,6
JUNIO,UGANDA,ÁFRICA,AEROPUERTO INTERNACIONAL JORGE CHÁVEZ,14
JUNIO,UGANDA,ÁFRICA,CEBAF - TUMBES,0
JUNIO,UGANDA,ÁFRICA,DESAGUADERO,0
JUNIO,UGANDA,ÁFRICA,KASANI,0
JUNIO,UGANDA,ÁFRICA,OTRAS OCM,0
JUNIO,UGANDA,ÁFRICA,SANTA ROSA,0
JUNIO,URUGUAY,AMÉRICA DEL SUR,AEROPUERTO INTERNACIONAL JORGE CHÁVEZ,6202
JUNIO,URUGUAY,AMÉRICA DEL SUR,CEBAF - TUMBES,31
JUNIO,URUGUAY,AMÉRICA DEL SUR,DESAGUADERO,109
JUNIO,URUGUAY,AMÉRICA DEL SUR,KASANI,61
JUNIO,URUGUAY,AMÉRICA DEL SUR,OTRAS OCM,169
JUNIO,URUGUAY,AMÉRICA DEL SUR,SANTA ROSA,116
JUNIO,UZBEKISTÁN,ASIA,AEROPUERTO INTERNACIONAL JORGE CHÁVEZ,17
JUNIO,UZBEKISTÁN,ASIA,CEBAF - TUMBES,0
JUNIO,UZBEKISTÁN,ASIA,DESAGUADERO,0
JUNIO,UZBEKISTÁN,ASIA,KASANI,0
JUNIO,UZBEKISTÁN,ASIA,OTRAS OCM,0
JUNIO,UZBEKISTÁN,ASIA,SANTA ROSA,0
JUNIO,VANUATU,OCEANÍA,AEROPUERTO INTERNACIONAL JORGE CHÁVEZ,6
JUNIO,VANUATU,OCEANÍA,CEBAF - TUMBES,0
JUNIO,VANUATU,OCEANÍA,DESAGUADERO,3
JUNIO,VANUATU,OCEANÍA,KASANI,0
JUNIO,VANUATU,OCEANÍA,OTRAS OCM,0
JUNIO,VANUATU,OCEANÍA,SANTA ROSA,0
JUNIO,VATICANO,EUROPA,AEROPUERTO INTERNACIONAL JORGE CHÁVEZ,3
JUNIO,VATICANO,EUROPA,CEBAF - TUMBES,0
JUNIO,VATICANO,EUROPA,DESAGUADERO,0
JUNIO,VATICANO,EUROPA,KASANI,0
JUNIO,VATICANO,EUROPA,OTRAS OCM,0
JUNIO,VATICANO,EUROPA,SANTA ROSA,0
JUNIO,VENEZUELA,AMÉRICA DEL SUR,AEROPUERTO INTERNACIONAL JORGE CHÁVEZ,4941
JUNIO,VENEZUELA,AMÉRICA DEL SUR,CEBAF - TUMBES,3870
JUNIO,VENEZUELA,AMÉRICA DEL SUR,DESAGUADERO,106
JUNIO,VENEZUELA,AMÉRICA DEL SUR,KASANI,31
JUNIO,VENEZUELA,AMÉRICA DEL SUR,OTRAS OCM,99
JUNIO,VENEZUELA,AMÉRICA DEL SUR,SANTA ROSA,7416
JUNIO,VIETNAM,ASIA,AEROPUERTO INTERNACIONAL JORGE CHÁVEZ,241
JUNIO,VIETNAM,ASIA,CEBAF - TUMBES,2
JUNIO,VIETNAM,ASIA,DESAGUADERO,0
JUNIO,VIETNAM,ASIA,KASANI,2
JUNIO,VIETNAM,ASIA,OTRAS OCM,28
JUNIO,VIETNAM,ASIA,SANTA ROSA,0
JUNIO,YEMEN,ASIA,AEROPUERTO INTERNACIONAL JORGE CHÁVEZ,1
JUNIO,YEMEN,ASIA,CEBAF - TUMBES,0
JUNIO,YEMEN,ASIA,DESAGUADERO,0
JUNIO,YEMEN,ASIA,KASANI,0
JUNIO,YEMEN,ASIA,OTRAS OCM,0
JUNIO,YEMEN,ASIA,SANTA ROSA,0
JUNIO,ZAMBIA,ÁFRICA,AEROPUERTO INTERNACIONAL JORGE CHÁVEZ,20
JUNIO,ZAMBIA,ÁFRICA,CEBAF - TUMBES,0
JUNIO,ZAMBIA,ÁFRICA,DESAGUADERO,0
JUNIO,ZAMBIA,ÁFRICA,KASANI,0
JUNIO,ZAMBIA,ÁFRICA,OTRAS OCM,0
JUNIO,ZAMBIA,ÁFRICA,SANTA ROSA,0
JUNIO,ZIMBABWE,ÁFRICA,AEROPUERTO INTERNACIONAL JORGE CHÁVEZ,11
JUNIO,ZIMBABWE,ÁFRICA,CEBAF - TUMBES,0
JUNIO,ZIMBABWE,ÁFRICA,DESAGUADERO,0
JUNIO,ZIMBABWE,ÁFRICA,KASANI,0
JUNIO,ZIMBABWE,ÁFRICA,OTRAS OCM,0
JUNIO,ZIMBABWE,ÁFRICA,SANTA ROSA,0
MARZO,AFGHANISTÁN,ASIA,AEROPUERTO INTERNACIONAL JORGE CHÁVEZ,4
MARZO,AFGHANISTÁN,ASIA,CEBAF - TUMBES,0
MARZO,AFGHANISTÁN,ASIA,DESAGUADERO,0
MARZO,AFGHANISTÁN,ASIA,KASANI,0
MARZO,AFGHANISTÁN,ASIA,OTRAS OCM,1
MARZO,AFGHANISTÁN,ASIA,SANTA ROSA,15
MARZO,ALBANIA,EUROPA,AEROPUERTO INTERNACIONAL JORGE CHÁVEZ,28
MARZO,ALBANIA,EUROPA,CEBAF - TUMBES,0
MARZO,ALBANIA,EUROPA,DESAGUADERO,1
MARZO,ALBANIA,EUROPA,KASANI,0
MARZO,ALBANIA,EUROPA,OTRAS OCM,0
MARZO,ALBANIA,EUROPA,SANTA ROSA,0
MARZO,ALEMANIA,EUROPA,AEROPUERTO INTERNACIONAL JORGE CHÁVEZ,26638
MARZO,ALEMANIA,EUROPA,CEBAF - TUMBES,696
MARZO,ALEMANIA,EUROPA,DESAGUADERO,1257
MARZO,ALEMANIA,EUROPA,KASANI,1589
MARZO,ALEMANIA,EUROPA,OTRAS OCM,3289
MARZO,ALEMANIA,EUROPA,SANTA ROSA,559
MARZO,ANDORRA,EUROPA,AEROPUERTO INTERNACIONAL JORGE CHÁVEZ,43
MARZO,ANDORRA,EUROPA,CEBAF - TUMBES,0
MARZO,ANDORRA,EUROPA,DESAGUADERO,0
MARZO,ANDORRA,EUROPA,KASANI,0
MARZO,ANDORRA,EUROPA,OTRAS OCM,0
MARZO,ANDORRA,EUROPA,SANTA ROSA,0
MARZO,ANGOLA,ÁFRICA,AEROPUERTO INTERNACIONAL JORGE CHÁVEZ,12
MARZO,ANGOLA,ÁFRICA,CEBAF - TUMBES,0
MARZO,ANGOLA,ÁFRICA,DESAGUADERO,0
MARZO,ANGOLA,ÁFRICA,KASANI,0
MARZO,ANGOLA,ÁFRICA,OTRAS OCM,0
MARZO,ANGOLA,ÁFRICA,SANTA ROSA,0
MARZO,ANT. BARBUDA,AMÉRICA CENTRAL,AEROPUERTO INTERNACIONAL JORGE CHÁVEZ,11
MARZO,ANT. BARBUDA,AMÉRICA CENTRAL,CEBAF - TUMBES,0
MARZO,ANT. BARBUDA,AMÉRICA CENTRAL,DESAGUADERO,0
MARZO,ANT. BARBUDA,AMÉRICA CENTRAL,KASANI,0
MARZO,ANT. BARBUDA,AMÉRICA CENTRAL,OTRAS OCM,1
MARZO,ANT. BARBUDA,AMÉRICA CENTRAL,SANTA ROSA,0
MARZO,ARABIA SAUDITA,ASIA,AEROPUERTO INTERNACIONAL JORGE CHÁVEZ,87
MARZO,ARABIA SAUDITA,ASIA,CEBAF - TUMBES,3
MARZO,ARABIA SAUDITA,ASIA,DESAGUADERO,2
MARZO,ARABIA SAUDITA,ASIA,KASANI,0
MARZO,ARABIA SAUDITA,ASIA,OTRAS OCM,0
MARZO,ARABIA SAUDITA,ASIA,SANTA ROSA,0
MARZO,ARGELIA,ÁFRICA,AEROPUERTO INTERNACIONAL JORGE CHÁVEZ,14
MARZO,ARGELIA,ÁFRICA,CEBAF - TUMBES,1
MARZO,ARGELIA,ÁFRICA,DESAGUADERO,0
MARZO,ARGELIA,ÁFRICA,KASANI,0
MARZO,ARGELIA,ÁFRICA,OTRAS OCM,0
MARZO,ARGELIA,ÁFRICA,SANTA ROSA,0
MARZO,ARGENTINA,AMÉRICA DEL SUR,AEROPUERTO INTERNACIONAL JORGE CHÁVEZ,46658
MARZO,ARGENTINA,AMÉRICA DEL SUR,CEBAF - TUMBES,759
MARZO,ARGENTINA,AMÉRICA DEL SUR,DESAGUADERO,1829
MARZO,ARGENTINA,AMÉRICA DEL SUR,KASANI,972
MARZO,ARGENTINA,AMÉRICA DEL SUR,OTRAS OCM,1540
MARZO,ARGENTINA,AMÉRICA DEL SUR,SANTA ROSA,3846
MARZO,ARMENIA,ASIA,AEROPUERTO INTERNACIONAL JORGE CHÁVEZ,54
MARZO,ARMENIA,ASIA,CEBAF - TUMBES,0
MARZO,ARMENIA,ASIA,DESAGUADERO,0
MARZO,ARMENIA,ASIA,KASANI,0
MARZO,ARMENIA,ASIA,OTRAS OCM,1
MARZO,ARMENIA,ASIA,SANTA ROSA,3
MARZO,ARUBA,AMÉRICA CENTRAL,AEROPUERTO INTERNACIONAL JORGE CHÁVEZ,66
MARZO,ARUBA,AMÉRICA CENTRAL,CEBAF - TUMBES,0
MARZO,ARUBA,AMÉRICA CENTRAL,DESAGUADERO,0
MARZO,ARUBA,AMÉRICA CENTRAL,KASANI,0
MARZO,ARUBA,AMÉRICA CENTRAL,OTRAS OCM,1
MARZO,ARUBA,AMÉRICA CENTRAL,SANTA ROSA,0
MARZO,AUSTRALIA,OCEANÍA,AEROPUERTO INTERNACIONAL JORGE CHÁVEZ,8434
MARZO,AUSTRALIA,OCEANÍA,CEBAF - TUMBES,121
MARZO,AUSTRALIA,OCEANÍA,DESAGUADERO,203
MARZO,AUSTRALIA,OCEANÍA,KASANI,287
MARZO,AUSTRALIA,OCEANÍA,OTRAS OCM,1876
MARZO,AUSTRALIA,OCEANÍA,SANTA ROSA,53
MARZO,AUSTRIA,EUROPA,AEROPUERTO INTERNACIONAL JORGE CHÁVEZ,2084
MARZO,AUSTRIA,EUROPA,CEBAF - TUMBES,59
MARZO,AUSTRIA,EUROPA,DESAGUADERO,96
MARZO,AUSTRIA,EUROPA,KASANI,122
MARZO,AUSTRIA,EUROPA,OTRAS OCM,248
MARZO,AUSTRIA,EUROPA,SANTA ROSA,41
MARZO,AZERBAIYÁN,ASIA,AEROPUERTO INTERNACIONAL JORGE CHÁVEZ,35
MARZO,AZERBAIYÁN,ASIA,CEBAF - TUMBES,0
MARZO,AZERBAIYÁN,ASIA,DESAGUADERO,2
MARZO,AZERBAIYÁN,ASIA,KASANI,0
MARZO,AZERBAIYÁN,ASIA,OTRAS OCM,1
MARZO,AZERBAIYÁN,ASIA,SANTA ROSA,0
MARZO,BAHAMAS,AMÉRICA CENTRAL,AEROPUERTO INTERNACIONAL JORGE CHÁVEZ,71
MARZO,BAHAMAS,AMÉRICA CENTRAL,CEBAF - TUMBES,2
MARZO,BAHAMAS,AMÉRICA CENTRAL,DESAGUADERO,0
MARZO,BAHAMAS,AMÉRICA CENTRAL,KASANI,0
MARZO,BAHAMAS,AMÉRICA CENTRAL,OTRAS OCM,4
MARZO,BAHAMAS,AMÉRICA CENTRAL,SANTA ROSA,0
MARZO,BAHRÉIN,ASIA,AEROPUERTO INTERNACIONAL JORGE CHÁVEZ,13
MARZO,BAHRÉIN,ASIA,CEBAF - TUMBES,0
MARZO,BAHRÉIN,ASIA,DESAGUADERO,0
MARZO,BAHRÉIN,ASIA,KASANI,0
MARZO,BAHRÉIN,ASIA,OTRAS OCM,0
MARZO,BAHRÉIN,ASIA,SANTA ROSA,0
MARZO,BANGLADESH,ASIA,AEROPUERTO INTERNACIONAL JORGE CHÁVEZ,38
MARZO,BANGLADESH,ASIA,CEBAF - TUMBES,0
MARZO,BANGLADESH,ASIA,DESAGUADERO,1
MARZO,BANGLADESH,ASIA,KASANI,0
MARZO,BANGLADESH,ASIA,OTRAS OCM,2
MARZO,BANGLADESH,ASIA,SANTA ROSA,0
MARZO,BARBADOS,AMÉRICA CENTRAL,AEROPUERTO INTERNACIONAL JORGE CHÁVEZ,73
MARZO,BARBADOS,AMÉRICA CENTRAL,CEBAF - TUMBES,0
MARZO,BARBADOS,AMÉRICA CENTRAL,DESAGUADERO,0
MARZO,BARBADOS,AMÉRICA CENTRAL,KASANI,0
MARZO,BARBADOS,AMÉRICA CENTRAL,OTRAS OCM,8
MARZO,BARBADOS,AMÉRICA CENTRAL,SANTA ROSA,1
MARZO,BELICE,AMÉRICA CENTRAL,AEROPUERTO INTERNACIONAL JORGE CHÁVEZ,222
MARZO,BELICE,AMÉRICA CENTRAL,CEBAF - TUMBES,1
MARZO,BELICE,AMÉRICA CENTRAL,DESAGUADERO,3
MARZO,BELICE,AMÉRICA CENTRAL,KASANI,1
MARZO,BELICE,AMÉRICA CENTRAL,OTRAS OCM,2
MARZO,BELICE,AMÉRICA CENTRAL,SANTA ROSA,0
MARZO,BELORUSIA,EUROPA,AEROPUERTO INTERNACIONAL JORGE CHÁVEZ,138
MARZO,BELORUSIA,EUROPA,CEBAF - TUMBES,2
MARZO,BELORUSIA,EUROPA,DESAGUADERO,6
MARZO,BELORUSIA,EUROPA,KASANI,1
MARZO,BELORUSIA,EUROPA,OTRAS OCM,8
MARZO,BELORUSIA,EUROPA,SANTA ROSA,4
MARZO,BENÍN,ÁFRICA,AEROPUERTO INTERNACIONAL JORGE CHÁVEZ,4
MARZO,BENÍN,ÁFRICA,CEBAF - TUMBES,0
MARZO,BENÍN,ÁFRICA,DESAGUADERO,0
MARZO,BENÍN,ÁFRICA,KASANI,0
MARZO,BENÍN,ÁFRICA,OTRAS OCM,0
MARZO,BENÍN,ÁFRICA,SANTA ROSA,0
MARZO,BERMUDAS,AMÉRICA CENTRAL,AEROPUERTO INTERNACIONAL JORGE CHÁVEZ,8
MARZO,BERMUDAS,AMÉRICA CENTRAL,CEBAF - TUMBES,0
MARZO,BERMUDAS,AMÉRICA CENTRAL,DESAGUADERO,0
MARZO,BERMUDAS,AMÉRICA CENTRAL,KASANI,0
MARZO,BERMUDAS,AMÉRICA CENTRAL,OTRAS OCM,0
MARZO,BERMUDAS,AMÉRICA CENTRAL,SANTA ROSA,0
MARZO,BHUTÁN,ASIA,AEROPUERTO INTERNACIONAL JORGE CHÁVEZ,1
MARZO,BHUTÁN,ASIA,CEBAF - TUMBES,0
MARZO,BHUTÁN,ASIA,DESAGUADERO,0
MARZO,BHUTÁN,ASIA,KASANI,0
MARZO,BHUTÁN,ASIA,OTRAS OCM,0
MARZO,BHUTÁN,ASIA,SANTA ROSA,0
MARZO,BOLIVIA,AMÉRICA DEL SUR,AEROPUERTO INTERNACIONAL JORGE CHÁVEZ,8837
MARZO,BOLIVIA,AMÉRICA DEL SUR,CEBAF - TUMBES,252
MARZO,BOLIVIA,AMÉRICA DEL SUR,DESAGUADERO,37384
MARZO,BOLIVIA,AMÉRICA DEL SUR,KASANI,4290
MARZO,BOLIVIA,AMÉRICA DEL SUR,OTRAS OCM,3030
MARZO,BOLIVIA,AMÉRICA DEL SUR,SANTA ROSA,13217
MARZO,BOSNIA Y HERZEGOVINA,EUROPA,AEROPUERTO INTERNACIONAL JORGE CHÁVEZ,30
MARZO,BOSNIA Y HERZEGOVINA,EUROPA,CEBAF - TUMBES,0
MARZO,BOSNIA Y HERZEGOVINA,EUROPA,DESAGUADERO,4
MARZO,BOSNIA Y HERZEGOVINA,EUROPA,KASANI,2
MARZO,BOSNIA Y HERZEGOVINA,EUROPA,OTRAS OCM,0
MARZO,BOSNIA Y HERZEGOVINA,EUROPA,SANTA ROSA,2
MARZO,BOTSWANA,ÁFRICA,AEROPUERTO INTERNACIONAL JORGE CHÁVEZ,3
MARZO,BOTSWANA,ÁFRICA,CEBAF - TUMBES,0
MARZO,BOTSWANA,ÁFRICA,DESAGUADERO,0
MARZO,BOTSWANA,ÁFRICA,KASANI,0
MARZO,BOTSWANA,ÁFRICA,OTRAS OCM,0
MARZO,BOTSWANA,ÁFRICA,SANTA ROSA,0
MARZO,BRASIL,AMÉRICA DEL SUR,AEROPUERTO INTERNACIONAL JORGE CHÁVEZ,41601
MARZO,BRASIL,AMÉRICA DEL SUR,CEBAF - TUMBES,114
MARZO,BRASIL,AMÉRICA DEL SUR,DESAGUADERO,565
MARZO,BRASIL,AMÉRICA DEL SUR,KASANI,516
MARZO,BRASIL,AMÉRICA DEL SUR,OTRAS OCM,5480
MARZO,BRASIL,AMÉRICA DEL SUR,SANTA ROSA,1909
MARZO,BRUNÉI,ASIA,AEROPUERTO INTERNACIONAL JORGE CHÁVEZ,2
MARZO,BRUNÉI,ASIA,CEBAF - TUMBES,0
MARZO,BRUNÉI,ASIA,DESAGUADERO,0
MARZO,BRUNÉI,ASIA,KASANI,0
MARZO,BRUNÉI,ASIA,OTRAS OCM,0
MARZO,BRUNÉI,ASIA,SANTA ROSA,0
MARZO,BULGARIA,EUROPA,AEROPUERTO INTERNACIONAL JORGE CHÁVEZ,746
MARZO,BULGARIA,EUROPA,CEBAF - TUMBES,18
MARZO,BULGARIA,EUROPA,DESAGUADERO,20
MARZO,BULGARIA,EUROPA,KASANI,13
MARZO,BULGARIA,EUROPA,OTRAS OCM,122
MARZO,BULGARIA,EUROPA,SANTA ROSA,4
MARZO,BURKINA FASO,ÁFRICA,AEROPUERTO INTERNACIONAL JORGE CHÁVEZ,2
MARZO,BURKINA FASO,ÁFRICA,CEBAF - TUMBES,0
MARZO,BURKINA FASO,ÁFRICA,DESAGUADERO,0
MARZO,BURKINA FASO,ÁFRICA,KASANI,0
MARZO,BURKINA FASO,ÁFRICA,OTRAS OCM,0
MARZO,BURKINA FASO,ÁFRICA,SANTA ROSA,0
MARZO,BURUNDI,ÁFRICA,AEROPUERTO INTERNACIONAL JORGE CHÁVEZ,1
MARZO,BURUNDI,ÁFRICA,CEBAF - TUMBES,1
MARZO,BURUNDI,ÁFRICA,DESAGUADERO,0
MARZO,BURUNDI,ÁFRICA,KASANI,0
MARZO,BURUNDI,ÁFRICA,OTRAS OCM,0
MARZO,BURUNDI,ÁFRICA,SANTA ROSA,0
MARZO,BÉLGICA,EUROPA,AEROPUERTO INTERNACIONAL JORGE CHÁVEZ,3213
MARZO,BÉLGICA,EUROPA,CEBAF - TUMBES,93
MARZO,BÉLGICA,EUROPA,DESAGUADERO,114
MARZO,BÉLGICA,EUROPA,KASANI,180
MARZO,BÉLGICA,EUROPA,OTRAS OCM,198
MARZO,BÉLGICA,EUROPA,SANTA ROSA,77
MARZO,CABO VERDE,ÁFRICA,AEROPUERTO INTERNACIONAL JORGE CHÁVEZ,5
MARZO,CABO VERDE,ÁFRICA,CEBAF - TUMBES,0
MARZO,CABO VERDE,ÁFRICA,DESAGUADERO,0
MARZO,CABO VERDE,ÁFRICA,KASANI,0
MARZO,CABO VERDE,ÁFRICA,OTRAS OCM,4
MARZO,CABO VERDE,ÁFRICA,SANTA ROSA,0
MARZO,CAMBOYA,ASIA,AEROPUERTO INTERNACIONAL JORGE CHÁVEZ,2
MARZO,CAMBOYA,ASIA,CEBAF - TUMBES,0
MARZO,CAMBOYA,ASIA,DESAGUADERO,0
MARZO,CAMBOYA,ASIA,KASANI,0
MARZO,CAMBOYA,ASIA,OTRAS OCM,0
MARZO,CAMBOYA,ASIA,SANTA ROSA,0
MARZO,CAMERÚN,ÁFRICA,AEROPUERTO INTERNACIONAL JORGE CHÁVEZ,16
MARZO,CAMERÚN,ÁFRICA,CEBAF - TUMBES,1
MARZO,CAMERÚN,ÁFRICA,DESAGUADERO,0
MARZO,CAMERÚN,ÁFRICA,KASANI,0
MARZO,CAMERÚN,ÁFRICA,OTRAS OCM,0
MARZO,CAMERÚN,ÁFRICA,SANTA ROSA,1
MARZO,CANADÁ,AMÉRICA DEL NORTE,AEROPUERTO INTERNACIONAL JORGE CHÁVEZ,31346
MARZO,CANADÁ,AMÉRICA DEL NORTE,CEBAF - TUMBES,290
MARZO,CANADÁ,AMÉRICA DEL NORTE,DESAGUADERO,270
MARZO,CANADÁ,AMÉRICA DEL NORTE,KASANI,289
MARZO,CANADÁ,AMÉRICA DEL NORTE,OTRAS OCM,4302
MARZO,CANADÁ,AMÉRICA DEL NORTE,SANTA ROSA,170
MARZO,CEYLÁN,ASIA,AEROPUERTO INTERNACIONAL JORGE CHÁVEZ,0
MARZO,CEYLÁN,ASIA,CEBAF - TUMBES,0
MARZO,CEYLÁN,ASIA,DESAGUADERO,0
MARZO,CEYLÁN,ASIA,KASANI,0
MARZO,CEYLÁN,ASIA,OTRAS OCM,0
MARZO,CEYLÁN,ASIA,SANTA ROSA,0
MARZO,CHAD,ÁFRICA,AEROPUERTO INTERNACIONAL JORGE CHÁVEZ,4
MARZO,CHAD,ÁFRICA,CEBAF - TUMBES,0
MARZO,CHAD,ÁFRICA,DESAGUADERO,0
MARZO,CHAD,ÁFRICA,KASANI,0
MARZO,CHAD,ÁFRICA,OTRAS OCM,0
MARZO,CHAD,ÁFRICA,SANTA ROSA,0
MARZO,CHILE,AMÉRICA DEL SUR,AEROPUERTO INTERNACIONAL JORGE CHÁVEZ,85781
MARZO,CHILE,AMÉRICA DEL SUR,CEBAF - TUMBES,2427
MARZO,CHILE,AMÉRICA DEL SUR,DESAGUADERO,699
MARZO,CHILE,AMÉRICA DEL SUR,KASANI,430
MARZO,CHILE,AMÉRICA DEL SUR,OTRAS OCM,8712
MARZO,CHILE,AMÉRICA DEL SUR,SANTA ROSA,405629
MARZO,CHINA (R.P),ASIA,AEROPUERTO INTERNACIONAL JORGE CHÁVEZ,14794
MARZO,CHINA (R.P),ASIA,CEBAF - TUMBES,75
MARZO,CHINA (R.P),ASIA,DESAGUADERO,151
MARZO,CHINA (R.P),ASIA,KASANI,108
MARZO,CHINA (R.P),ASIA,OTRAS OCM,1028
MARZO,CHINA (R.P),ASIA,SANTA ROSA,145
MARZO,CHIPRE,EUROPA,AEROPUERTO INTERNACIONAL JORGE CHÁVEZ,97
MARZO,CHIPRE,EUROPA,CEBAF - TUMBES,0
MARZO,CHIPRE,EUROPA,DESAGUADERO,4
MARZO,CHIPRE,EUROPA,KASANI,2
MARZO,CHIPRE,EUROPA,OTRAS OCM,12
MARZO,CHIPRE,EUROPA,SANTA ROSA,2
MARZO,COLOMBIA,AMÉRICA DEL SUR,AEROPUERTO INTERNACIONAL JORGE CHÁVEZ,53354
MARZO,COLOMBIA,AMÉRICA DEL SUR,CEBAF - TUMBES,10467
MARZO,COLOMBIA,AMÉRICA DEL SUR,DESAGUADERO,966
MARZO,COLOMBIA,AMÉRICA DEL SUR,KASANI,350
MARZO,COLOMBIA,AMÉRICA DEL SUR,OTRAS OCM,5192
MARZO,COLOMBIA,AMÉRICA DEL SUR,SANTA ROSA,5314
MARZO,COMORAS (ISL),ÁFRICA,AEROPUERTO INTERNACIONAL JORGE CHÁVEZ,0
MARZO,COMORAS (ISL),ÁFRICA,CEBAF - TUMBES,0
MARZO,COMORAS (ISL),ÁFRICA,DESAGUADERO,0
MARZO,COMORAS (ISL),ÁFRICA,KASANI,0
MARZO,COMORAS (ISL),ÁFRICA,OTRAS OCM,0
MARZO,COMORAS (ISL),ÁFRICA,SANTA ROSA,0
MARZO,CONGO,ÁFRICA,AEROPUERTO INTERNACIONAL JORGE CHÁVEZ,3
MARZO,CONGO,ÁFRICA,CEBAF - TUMBES,1
MARZO,CONGO,ÁFRICA,DESAGUADERO,0
MARZO,CONGO,ÁFRICA,KASANI,0
MARZO,CONGO,ÁFRICA,OTRAS OCM,0
MARZO,CONGO,ÁFRICA,SANTA ROSA,0
MARZO,COREA DEL NORTE,ASIA,AEROPUERTO INTERNACIONAL JORGE CHÁVEZ,3
MARZO,COREA DEL NORTE,ASIA,CEBAF - TUMBES,0
MARZO,COREA DEL NORTE,ASIA,DESAGUADERO,0
MARZO,COREA DEL NORTE,ASIA,KASANI,0
MARZO,COREA DEL NORTE,ASIA,OTRAS OCM,0
MARZO,COREA DEL NORTE,ASIA,SANTA ROSA,0
MARZO,COREA DEL SUR,ASIA,AEROPUERTO INTERNACIONAL JORGE CHÁVEZ,8642
MARZO,COREA DEL SUR,ASIA,CEBAF - TUMBES,92
MARZO,COREA DEL SUR,ASIA,DESAGUADERO,140
MARZO,COREA DEL SUR,ASIA,KASANI,118
MARZO,COREA DEL SUR,ASIA,OTRAS OCM,407
MARZO,COREA DEL SUR,ASIA,SANTA ROSA,40
MARZO,COSTA MARFIL,ÁFRICA,AEROPUERTO INTERNACIONAL JORGE CHÁVEZ,6
MARZO,COSTA MARFIL,ÁFRICA,CEBAF - TUMBES,0
MARZO,COSTA MARFIL,ÁFRICA,DESAGUADERO,0
MARZO,COSTA MARFIL,ÁFRICA,KASANI,0
MARZO,COSTA MARFIL,ÁFRICA,OTRAS OCM,0
MARZO,COSTA MARFIL,ÁFRICA,SANTA ROSA,0
MARZO,COSTA RICA,AMÉRICA CENTRAL,AEROPUERTO INTERNACIONAL JORGE CHÁVEZ,6864
MARZO,COSTA RICA,AMÉRICA CENTRAL,CEBAF - TUMBES,26
MARZO,COSTA RICA,AMÉRICA CENTRAL,DESAGUADERO,61
MARZO,COSTA RICA,AMÉRICA CENTRAL,KASANI,26
MARZO,COSTA RICA,AMÉRICA CENTRAL,OTRAS OCM,275
MARZO,COSTA RICA,AMÉRICA CENTRAL,SANTA ROSA,25
MARZO,CROACIA,EUROPA,AEROPUERTO INTERNACIONAL JORGE CHÁVEZ,427
MARZO,CROACIA,EUROPA,CEBAF - TUMBES,4
MARZO,CROACIA,EUROPA,DESAGUADERO,16
MARZO,CROACIA,EUROPA,KASANI,9
MARZO,CROACIA,EUROPA,OTRAS OCM,53
MARZO,CROACIA,EUROPA,SANTA ROSA,2
MARZO,CUBA,AMÉRICA CENTRAL,AEROPUERTO INTERNACIONAL JORGE CHÁVEZ,2183
MARZO,CUBA,AMÉRICA CENTRAL,CEBAF - TUMBES,17
MARZO,CUBA,AMÉRICA CENTRAL,DESAGUADERO,3
MARZO,CUBA,AMÉRICA CENTRAL,KASANI,0
MARZO,CUBA,AMÉRICA CENTRAL,OTRAS OCM,21
MARZO,CUBA,AMÉRICA CENTRAL,SANTA ROSA,45
MARZO,DEMOC. REP. CONGO (ZAIRE),ÁFRICA,AEROPUERTO INTERNACIONAL JORGE CHÁVEZ,2
MARZO,DEMOC. REP. CONGO (ZAIRE),ÁFRICA,CEBAF - TUMBES,0
MARZO,DEMOC. REP. CONGO (ZAIRE),ÁFRICA,DESAGUADERO,0
MARZO,DEMOC. REP. CONGO (ZAIRE),ÁFRICA,KASANI,0
MARZO,DEMOC. REP. CONGO (ZAIRE),ÁFRICA,OTRAS OCM,0
MARZO,DEMOC. REP. CONGO (ZAIRE),ÁFRICA,SANTA ROSA,0
MARZO,DINAMARCA,EUROPA,AEROPUERTO INTERNACIONAL JORGE CHÁVEZ,2891
MARZO,DINAMARCA,EUROPA,CEBAF - TUMBES,392
MARZO,DINAMARCA,EUROPA,DESAGUADERO,189
MARZO,DINAMARCA,EUROPA,KASANI,276
MARZO,DINAMARCA,EUROPA,OTRAS OCM,325
MARZO,DINAMARCA,EUROPA,SANTA ROSA,31
MARZO,DJIBOUTI,ÁFRICA,AEROPUERTO INTERNACIONAL JORGE CHÁVEZ,0
MARZO,DJIBOUTI,ÁFRICA,CEBAF - TUMBES,0
MARZO,DJIBOUTI,ÁFRICA,DESAGUADERO,0
MARZO,DJIBOUTI,ÁFRICA,KASANI,0
MARZO,DJIBOUTI,ÁFRICA,OTRAS OCM,0
MARZO,DJIBOUTI,ÁFRICA,SANTA ROSA,0
MARZO,DOMINICA,AMÉRICA CENTRAL,AEROPUERTO INTERNACIONAL JORGE CHÁVEZ,35
MARZO,DOMINICA,AMÉRICA CENTRAL,CEBAF - TUMBES,0
MARZO,DOMINICA,AMÉRICA CENTRAL,DESAGUADERO,0
MARZO,DOMINICA,AMÉRICA CENTRAL,KASANI,0
MARZO,DOMINICA,AMÉRICA CENTRAL,OTRAS OCM,7
MARZO,DOMINICA,AMÉRICA CENTRAL,SANTA ROSA,0
MARZO,ECUADOR,AMÉRICA DEL SUR,AEROPUERTO INTERNACIONAL JORGE CHÁVEZ,22199
MARZO,ECUADOR,AMÉRICA DEL SUR,CEBAF - TUMBES,99479
MARZO,ECUADOR,AMÉRICA DEL SUR,DESAGUADERO,648
MARZO,ECUADOR,AMÉRICA DEL SUR,KASANI,241
MARZO,ECUADOR,AMÉRICA DEL SUR,OTRAS OCM,15723
MARZO,ECUADOR,AMÉRICA DEL SUR,SANTA ROSA,4109
MARZO,EE.UU,AMÉRICA DEL NORTE,AEROPUERTO INTERNACIONAL JORGE CHÁVEZ,254226
MARZO,EE.UU,AMÉRICA DEL NORTE,CEBAF - TUMBES,935
MARZO,EE.UU,AMÉRICA DEL NORTE,DESAGUADERO,402
MARZO,EE.UU,AMÉRICA DEL NORTE,KASANI,353
MARZO,EE.UU,AMÉRICA DEL NORTE,OTRAS OCM,14589
MARZO,EE.UU,AMÉRICA DEL NORTE,SANTA ROSA,590
MARZO,EGIPTO,ÁFRICA,AEROPUERTO INTERNACIONAL JORGE CHÁVEZ,104
MARZO,EGIPTO,ÁFRICA,CEBAF - TUMBES,9
MARZO,EGIPTO,ÁFRICA,DESAGUADERO,2
MARZO,EGIPTO,ÁFRICA,KASANI,0
MARZO,EGIPTO,ÁFRICA,OTRAS OCM,12
MARZO,EGIPTO,ÁFRICA,SANTA ROSA,0
MARZO,EL SALVADOR,AMÉRICA CENTRAL,AEROPUERTO INTERNACIONAL JORGE CHÁVEZ,2073
MARZO,EL SALVADOR,AMÉRICA CENTRAL,CEBAF - TUMBES,6
MARZO,EL SALVADOR,AMÉRICA CENTRAL,DESAGUADERO,4
MARZO,EL SALVADOR,AMÉRICA CENTRAL,KASANI,3
MARZO,EL SALVADOR,AMÉRICA CENTRAL,OTRAS OCM,117
MARZO,EL SALVADOR,AMÉRICA CENTRAL,SANTA ROSA,9
MARZO,EMIRATOS ÁRABES UNIDOS,ASIA,AEROPUERTO INTERNACIONAL JORGE CHÁVEZ,106
MARZO,EMIRATOS ÁRABES UNIDOS,ASIA,CEBAF - TUMBES,0
MARZO,EMIRATOS ÁRABES UNIDOS,ASIA,DESAGUADERO,0
MARZO,EMIRATOS ÁRABES UNIDOS,ASIA,KASANI,0
MARZO,EMIRATOS ÁRABES UNIDOS,ASIA,OTRAS OCM,4
MARZO,EMIRATOS ÁRABES UNIDOS,ASIA,SANTA ROSA,0
MARZO,ERITREA,ÁFRICA,AEROPUERTO INTERNACIONAL JORGE CHÁVEZ,4
MARZO,ERITREA,ÁFRICA,CEBAF - TUMBES,0
MARZO,ERITREA,ÁFRICA,DESAGUADERO,0
MARZO,ERITREA,ÁFRICA,KASANI,0
MARZO,ERITREA,ÁFRICA,OTRAS OCM,0
MARZO,ERITREA,ÁFRICA,SANTA ROSA,1
MARZO,ESLOVAQUIA,EUROPA,AEROPUERTO INTERNACIONAL JORGE CHÁVEZ,766
MARZO,ESLOVAQUIA,EUROPA,CEBAF - TUMBES,7
MARZO,ESLOVAQUIA,EUROPA,DESAGUADERO,47
MARZO,ESLOVAQUIA,EUROPA,KASANI,44
MARZO,ESLOVAQUIA,EUROPA,OTRAS OCM,26
MARZO,ESLOVAQUIA,EUROPA,SANTA ROSA,7
MARZO,ESLOVENIA,EUROPA,AEROPUERTO INTERNACIONAL JORGE CHÁVEZ,212
MARZO,ESLOVENIA,EUROPA,CEBAF - TUMBES,7
MARZO,ESLOVENIA,EUROPA,DESAGUADERO,16
MARZO,ESLOVENIA,EUROPA,KASANI,14
MARZO,ESLOVENIA,EUROPA,OTRAS OCM,16
MARZO,ESLOVENIA,EUROPA,SANTA ROSA,4
MARZO,ESPAÑA,EUROPA,AEROPUERTO INTERNACIONAL JORGE CHÁVEZ,48541
MARZO,ESPAÑA,EUROPA,CEBAF - TUMBES,446
MARZO,ESPAÑA,EUROPA,DESAGUADERO,475
MARZO,ESPAÑA,EUROPA,KASANI,577
MARZO,ESPAÑA,EUROPA,OTRAS OCM,681
MARZO,ESPAÑA,EUROPA,SANTA ROSA,368
MARZO,ESTONIA,EUROPA,AEROPUERTO INTERNACIONAL JORGE CHÁVEZ,222
MARZO,ESTONIA,EUROPA,CEBAF - TUMBES,2
MARZO,ESTONIA,EUROPA,DESAGUADERO,9
MARZO,ESTONIA,EUROPA,KASANI,2
MARZO,ESTONIA,EUROPA,OTRAS OCM,30
MARZO,ESTONIA,EUROPA,SANTA ROSA,1
MARZO,ETIOPÍA,ÁFRICA,AEROPUERTO INTERNACIONAL JORGE CHÁVEZ,12
MARZO,ETIOPÍA,ÁFRICA,CEBAF - TUMBES,0
MARZO,ETIOPÍA,ÁFRICA,DESAGUADERO,0
MARZO,ETIOPÍA,ÁFRICA,KASANI,0
MARZO,ETIOPÍA,ÁFRICA,OTRAS OCM,4
MARZO,ETIOPÍA,ÁFRICA,SANTA ROSA,0
MARZO,EX R. YUG. MACEDONIA,EUROPA,AEROPUERTO INTERNACIONAL JORGE CHÁVEZ,42
MARZO,EX R. YUG. MACEDONIA,EUROPA,CEBAF - TUMBES,0
MARZO,EX R. YUG. MACEDONIA,EUROPA,DESAGUADERO,0
MARZO,EX R. YUG. MACEDONIA,EUROPA,KASANI,0
MARZO,EX R. YUG. MACEDONIA,EUROPA,OTRAS OCM,4
MARZO,EX R. YUG. MACEDONIA,EUROPA,SANTA ROSA,0
MARZO,FIJI,OCEANÍA,AEROPUERTO INTERNACIONAL JORGE CHÁVEZ,5
MARZO,FIJI,OCEANÍA,CEBAF - TUMBES,0
MARZO,FIJI,OCEANÍA,DESAGUADERO,0
MARZO,FIJI,OCEANÍA,KASANI,0
MARZO,FIJI,OCEANÍA,OTRAS OCM,6
MARZO,FIJI,OCEANÍA,SANTA ROSA,0
MARZO,FILIPINAS,ASIA,AEROPUERTO INTERNACIONAL JORGE CHÁVEZ,1445
MARZO,FILIPINAS,ASIA,CEBAF - TUMBES,2
MARZO,FILIPINAS,ASIA,DESAGUADERO,7
MARZO,FILIPINAS,ASIA,KASANI,4
MARZO,FILIPINAS,ASIA,OTRAS OCM,720
MARZO,FILIPINAS,ASIA,SANTA ROSA,3
MARZO,FINLANDIA,EUROPA,AEROPUERTO INTERNACIONAL JORGE CHÁVEZ,723
MARZO,FINLANDIA,EUROPA,CEBAF - TUMBES,16
MARZO,FINLANDIA,EUROPA,DESAGUADERO,23
MARZO,FINLANDIA,EUROPA,KASANI,34
MARZO,FINLANDIA,EUROPA,OTRAS OCM,55
MARZO,FINLANDIA,EUROPA,SANTA ROSA,20
MARZO,FRANCIA,EUROPA,AEROPUERTO INTERNACIONAL JORGE CHÁVEZ,21692
MARZO,FRANCIA,EUROPA,CEBAF - TUMBES,701
MARZO,FRANCIA,EUROPA,DESAGUADERO,1277
MARZO,FRANCIA,EUROPA,KASANI,1562
MARZO,FRANCIA,EUROPA,OTRAS OCM,1242
MARZO,FRANCIA,EUROPA,SANTA ROSA,598
MARZO,GABÓN,ÁFRICA,AEROPUERTO INTERNACIONAL JORGE CHÁVEZ,1
MARZO,GABÓN,ÁFRICA,CEBAF - TUMBES,0
MARZO,GABÓN,ÁFRICA,DESAGUADERO,0
MARZO,GABÓN,ÁFRICA,KASANI,0
MARZO,GABÓN,ÁFRICA,OTRAS OCM,0
MARZO,GABÓN,ÁFRICA,SANTA ROSA,0
MARZO,GAMBIA,ÁFRICA,AEROPUERTO INTERNACIONAL JORGE CHÁVEZ,1
MARZO,GAMBIA,ÁFRICA,CEBAF - TUMBES,0
MARZO,GAMBIA,ÁFRICA,DESAGUADERO,0
MARZO,GAMBIA,ÁFRICA,KASANI,0
MARZO,GAMBIA,ÁFRICA,OTRAS OCM,0
MARZO,GAMBIA,ÁFRICA,SANTA ROSA,0
MARZO,GEORGIA,ASIA,AEROPUERTO INTERNACIONAL JORGE CHÁVEZ,54
MARZO,GEORGIA,ASIA,CEBAF - TUMBES,0
MARZO,GEORGIA,ASIA,DESAGUADERO,1
MARZO,GEORGIA,ASIA,KASANI,0
MARZO,GEORGIA,ASIA,OTRAS OCM,11
MARZO,GEORGIA,ASIA,SANTA ROSA,0
MARZO,GHANA,ÁFRICA,AEROPUERTO INTERNACIONAL JORGE CHÁVEZ,16
MARZO,GHANA,ÁFRICA,CEBAF - TUMBES,1
MARZO,GHANA,ÁFRICA,DESAGUADERO,0
MARZO,GHANA,ÁFRICA,KASANI,0
MARZO,GHANA,ÁFRICA,OTRAS OCM,4
MARZO,GHANA,ÁFRICA,SANTA ROSA,0
MARZO,GRANADA,AMÉRICA CENTRAL,AEROPUERTO INTERNACIONAL JORGE CHÁVEZ,42
MARZO,GRANADA,AMÉRICA CENTRAL,CEBAF - TUMBES,2
MARZO,GRANADA,AMÉRICA CENTRAL,DESAGUADERO,0
MARZO,GRANADA,AMÉRICA CENTRAL,KASANI,5
MARZO,GRANADA,AMÉRICA CENTRAL,OTRAS OCM,2
MARZO,GRANADA,AMÉRICA CENTRAL,SANTA ROSA,2
MARZO,GRECIA,EUROPA,AEROPUERTO INTERNACIONAL JORGE CHÁVEZ,1056
MARZO,GRECIA,EUROPA,CEBAF - TUMBES,2
MARZO,GRECIA,EUROPA,DESAGUADERO,34
MARZO,GRECIA,EUROPA,KASANI,54
MARZO,GRECIA,EUROPA,OTRAS OCM,66
MARZO,GRECIA,EUROPA,SANTA ROSA,8
MARZO,GROENLANDIA,EUROPA,AEROPUERTO INTERNACIONAL JORGE CHÁVEZ,1
MARZO,GROENLANDIA,EUROPA,CEBAF - TUMBES,0
MARZO,GROENLANDIA,EUROPA,DESAGUADERO,0
MARZO,GROENLANDIA,EUROPA,KASANI,0
MARZO,GROENLANDIA,EUROPA,OTRAS OCM,0
MARZO,GROENLANDIA,EUROPA,SANTA ROSA,0
MARZO,GUATEMALA,AMÉRICA CENTRAL,AEROPUERTO INTERNACIONAL JORGE CHÁVEZ,3053
MARZO,GUATEMALA,AMÉRICA CENTRAL,CEBAF - TUMBES,13
MARZO,GUATEMALA,AMÉRICA CENTRAL,DESAGUADERO,11
MARZO,GUATEMALA,AMÉRICA CENTRAL,KASANI,6
MARZO,GUATEMALA,AMÉRICA CENTRAL,OTRAS OCM,51
MARZO,GUATEMALA,AMÉRICA CENTRAL,SANTA ROSA,17
MARZO,GUINEA,ÁFRICA,AEROPUERTO INTERNACIONAL JORGE CHÁVEZ,1
MARZO,GUINEA,ÁFRICA,CEBAF - TUMBES,1
MARZO,GUINEA,ÁFRICA,DESAGUADERO,0
MARZO,GUINEA,ÁFRICA,KASANI,1
MARZO,GUINEA,ÁFRICA,OTRAS OCM,0
MARZO,GUINEA,ÁFRICA,SANTA ROSA,0
MARZO,GUINEA BISSAU,ÁFRICA,AEROPUERTO INTERNACIONAL JORGE CHÁVEZ,1
MARZO,GUINEA BISSAU,ÁFRICA,CEBAF - TUMBES,0
MARZO,GUINEA BISSAU,ÁFRICA,DESAGUADERO,0
MARZO,GUINEA BISSAU,ÁFRICA,KASANI,0
MARZO,GUINEA BISSAU,ÁFRICA,OTRAS OCM,0
MARZO,GUINEA BISSAU,ÁFRICA,SANTA ROSA,0
MARZO,GUINEA ECUATORIAL,ÁFRICA,AEROPUERTO INTERNACIONAL JORGE CHÁVEZ,0
MARZO,GUINEA ECUATORIAL,ÁFRICA,CEBAF - TUMBES,0
MARZO,GUINEA ECUATORIAL,ÁFRICA,DESAGUADERO,0
MARZO,GUINEA ECUATORIAL,ÁFRICA,KASANI,0
MARZO,GUINEA ECUATORIAL,ÁFRICA,OTRAS OCM,0
MARZO,GUINEA ECUATORIAL,ÁFRICA,SANTA ROSA,0
MARZO,GUYANA,AMÉRICA DEL SUR,AEROPUERTO INTERNACIONAL JORGE CHÁVEZ,51
MARZO,GUYANA,AMÉRICA DEL SUR,CEBAF - TUMBES,3
MARZO,GUYANA,AMÉRICA DEL SUR,DESAGUADERO,0
MARZO,GUYANA,AMÉRICA DEL SUR,KASANI,0
MARZO,GUYANA,AMÉRICA DEL SUR,OTRAS OCM,2
MARZO,GUYANA,AMÉRICA DEL SUR,SANTA ROSA,0
MARZO,HAITÍ,AMÉRICA CENTRAL,AEROPUERTO INTERNACIONAL JORGE CHÁVEZ,100
MARZO,HAITÍ,AMÉRICA CENTRAL,CEBAF - TUMBES,2
MARZO,HAITÍ,AMÉRICA CENTRAL,DESAGUADERO,0
MARZO,HAITÍ,AMÉRICA CENTRAL,KASANI,0
MARZO,HAITÍ,AMÉRICA CENTRAL,OTRAS OCM,0
MARZO,HAITÍ,AMÉRICA CENTRAL,SANTA ROSA,25
MARZO,HONDURAS,AMÉRICA CENTRAL,AEROPUERTO INTERNACIONAL JORGE CHÁVEZ,1525
MARZO,HONDURAS,AMÉRICA CENTRAL,CEBAF - TUMBES,15
MARZO,HONDURAS,AMÉRICA CENTRAL,DESAGUADERO,3
MARZO,HONDURAS,AMÉRICA CENTRAL,KASANI,4
MARZO,HONDURAS,AMÉRICA CENTRAL,OTRAS OCM,34
MARZO,HONDURAS,AMÉRICA CENTRAL,SANTA ROSA,18
MARZO,HONG KONG,ASIA,AEROPUERTO INTERNACIONAL JORGE CHÁVEZ,1528
MARZO,HONG KONG,ASIA,CEBAF - TUMBES,2
MARZO,HONG KONG,ASIA,DESAGUADERO,45
MARZO,HONG KONG,ASIA,KASANI,21
MARZO,HONG KONG,ASIA,OTRAS OCM,166
MARZO,HONG KONG,ASIA,SANTA ROSA,10
MARZO,HUNGRÍA,EUROPA,AEROPUERTO INTERNACIONAL JORGE CHÁVEZ,1206
MARZO,HUNGRÍA,EUROPA,CEBAF - TUMBES,9
MARZO,HUNGRÍA,EUROPA,DESAGUADERO,22
MARZO,HUNGRÍA,EUROPA,KASANI,53
MARZO,HUNGRÍA,EUROPA,OTRAS OCM,63
MARZO,HUNGRÍA,EUROPA,SANTA ROSA,15
MARZO,INDIA,ASIA,AEROPUERTO INTERNACIONAL JORGE CHÁVEZ,3401
MARZO,INDIA,ASIA,CEBAF - TUMBES,6
MARZO,INDIA,ASIA,DESAGUADERO,13
MARZO,INDIA,ASIA,KASANI,20
MARZO,INDIA,ASIA,OTRAS OCM,455
MARZO,INDIA,ASIA,SANTA ROSA,30
MARZO,INDONESIA,ASIA,AEROPUERTO INTERNACIONAL JORGE CHÁVEZ,597
MARZO,INDONESIA,ASIA,CEBAF - TUMBES,3
MARZO,INDONESIA,ASIA,DESAGUADERO,0
MARZO,INDONESIA,ASIA,KASANI,0
MARZO,INDONESIA,ASIA,OTRAS OCM,241
MARZO,INDONESIA,ASIA,SANTA ROSA,7
MARZO,IRAK,ASIA,AEROPUERTO INTERNACIONAL JORGE CHÁVEZ,2
MARZO,IRAK,ASIA,CEBAF - TUMBES,0
MARZO,IRAK,ASIA,DESAGUADERO,0
MARZO,IRAK,ASIA,KASANI,0
MARZO,IRAK,ASIA,OTRAS OCM,0
MARZO,IRAK,ASIA,SANTA ROSA,0
MARZO,IRLANDA,EUROPA,AEROPUERTO INTERNACIONAL JORGE CHÁVEZ,1699
MARZO,IRLANDA,EUROPA,CEBAF - TUMBES,104
MARZO,IRLANDA,EUROPA,DESAGUADERO,71
MARZO,IRLANDA,EUROPA,KASANI,209
MARZO,IRLANDA,EUROPA,OTRAS OCM,245
MARZO,IRLANDA,EUROPA,SANTA ROSA,15
MARZO,IRÁN,ASIA,AEROPUERTO INTERNACIONAL JORGE CHÁVEZ,299
MARZO,IRÁN,ASIA,CEBAF - TUMBES,2
MARZO,IRÁN,ASIA,DESAGUADERO,0
MARZO,IRÁN,ASIA,KASANI,2
MARZO,IRÁN,ASIA,OTRAS OCM,7
MARZO,IRÁN,ASIA,SANTA ROSA,3
MARZO,ISLAND MARSHALL,OCEANÍA,AEROPUERTO INTERNACIONAL JORGE CHÁVEZ,3
MARZO,ISLAND MARSHALL,OCEANÍA,CEBAF - TUMBES,0
MARZO,ISLAND MARSHALL,OCEANÍA,DESAGUADERO,0
MARZO,ISLAND MARSHALL,OCEANÍA,KASANI,0
MARZO,ISLAND MARSHALL,OCEANÍA,OTRAS OCM,0
MARZO,ISLAND MARSHALL,OCEANÍA,SANTA ROSA,0
MARZO,ISLANDIA,EUROPA,AEROPUERTO INTERNACIONAL JORGE CHÁVEZ,208
MARZO,ISLANDIA,EUROPA,CEBAF - TUMBES,7
MARZO,ISLANDIA,EUROPA,DESAGUADERO,2
MARZO,ISLANDIA,EUROPA,KASANI,5
MARZO,ISLANDIA,EUROPA,OTRAS OCM,11
MARZO,ISLANDIA,EUROPA,SANTA ROSA,2
MARZO,ISRAEL,ASIA,AEROPUERTO INTERNACIONAL JORGE CHÁVEZ,10773
MARZO,ISRAEL,ASIA,CEBAF - TUMBES,145
MARZO,ISRAEL,ASIA,DESAGUADERO,623
MARZO,ISRAEL,ASIA,KASANI,204
MARZO,ISRAEL,ASIA,OTRAS OCM,516
MARZO,ISRAEL,ASIA,SANTA ROSA,66
MARZO,ITALIA,EUROPA,AEROPUERTO INTERNACIONAL JORGE CHÁVEZ,15831
MARZO,ITALIA,EUROPA,CEBAF - TUMBES,234
MARZO,ITALIA,EUROPA,DESAGUADERO,247
MARZO,ITALIA,EUROPA,KASANI,257
MARZO,ITALIA,EUROPA,OTRAS OCM,399
MARZO,ITALIA,EUROPA,SANTA ROSA,132
MARZO,JAMAICA,AMÉRICA CENTRAL,AEROPUERTO INTERNACIONAL JORGE CHÁVEZ,327
MARZO,JAMAICA,AMÉRICA CENTRAL,CEBAF - TUMBES,2
MARZO,JAMAICA,AMÉRICA CENTRAL,DESAGUADERO,0
MARZO,JAMAICA,AMÉRICA CENTRAL,KASANI,0
MARZO,JAMAICA,AMÉRICA CENTRAL,OTRAS OCM,14
MARZO,JAMAICA,AMÉRICA CENTRAL,SANTA ROSA,0
MARZO,JAPÓN,ASIA,AEROPUERTO INTERNACIONAL JORGE CHÁVEZ,10871
MARZO,JAPÓN,ASIA,CEBAF - TUMBES,85
MARZO,JAPÓN,ASIA,DESAGUADERO,389
MARZO,JAPÓN,ASIA,KASANI,234
MARZO,JAPÓN,ASIA,OTRAS OCM,945
MARZO,JAPÓN,ASIA,SANTA ROSA,59
MARZO,JORDANIA,ASIA,AEROPUERTO INTERNACIONAL JORGE CHÁVEZ,47
MARZO,JORDANIA,ASIA,CEBAF - TUMBES,0
MARZO,JORDANIA,ASIA,DESAGUADERO,2
MARZO,JORDANIA,ASIA,KASANI,0
MARZO,JORDANIA,ASIA,OTRAS OCM,1
MARZO,JORDANIA,ASIA,SANTA ROSA,0
MARZO,KATAR,ASIA,AEROPUERTO INTERNACIONAL JORGE CHÁVEZ,21
MARZO,KATAR,ASIA,CEBAF - TUMBES,0
MARZO,KATAR,ASIA,DESAGUADERO,0
MARZO,KATAR,ASIA,KASANI,0
MARZO,KATAR,ASIA,OTRAS OCM,0
MARZO,KATAR,ASIA,SANTA ROSA,0
MARZO,KAZAJSTÁN,ASIA,AEROPUERTO INTERNACIONAL JORGE CHÁVEZ,69
MARZO,KAZAJSTÁN,ASIA,CEBAF - TUMBES,0
MARZO,KAZAJSTÁN,ASIA,DESAGUADERO,1
MARZO,KAZAJSTÁN,ASIA,KASANI,0
MARZO,KAZAJSTÁN,ASIA,OTRAS OCM,5
MARZO,KAZAJSTÁN,ASIA,SANTA ROSA,0
MARZO,KENIA,ÁFRICA,AEROPUERTO INTERNACIONAL JORGE CHÁVEZ,47
MARZO,KENIA,ÁFRICA,CEBAF - TUMBES,0
MARZO,KENIA,ÁFRICA,DESAGUADERO,1
MARZO,KENIA,ÁFRICA,KASANI,1
MARZO,KENIA,ÁFRICA,OTRAS OCM,2
MARZO,KENIA,ÁFRICA,SANTA ROSA,0
MARZO,KIRGUISTÁN,ASIA,AEROPUERTO INTERNACIONAL JORGE CHÁVEZ,2
MARZO,KIRGUISTÁN,ASIA,CEBAF - TUMBES,0
MARZO,KIRGUISTÁN,ASIA,DESAGUADERO,0
MARZO,KIRGUISTÁN,ASIA,KASANI,0
MARZO,KIRGUISTÁN,ASIA,OTRAS OCM,1
MARZO,KIRGUISTÁN,ASIA,SANTA ROSA,0
MARZO,KIRIBATI,OCEANÍA,AEROPUERTO INTERNACIONAL JORGE CHÁVEZ,1
MARZO,KIRIBATI,OCEANÍA,CEBAF - TUMBES,0
MARZO,KIRIBATI,OCEANÍA,DESAGUADERO,0
MARZO,KIRIBATI,OCEANÍA,KASANI,0
MARZO,KIRIBATI,OCEANÍA,OTRAS OCM,0
MARZO,KIRIBATI,OCEANÍA,SANTA ROSA,0
MARZO,KUWAIT,ASIA,AEROPUERTO INTERNACIONAL JORGE CHÁVEZ,9
MARZO,KUWAIT,ASIA,CEBAF - TUMBES,0
MARZO,KUWAIT,ASIA,DESAGUADERO,0
MARZO,KUWAIT,ASIA,KASANI,0
MARZO,KUWAIT,ASIA,OTRAS OCM,0
MARZO,KUWAIT,ASIA,SANTA ROSA,0
MARZO,LAOS,ASIA,AEROPUERTO INTERNACIONAL JORGE CHÁVEZ,10
MARZO,LAOS,ASIA,CEBAF - TUMBES,1
MARZO,LAOS,ASIA,DESAGUADERO,0
MARZO,LAOS,ASIA,KASANI,0
MARZO,LAOS,ASIA,OTRAS OCM,0
MARZO,LAOS,ASIA,SANTA ROSA,0
MARZO,LESOTHO,ÁFRICA,AEROPUERTO INTERNACIONAL JORGE CHÁVEZ,1
MARZO,LESOTHO,ÁFRICA,CEBAF - TUMBES,0
MARZO,LESOTHO,ÁFRICA,DESAGUADERO,0
MARZO,LESOTHO,ÁFRICA,KASANI,0
MARZO,LESOTHO,ÁFRICA,OTRAS OCM,0
MARZO,LESOTHO,ÁFRICA,SANTA ROSA,0
MARZO,LETONIA,EUROPA,AEROPUERTO INTERNACIONAL JORGE CHÁVEZ,386
MARZO,LETONIA,EUROPA,CEBAF - TUMBES,3
MARZO,LETONIA,EUROPA,DESAGUADERO,6
MARZO,LETONIA,EUROPA,KASANI,11
MARZO,LETONIA,EUROPA,OTRAS OCM,17
MARZO,LETONIA,EUROPA,SANTA ROSA,7
MARZO,LIBERIA,ÁFRICA,AEROPUERTO INTERNACIONAL JORGE CHÁVEZ,1
MARZO,LIBERIA,ÁFRICA,CEBAF - TUMBES,0
MARZO,LIBERIA,ÁFRICA,DESAGUADERO,0
MARZO,LIBERIA,ÁFRICA,KASANI,0
MARZO,LIBERIA,ÁFRICA,OTRAS OCM,1
MARZO,LIBERIA,ÁFRICA,SANTA ROSA,0
MARZO,LIBIA,ÁFRICA,AEROPUERTO INTERNACIONAL JORGE CHÁVEZ,1
MARZO,LIBIA,ÁFRICA,CEBAF - TUMBES,0
MARZO,LIBIA,ÁFRICA,DESAGUADERO,0
MARZO,LIBIA,ÁFRICA,KASANI,0
MARZO,LIBIA,ÁFRICA,OTRAS OCM,0
MARZO,LIBIA,ÁFRICA,SANTA ROSA,0
MARZO,LIECHTENSTEIN,EUROPA,AEROPUERTO INTERNACIONAL JORGE CHÁVEZ,26
MARZO,LIECHTENSTEIN,EUROPA,CEBAF - TUMBES,2
MARZO,LIECHTENSTEIN,EUROPA,DESAGUADERO,0
MARZO,LIECHTENSTEIN,EUROPA,KASANI,2
MARZO,LIECHTENSTEIN,EUROPA,OTRAS OCM,2
MARZO,LIECHTENSTEIN,EUROPA,SANTA ROSA,3
MARZO,LITUANIA,EUROPA,AEROPUERTO INTERNACIONAL JORGE CHÁVEZ,814
MARZO,LITUANIA,EUROPA,CEBAF - TUMBES,13
MARZO,LITUANIA,EUROPA,DESAGUADERO,68
MARZO,LITUANIA,EUROPA,KASANI,33
MARZO,LITUANIA,EUROPA,OTRAS OCM,87
MARZO,LITUANIA,EUROPA,SANTA ROSA,1
MARZO,LUXEMBURGO,EUROPA,AEROPUERTO INTERNACIONAL JORGE CHÁVEZ,185
MARZO,LUXEMBURGO,EUROPA,CEBAF - TUMBES,3
MARZO,LUXEMBURGO,EUROPA,DESAGUADERO,4
MARZO,LUXEMBURGO,EUROPA,KASANI,9
MARZO,LUXEMBURGO,EUROPA,OTRAS OCM,43
MARZO,LUXEMBURGO,EUROPA,SANTA ROSA,5
MARZO,LÍBANO,ASIA,AEROPUERTO INTERNACIONAL JORGE CHÁVEZ,49
MARZO,LÍBANO,ASIA,CEBAF - TUMBES,0
MARZO,LÍBANO,ASIA,DESAGUADERO,0
MARZO,LÍBANO,ASIA,KASANI,0
MARZO,LÍBANO,ASIA,OTRAS OCM,4
MARZO,LÍBANO,ASIA,SANTA ROSA,0
MARZO,MADAGASCAR,ÁFRICA,AEROPUERTO INTERNACIONAL JORGE CHÁVEZ,7
MARZO,MADAGASCAR,ÁFRICA,CEBAF - TUMBES,0
MARZO,MADAGASCAR,ÁFRICA,DESAGUADERO,0
MARZO,MADAGASCAR,ÁFRICA,KASANI,0
MARZO,MADAGASCAR,ÁFRICA,OTRAS OCM,0
MARZO,MADAGASCAR,ÁFRICA,SANTA ROSA,0
MARZO,MALASIA,ASIA,AEROPUERTO INTERNACIONAL JORGE CHÁVEZ,567
MARZO,MALASIA,ASIA,CEBAF - TUMBES,7
MARZO,MALASIA,ASIA,DESAGUADERO,6
MARZO,MALASIA,ASIA,KASANI,15
MARZO,MALASIA,ASIA,OTRAS OCM,48
MARZO,MALASIA,ASIA,SANTA ROSA,94
MARZO,MALAWI,ÁFRICA,AEROPUERTO INTERNACIONAL JORGE CHÁVEZ,2
MARZO,MALAWI,ÁFRICA,CEBAF - TUMBES,0
MARZO,MALAWI,ÁFRICA,DESAGUADERO,0
MARZO,MALAWI,ÁFRICA,KASANI,0
MARZO,MALAWI,ÁFRICA,OTRAS OCM,0
MARZO,MALAWI,ÁFRICA,SANTA ROSA,0
MARZO,MALDIVAS,ASIA,AEROPUERTO INTERNACIONAL JORGE CHÁVEZ,7
MARZO,MALDIVAS,ASIA,CEBAF - TUMBES,1
MARZO,MALDIVAS,ASIA,DESAGUADERO,0
MARZO,MALDIVAS,ASIA,KASANI,0
MARZO,MALDIVAS,ASIA,OTRAS OCM,1
MARZO,MALDIVAS,ASIA,SANTA ROSA,0
MARZO,MALTA,EUROPA,AEROPUERTO INTERNACIONAL JORGE CHÁVEZ,93
MARZO,MALTA,EUROPA,CEBAF - TUMBES,2
MARZO,MALTA,EUROPA,DESAGUADERO,6
MARZO,MALTA,EUROPA,KASANI,6
MARZO,MALTA,EUROPA,OTRAS OCM,21
MARZO,MALTA,EUROPA,SANTA ROSA,0
MARZO,MALÍ,ÁFRICA,AEROPUERTO INTERNACIONAL JORGE CHÁVEZ,1
MARZO,MALÍ,ÁFRICA,CEBAF - TUMBES,0
MARZO,MALÍ,ÁFRICA,DESAGUADERO,0
MARZO,MALÍ,ÁFRICA,KASANI,0
MARZO,MALÍ,ÁFRICA,OTRAS OCM,0
MARZO,MALÍ,ÁFRICA,SANTA ROSA,0
MARZO,MARRUECOS,ÁFRICA,AEROPUERTO INTERNACIONAL JORGE CHÁVEZ,91
MARZO,MARRUECOS,ÁFRICA,CEBAF - TUMBES,3
MARZO,MARRUECOS,ÁFRICA,DESAGUADERO,4
MARZO,MARRUECOS,ÁFRICA,KASANI,0
MARZO,MARRUECOS,ÁFRICA,OTRAS OCM,1
MARZO,MARRUECOS,ÁFRICA,SANTA ROSA,2
MARZO,MAURICIO,ÁFRICA,AEROPUERTO INTERNACIONAL JORGE CHÁVEZ,21
MARZO,MAURICIO,ÁFRICA,CEBAF - TUMBES,0
MARZO,MAURICIO,ÁFRICA,DESAGUADERO,1
MARZO,MAURICIO,ÁFRICA,KASANI,0
MARZO,MAURICIO,ÁFRICA,OTRAS OCM,2
MARZO,MAURICIO,ÁFRICA,SANTA ROSA,0
MARZO,MAURITANIA,ÁFRICA,AEROPUERTO INTERNACIONAL JORGE CHÁVEZ,3
MARZO,MAURITANIA,ÁFRICA,CEBAF - TUMBES,0
MARZO,MAURITANIA,ÁFRICA,DESAGUADERO,0
MARZO,MAURITANIA,ÁFRICA,KASANI,0
MARZO,MAURITANIA,ÁFRICA,OTRAS OCM,1
MARZO,MAURITANIA,ÁFRICA,SANTA ROSA,0
MARZO,MONGOLIA,ASIA,AEROPUERTO INTERNACIONAL JORGE CHÁVEZ,44
MARZO,MONGOLIA,ASIA,CEBAF - TUMBES,1
MARZO,MONGOLIA,ASIA,DESAGUADERO,0
MARZO,MONGOLIA,ASIA,KASANI,1
MARZO,MONGOLIA,ASIA,OTRAS OCM,0
MARZO,MONGOLIA,ASIA,SANTA ROSA,0
MARZO,MOZAMBIQUE,ÁFRICA,AEROPUERTO INTERNACIONAL JORGE CHÁVEZ,6
MARZO,MOZAMBIQUE,ÁFRICA,CEBAF - TUMBES,0
MARZO,MOZAMBIQUE,ÁFRICA,DESAGUADERO,0
MARZO,MOZAMBIQUE,ÁFRICA,KASANI,0
MARZO,MOZAMBIQUE,ÁFRICA,OTRAS OCM,1
MARZO,MOZAMBIQUE,ÁFRICA,SANTA ROSA,0
MARZO,MYANMAR,ASIA,AEROPUERTO INTERNACIONAL JORGE CHÁVEZ,35
MARZO,MYANMAR,ASIA,CEBAF - TUMBES,0
MARZO,MYANMAR,ASIA,DESAGUADERO,0
MARZO,MYANMAR,ASIA,KASANI,0
MARZO,MYANMAR,ASIA,OTRAS OCM,24
MARZO,MYANMAR,ASIA,SANTA ROSA,0
MARZO,MÉXICO,AMÉRICA DEL NORTE,AEROPUERTO INTERNACIONAL JORGE CHÁVEZ,36922
MARZO,MÉXICO,AMÉRICA DEL NORTE,CEBAF - TUMBES,116
MARZO,MÉXICO,AMÉRICA DEL NORTE,DESAGUADERO,164
MARZO,MÉXICO,AMÉRICA DEL NORTE,KASANI,104
MARZO,MÉXICO,AMÉRICA DEL NORTE,OTRAS OCM,1246
MARZO,MÉXICO,AMÉRICA DEL NORTE,SANTA ROSA,200
MARZO,MÓNACO,EUROPA,AEROPUERTO INTERNACIONAL JORGE CHÁVEZ,8
MARZO,MÓNACO,EUROPA,CEBAF - TUMBES,0
MARZO,MÓNACO,EUROPA,DESAGUADERO,0
MARZO,MÓNACO,EUROPA,KASANI,0
MARZO,MÓNACO,EUROPA,OTRAS OCM,1
MARZO,MÓNACO,EUROPA,SANTA ROSA,0
MARZO,NAMIBIA,ÁFRICA,AEROPUERTO INTERNACIONAL JORGE CHÁVEZ,3
MARZO,NAMIBIA,ÁFRICA,CEBAF - TUMBES,1
MARZO,NAMIBIA,ÁFRICA,DESAGUADERO,0
MARZO,NAMIBIA,ÁFRICA,KASANI,0
MARZO,NAMIBIA,ÁFRICA,OTRAS OCM,0
MARZO,NAMIBIA,ÁFRICA,SANTA ROSA,0
MARZO,NAURU,OCEANÍA,AEROPUERTO INTERNACIONAL JORGE CHÁVEZ,0
MARZO,NAURU,OCEANÍA,CEBAF - TUMBES,0
MARZO,NAURU,OCEANÍA,DESAGUADERO,0
MARZO,NAURU,OCEANÍA,KASANI,0
MARZO,NAURU,OCEANÍA,OTRAS OCM,0
MARZO,NAURU,OCEANÍA,SANTA ROSA,0
MARZO,NEPAL,ASIA,AEROPUERTO INTERNACIONAL JORGE CHÁVEZ,39
MARZO,NEPAL,ASIA,CEBAF - TUMBES,0
MARZO,NEPAL,ASIA,DESAGUADERO,1
MARZO,NEPAL,ASIA,KASANI,0
MARZO,NEPAL,ASIA,OTRAS OCM,2
MARZO,NEPAL,ASIA,SANTA ROSA,3
MARZO,NICARAGUA,AMÉRICA CENTRAL,AEROPUERTO INTERNACIONAL JORGE CHÁVEZ,550
MARZO,NICARAGUA,AMÉRICA CENTRAL,CEBAF - TUMBES,1
MARZO,NICARAGUA,AMÉRICA CENTRAL,DESAGUADERO,0
MARZO,NICARAGUA,AMÉRICA CENTRAL,KASANI,0
MARZO,NICARAGUA,AMÉRICA CENTRAL,OTRAS OCM,17
MARZO,NICARAGUA,AMÉRICA CENTRAL,SANTA ROSA,16
MARZO,NIGERIA,ÁFRICA,AEROPUERTO INTERNACIONAL JORGE CHÁVEZ,27
MARZO,NIGERIA,ÁFRICA,CEBAF - TUMBES,0
MARZO,NIGERIA,ÁFRICA,DESAGUADERO,0
MARZO,NIGERIA,ÁFRICA,KASANI,0
MARZO,NIGERIA,ÁFRICA,OTRAS OCM,3
MARZO,NIGERIA,ÁFRICA,SANTA ROSA,0
MARZO,NORUEGA,EUROPA,AEROPUERTO INTERNACIONAL JORGE CHÁVEZ,1607
MARZO,NORUEGA,EUROPA,CEBAF - TUMBES,49
MARZO,NORUEGA,EUROPA,DESAGUADERO,204
MARZO,NORUEGA,EUROPA,KASANI,70
MARZO,NORUEGA,EUROPA,OTRAS OCM,215
MARZO,NORUEGA,EUROPA,SANTA ROSA,52
MARZO,NUEVA ZELANDIA,OCEANÍA,AEROPUERTO INTERNACIONAL JORGE CHÁVEZ,1069
MARZO,NUEVA ZELANDIA,OCEANÍA,CEBAF - TUMBES,14
MARZO,NUEVA ZELANDIA,OCEANÍA,DESAGUADERO,45
MARZO,NUEVA ZELANDIA,OCEANÍA,KASANI,67
MARZO,NUEVA ZELANDIA,OCEANÍA,OTRAS OCM,336
MARZO,NUEVA ZELANDIA,OCEANÍA,SANTA ROSA,20
MARZO,NÍGER,ÁFRICA,AEROPUERTO INTERNACIONAL JORGE CHÁVEZ,0
MARZO,NÍGER,ÁFRICA,CEBAF - TUMBES,0
MARZO,NÍGER,ÁFRICA,DESAGUADERO,0
MARZO,NÍGER,ÁFRICA,KASANI,0
MARZO,NÍGER,ÁFRICA,OTRAS OCM,0
MARZO,NÍGER,ÁFRICA,SANTA ROSA,0
MARZO,OMÁN,ASIA,AEROPUERTO INTERNACIONAL JORGE CHÁVEZ,6
MARZO,OMÁN,ASIA,CEBAF - TUMBES,0
MARZO,OMÁN,ASIA,DESAGUADERO,0
MARZO,OMÁN,ASIA,KASANI,0
MARZO,OMÁN,ASIA,OTRAS OCM,0
MARZO,OMÁN,ASIA,SANTA ROSA,0
MARZO,PAKISTÁN,ASIA,AEROPUERTO INTERNACIONAL JORGE CHÁVEZ,69
MARZO,PAKISTÁN,ASIA,CEBAF - TUMBES,1
MARZO,PAKISTÁN,ASIA,DESAGUADERO,3
MARZO,PAKISTÁN,ASIA,KASANI,1
MARZO,PAKISTÁN,ASIA,OTRAS OCM,3
MARZO,PAKISTÁN,ASIA,SANTA ROSA,35
MARZO,PALESTINA,ASIA,AEROPUERTO INTERNACIONAL JORGE CHÁVEZ,7
MARZO,PALESTINA,ASIA,CEBAF - TUMBES,0
MARZO,PALESTINA,ASIA,DESAGUADERO,0
MARZO,PALESTINA,ASIA,KASANI,0
MARZO,PALESTINA,ASIA,OTRAS OCM,0
MARZO,PALESTINA,ASIA,SANTA ROSA,0
MARZO,PANAMÁ,AMÉRICA CENTRAL,AEROPUERTO INTERNACIONAL JORGE CHÁVEZ,7094
MARZO,PANAMÁ,AMÉRICA CENTRAL,CEBAF - TUMBES,12
MARZO,PANAMÁ,AMÉRICA CENTRAL,DESAGUADERO,9
MARZO,PANAMÁ,AMÉRICA CENTRAL,KASANI,4
MARZO,PANAMÁ,AMÉRICA CENTRAL,OTRAS OCM,159
MARZO,PANAMÁ,AMÉRICA CENTRAL,SANTA ROSA,15
MARZO,PAPÚA (NG),OCEANÍA,AEROPUERTO INTERNACIONAL JORGE CHÁVEZ,7
MARZO,PAPÚA (NG),OCEANÍA,CEBAF - TUMBES,0
MARZO,PAPÚA (NG),OCEANÍA,DESAGUADERO,0
MARZO,PAPÚA (NG),OCEANÍA,KASANI,0
MARZO,PAPÚA (NG),OCEANÍA,OTRAS OCM,0
MARZO,PAPÚA (NG),OCEANÍA,SANTA ROSA,0
MARZO,PARAGUAY,AMÉRICA DEL SUR,AEROPUERTO INTERNACIONAL JORGE CHÁVEZ,2884
MARZO,PARAGUAY,AMÉRICA DEL SUR,CEBAF - TUMBES,8
MARZO,PARAGUAY,AMÉRICA DEL SUR,DESAGUADERO,179
MARZO,PARAGUAY,AMÉRICA DEL SUR,KASANI,21
MARZO,PARAGUAY,AMÉRICA DEL SUR,OTRAS OCM,92
MARZO,PARAGUAY,AMÉRICA DEL SUR,SANTA ROSA,319
MARZO,PAÍSES BAJOS (HOLANDA),EUROPA,AEROPUERTO INTERNACIONAL JORGE CHÁVEZ,8747
MARZO,PAÍSES BAJOS (HOLANDA),EUROPA,CEBAF - TUMBES,223
MARZO,PAÍSES BAJOS (HOLANDA),EUROPA,DESAGUADERO,305
MARZO,PAÍSES BAJOS (HOLANDA),EUROPA,KASANI,405
MARZO,PAÍSES BAJOS (HOLANDA),EUROPA,OTRAS OCM,536
MARZO,PAÍSES BAJOS (HOLANDA),EUROPA,SANTA ROSA,147
MARZO,POLONIA,EUROPA,AEROPUERTO INTERNACIONAL JORGE CHÁVEZ,2922
MARZO,POLONIA,EUROPA,CEBAF - TUMBES,57
MARZO,POLONIA,EUROPA,DESAGUADERO,512
MARZO,POLONIA,EUROPA,KASANI,262
MARZO,POLONIA,EUROPA,OTRAS OCM,210
MARZO,POLONIA,EUROPA,SANTA ROSA,49
MARZO,PORTUGAL,EUROPA,AEROPUERTO INTERNACIONAL JORGE CHÁVEZ,2421
MARZO,PORTUGAL,EUROPA,CEBAF - TUMBES,34
MARZO,PORTUGAL,EUROPA,DESAGUADERO,47
MARZO,PORTUGAL,EUROPA,KASANI,63
MARZO,PORTUGAL,EUROPA,OTRAS OCM,100
MARZO,PORTUGAL,EUROPA,SANTA ROSA,25
MARZO,PTO. RICO,AMÉRICA CENTRAL,AEROPUERTO INTERNACIONAL JORGE CHÁVEZ,484
MARZO,PTO. RICO,AMÉRICA CENTRAL,CEBAF - TUMBES,1
MARZO,PTO. RICO,AMÉRICA CENTRAL,DESAGUADERO,2
MARZO,PTO. RICO,AMÉRICA CENTRAL,KASANI,0
MARZO,PTO. RICO,AMÉRICA CENTRAL,OTRAS OCM,7
MARZO,PTO. RICO,AMÉRICA CENTRAL,SANTA ROSA,1
MARZO,R.F. YUGOSLAVIA,EUROPA,AEROPUERTO INTERNACIONAL JORGE CHÁVEZ,0
MARZO,R.F. YUGOSLAVIA,EUROPA,CEBAF - TUMBES,0
MARZO,R.F. YUGOSLAVIA,EUROPA,DESAGUADERO,0
MARZO,R.F. YUGOSLAVIA,EUROPA,KASANI,0
MARZO,R.F. YUGOSLAVIA,EUROPA,OTRAS OCM,0
MARZO,R.F. YUGOSLAVIA,EUROPA,SANTA ROSA,0
MARZO,REINO UNIDO,EUROPA,AEROPUERTO INTERNACIONAL JORGE CHÁVEZ,19301
MARZO,REINO UNIDO,EUROPA,CEBAF - TUMBES,516
MARZO,REINO UNIDO,EUROPA,DESAGUADERO,766
MARZO,REINO UNIDO,EUROPA,KASANI,1349
MARZO,REINO UNIDO,EUROPA,OTRAS OCM,4402
MARZO,REINO UNIDO,EUROPA,SANTA ROSA,152
MARZO,REP. CENTROAFRICANA,ÁFRICA,AEROPUERTO INTERNACIONAL JORGE CHÁVEZ,1
MARZO,REP. CENTROAFRICANA,ÁFRICA,CEBAF - TUMBES,0
MARZO,REP. CENTROAFRICANA,ÁFRICA,DESAGUADERO,0
MARZO,REP. CENTROAFRICANA,ÁFRICA,KASANI,0
MARZO,REP. CENTROAFRICANA,ÁFRICA,OTRAS OCM,0
MARZO,REP. CENTROAFRICANA,ÁFRICA,SANTA ROSA,0
MARZO,REP. CHECA,EUROPA,AEROPUERTO INTERNACIONAL JORGE CHÁVEZ,1642
MARZO,REP. CHECA,EUROPA,CEBAF - TUMBES,20
MARZO,REP. CHECA,EUROPA,DESAGUADERO,91
MARZO,REP. CHECA,EUROPA,KASANI,114
MARZO,REP. CHECA,EUROPA,OTRAS OCM,52
MARZO,REP. CHECA,EUROPA,SANTA ROSA,28
MARZO,REP. DOMINICANA,AMÉRICA CENTRAL,AEROPUERTO INTERNACIONAL JORGE CHÁVEZ,3770
MARZO,REP. DOMINICANA,AMÉRICA CENTRAL,CEBAF - TUMBES,294
MARZO,REP. DOMINICANA,AMÉRICA CENTRAL,DESAGUADERO,14
MARZO,REP. DOMINICANA,AMÉRICA CENTRAL,KASANI,5
MARZO,REP. DOMINICANA,AMÉRICA CENTRAL,OTRAS OCM,187
MARZO,REP. DOMINICANA,AMÉRICA CENTRAL,SANTA ROSA,100
MARZO,REP. MOLDOVA,EUROPA,AEROPUERTO INTERNACIONAL JORGE CHÁVEZ,1
MARZO,REP. MOLDOVA,EUROPA,CEBAF - TUMBES,0
MARZO,REP. MOLDOVA,EUROPA,DESAGUADERO,0
MARZO,REP. MOLDOVA,EUROPA,KASANI,0
MARZO,REP. MOLDOVA,EUROPA,OTRAS OCM,0
MARZO,REP. MOLDOVA,EUROPA,SANTA ROSA,0
MARZO,RESTO DEL MUNDO,RESTO DEL MUNDO,AEROPUERTO INTERNACIONAL JORGE CHÁVEZ,605
MARZO,RESTO DEL MUNDO,RESTO DEL MUNDO,CEBAF - TUMBES,6
MARZO,RESTO DEL MUNDO,RESTO DEL MUNDO,DESAGUADERO,49
MARZO,RESTO DEL MUNDO,RESTO DEL MUNDO,KASANI,9
MARZO,RESTO DEL MUNDO,RESTO DEL MUNDO,OTRAS OCM,30
MARZO,RESTO DEL MUNDO,RESTO DEL MUNDO,SANTA ROSA,5
MARZO,RUMANIA,EUROPA,AEROPUERTO INTERNACIONAL JORGE CHÁVEZ,1569
MARZO,RUMANIA,EUROPA,CEBAF - TUMBES,11
MARZO,RUMANIA,EUROPA,DESAGUADERO,12
MARZO,RUMANIA,EUROPA,KASANI,9
MARZO,RUMANIA,EUROPA,OTRAS OCM,116
MARZO,RUMANIA,EUROPA,SANTA ROSA,17
MARZO,RUSIA,EUROPA,AEROPUERTO INTERNACIONAL JORGE CHÁVEZ,3329
MARZO,RUSIA,EUROPA,CEBAF - TUMBES,51
MARZO,RUSIA,EUROPA,DESAGUADERO,105
MARZO,RUSIA,EUROPA,KASANI,64
MARZO,RUSIA,EUROPA,OTRAS OCM,337
MARZO,RUSIA,EUROPA,SANTA ROSA,34
MARZO,RWANDA,ÁFRICA,AEROPUERTO INTERNACIONAL JORGE CHÁVEZ,2
MARZO,RWANDA,ÁFRICA,CEBAF - TUMBES,0
MARZO,RWANDA,ÁFRICA,DESAGUADERO,0
MARZO,RWANDA,ÁFRICA,KASANI,0
MARZO,RWANDA,ÁFRICA,OTRAS OCM,0
MARZO,RWANDA,ÁFRICA,SANTA ROSA,0
MARZO,SAINT KITIS Y NEVIS,AMÉRICA CENTRAL,AEROPUERTO INTERNACIONAL JORGE CHÁVEZ,3
MARZO,SAINT KITIS Y NEVIS,AMÉRICA CENTRAL,CEBAF - TUMBES,0
MARZO,SAINT KITIS Y NEVIS,AMÉRICA CENTRAL,DESAGUADERO,0
MARZO,SAINT KITIS Y NEVIS,AMÉRICA CENTRAL,KASANI,0
MARZO,SAINT KITIS Y NEVIS,AMÉRICA CENTRAL,OTRAS OCM,2
MARZO,SAINT KITIS Y NEVIS,AMÉRICA CENTRAL,SANTA ROSA,0
MARZO,SALOMÓN ISLA,OCEANÍA,AEROPUERTO INTERNACIONAL JORGE CHÁVEZ,28
MARZO,SALOMÓN ISLA,OCEANÍA,CEBAF - TUMBES,0
MARZO,SALOMÓN ISLA,OCEANÍA,DESAGUADERO,1
MARZO,SALOMÓN ISLA,OCEANÍA,KASANI,0
MARZO,SALOMÓN ISLA,OCEANÍA,OTRAS OCM,0
MARZO,SALOMÓN ISLA,OCEANÍA,SANTA ROSA,0
MARZO,SAMOA OCCIDENTAL,OCEANÍA,AEROPUERTO INTERNACIONAL JORGE CHÁVEZ,1
MARZO,SAMOA OCCIDENTAL,OCEANÍA,CEBAF - TUMBES,0
MARZO,SAMOA OCCIDENTAL,OCEANÍA,DESAGUADERO,0
MARZO,SAMOA OCCIDENTAL,OCEANÍA,KASANI,0
MARZO,SAMOA OCCIDENTAL,OCEANÍA,OTRAS OCM,0
MARZO,SAMOA OCCIDENTAL,OCEANÍA,SANTA ROSA,0
MARZO,SAN MARINO,EUROPA,AEROPUERTO INTERNACIONAL JORGE CHÁVEZ,7
MARZO,SAN MARINO,EUROPA,CEBAF - TUMBES,0
MARZO,SAN MARINO,EUROPA,DESAGUADERO,0
MARZO,SAN MARINO,EUROPA,KASANI,1
MARZO,SAN MARINO,EUROPA,OTRAS OCM,0
MARZO,SAN MARINO,EUROPA,SANTA ROSA,0
MARZO,SAN VIC. GRANADINAS,AMÉRICA CENTRAL,AEROPUERTO INTERNACIONAL JORGE CHÁVEZ,3
MARZO,SAN VIC. GRANADINAS,AMÉRICA CENTRAL,CEBAF - TUMBES,0
MARZO,SAN VIC. GRANADINAS,AMÉRICA CENTRAL,DESAGUADERO,0
MARZO,SAN VIC. GRANADINAS,AMÉRICA CENTRAL,KASANI,0
MARZO,SAN VIC. GRANADINAS,AMÉRICA CENTRAL,OTRAS OCM,0
MARZO,SAN VIC. GRANADINAS,AMÉRICA CENTRAL,SANTA ROSA,0
MARZO,SANTA LUCÍA,AMÉRICA CENTRAL,AEROPUERTO INTERNACIONAL JORGE CHÁVEZ,11
MARZO,SANTA LUCÍA,AMÉRICA CENTRAL,CEBAF - TUMBES,0
MARZO,SANTA LUCÍA,AMÉRICA CENTRAL,DESAGUADERO,0
MARZO,SANTA LUCÍA,AMÉRICA CENTRAL,KASANI,0
MARZO,SANTA LUCÍA,AMÉRICA CENTRAL,OTRAS OCM,0
MARZO,SANTA LUCÍA,AMÉRICA CENTRAL,SANTA ROSA,0
MARZO,SENEGAL,ÁFRICA,AEROPUERTO INTERNACIONAL JORGE CHÁVEZ,11
MARZO,SENEGAL,ÁFRICA,CEBAF - TUMBES,0
MARZO,SENEGAL,ÁFRICA,DESAGUADERO,0
MARZO,SENEGAL,ÁFRICA,KASANI,0
MARZO,SENEGAL,ÁFRICA,OTRAS OCM,1
MARZO,SENEGAL,ÁFRICA,SANTA ROSA,0
MARZO,SEYCHELLES,ÁFRICA,AEROPUERTO INTERNACIONAL JORGE CHÁVEZ,0
MARZO,SEYCHELLES,ÁFRICA,CEBAF - TUMBES,0
MARZO,SEYCHELLES,ÁFRICA,DESAGUADERO,0
MARZO,SEYCHELLES,ÁFRICA,KASANI,0
MARZO,SEYCHELLES,ÁFRICA,OTRAS OCM,0
MARZO,SEYCHELLES,ÁFRICA,SANTA ROSA,0
MARZO,SIERRA LEONA,ÁFRICA,AEROPUERTO INTERNACIONAL JORGE CHÁVEZ,2
MARZO,SIERRA LEONA,ÁFRICA,CEBAF - TUMBES,0
MARZO,SIERRA LEONA,ÁFRICA,DESAGUADERO,0
MARZO,SIERRA LEONA,ÁFRICA,KASANI,0
MARZO,SIERRA LEONA,ÁFRICA,OTRAS OCM,0
MARZO,SIERRA LEONA,ÁFRICA,SANTA ROSA,0
MARZO,SIKKIM,ASIA,AEROPUERTO INTERNACIONAL JORGE CHÁVEZ,0
MARZO,SIKKIM,ASIA,CEBAF - TUMBES,0
MARZO,SIKKIM,ASIA,DESAGUADERO,0
MARZO,SIKKIM,ASIA,KASANI,0
MARZO,SIKKIM,ASIA,OTRAS OCM,0
MARZO,SIKKIM,ASIA,SANTA ROSA,0
MARZO,SINGAPUR,ASIA,AEROPUERTO INTERNACIONAL JORGE CHÁVEZ,723
MARZO,SINGAPUR,ASIA,CEBAF - TUMBES,2
MARZO,SINGAPUR,ASIA,DESAGUADERO,2
MARZO,SINGAPUR,ASIA,KASANI,18
MARZO,SINGAPUR,ASIA,OTRAS OCM,87
MARZO,SINGAPUR,ASIA,SANTA ROSA,16
MARZO,SIRIA,ASIA,AEROPUERTO INTERNACIONAL JORGE CHÁVEZ,17
MARZO,SIRIA,ASIA,CEBAF - TUMBES,1
MARZO,SIRIA,ASIA,DESAGUADERO,1
MARZO,SIRIA,ASIA,KASANI,1
MARZO,SIRIA,ASIA,OTRAS OCM,0
MARZO,SIRIA,ASIA,SANTA ROSA,0
MARZO,SOMALIA,ÁFRICA,AEROPUERTO INTERNACIONAL JORGE CHÁVEZ,2
MARZO,SOMALIA,ÁFRICA,CEBAF - TUMBES,0
MARZO,SOMALIA,ÁFRICA,DESAGUADERO,0
MARZO,SOMALIA,ÁFRICA,KASANI,0
MARZO,SOMALIA,ÁFRICA,OTRAS OCM,0
MARZO,SOMALIA,ÁFRICA,SANTA ROSA,0
MARZO,SRI LANKA,ASIA,AEROPUERTO INTERNACIONAL JORGE CHÁVEZ,83
MARZO,SRI LANKA,ASIA,CEBAF - TUMBES,0
MARZO,SRI LANKA,ASIA,DESAGUADERO,0
MARZO,SRI LANKA,ASIA,KASANI,2
MARZO,SRI LANKA,ASIA,OTRAS OCM,19
MARZO,SRI LANKA,ASIA,SANTA ROSA,0
MARZO,STO. TOMÉ Y PRÍNCIPE,ÁFRICA,AEROPUERTO INTERNACIONAL JORGE CHÁVEZ,0
MARZO,STO. TOMÉ Y PRÍNCIPE,ÁFRICA,CEBAF - TUMBES,0
MARZO,STO. TOMÉ Y PRÍNCIPE,ÁFRICA,DESAGUADERO,0
MARZO,STO. TOMÉ Y PRÍNCIPE,ÁFRICA,KASANI,0
MARZO,STO. TOMÉ Y PRÍNCIPE,ÁFRICA,OTRAS OCM,1
MARZO,STO. TOMÉ Y PRÍNCIPE,ÁFRICA,SANTA ROSA,0
MARZO,SUDÁFRICA,ÁFRICA,AEROPUERTO INTERNACIONAL JORGE CHÁVEZ,639
MARZO,SUDÁFRICA,ÁFRICA,CEBAF - TUMBES,8
MARZO,SUDÁFRICA,ÁFRICA,DESAGUADERO,12
MARZO,SUDÁFRICA,ÁFRICA,KASANI,7
MARZO,SUDÁFRICA,ÁFRICA,OTRAS OCM,63
MARZO,SUDÁFRICA,ÁFRICA,SANTA ROSA,26
MARZO,SUDÁN,ÁFRICA,AEROPUERTO INTERNACIONAL JORGE CHÁVEZ,8
MARZO,SUDÁN,ÁFRICA,CEBAF - TUMBES,0
MARZO,SUDÁN,ÁFRICA,DESAGUADERO,0
MARZO,SUDÁN,ÁFRICA,KASANI,0
MARZO,SUDÁN,ÁFRICA,OTRAS OCM,0
MARZO,SUDÁN,ÁFRICA,SANTA ROSA,0
MARZO,SUECIA,EUROPA,AEROPUERTO INTERNACIONAL JORGE CHÁVEZ,2885
MARZO,SUECIA,EUROPA,CEBAF - TUMBES,72
MARZO,SUECIA,EUROPA,DESAGUADERO,167
MARZO,SUECIA,EUROPA,KASANI,193
MARZO,SUECIA,EUROPA,OTRAS OCM,189
MARZO,SUECIA,EUROPA,SANTA ROSA,57
MARZO,SUIZA,EUROPA,AEROPUERTO INTERNACIONAL JORGE CHÁVEZ,6013
MARZO,SUIZA,EUROPA,CEBAF - TUMBES,146
MARZO,SUIZA,EUROPA,DESAGUADERO,217
MARZO,SUIZA,EUROPA,KASANI,365
MARZO,SUIZA,EUROPA,OTRAS OCM,489
MARZO,SUIZA,EUROPA,SANTA ROSA,184
MARZO,SURINAM,AMÉRICA DEL SUR,AEROPUERTO INTERNACIONAL JORGE CHÁVEZ,31
MARZO,SURINAM,AMÉRICA DEL SUR,CEBAF - TUMBES,0
MARZO,SURINAM,AMÉRICA DEL SUR,DESAGUADERO,0
MARZO,SURINAM,AMÉRICA DEL SUR,KASANI,0
MARZO,SURINAM,AMÉRICA DEL SUR,OTRAS OCM,2
MARZO,SURINAM,AMÉRICA DEL SUR,SANTA ROSA,0
MARZO,SWAZILANDIA,ÁFRICA,AEROPUERTO INTERNACIONAL JORGE CHÁVEZ,0
MARZO,SWAZILANDIA,ÁFRICA,CEBAF - TUMBES,0
MARZO,SWAZILANDIA,ÁFRICA,DESAGUADERO,0
MARZO,SWAZILANDIA,ÁFRICA,KASANI,0
MARZO,SWAZILANDIA,ÁFRICA,OTRAS OCM,0
MARZO,SWAZILANDIA,ÁFRICA,SANTA ROSA,0
MARZO,TAILANDIA,ASIA,AEROPUERTO INTERNACIONAL JORGE CHÁVEZ,769
MARZO,TAILANDIA,ASIA,CEBAF - TUMBES,4
MARZO,TAILANDIA,ASIA,DESAGUADERO,0
MARZO,TAILANDIA,ASIA,KASANI,11
MARZO,TAILANDIA,ASIA,OTRAS OCM,59
MARZO,TAILANDIA,ASIA,SANTA ROSA,5
MARZO,TAIWÁN,ASIA,AEROPUERTO INTERNACIONAL JORGE CHÁVEZ,2495
MARZO,TAIWÁN,ASIA,CEBAF - TUMBES,17
MARZO,TAIWÁN,ASIA,DESAGUADERO,37
MARZO,TAIWÁN,ASIA,KASANI,46
MARZO,TAIWÁN,ASIA,OTRAS OCM,127
MARZO,TAIWÁN,ASIA,SANTA ROSA,22
MARZO,TANZANIA,ÁFRICA,AEROPUERTO INTERNACIONAL JORGE CHÁVEZ,8
MARZO,TANZANIA,ÁFRICA,CEBAF - TUMBES,0
MARZO,TANZANIA,ÁFRICA,DESAGUADERO,0
MARZO,TANZANIA,ÁFRICA,KASANI,0
MARZO,TANZANIA,ÁFRICA,OTRAS OCM,1
MARZO,TANZANIA,ÁFRICA,SANTA ROSA,0
MARZO,TAYIKISTÁN,ASIA,AEROPUERTO INTERNACIONAL JORGE CHÁVEZ,0
MARZO,TAYIKISTÁN,ASIA,CEBAF - TUMBES,0
MARZO,TAYIKISTÁN,ASIA,DESAGUADERO,1
MARZO,TAYIKISTÁN,ASIA,KASANI,0
MARZO,TAYIKISTÁN,ASIA,OTRAS OCM,0
MARZO,TAYIKISTÁN,ASIA,SANTA ROSA,0
MARZO,TOGO,ÁFRICA,AEROPUERTO INTERNACIONAL JORGE CHÁVEZ,2
MARZO,TOGO,ÁFRICA,CEBAF - TUMBES,0
MARZO,TOGO,ÁFRICA,DESAGUADERO,0
MARZO,TOGO,ÁFRICA,KASANI,0
MARZO,TOGO,ÁFRICA,OTRAS OCM,0
MARZO,TOGO,ÁFRICA,SANTA ROSA,0
MARZO,TONGA,OCEANÍA,AEROPUERTO INTERNACIONAL JORGE CHÁVEZ,2
MARZO,TONGA,OCEANÍA,CEBAF - TUMBES,0
MARZO,TONGA,OCEANÍA,DESAGUADERO,0
MARZO,TONGA,OCEANÍA,KASANI,0
MARZO,TONGA,OCEANÍA,OTRAS OCM,0
MARZO,TONGA,OCEANÍA,SANTA ROSA,0
MARZO,TRINIDAD Y TOBAGO,AMÉRICA CENTRAL,AEROPUERTO INTERNACIONAL JORGE CHÁVEZ,142
MARZO,TRINIDAD Y TOBAGO,AMÉRICA CENTRAL,CEBAF - TUMBES,0
MARZO,TRINIDAD Y TOBAGO,AMÉRICA CENTRAL,DESAGUADERO,0
MARZO,TRINIDAD Y TOBAGO,AMÉRICA CENTRAL,KASANI,1
MARZO,TRINIDAD Y TOBAGO,AMÉRICA CENTRAL,OTRAS OCM,7
MARZO,TRINIDAD Y TOBAGO,AMÉRICA CENTRAL,SANTA ROSA,0
MARZO,TURKMENISTÁN,ASIA,AEROPUERTO INTERNACIONAL JORGE CHÁVEZ,1
MARZO,TURKMENISTÁN,ASIA,CEBAF - TUMBES,0
MARZO,TURKMENISTÁN,ASIA,DESAGUADERO,0
MARZO,TURKMENISTÁN,ASIA,KASANI,0
MARZO,TURKMENISTÁN,ASIA,OTRAS OCM,0
MARZO,TURKMENISTÁN,ASIA,SANTA ROSA,0
MARZO,TURQUÍA,ASIA,AEROPUERTO INTERNACIONAL JORGE CHÁVEZ,1374
MARZO,TURQUÍA,ASIA,CEBAF - TUMBES,31
MARZO,TURQUÍA,ASIA,DESAGUADERO,54
MARZO,TURQUÍA,ASIA,KASANI,24
MARZO,TURQUÍA,ASIA,OTRAS OCM,146
MARZO,TURQUÍA,ASIA,SANTA ROSA,41
MARZO,TUVALU,OCEANÍA,AEROPUERTO INTERNACIONAL JORGE CHÁVEZ,0
MARZO,TUVALU,OCEANÍA,CEBAF - TUMBES,0
MARZO,TUVALU,OCEANÍA,DESAGUADERO,0
MARZO,TUVALU,OCEANÍA,KASANI,0
MARZO,TUVALU,OCEANÍA,OTRAS OCM,0
MARZO,TUVALU,OCEANÍA,SANTA ROSA,0
MARZO,TÚNEZ,ÁFRICA,AEROPUERTO INTERNACIONAL JORGE CHÁVEZ,22
MARZO,TÚNEZ,ÁFRICA,CEBAF - TUMBES,0
MARZO,TÚNEZ,ÁFRICA,DESAGUADERO,0
MARZO,TÚNEZ,ÁFRICA,KASANI,0
MARZO,TÚNEZ,ÁFRICA,OTRAS OCM,0
MARZO,TÚNEZ,ÁFRICA,SANTA ROSA,0
MARZO,UCRANIA,EUROPA,AEROPUERTO INTERNACIONAL JORGE CHÁVEZ,1110
MARZO,UCRANIA,EUROPA,CEBAF - TUMBES,31
MARZO,UCRANIA,EUROPA,DESAGUADERO,16
MARZO,UCRANIA,EUROPA,KASANI,16
MARZO,UCRANIA,EUROPA,OTRAS OCM,233
MARZO,UCRANIA,EUROPA,SANTA ROSA,13
MARZO,UGANDA,ÁFRICA,AEROPUERTO INTERNACIONAL JORGE CHÁVEZ,13
MARZO,UGANDA,ÁFRICA,CEBAF - TUMBES,0
MARZO,UGANDA,ÁFRICA,DESAGUADERO,0
MARZO,UGANDA,ÁFRICA,KASANI,0
MARZO,UGANDA,ÁFRICA,OTRAS OCM,0
MARZO,UGANDA,ÁFRICA,SANTA ROSA,0
MARZO,URUGUAY,AMÉRICA DEL SUR,AEROPUERTO INTERNACIONAL JORGE CHÁVEZ,5689
MARZO,URUGUAY,AMÉRICA DEL SUR,CEBAF - TUMBES,26
MARZO,URUGUAY,AMÉRICA DEL SUR,DESAGUADERO,60
MARZO,URUGUAY,AMÉRICA DEL SUR,KASANI,46
MARZO,URUGUAY,AMÉRICA DEL SUR,OTRAS OCM,129
MARZO,URUGUAY,AMÉRICA DEL SUR,SANTA ROSA,120
MARZO,UZBEKISTÁN,ASIA,AEROPUERTO INTERNACIONAL JORGE CHÁVEZ,6
MARZO,UZBEKISTÁN,ASIA,CEBAF - TUMBES,0
MARZO,UZBEKISTÁN,ASIA,DESAGUADERO,0
MARZO,UZBEKISTÁN,ASIA,KASANI,0
MARZO,UZBEKISTÁN,ASIA,OTRAS OCM,0
MARZO,UZBEKISTÁN,ASIA,SANTA ROSA,0
MARZO,VANUATU,OCEANÍA,AEROPUERTO INTERNACIONAL JORGE CHÁVEZ,3
MARZO,VANUATU,OCEANÍA,CEBAF - TUMBES,0
MARZO,VANUATU,OCEANÍA,DESAGUADERO,0
MARZO,VANUATU,OCEANÍA,KASANI,0
MARZO,VANUATU,OCEANÍA,OTRAS OCM,0
MARZO,VANUATU,OCEANÍA,SANTA ROSA,0
MARZO,VATICANO,EUROPA,AEROPUERTO INTERNACIONAL JORGE CHÁVEZ,2
MARZO,VATICANO,EUROPA,CEBAF - TUMBES,0
MARZO,VATICANO,EUROPA,DESAGUADERO,0
MARZO,VATICANO,EUROPA,KASANI,0
MARZO,VATICANO,EUROPA,OTRAS OCM,0
MARZO,VATICANO,EUROPA,SANTA ROSA,0
MARZO,VENEZUELA,AMÉRICA DEL SUR,AEROPUERTO INTERNACIONAL JORGE CHÁVEZ,6608
MARZO,VENEZUELA,AMÉRICA DEL SUR,CEBAF - TUMBES,8445
MARZO,VENEZUELA,AMÉRICA DEL SUR,DESAGUADERO,72
MARZO,VENEZUELA,AMÉRICA DEL SUR,KASANI,31
MARZO,VENEZUELA,AMÉRICA DEL SUR,OTRAS OCM,249
MARZO,VENEZUELA,AMÉRICA DEL SUR,SANTA ROSA,2584
MARZO,VIETNAM,ASIA,AEROPUERTO INTERNACIONAL JORGE CHÁVEZ,183
MARZO,VIETNAM,ASIA,CEBAF - TUMBES,0
MARZO,VIETNAM,ASIA,DESAGUADERO,5
MARZO,VIETNAM,ASIA,KASANI,2
MARZO,VIETNAM,ASIA,OTRAS OCM,25
MARZO,VIETNAM,ASIA,SANTA ROSA,1
MARZO,YEMEN,ASIA,AEROPUERTO INTERNACIONAL JORGE CHÁVEZ,2
MARZO,YEMEN,ASIA,CEBAF - TUMBES,3
MARZO,YEMEN,ASIA,DESAGUADERO,0
MARZO,YEMEN,ASIA,KASANI,0
MARZO,YEMEN,ASIA,OTRAS OCM,0
MARZO,YEMEN,ASIA,SANTA ROSA,1
MARZO,ZAMBIA,ÁFRICA,AEROPUERTO INTERNACIONAL JORGE CHÁVEZ,10
MARZO,ZAMBIA,ÁFRICA,CEBAF - TUMBES,0
MARZO,ZAMBIA,ÁFRICA,DESAGUADERO,0
MARZO,ZAMBIA,ÁFRICA,KASANI,0
MARZO,ZAMBIA,ÁFRICA,OTRAS OCM,0
MARZO,ZAMBIA,ÁFRICA,SANTA ROSA,0
MARZO,ZIMBABWE,ÁFRICA,AEROPUERTO INTERNACIONAL JORGE CHÁVEZ,17
MARZO,ZIMBABWE,ÁFRICA,CEBAF - TUMBES,0
MARZO,ZIMBABWE,ÁFRICA,DESAGUADERO,0
MARZO,ZIMBABWE,ÁFRICA,KASANI,0
MARZO,ZIMBABWE,ÁFRICA,OTRAS OCM,2
MARZO,ZIMBABWE,ÁFRICA,SANTA ROSA,0
MAYO,AFGHANISTÁN,ASIA,AEROPUERTO INTERNACIONAL JORGE CHÁVEZ,12
MAYO,AFGHANISTÁN,ASIA,CEBAF - TUMBES,0
MAYO,AFGHANISTÁN,ASIA,DESAGUADERO,1
MAYO,AFGHANISTÁN,ASIA,KASANI,0
MAYO,AFGHANISTÁN,ASIA,OTRAS OCM,0
MAYO,AFGHANISTÁN,ASIA,SANTA ROSA,15
MAYO,ALBANIA,EUROPA,AEROPUERTO INTERNACIONAL JORGE CHÁVEZ,32
MAYO,ALBANIA,EUROPA,CEBAF - TUMBES,0
MAYO,ALBANIA,EUROPA,DESAGUADERO,0
MAYO,ALBANIA,EUROPA,KASANI,0
MAYO,ALBANIA,EUROPA,OTRAS OCM,1
MAYO,ALBANIA,EUROPA,SANTA ROSA,0
MAYO,ALEMANIA,EUROPA,AEROPUERTO INTERNACIONAL JORGE CHÁVEZ,18750
MAYO,ALEMANIA,EUROPA,CEBAF - TUMBES,456
MAYO,ALEMANIA,EUROPA,DESAGUADERO,1053
MAYO,ALEMANIA,EUROPA,KASANI,1839
MAYO,ALEMANIA,EUROPA,OTRAS OCM,758
MAYO,ALEMANIA,EUROPA,SANTA ROSA,358
MAYO,ANDORRA,EUROPA,AEROPUERTO INTERNACIONAL JORGE CHÁVEZ,47
MAYO,ANDORRA,EUROPA,CEBAF - TUMBES,0
MAYO,ANDORRA,EUROPA,DESAGUADERO,0
MAYO,ANDORRA,EUROPA,KASANI,0
MAYO,ANDORRA,EUROPA,OTRAS OCM,3
MAYO,ANDORRA,EUROPA,SANTA ROSA,2
MAYO,ANGOLA,ÁFRICA,AEROPUERTO INTERNACIONAL JORGE CHÁVEZ,8
MAYO,ANGOLA,ÁFRICA,CEBAF - TUMBES,0
MAYO,ANGOLA,ÁFRICA,DESAGUADERO,0
MAYO,ANGOLA,ÁFRICA,KASANI,0
MAYO,ANGOLA,ÁFRICA,OTRAS OCM,0
MAYO,ANGOLA,ÁFRICA,SANTA ROSA,0
MAYO,ANT. BARBUDA,AMÉRICA CENTRAL,AEROPUERTO INTERNACIONAL JORGE CHÁVEZ,20
MAYO,ANT. BARBUDA,AMÉRICA CENTRAL,CEBAF - TUMBES,0
MAYO,ANT. BARBUDA,AMÉRICA CENTRAL,DESAGUADERO,0
MAYO,ANT. BARBUDA,AMÉRICA CENTRAL,KASANI,0
MAYO,ANT. BARBUDA,AMÉRICA CENTRAL,OTRAS OCM,1
MAYO,ANT. BARBUDA,AMÉRICA CENTRAL,SANTA ROSA,0
MAYO,ARABIA SAUDITA,ASIA,AEROPUERTO INTERNACIONAL JORGE CHÁVEZ,126
MAYO,ARABIA SAUDITA,ASIA,CEBAF - TUMBES,0
MAYO,ARABIA SAUDITA,ASIA,DESAGUADERO,2
MAYO,ARABIA SAUDITA,ASIA,KASANI,1
MAYO,ARABIA SAUDITA,ASIA,OTRAS OCM,1
MAYO,ARABIA SAUDITA,ASIA,SANTA ROSA,0
MAYO,ARGELIA,ÁFRICA,AEROPUERTO INTERNACIONAL JORGE CHÁVEZ,22
MAYO,ARGELIA,ÁFRICA,CEBAF - TUMBES,0
MAYO,ARGELIA,ÁFRICA,DESAGUADERO,0
MAYO,ARGELIA,ÁFRICA,KASANI,1
MAYO,ARGELIA,ÁFRICA,OTRAS OCM,0
MAYO,ARGELIA,ÁFRICA,SANTA ROSA,0
MAYO,ARGENTINA,AMÉRICA DEL SUR,AEROPUERTO INTERNACIONAL JORGE CHÁVEZ,44557
MAYO,ARGENTINA,AMÉRICA DEL SUR,CEBAF - TUMBES,547
MAYO,ARGENTINA,AMÉRICA DEL SUR,DESAGUADERO,1592
MAYO,ARGENTINA,AMÉRICA DEL SUR,KASANI,1075
MAYO,ARGENTINA,AMÉRICA DEL SUR,OTRAS OCM,1198
MAYO,ARGENTINA,AMÉRICA DEL SUR,SANTA ROSA,3964
MAYO,ARMENIA,ASIA,AEROPUERTO INTERNACIONAL JORGE CHÁVEZ,57
MAYO,ARMENIA,ASIA,CEBAF - TUMBES,1
MAYO,ARMENIA,ASIA,DESAGUADERO,0
MAYO,ARMENIA,ASIA,KASANI,1
MAYO,ARMENIA,ASIA,OTRAS OCM,1
MAYO,ARMENIA,ASIA,SANTA ROSA,8
MAYO,ARUBA,AMÉRICA CENTRAL,AEROPUERTO INTERNACIONAL JORGE CHÁVEZ,74
MAYO,ARUBA,AMÉRICA CENTRAL,CEBAF - TUMBES,0
MAYO,ARUBA,AMÉRICA CENTRAL,DESAGUADERO,0
MAYO,ARUBA,AMÉRICA CENTRAL,KASANI,0
MAYO,ARUBA,AMÉRICA CENTRAL,OTRAS OCM,12
MAYO,ARUBA,AMÉRICA CENTRAL,SANTA ROSA,0
MAYO,AUSTRALIA,OCEANÍA,AEROPUERTO INTERNACIONAL JORGE CHÁVEZ,9108
MAYO,AUSTRALIA,OCEANÍA,CEBAF - TUMBES,178
MAYO,AUSTRALIA,OCEANÍA,DESAGUADERO,266
MAYO,AUSTRALIA,OCEANÍA,KASANI,427
MAYO,AUSTRALIA,OCEANÍA,OTRAS OCM,789
MAYO,AUSTRALIA,OCEANÍA,SANTA ROSA,58
MAYO,AUSTRIA,EUROPA,AEROPUERTO INTERNACIONAL JORGE CHÁVEZ,2166
MAYO,AUSTRIA,EUROPA,CEBAF - TUMBES,57
MAYO,AUSTRIA,EUROPA,DESAGUADERO,159
MAYO,AUSTRIA,EUROPA,KASANI,163
MAYO,AUSTRIA,EUROPA,OTRAS OCM,98
MAYO,AUSTRIA,EUROPA,SANTA ROSA,40
MAYO,AZERBAIYÁN,ASIA,AEROPUERTO INTERNACIONAL JORGE CHÁVEZ,12
MAYO,AZERBAIYÁN,ASIA,CEBAF - TUMBES,0
MAYO,AZERBAIYÁN,ASIA,DESAGUADERO,1
MAYO,AZERBAIYÁN,ASIA,KASANI,0
MAYO,AZERBAIYÁN,ASIA,OTRAS OCM,0
MAYO,AZERBAIYÁN,ASIA,SANTA ROSA,0
MAYO,BAHAMAS,AMÉRICA CENTRAL,AEROPUERTO INTERNACIONAL JORGE CHÁVEZ,70
MAYO,BAHAMAS,AMÉRICA CENTRAL,CEBAF - TUMBES,0
MAYO,BAHAMAS,AMÉRICA CENTRAL,DESAGUADERO,0
MAYO,BAHAMAS,AMÉRICA CENTRAL,KASANI,0
MAYO,BAHAMAS,AMÉRICA CENTRAL,OTRAS OCM,1
MAYO,BAHAMAS,AMÉRICA CENTRAL,SANTA ROSA,3
MAYO,BAHRÉIN,ASIA,AEROPUERTO INTERNACIONAL JORGE CHÁVEZ,31
MAYO,BAHRÉIN,ASIA,CEBAF - TUMBES,0
MAYO,BAHRÉIN,ASIA,DESAGUADERO,0
MAYO,BAHRÉIN,ASIA,KASANI,0
MAYO,BAHRÉIN,ASIA,OTRAS OCM,0
MAYO,BAHRÉIN,ASIA,SANTA ROSA,0
MAYO,BANGLADESH,ASIA,AEROPUERTO INTERNACIONAL JORGE CHÁVEZ,63
MAYO,BANGLADESH,ASIA,CEBAF - TUMBES,0
MAYO,BANGLADESH,ASIA,DESAGUADERO,0
MAYO,BANGLADESH,ASIA,KASANI,0
MAYO,BANGLADESH,ASIA,OTRAS OCM,3
MAYO,BANGLADESH,ASIA,SANTA ROSA,0
MAYO,BARBADOS,AMÉRICA CENTRAL,AEROPUERTO INTERNACIONAL JORGE CHÁVEZ,128
MAYO,BARBADOS,AMÉRICA CENTRAL,CEBAF - TUMBES,0
MAYO,BARBADOS,AMÉRICA CENTRAL,DESAGUADERO,0
MAYO,BARBADOS,AMÉRICA CENTRAL,KASANI,1
MAYO,BARBADOS,AMÉRICA CENTRAL,OTRAS OCM,0
MAYO,BARBADOS,AMÉRICA CENTRAL,SANTA ROSA,0
MAYO,BELICE,AMÉRICA CENTRAL,AEROPUERTO INTERNACIONAL JORGE CHÁVEZ,208
MAYO,BELICE,AMÉRICA CENTRAL,CEBAF - TUMBES,2
MAYO,BELICE,AMÉRICA CENTRAL,DESAGUADERO,8
MAYO,BELICE,AMÉRICA CENTRAL,KASANI,1
MAYO,BELICE,AMÉRICA CENTRAL,OTRAS OCM,0
MAYO,BELICE,AMÉRICA CENTRAL,SANTA ROSA,0
MAYO,BELORUSIA,EUROPA,AEROPUERTO INTERNACIONAL JORGE CHÁVEZ,136
MAYO,BELORUSIA,EUROPA,CEBAF - TUMBES,1
MAYO,BELORUSIA,EUROPA,DESAGUADERO,8
MAYO,BELORUSIA,EUROPA,KASANI,3
MAYO,BELORUSIA,EUROPA,OTRAS OCM,1
MAYO,BELORUSIA,EUROPA,SANTA ROSA,0
MAYO,BENÍN,ÁFRICA,AEROPUERTO INTERNACIONAL JORGE CHÁVEZ,1
MAYO,BENÍN,ÁFRICA,CEBAF - TUMBES,0
MAYO,BENÍN,ÁFRICA,DESAGUADERO,0
MAYO,BENÍN,ÁFRICA,KASANI,0
MAYO,BENÍN,ÁFRICA,OTRAS OCM,0
MAYO,BENÍN,ÁFRICA,SANTA ROSA,0
MAYO,BERMUDAS,AMÉRICA CENTRAL,AEROPUERTO INTERNACIONAL JORGE CHÁVEZ,10
MAYO,BERMUDAS,AMÉRICA CENTRAL,CEBAF - TUMBES,0
MAYO,BERMUDAS,AMÉRICA CENTRAL,DESAGUADERO,0
MAYO,BERMUDAS,AMÉRICA CENTRAL,KASANI,0
MAYO,BERMUDAS,AMÉRICA CENTRAL,OTRAS OCM,0
MAYO,BERMUDAS,AMÉRICA CENTRAL,SANTA ROSA,0
MAYO,BHUTÁN,ASIA,AEROPUERTO INTERNACIONAL JORGE CHÁVEZ,3
MAYO,BHUTÁN,ASIA,CEBAF - TUMBES,0
MAYO,BHUTÁN,ASIA,DESAGUADERO,0
MAYO,BHUTÁN,ASIA,KASANI,0
MAYO,BHUTÁN,ASIA,OTRAS OCM,1
MAYO,BHUTÁN,ASIA,SANTA ROSA,0
MAYO,BOLIVIA,AMÉRICA DEL SUR,AEROPUERTO INTERNACIONAL JORGE CHÁVEZ,8257
MAYO,BOLIVIA,AMÉRICA DEL SUR,CEBAF - TUMBES,174
MAYO,BOLIVIA,AMÉRICA DEL SUR,DESAGUADERO,41589
MAYO,BOLIVIA,AMÉRICA DEL SUR,KASANI,4075
MAYO,BOLIVIA,AMÉRICA DEL SUR,OTRAS OCM,2264
MAYO,BOLIVIA,AMÉRICA DEL SUR,SANTA ROSA,11299
MAYO,BOSNIA Y HERZEGOVINA,EUROPA,AEROPUERTO INTERNACIONAL JORGE CHÁVEZ,25
MAYO,BOSNIA Y HERZEGOVINA,EUROPA,CEBAF - TUMBES,0
MAYO,BOSNIA Y HERZEGOVINA,EUROPA,DESAGUADERO,3
MAYO,BOSNIA Y HERZEGOVINA,EUROPA,KASANI,2
MAYO,BOSNIA Y HERZEGOVINA,EUROPA,OTRAS OCM,0
MAYO,BOSNIA Y HERZEGOVINA,EUROPA,SANTA ROSA,1
MAYO,BOTSWANA,ÁFRICA,AEROPUERTO INTERNACIONAL JORGE CHÁVEZ,8
MAYO,BOTSWANA,ÁFRICA,CEBAF - TUMBES,0
MAYO,BOTSWANA,ÁFRICA,DESAGUADERO,0
MAYO,BOTSWANA,ÁFRICA,KASANI,0
MAYO,BOTSWANA,ÁFRICA,OTRAS OCM,0
MAYO,BOTSWANA,ÁFRICA,SANTA ROSA,0
MAYO,BRASIL,AMÉRICA DEL SUR,AEROPUERTO INTERNACIONAL JORGE CHÁVEZ,61641
MAYO,BRASIL,AMÉRICA DEL SUR,CEBAF - TUMBES,122
MAYO,BRASIL,AMÉRICA DEL SUR,DESAGUADERO,800
MAYO,BRASIL,AMÉRICA DEL SUR,KASANI,872
MAYO,BRASIL,AMÉRICA DEL SUR,OTRAS OCM,5564
MAYO,BRASIL,AMÉRICA DEL SUR,SANTA ROSA,2421
MAYO,BRUNÉI,ASIA,AEROPUERTO INTERNACIONAL JORGE CHÁVEZ,9
MAYO,BRUNÉI,ASIA,CEBAF - TUMBES,0
MAYO,BRUNÉI,ASIA,DESAGUADERO,0
MAYO,BRUNÉI,ASIA,KASANI,0
MAYO,BRUNÉI,ASIA,OTRAS OCM,3
MAYO,BRUNÉI,ASIA,SANTA ROSA,0
MAYO,BULGARIA,EUROPA,AEROPUERTO INTERNACIONAL JORGE CHÁVEZ,794
MAYO,BULGARIA,EUROPA,CEBAF - TUMBES,5
MAYO,BULGARIA,EUROPA,DESAGUADERO,20
MAYO,BULGARIA,EUROPA,KASANI,34
MAYO,BULGARIA,EUROPA,OTRAS OCM,24
MAYO,BULGARIA,EUROPA,SANTA ROSA,2
MAYO,BURKINA FASO,ÁFRICA,AEROPUERTO INTERNACIONAL JORGE CHÁVEZ,2
MAYO,BURKINA FASO,ÁFRICA,CEBAF - TUMBES,0
MAYO,BURKINA FASO,ÁFRICA,DESAGUADERO,0
MAYO,BURKINA FASO,ÁFRICA,KASANI,0
MAYO,BURKINA FASO,ÁFRICA,OTRAS OCM,0
MAYO,BURKINA FASO,ÁFRICA,SANTA ROSA,0
MAYO,BURUNDI,ÁFRICA,AEROPUERTO INTERNACIONAL JORGE CHÁVEZ,0
MAYO,BURUNDI,ÁFRICA,CEBAF - TUMBES,0
MAYO,BURUNDI,ÁFRICA,DESAGUADERO,0
MAYO,BURUNDI,ÁFRICA,KASANI,0
MAYO,BURUNDI,ÁFRICA,OTRAS OCM,0
MAYO,BURUNDI,ÁFRICA,SANTA ROSA,0
MAYO,BÉLGICA,EUROPA,AEROPUERTO INTERNACIONAL JORGE CHÁVEZ,4008
MAYO,BÉLGICA,EUROPA,CEBAF - TUMBES,97
MAYO,BÉLGICA,EUROPA,DESAGUADERO,178
MAYO,BÉLGICA,EUROPA,KASANI,317
MAYO,BÉLGICA,EUROPA,OTRAS OCM,89
MAYO,BÉLGICA,EUROPA,SANTA ROSA,51
MAYO,CABO VERDE,ÁFRICA,AEROPUERTO INTERNACIONAL JORGE CHÁVEZ,8
MAYO,CABO VERDE,ÁFRICA,CEBAF - TUMBES,1
MAYO,CABO VERDE,ÁFRICA,DESAGUADERO,0
MAYO,CABO VERDE,ÁFRICA,KASANI,0
MAYO,CABO VERDE,ÁFRICA,OTRAS OCM,1
MAYO,CABO VERDE,ÁFRICA,SANTA ROSA,0
MAYO,CAMBOYA,ASIA,AEROPUERTO INTERNACIONAL JORGE CHÁVEZ,3
MAYO,CAMBOYA,ASIA,CEBAF - TUMBES,0
MAYO,CAMBOYA,ASIA,DESAGUADERO,0
MAYO,CAMBOYA,ASIA,KASANI,0
MAYO,CAMBOYA,ASIA,OTRAS OCM,0
MAYO,CAMBOYA,ASIA,SANTA ROSA,0
MAYO,CAMERÚN,ÁFRICA,AEROPUERTO INTERNACIONAL JORGE CHÁVEZ,8
MAYO,CAMERÚN,ÁFRICA,CEBAF - TUMBES,1
MAYO,CAMERÚN,ÁFRICA,DESAGUADERO,0
MAYO,CAMERÚN,ÁFRICA,KASANI,0
MAYO,CAMERÚN,ÁFRICA,OTRAS OCM,0
MAYO,CAMERÚN,ÁFRICA,SANTA ROSA,1
MAYO,CANADÁ,AMÉRICA DEL NORTE,AEROPUERTO INTERNACIONAL JORGE CHÁVEZ,28952
MAYO,CANADÁ,AMÉRICA DEL NORTE,CEBAF - TUMBES,156
MAYO,CANADÁ,AMÉRICA DEL NORTE,DESAGUADERO,306
MAYO,CANADÁ,AMÉRICA DEL NORTE,KASANI,369
MAYO,CANADÁ,AMÉRICA DEL NORTE,OTRAS OCM,811
MAYO,CANADÁ,AMÉRICA DEL NORTE,SANTA ROSA,124
MAYO,CEYLÁN,ASIA,AEROPUERTO INTERNACIONAL JORGE CHÁVEZ,0
MAYO,CEYLÁN,ASIA,CEBAF - TUMBES,0
MAYO,CEYLÁN,ASIA,DESAGUADERO,0
MAYO,CEYLÁN,ASIA,KASANI,0
MAYO,CEYLÁN,ASIA,OTRAS OCM,0
MAYO,CEYLÁN,ASIA,SANTA ROSA,0
MAYO,CHAD,ÁFRICA,AEROPUERTO INTERNACIONAL JORGE CHÁVEZ,0
MAYO,CHAD,ÁFRICA,CEBAF - TUMBES,0
MAYO,CHAD,ÁFRICA,DESAGUADERO,0
MAYO,CHAD,ÁFRICA,KASANI,0
MAYO,CHAD,ÁFRICA,OTRAS OCM,0
MAYO,CHAD,ÁFRICA,SANTA ROSA,0
MAYO,CHILE,AMÉRICA DEL SUR,AEROPUERTO INTERNACIONAL JORGE CHÁVEZ,86621
MAYO,CHILE,AMÉRICA DEL SUR,CEBAF - TUMBES,686
MAYO,CHILE,AMÉRICA DEL SUR,DESAGUADERO,543
MAYO,CHILE,AMÉRICA DEL SUR,KASANI,209
MAYO,CHILE,AMÉRICA DEL SUR,OTRAS OCM,9199
MAYO,CHILE,AMÉRICA DEL SUR,SANTA ROSA,347559
MAYO,CHINA (R.P),ASIA,AEROPUERTO INTERNACIONAL JORGE CHÁVEZ,11812
MAYO,CHINA (R.P),ASIA,CEBAF - TUMBES,68
MAYO,CHINA (R.P),ASIA,DESAGUADERO,42
MAYO,CHINA (R.P),ASIA,KASANI,57
MAYO,CHINA (R.P),ASIA,OTRAS OCM,795
MAYO,CHINA (R.P),ASIA,SANTA ROSA,136
MAYO,CHIPRE,EUROPA,AEROPUERTO INTERNACIONAL JORGE CHÁVEZ,102
MAYO,CHIPRE,EUROPA,CEBAF - TUMBES,0
MAYO,CHIPRE,EUROPA,DESAGUADERO,2
MAYO,CHIPRE,EUROPA,KASANI,3
MAYO,CHIPRE,EUROPA,OTRAS OCM,3
MAYO,CHIPRE,EUROPA,SANTA ROSA,0
MAYO,COLOMBIA,AMÉRICA DEL SUR,AEROPUERTO INTERNACIONAL JORGE CHÁVEZ,55931
MAYO,COLOMBIA,AMÉRICA DEL SUR,CEBAF - TUMBES,9334
MAYO,COLOMBIA,AMÉRICA DEL SUR,DESAGUADERO,1076
MAYO,COLOMBIA,AMÉRICA DEL SUR,KASANI,402
MAYO,COLOMBIA,AMÉRICA DEL SUR,OTRAS OCM,3938
MAYO,COLOMBIA,AMÉRICA DEL SUR,SANTA ROSA,4969
MAYO,COMORAS (ISL),ÁFRICA,AEROPUERTO INTERNACIONAL JORGE CHÁVEZ,0
MAYO,COMORAS (ISL),ÁFRICA,CEBAF - TUMBES,0
MAYO,COMORAS (ISL),ÁFRICA,DESAGUADERO,0
MAYO,COMORAS (ISL),ÁFRICA,KASANI,0
MAYO,COMORAS (ISL),ÁFRICA,OTRAS OCM,0
MAYO,COMORAS (ISL),ÁFRICA,SANTA ROSA,0
MAYO,CONGO,ÁFRICA,AEROPUERTO INTERNACIONAL JORGE CHÁVEZ,5
MAYO,CONGO,ÁFRICA,CEBAF - TUMBES,0
MAYO,CONGO,ÁFRICA,DESAGUADERO,0
MAYO,CONGO,ÁFRICA,KASANI,0
MAYO,CONGO,ÁFRICA,OTRAS OCM,0
MAYO,CONGO,ÁFRICA,SANTA ROSA,1
MAYO,COREA DEL NORTE,ASIA,AEROPUERTO INTERNACIONAL JORGE CHÁVEZ,2
MAYO,COREA DEL NORTE,ASIA,CEBAF - TUMBES,0
MAYO,COREA DEL NORTE,ASIA,DESAGUADERO,0
MAYO,COREA DEL NORTE,ASIA,KASANI,0
MAYO,COREA DEL NORTE,ASIA,OTRAS OCM,0
MAYO,COREA DEL NORTE,ASIA,SANTA ROSA,0
MAYO,COREA DEL SUR,ASIA,AEROPUERTO INTERNACIONAL JORGE CHÁVEZ,3730
MAYO,COREA DEL SUR,ASIA,CEBAF - TUMBES,66
MAYO,COREA DEL SUR,ASIA,DESAGUADERO,86
MAYO,COREA DEL SUR,ASIA,KASANI,101
MAYO,COREA DEL SUR,ASIA,OTRAS OCM,177
MAYO,COREA DEL SUR,ASIA,SANTA ROSA,38
MAYO,COSTA MARFIL,ÁFRICA,AEROPUERTO INTERNACIONAL JORGE CHÁVEZ,2
MAYO,COSTA MARFIL,ÁFRICA,CEBAF - TUMBES,0
MAYO,COSTA MARFIL,ÁFRICA,DESAGUADERO,0
MAYO,COSTA MARFIL,ÁFRICA,KASANI,0
MAYO,COSTA MARFIL,ÁFRICA,OTRAS OCM,0
MAYO,COSTA MARFIL,ÁFRICA,SANTA ROSA,0
MAYO,COSTA RICA,AMÉRICA CENTRAL,AEROPUERTO INTERNACIONAL JORGE CHÁVEZ,7414
MAYO,COSTA RICA,AMÉRICA CENTRAL,CEBAF - TUMBES,18
MAYO,COSTA RICA,AMÉRICA CENTRAL,DESAGUADERO,59
MAYO,COSTA RICA,AMÉRICA CENTRAL,KASANI,34
MAYO,COSTA RICA,AMÉRICA CENTRAL,OTRAS OCM,317
MAYO,COSTA RICA,AMÉRICA CENTRAL,SANTA ROSA,20
MAYO,CROACIA,EUROPA,AEROPUERTO INTERNACIONAL JORGE CHÁVEZ,382
MAYO,CROACIA,EUROPA,CEBAF - TUMBES,3
MAYO,CROACIA,EUROPA,DESAGUADERO,5
MAYO,CROACIA,EUROPA,KASANI,18
MAYO,CROACIA,EUROPA,OTRAS OCM,38
MAYO,CROACIA,EUROPA,SANTA ROSA,6
MAYO,CUBA,AMÉRICA CENTRAL,AEROPUERTO INTERNACIONAL JORGE CHÁVEZ,1725
MAYO,CUBA,AMÉRICA CENTRAL,CEBAF - TUMBES,30
MAYO,CUBA,AMÉRICA CENTRAL,DESAGUADERO,0
MAYO,CUBA,AMÉRICA CENTRAL,KASANI,2
MAYO,CUBA,AMÉRICA CENTRAL,OTRAS OCM,28
MAYO,CUBA,AMÉRICA CENTRAL,SANTA ROSA,39
MAYO,DEMOC. REP. CONGO (ZAIRE),ÁFRICA,AEROPUERTO INTERNACIONAL JORGE CHÁVEZ,3
MAYO,DEMOC. REP. CONGO (ZAIRE),ÁFRICA,CEBAF - TUMBES,0
MAYO,DEMOC. REP. CONGO (ZAIRE),ÁFRICA,DESAGUADERO,0
MAYO,DEMOC. REP. CONGO (ZAIRE),ÁFRICA,KASANI,0
MAYO,DEMOC. REP. CONGO (ZAIRE),ÁFRICA,OTRAS OCM,0
MAYO,DEMOC. REP. CONGO (ZAIRE),ÁFRICA,SANTA ROSA,0
MAYO,DINAMARCA,EUROPA,AEROPUERTO INTERNACIONAL JORGE CHÁVEZ,1327
MAYO,DINAMARCA,EUROPA,CEBAF - TUMBES,178
MAYO,DINAMARCA,EUROPA,DESAGUADERO,132
MAYO,DINAMARCA,EUROPA,KASANI,155
MAYO,DINAMARCA,EUROPA,OTRAS OCM,123
MAYO,DINAMARCA,EUROPA,SANTA ROSA,10
MAYO,DJIBOUTI,ÁFRICA,AEROPUERTO INTERNACIONAL JORGE CHÁVEZ,0
MAYO,DJIBOUTI,ÁFRICA,CEBAF - TUMBES,0
MAYO,DJIBOUTI,ÁFRICA,DESAGUADERO,0
MAYO,DJIBOUTI,ÁFRICA,KASANI,0
MAYO,DJIBOUTI,ÁFRICA,OTRAS OCM,0
MAYO,DJIBOUTI,ÁFRICA,SANTA ROSA,0
MAYO,DOMINICA,AMÉRICA CENTRAL,AEROPUERTO INTERNACIONAL JORGE CHÁVEZ,27
MAYO,DOMINICA,AMÉRICA CENTRAL,CEBAF - TUMBES,0
MAYO,DOMINICA,AMÉRICA CENTRAL,DESAGUADERO,0
MAYO,DOMINICA,AMÉRICA CENTRAL,KASANI,0
MAYO,DOMINICA,AMÉRICA CENTRAL,OTRAS OCM,7
MAYO,DOMINICA,AMÉRICA CENTRAL,SANTA ROSA,3
MAYO,ECUADOR,AMÉRICA DEL SUR,AEROPUERTO INTERNACIONAL JORGE CHÁVEZ,20577
MAYO,ECUADOR,AMÉRICA DEL SUR,CEBAF - TUMBES,75834
MAYO,ECUADOR,AMÉRICA DEL SUR,DESAGUADERO,710
MAYO,ECUADOR,AMÉRICA DEL SUR,KASANI,169
MAYO,ECUADOR,AMÉRICA DEL SUR,OTRAS OCM,13011
MAYO,ECUADOR,AMÉRICA DEL SUR,SANTA ROSA,3397
MAYO,EE.UU,AMÉRICA DEL NORTE,AEROPUERTO INTERNACIONAL JORGE CHÁVEZ,265630
MAYO,EE.UU,AMÉRICA DEL NORTE,CEBAF - TUMBES,693
MAYO,EE.UU,AMÉRICA DEL NORTE,DESAGUADERO,396
MAYO,EE.UU,AMÉRICA DEL NORTE,KASANI,425
MAYO,EE.UU,AMÉRICA DEL NORTE,OTRAS OCM,5188
MAYO,EE.UU,AMÉRICA DEL NORTE,SANTA ROSA,466
MAYO,EGIPTO,ÁFRICA,AEROPUERTO INTERNACIONAL JORGE CHÁVEZ,96
MAYO,EGIPTO,ÁFRICA,CEBAF - TUMBES,6
MAYO,EGIPTO,ÁFRICA,DESAGUADERO,0
MAYO,EGIPTO,ÁFRICA,KASANI,0
MAYO,EGIPTO,ÁFRICA,OTRAS OCM,3
MAYO,EGIPTO,ÁFRICA,SANTA ROSA,0
MAYO,EL SALVADOR,AMÉRICA CENTRAL,AEROPUERTO INTERNACIONAL JORGE CHÁVEZ,2434
MAYO,EL SALVADOR,AMÉRICA CENTRAL,CEBAF - TUMBES,3
MAYO,EL SALVADOR,AMÉRICA CENTRAL,DESAGUADERO,9
MAYO,EL SALVADOR,AMÉRICA CENTRAL,KASANI,3
MAYO,EL SALVADOR,AMÉRICA CENTRAL,OTRAS OCM,35
MAYO,EL SALVADOR,AMÉRICA CENTRAL,SANTA ROSA,2
MAYO,EMIRATOS ÁRABES UNIDOS,ASIA,AEROPUERTO INTERNACIONAL JORGE CHÁVEZ,109
MAYO,EMIRATOS ÁRABES UNIDOS,ASIA,CEBAF - TUMBES,0
MAYO,EMIRATOS ÁRABES UNIDOS,ASIA,DESAGUADERO,1
MAYO,EMIRATOS ÁRABES UNIDOS,ASIA,KASANI,0
MAYO,EMIRATOS ÁRABES UNIDOS,ASIA,OTRAS OCM,2
MAYO,EMIRATOS ÁRABES UNIDOS,ASIA,SANTA ROSA,0
MAYO,ERITREA,ÁFRICA,AEROPUERTO INTERNACIONAL JORGE CHÁVEZ,3
MAYO,ERITREA,ÁFRICA,CEBAF - TUMBES,0
MAYO,ERITREA,ÁFRICA,DESAGUADERO,0
MAYO,ERITREA,ÁFRICA,KASANI,0
MAYO,ERITREA,ÁFRICA,OTRAS OCM,0
MAYO,ERITREA,ÁFRICA,SANTA ROSA,0
MAYO,ESLOVAQUIA,EUROPA,AEROPUERTO INTERNACIONAL JORGE CHÁVEZ,503
MAYO,ESLOVAQUIA,EUROPA,CEBAF - TUMBES,6
MAYO,ESLOVAQUIA,EUROPA,DESAGUADERO,62
MAYO,ESLOVAQUIA,EUROPA,KASANI,48
MAYO,ESLOVAQUIA,EUROPA,OTRAS OCM,22
MAYO,ESLOVAQUIA,EUROPA,SANTA ROSA,11
MAYO,ESLOVENIA,EUROPA,AEROPUERTO INTERNACIONAL JORGE CHÁVEZ,284
MAYO,ESLOVENIA,EUROPA,CEBAF - TUMBES,2
MAYO,ESLOVENIA,EUROPA,DESAGUADERO,26
MAYO,ESLOVENIA,EUROPA,KASANI,13
MAYO,ESLOVENIA,EUROPA,OTRAS OCM,13
MAYO,ESLOVENIA,EUROPA,SANTA ROSA,22
MAYO,ESPAÑA,EUROPA,AEROPUERTO INTERNACIONAL JORGE CHÁVEZ,41092
MAYO,ESPAÑA,EUROPA,CEBAF - TUMBES,301
MAYO,ESPAÑA,EUROPA,DESAGUADERO,401
MAYO,ESPAÑA,EUROPA,KASANI,497
MAYO,ESPAÑA,EUROPA,OTRAS OCM,420
MAYO,ESPAÑA,EUROPA,SANTA ROSA,314
MAYO,ESTONIA,EUROPA,AEROPUERTO INTERNACIONAL JORGE CHÁVEZ,185
MAYO,ESTONIA,EUROPA,CEBAF - TUMBES,0
MAYO,ESTONIA,EUROPA,DESAGUADERO,5
MAYO,ESTONIA,EUROPA,KASANI,10
MAYO,ESTONIA,EUROPA,OTRAS OCM,11
MAYO,ESTONIA,EUROPA,SANTA ROSA,3
MAYO,ETIOPÍA,ÁFRICA,AEROPUERTO INTERNACIONAL JORGE CHÁVEZ,16
MAYO,ETIOPÍA,ÁFRICA,CEBAF - TUMBES,0
MAYO,ETIOPÍA,ÁFRICA,DESAGUADERO,0
MAYO,ETIOPÍA,ÁFRICA,KASANI,0
MAYO,ETIOPÍA,ÁFRICA,OTRAS OCM,2
MAYO,ETIOPÍA,ÁFRICA,SANTA ROSA,0
MAYO,EX R. YUG. MACEDONIA,EUROPA,AEROPUERTO INTERNACIONAL JORGE CHÁVEZ,41
MAYO,EX R. YUG. MACEDONIA,EUROPA,CEBAF - TUMBES,0
MAYO,EX R. YUG. MACEDONIA,EUROPA,DESAGUADERO,3
MAYO,EX R. YUG. MACEDONIA,EUROPA,KASANI,0
MAYO,EX R. YUG. MACEDONIA,EUROPA,OTRAS OCM,1
MAYO,EX R. YUG. MACEDONIA,EUROPA,SANTA ROSA,1
MAYO,FIJI,OCEANÍA,AEROPUERTO INTERNACIONAL JORGE CHÁVEZ,20
MAYO,FIJI,OCEANÍA,CEBAF - TUMBES,0
MAYO,FIJI,OCEANÍA,DESAGUADERO,0
MAYO,FIJI,OCEANÍA,KASANI,0
MAYO,FIJI,OCEANÍA,OTRAS OCM,2
MAYO,FIJI,OCEANÍA,SANTA ROSA,0
MAYO,FILIPINAS,ASIA,AEROPUERTO INTERNACIONAL JORGE CHÁVEZ,1355
MAYO,FILIPINAS,ASIA,CEBAF - TUMBES,5
MAYO,FILIPINAS,ASIA,DESAGUADERO,8
MAYO,FILIPINAS,ASIA,KASANI,12
MAYO,FILIPINAS,ASIA,OTRAS OCM,443
MAYO,FILIPINAS,ASIA,SANTA ROSA,1
MAYO,FINLANDIA,EUROPA,AEROPUERTO INTERNACIONAL JORGE CHÁVEZ,504
MAYO,FINLANDIA,EUROPA,CEBAF - TUMBES,5
MAYO,FINLANDIA,EUROPA,DESAGUADERO,13
MAYO,FINLANDIA,EUROPA,KASANI,36
MAYO,FINLANDIA,EUROPA,OTRAS OCM,25
MAYO,FINLANDIA,EUROPA,SANTA ROSA,5
MAYO,FRANCIA,EUROPA,AEROPUERTO INTERNACIONAL JORGE CHÁVEZ,29069
MAYO,FRANCIA,EUROPA,CEBAF - TUMBES,635
MAYO,FRANCIA,EUROPA,DESAGUADERO,2369
MAYO,FRANCIA,EUROPA,KASANI,3255
MAYO,FRANCIA,EUROPA,OTRAS OCM,1037
MAYO,FRANCIA,EUROPA,SANTA ROSA,487
MAYO,GABÓN,ÁFRICA,AEROPUERTO INTERNACIONAL JORGE CHÁVEZ,2
MAYO,GABÓN,ÁFRICA,CEBAF - TUMBES,0
MAYO,GABÓN,ÁFRICA,DESAGUADERO,0
MAYO,GABÓN,ÁFRICA,KASANI,0
MAYO,GABÓN,ÁFRICA,OTRAS OCM,0
MAYO,GABÓN,ÁFRICA,SANTA ROSA,0
MAYO,GAMBIA,ÁFRICA,AEROPUERTO INTERNACIONAL JORGE CHÁVEZ,0
MAYO,GAMBIA,ÁFRICA,CEBAF - TUMBES,0
MAYO,GAMBIA,ÁFRICA,DESAGUADERO,0
MAYO,GAMBIA,ÁFRICA,KASANI,0
MAYO,GAMBIA,ÁFRICA,OTRAS OCM,0
MAYO,GAMBIA,ÁFRICA,SANTA ROSA,0
MAYO,GEORGIA,ASIA,AEROPUERTO INTERNACIONAL JORGE CHÁVEZ,50
MAYO,GEORGIA,ASIA,CEBAF - TUMBES,0
MAYO,GEORGIA,ASIA,DESAGUADERO,0
MAYO,GEORGIA,ASIA,KASANI,0
MAYO,GEORGIA,ASIA,OTRAS OCM,5
MAYO,GEORGIA,ASIA,SANTA ROSA,0
MAYO,GHANA,ÁFRICA,AEROPUERTO INTERNACIONAL JORGE CHÁVEZ,19
MAYO,GHANA,ÁFRICA,CEBAF - TUMBES,0
MAYO,GHANA,ÁFRICA,DESAGUADERO,0
MAYO,GHANA,ÁFRICA,KASANI,0
MAYO,GHANA,ÁFRICA,OTRAS OCM,2
MAYO,GHANA,ÁFRICA,SANTA ROSA,0
MAYO,GRANADA,AMÉRICA CENTRAL,AEROPUERTO INTERNACIONAL JORGE CHÁVEZ,41
MAYO,GRANADA,AMÉRICA CENTRAL,CEBAF - TUMBES,0
MAYO,GRANADA,AMÉRICA CENTRAL,DESAGUADERO,1
MAYO,GRANADA,AMÉRICA CENTRAL,KASANI,6
MAYO,GRANADA,AMÉRICA CENTRAL,OTRAS OCM,1
MAYO,GRANADA,AMÉRICA CENTRAL,SANTA ROSA,0
MAYO,GRECIA,EUROPA,AEROPUERTO INTERNACIONAL JORGE CHÁVEZ,939
MAYO,GRECIA,EUROPA,CEBAF - TUMBES,8
MAYO,GRECIA,EUROPA,DESAGUADERO,39
MAYO,GRECIA,EUROPA,KASANI,31
MAYO,GRECIA,EUROPA,OTRAS OCM,54
MAYO,GRECIA,EUROPA,SANTA ROSA,3
MAYO,GROENLANDIA,EUROPA,AEROPUERTO INTERNACIONAL JORGE CHÁVEZ,0
MAYO,GROENLANDIA,EUROPA,CEBAF - TUMBES,0
MAYO,GROENLANDIA,EUROPA,DESAGUADERO,0
MAYO,GROENLANDIA,EUROPA,KASANI,0
MAYO,GROENLANDIA,EUROPA,OTRAS OCM,0
MAYO,GROENLANDIA,EUROPA,SANTA ROSA,0
MAYO,GUATEMALA,AMÉRICA CENTRAL,AEROPUERTO INTERNACIONAL JORGE CHÁVEZ,3604
MAYO,GUATEMALA,AMÉRICA CENTRAL,CEBAF - TUMBES,22
MAYO,GUATEMALA,AMÉRICA CENTRAL,DESAGUADERO,5
MAYO,GUATEMALA,AMÉRICA CENTRAL,KASANI,4
MAYO,GUATEMALA,AMÉRICA CENTRAL,OTRAS OCM,68
MAYO,GUATEMALA,AMÉRICA CENTRAL,SANTA ROSA,12
MAYO,GUINEA,ÁFRICA,AEROPUERTO INTERNACIONAL JORGE CHÁVEZ,8
MAYO,GUINEA,ÁFRICA,CEBAF - TUMBES,0
MAYO,GUINEA,ÁFRICA,DESAGUADERO,0
MAYO,GUINEA,ÁFRICA,KASANI,0
MAYO,GUINEA,ÁFRICA,OTRAS OCM,0
MAYO,GUINEA,ÁFRICA,SANTA ROSA,0
MAYO,GUINEA BISSAU,ÁFRICA,AEROPUERTO INTERNACIONAL JORGE CHÁVEZ,1
MAYO,GUINEA BISSAU,ÁFRICA,CEBAF - TUMBES,0
MAYO,GUINEA BISSAU,ÁFRICA,DESAGUADERO,0
MAYO,GUINEA BISSAU,ÁFRICA,KASANI,0
MAYO,GUINEA BISSAU,ÁFRICA,OTRAS OCM,0
MAYO,GUINEA BISSAU,ÁFRICA,SANTA ROSA,0
MAYO,GUINEA ECUATORIAL,ÁFRICA,AEROPUERTO INTERNACIONAL JORGE CHÁVEZ,5
MAYO,GUINEA ECUATORIAL,ÁFRICA,CEBAF - TUMBES,0
MAYO,GUINEA ECUATORIAL,ÁFRICA,DESAGUADERO,0
MAYO,GUINEA ECUATORIAL,ÁFRICA,KASANI,0
MAYO,GUINEA ECUATORIAL,ÁFRICA,OTRAS OCM,0
MAYO,GUINEA ECUATORIAL,ÁFRICA,SANTA ROSA,0
MAYO,GUYANA,AMÉRICA DEL SUR,AEROPUERTO INTERNACIONAL JORGE CHÁVEZ,52
MAYO,GUYANA,AMÉRICA DEL SUR,CEBAF - TUMBES,0
MAYO,GUYANA,AMÉRICA DEL SUR,DESAGUADERO,3
MAYO,GUYANA,AMÉRICA DEL SUR,KASANI,1
MAYO,GUYANA,AMÉRICA DEL SUR,OTRAS OCM,1
MAYO,GUYANA,AMÉRICA DEL SUR,SANTA ROSA,0
MAYO,HAITÍ,AMÉRICA CENTRAL,AEROPUERTO INTERNACIONAL JORGE CHÁVEZ,55
MAYO,HAITÍ,AMÉRICA CENTRAL,CEBAF - TUMBES,0
MAYO,HAITÍ,AMÉRICA CENTRAL,DESAGUADERO,0
MAYO,HAITÍ,AMÉRICA CENTRAL,KASANI,0
MAYO,HAITÍ,AMÉRICA CENTRAL,OTRAS OCM,0
MAYO,HAITÍ,AMÉRICA CENTRAL,SANTA ROSA,37
MAYO,HONDURAS,AMÉRICA CENTRAL,AEROPUERTO INTERNACIONAL JORGE CHÁVEZ,1482
MAYO,HONDURAS,AMÉRICA CENTRAL,CEBAF - TUMBES,19
MAYO,HONDURAS,AMÉRICA CENTRAL,DESAGUADERO,11
MAYO,HONDURAS,AMÉRICA CENTRAL,KASANI,1
MAYO,HONDURAS,AMÉRICA CENTRAL,OTRAS OCM,19
MAYO,HONDURAS,AMÉRICA CENTRAL,SANTA ROSA,18
MAYO,HONG KONG,ASIA,AEROPUERTO INTERNACIONAL JORGE CHÁVEZ,818
MAYO,HONG KONG,ASIA,CEBAF - TUMBES,13
MAYO,HONG KONG,ASIA,DESAGUADERO,13
MAYO,HONG KONG,ASIA,KASANI,28
MAYO,HONG KONG,ASIA,OTRAS OCM,93
MAYO,HONG KONG,ASIA,SANTA ROSA,6
MAYO,HUNGRÍA,EUROPA,AEROPUERTO INTERNACIONAL JORGE CHÁVEZ,983
MAYO,HUNGRÍA,EUROPA,CEBAF - TUMBES,9
MAYO,HUNGRÍA,EUROPA,DESAGUADERO,41
MAYO,HUNGRÍA,EUROPA,KASANI,46
MAYO,HUNGRÍA,EUROPA,OTRAS OCM,29
MAYO,HUNGRÍA,EUROPA,SANTA ROSA,12
MAYO,INDIA,ASIA,AEROPUERTO INTERNACIONAL JORGE CHÁVEZ,4344
MAYO,INDIA,ASIA,CEBAF - TUMBES,5
MAYO,INDIA,ASIA,DESAGUADERO,19
MAYO,INDIA,ASIA,KASANI,12
MAYO,INDIA,ASIA,OTRAS OCM,336
MAYO,INDIA,ASIA,SANTA ROSA,22
MAYO,INDONESIA,ASIA,AEROPUERTO INTERNACIONAL JORGE CHÁVEZ,595
MAYO,INDONESIA,ASIA,CEBAF - TUMBES,2
MAYO,INDONESIA,ASIA,DESAGUADERO,2
MAYO,INDONESIA,ASIA,KASANI,1
MAYO,INDONESIA,ASIA,OTRAS OCM,264
MAYO,INDONESIA,ASIA,SANTA ROSA,8
MAYO,IRAK,ASIA,AEROPUERTO INTERNACIONAL JORGE CHÁVEZ,4
MAYO,IRAK,ASIA,CEBAF - TUMBES,0
MAYO,IRAK,ASIA,DESAGUADERO,0
MAYO,IRAK,ASIA,KASANI,0
MAYO,IRAK,ASIA,OTRAS OCM,0
MAYO,IRAK,ASIA,SANTA ROSA,0
MAYO,IRLANDA,EUROPA,AEROPUERTO INTERNACIONAL JORGE CHÁVEZ,1961
MAYO,IRLANDA,EUROPA,CEBAF - TUMBES,83
MAYO,IRLANDA,EUROPA,DESAGUADERO,170
MAYO,IRLANDA,EUROPA,KASANI,235
MAYO,IRLANDA,EUROPA,OTRAS OCM,160
MAYO,IRLANDA,EUROPA,SANTA ROSA,15
MAYO,IRÁN,ASIA,AEROPUERTO INTERNACIONAL JORGE CHÁVEZ,81
MAYO,IRÁN,ASIA,CEBAF - TUMBES,2
MAYO,IRÁN,ASIA,DESAGUADERO,1
MAYO,IRÁN,ASIA,KASANI,0
MAYO,IRÁN,ASIA,OTRAS OCM,5
MAYO,IRÁN,ASIA,SANTA ROSA,2
MAYO,ISLAND MARSHALL,OCEANÍA,AEROPUERTO INTERNACIONAL JORGE CHÁVEZ,0
MAYO,ISLAND MARSHALL,OCEANÍA,CEBAF - TUMBES,0
MAYO,ISLAND MARSHALL,OCEANÍA,DESAGUADERO,0
MAYO,ISLAND MARSHALL,OCEANÍA,KASANI,0
MAYO,ISLAND MARSHALL,OCEANÍA,OTRAS OCM,0
MAYO,ISLAND MARSHALL,OCEANÍA,SANTA ROSA,0
MAYO,ISLANDIA,EUROPA,AEROPUERTO INTERNACIONAL JORGE CHÁVEZ,234
MAYO,ISLANDIA,EUROPA,CEBAF - TUMBES,0
MAYO,ISLANDIA,EUROPA,DESAGUADERO,0
MAYO,ISLANDIA,EUROPA,KASANI,3
MAYO,ISLANDIA,EUROPA,OTRAS OCM,20
MAYO,ISLANDIA,EUROPA,SANTA ROSA,0
MAYO,ISRAEL,ASIA,AEROPUERTO INTERNACIONAL JORGE CHÁVEZ,4782
MAYO,ISRAEL,ASIA,CEBAF - TUMBES,120
MAYO,ISRAEL,ASIA,DESAGUADERO,1155
MAYO,ISRAEL,ASIA,KASANI,349
MAYO,ISRAEL,ASIA,OTRAS OCM,216
MAYO,ISRAEL,ASIA,SANTA ROSA,77
MAYO,ITALIA,EUROPA,AEROPUERTO INTERNACIONAL JORGE CHÁVEZ,16802
MAYO,ITALIA,EUROPA,CEBAF - TUMBES,139
MAYO,ITALIA,EUROPA,DESAGUADERO,273
MAYO,ITALIA,EUROPA,KASANI,367
MAYO,ITALIA,EUROPA,OTRAS OCM,281
MAYO,ITALIA,EUROPA,SANTA ROSA,95
MAYO,JAMAICA,AMÉRICA CENTRAL,AEROPUERTO INTERNACIONAL JORGE CHÁVEZ,438
MAYO,JAMAICA,AMÉRICA CENTRAL,CEBAF - TUMBES,0
MAYO,JAMAICA,AMÉRICA CENTRAL,DESAGUADERO,1
MAYO,JAMAICA,AMÉRICA CENTRAL,KASANI,1
MAYO,JAMAICA,AMÉRICA CENTRAL,OTRAS OCM,1
MAYO,JAMAICA,AMÉRICA CENTRAL,SANTA ROSA,0
MAYO,JAPÓN,ASIA,AEROPUERTO INTERNACIONAL JORGE CHÁVEZ,6791
MAYO,JAPÓN,ASIA,CEBAF - TUMBES,40
MAYO,JAPÓN,ASIA,DESAGUADERO,81
MAYO,JAPÓN,ASIA,KASANI,121
MAYO,JAPÓN,ASIA,OTRAS OCM,306
MAYO,JAPÓN,ASIA,SANTA ROSA,44
MAYO,JORDANIA,ASIA,AEROPUERTO INTERNACIONAL JORGE CHÁVEZ,21
MAYO,JORDANIA,ASIA,CEBAF - TUMBES,1
MAYO,JORDANIA,ASIA,DESAGUADERO,1
MAYO,JORDANIA,ASIA,KASANI,0
MAYO,JORDANIA,ASIA,OTRAS OCM,0
MAYO,JORDANIA,ASIA,SANTA ROSA,1
MAYO,KATAR,ASIA,AEROPUERTO INTERNACIONAL JORGE CHÁVEZ,12
MAYO,KATAR,ASIA,CEBAF - TUMBES,0
MAYO,KATAR,ASIA,DESAGUADERO,0
MAYO,KATAR,ASIA,KASANI,0
MAYO,KATAR,ASIA,OTRAS OCM,6
MAYO,KATAR,ASIA,SANTA ROSA,0
MAYO,KAZAJSTÁN,ASIA,AEROPUERTO INTERNACIONAL JORGE CHÁVEZ,85
MAYO,KAZAJSTÁN,ASIA,CEBAF - TUMBES,0
MAYO,KAZAJSTÁN,ASIA,DESAGUADERO,1
MAYO,KAZAJSTÁN,ASIA,KASANI,2
MAYO,KAZAJSTÁN,ASIA,OTRAS OCM,7
MAYO,KAZAJSTÁN,ASIA,SANTA ROSA,0
MAYO,KENIA,ÁFRICA,AEROPUERTO INTERNACIONAL JORGE CHÁVEZ,101
MAYO,KENIA,ÁFRICA,CEBAF - TUMBES,0
MAYO,KENIA,ÁFRICA,DESAGUADERO,2
MAYO,KENIA,ÁFRICA,KASANI,0
MAYO,KENIA,ÁFRICA,OTRAS OCM,0
MAYO,KENIA,ÁFRICA,SANTA ROSA,0
MAYO,KIRGUISTÁN,ASIA,AEROPUERTO INTERNACIONAL JORGE CHÁVEZ,11
MAYO,KIRGUISTÁN,ASIA,CEBAF - TUMBES,0
MAYO,KIRGUISTÁN,ASIA,DESAGUADERO,0
MAYO,KIRGUISTÁN,ASIA,KASANI,1
MAYO,KIRGUISTÁN,ASIA,OTRAS OCM,0
MAYO,KIRGUISTÁN,ASIA,SANTA ROSA,0
MAYO,KIRIBATI,OCEANÍA,AEROPUERTO INTERNACIONAL JORGE CHÁVEZ,0
MAYO,KIRIBATI,OCEANÍA,CEBAF - TUMBES,0
MAYO,KIRIBATI,OCEANÍA,DESAGUADERO,0
MAYO,KIRIBATI,OCEANÍA,KASANI,0
MAYO,KIRIBATI,OCEANÍA,OTRAS OCM,0
MAYO,KIRIBATI,OCEANÍA,SANTA ROSA,0
MAYO,KUWAIT,ASIA,AEROPUERTO INTERNACIONAL JORGE CHÁVEZ,39
MAYO,KUWAIT,ASIA,CEBAF - TUMBES,0
MAYO,KUWAIT,ASIA,DESAGUADERO,1
MAYO,KUWAIT,ASIA,KASANI,0
MAYO,KUWAIT,ASIA,OTRAS OCM,0
MAYO,KUWAIT,ASIA,SANTA ROSA,0
MAYO,LAOS,ASIA,AEROPUERTO INTERNACIONAL JORGE CHÁVEZ,1
MAYO,LAOS,ASIA,CEBAF - TUMBES,0
MAYO,LAOS,ASIA,DESAGUADERO,0
MAYO,LAOS,ASIA,KASANI,0
MAYO,LAOS,ASIA,OTRAS OCM,0
MAYO,LAOS,ASIA,SANTA ROSA,0
MAYO,LESOTHO,ÁFRICA,AEROPUERTO INTERNACIONAL JORGE CHÁVEZ,0
MAYO,LESOTHO,ÁFRICA,CEBAF - TUMBES,0
MAYO,LESOTHO,ÁFRICA,DESAGUADERO,0
MAYO,LESOTHO,ÁFRICA,KASANI,0
MAYO,LESOTHO,ÁFRICA,OTRAS OCM,0
MAYO,LESOTHO,ÁFRICA,SANTA ROSA,0
MAYO,LETONIA,EUROPA,AEROPUERTO INTERNACIONAL JORGE CHÁVEZ,238
MAYO,LETONIA,EUROPA,CEBAF - TUMBES,6
MAYO,LETONIA,EUROPA,DESAGUADERO,25
MAYO,LETONIA,EUROPA,KASANI,12
MAYO,LETONIA,EUROPA,OTRAS OCM,11
MAYO,LETONIA,EUROPA,SANTA ROSA,0
MAYO,LIBERIA,ÁFRICA,AEROPUERTO INTERNACIONAL JORGE CHÁVEZ,4
MAYO,LIBERIA,ÁFRICA,CEBAF - TUMBES,0
MAYO,LIBERIA,ÁFRICA,DESAGUADERO,0
MAYO,LIBERIA,ÁFRICA,KASANI,0
MAYO,LIBERIA,ÁFRICA,OTRAS OCM,0
MAYO,LIBERIA,ÁFRICA,SANTA ROSA,0
MAYO,LIBIA,ÁFRICA,AEROPUERTO INTERNACIONAL JORGE CHÁVEZ,1
MAYO,LIBIA,ÁFRICA,CEBAF - TUMBES,0
MAYO,LIBIA,ÁFRICA,DESAGUADERO,0
MAYO,LIBIA,ÁFRICA,KASANI,0
MAYO,LIBIA,ÁFRICA,OTRAS OCM,0
MAYO,LIBIA,ÁFRICA,SANTA ROSA,0
MAYO,LIECHTENSTEIN,EUROPA,AEROPUERTO INTERNACIONAL JORGE CHÁVEZ,25
MAYO,LIECHTENSTEIN,EUROPA,CEBAF - TUMBES,0
MAYO,LIECHTENSTEIN,EUROPA,DESAGUADERO,2
MAYO,LIECHTENSTEIN,EUROPA,KASANI,2
MAYO,LIECHTENSTEIN,EUROPA,OTRAS OCM,1
MAYO,LIECHTENSTEIN,EUROPA,SANTA ROSA,0
MAYO,LITUANIA,EUROPA,AEROPUERTO INTERNACIONAL JORGE CHÁVEZ,399
MAYO,LITUANIA,EUROPA,CEBAF - TUMBES,5
MAYO,LITUANIA,EUROPA,DESAGUADERO,15
MAYO,LITUANIA,EUROPA,KASANI,21
MAYO,LITUANIA,EUROPA,OTRAS OCM,18
MAYO,LITUANIA,EUROPA,SANTA ROSA,2
MAYO,LUXEMBURGO,EUROPA,AEROPUERTO INTERNACIONAL JORGE CHÁVEZ,173
MAYO,LUXEMBURGO,EUROPA,CEBAF - TUMBES,1
MAYO,LUXEMBURGO,EUROPA,DESAGUADERO,3
MAYO,LUXEMBURGO,EUROPA,KASANI,16
MAYO,LUXEMBURGO,EUROPA,OTRAS OCM,1
MAYO,LUXEMBURGO,EUROPA,SANTA ROSA,1
MAYO,LÍBANO,ASIA,AEROPUERTO INTERNACIONAL JORGE CHÁVEZ,80
MAYO,LÍBANO,ASIA,CEBAF - TUMBES,1
MAYO,LÍBANO,ASIA,DESAGUADERO,0
MAYO,LÍBANO,ASIA,KASANI,1
MAYO,LÍBANO,ASIA,OTRAS OCM,12
MAYO,LÍBANO,ASIA,SANTA ROSA,0
MAYO,MADAGASCAR,ÁFRICA,AEROPUERTO INTERNACIONAL JORGE CHÁVEZ,5
MAYO,MADAGASCAR,ÁFRICA,CEBAF - TUMBES,0
MAYO,MADAGASCAR,ÁFRICA,DESAGUADERO,0
MAYO,MADAGASCAR,ÁFRICA,KASANI,1
MAYO,MADAGASCAR,ÁFRICA,OTRAS OCM,1
MAYO,MADAGASCAR,ÁFRICA,SANTA ROSA,0
MAYO,MALASIA,ASIA,AEROPUERTO INTERNACIONAL JORGE CHÁVEZ,962
MAYO,MALASIA,ASIA,CEBAF - TUMBES,1
MAYO,MALASIA,ASIA,DESAGUADERO,11
MAYO,MALASIA,ASIA,KASANI,29
MAYO,MALASIA,ASIA,OTRAS OCM,47
MAYO,MALASIA,ASIA,SANTA ROSA,8
MAYO,MALAWI,ÁFRICA,AEROPUERTO INTERNACIONAL JORGE CHÁVEZ,4
MAYO,MALAWI,ÁFRICA,CEBAF - TUMBES,0
MAYO,MALAWI,ÁFRICA,DESAGUADERO,0
MAYO,MALAWI,ÁFRICA,KASANI,0
MAYO,MALAWI,ÁFRICA,OTRAS OCM,0
MAYO,MALAWI,ÁFRICA,SANTA ROSA,0
MAYO,MALDIVAS,ASIA,AEROPUERTO INTERNACIONAL JORGE CHÁVEZ,2
MAYO,MALDIVAS,ASIA,CEBAF - TUMBES,0
MAYO,MALDIVAS,ASIA,DESAGUADERO,0
MAYO,MALDIVAS,ASIA,KASANI,1
MAYO,MALDIVAS,ASIA,OTRAS OCM,0
MAYO,MALDIVAS,ASIA,SANTA ROSA,0
MAYO,MALTA,EUROPA,AEROPUERTO INTERNACIONAL JORGE CHÁVEZ,84
MAYO,MALTA,EUROPA,CEBAF - TUMBES,2
MAYO,MALTA,EUROPA,DESAGUADERO,1
MAYO,MALTA,EUROPA,KASANI,4
MAYO,MALTA,EUROPA,OTRAS OCM,3
MAYO,MALTA,EUROPA,SANTA ROSA,2
MAYO,MALÍ,ÁFRICA,AEROPUERTO INTERNACIONAL JORGE CHÁVEZ,1
MAYO,MALÍ,ÁFRICA,CEBAF - TUMBES,0
MAYO,MALÍ,ÁFRICA,DESAGUADERO,0
MAYO,MALÍ,ÁFRICA,KASANI,0
MAYO,MALÍ,ÁFRICA,OTRAS OCM,0
MAYO,MALÍ,ÁFRICA,SANTA ROSA,0
MAYO,MARRUECOS,ÁFRICA,AEROPUERTO INTERNACIONAL JORGE CHÁVEZ,88
MAYO,MARRUECOS,ÁFRICA,CEBAF - TUMBES,1
MAYO,MARRUECOS,ÁFRICA,DESAGUADERO,1
MAYO,MARRUECOS,ÁFRICA,KASANI,2
MAYO,MARRUECOS,ÁFRICA,OTRAS OCM,4
MAYO,MARRUECOS,ÁFRICA,SANTA ROSA,2
MAYO,MAURICIO,ÁFRICA,AEROPUERTO INTERNACIONAL JORGE CHÁVEZ,17
MAYO,MAURICIO,ÁFRICA,CEBAF - TUMBES,0
MAYO,MAURICIO,ÁFRICA,DESAGUADERO,0
MAYO,MAURICIO,ÁFRICA,KASANI,0
MAYO,MAURICIO,ÁFRICA,OTRAS OCM,0
MAYO,MAURICIO,ÁFRICA,SANTA ROSA,0
MAYO,MAURITANIA,ÁFRICA,AEROPUERTO INTERNACIONAL JORGE CHÁVEZ,1
MAYO,MAURITANIA,ÁFRICA,CEBAF - TUMBES,0
MAYO,MAURITANIA,ÁFRICA,DESAGUADERO,0
MAYO,MAURITANIA,ÁFRICA,KASANI,0
MAYO,MAURITANIA,ÁFRICA,OTRAS OCM,0
MAYO,MAURITANIA,ÁFRICA,SANTA ROSA,0
MAYO,MONGOLIA,ASIA,AEROPUERTO INTERNACIONAL JORGE CHÁVEZ,50
MAYO,MONGOLIA,ASIA,CEBAF - TUMBES,0
MAYO,MONGOLIA,ASIA,DESAGUADERO,0
MAYO,MONGOLIA,ASIA,KASANI,0
MAYO,MONGOLIA,ASIA,OTRAS OCM,2
MAYO,MONGOLIA,ASIA,SANTA ROSA,1
MAYO,MOZAMBIQUE,ÁFRICA,AEROPUERTO INTERNACIONAL JORGE CHÁVEZ,5
MAYO,MOZAMBIQUE,ÁFRICA,CEBAF - TUMBES,0
MAYO,MOZAMBIQUE,ÁFRICA,DESAGUADERO,0
MAYO,MOZAMBIQUE,ÁFRICA,KASANI,0
MAYO,MOZAMBIQUE,ÁFRICA,OTRAS OCM,2
MAYO,MOZAMBIQUE,ÁFRICA,SANTA ROSA,0
MAYO,MYANMAR,ASIA,AEROPUERTO INTERNACIONAL JORGE CHÁVEZ,54
MAYO,MYANMAR,ASIA,CEBAF - TUMBES,0
MAYO,MYANMAR,ASIA,DESAGUADERO,0
MAYO,MYANMAR,ASIA,KASANI,0
MAYO,MYANMAR,ASIA,OTRAS OCM,33
MAYO,MYANMAR,ASIA,SANTA ROSA,0
MAYO,MÉXICO,AMÉRICA DEL NORTE,AEROPUERTO INTERNACIONAL JORGE CHÁVEZ,40745
MAYO,MÉXICO,AMÉRICA DEL NORTE,CEBAF - TUMBES,104
MAYO,MÉXICO,AMÉRICA DEL NORTE,DESAGUADERO,215
MAYO,MÉXICO,AMÉRICA DEL NORTE,KASANI,156
MAYO,MÉXICO,AMÉRICA DEL NORTE,OTRAS OCM,1129
MAYO,MÉXICO,AMÉRICA DEL NORTE,SANTA ROSA,180
MAYO,MÓNACO,EUROPA,AEROPUERTO INTERNACIONAL JORGE CHÁVEZ,10
MAYO,MÓNACO,EUROPA,CEBAF - TUMBES,0
MAYO,MÓNACO,EUROPA,DESAGUADERO,0
MAYO,MÓNACO,EUROPA,KASANI,0
MAYO,MÓNACO,EUROPA,OTRAS OCM,1
MAYO,MÓNACO,EUROPA,SANTA ROSA,0
MAYO,NAMIBIA,ÁFRICA,AEROPUERTO INTERNACIONAL JORGE CHÁVEZ,2
MAYO,NAMIBIA,ÁFRICA,CEBAF - TUMBES,0
MAYO,NAMIBIA,ÁFRICA,DESAGUADERO,0
MAYO,NAMIBIA,ÁFRICA,KASANI,0
MAYO,NAMIBIA,ÁFRICA,OTRAS OCM,0
MAYO,NAMIBIA,ÁFRICA,SANTA ROSA,0
MAYO,NAURU,OCEANÍA,AEROPUERTO INTERNACIONAL JORGE CHÁVEZ,5
MAYO,NAURU,OCEANÍA,CEBAF - TUMBES,0
MAYO,NAURU,OCEANÍA,DESAGUADERO,0
MAYO,NAURU,OCEANÍA,KASANI,0
MAYO,NAURU,OCEANÍA,OTRAS OCM,0
MAYO,NAURU,OCEANÍA,SANTA ROSA,0
MAYO,NEPAL,ASIA,AEROPUERTO INTERNACIONAL JORGE CHÁVEZ,65
MAYO,NEPAL,ASIA,CEBAF - TUMBES,0
MAYO,NEPAL,ASIA,DESAGUADERO,1
MAYO,NEPAL,ASIA,KASANI,0
MAYO,NEPAL,ASIA,OTRAS OCM,2
MAYO,NEPAL,ASIA,SANTA ROSA,1
MAYO,NICARAGUA,AMÉRICA CENTRAL,AEROPUERTO INTERNACIONAL JORGE CHÁVEZ,466
MAYO,NICARAGUA,AMÉRICA CENTRAL,CEBAF - TUMBES,0
MAYO,NICARAGUA,AMÉRICA CENTRAL,DESAGUADERO,1
MAYO,NICARAGUA,AMÉRICA CENTRAL,KASANI,5
MAYO,NICARAGUA,AMÉRICA CENTRAL,OTRAS OCM,4
MAYO,NICARAGUA,AMÉRICA CENTRAL,SANTA ROSA,13
MAYO,NIGERIA,ÁFRICA,AEROPUERTO INTERNACIONAL JORGE CHÁVEZ,32
MAYO,NIGERIA,ÁFRICA,CEBAF - TUMBES,1
MAYO,NIGERIA,ÁFRICA,DESAGUADERO,0
MAYO,NIGERIA,ÁFRICA,KASANI,0
MAYO,NIGERIA,ÁFRICA,OTRAS OCM,0
MAYO,NIGERIA,ÁFRICA,SANTA ROSA,0
MAYO,NORUEGA,EUROPA,AEROPUERTO INTERNACIONAL JORGE CHÁVEZ,798
MAYO,NORUEGA,EUROPA,CEBAF - TUMBES,21
MAYO,NORUEGA,EUROPA,DESAGUADERO,34
MAYO,NORUEGA,EUROPA,KASANI,30
MAYO,NORUEGA,EUROPA,OTRAS OCM,37
MAYO,NORUEGA,EUROPA,SANTA ROSA,10
MAYO,NUEVA ZELANDIA,OCEANÍA,AEROPUERTO INTERNACIONAL JORGE CHÁVEZ,1781
MAYO,NUEVA ZELANDIA,OCEANÍA,CEBAF - TUMBES,30
MAYO,NUEVA ZELANDIA,OCEANÍA,DESAGUADERO,54
MAYO,NUEVA ZELANDIA,OCEANÍA,KASANI,125
MAYO,NUEVA ZELANDIA,OCEANÍA,OTRAS OCM,121
MAYO,NUEVA ZELANDIA,OCEANÍA,SANTA ROSA,28
MAYO,NÍGER,ÁFRICA,AEROPUERTO INTERNACIONAL JORGE CHÁVEZ,1
MAYO,NÍGER,ÁFRICA,CEBAF - TUMBES,0
MAYO,NÍGER,ÁFRICA,DESAGUADERO,0
MAYO,NÍGER,ÁFRICA,KASANI,0
MAYO,NÍGER,ÁFRICA,OTRAS OCM,0
MAYO,NÍGER,ÁFRICA,SANTA ROSA,0
MAYO,OMÁN,ASIA,AEROPUERTO INTERNACIONAL JORGE CHÁVEZ,25
MAYO,OMÁN,ASIA,CEBAF - TUMBES,0
MAYO,OMÁN,ASIA,DESAGUADERO,0
MAYO,OMÁN,ASIA,KASANI,0
MAYO,OMÁN,ASIA,OTRAS OCM,0
MAYO,OMÁN,ASIA,SANTA ROSA,0
MAYO,PAKISTÁN,ASIA,AEROPUERTO INTERNACIONAL JORGE CHÁVEZ,82
MAYO,PAKISTÁN,ASIA,CEBAF - TUMBES,2
MAYO,PAKISTÁN,ASIA,DESAGUADERO,1
MAYO,PAKISTÁN,ASIA,KASANI,1
MAYO,PAKISTÁN,ASIA,OTRAS OCM,3
MAYO,PAKISTÁN,ASIA,SANTA ROSA,32
MAYO,PALESTINA,ASIA,AEROPUERTO INTERNACIONAL JORGE CHÁVEZ,8
MAYO,PALESTINA,ASIA,CEBAF - TUMBES,0
MAYO,PALESTINA,ASIA,DESAGUADERO,0
MAYO,PALESTINA,ASIA,KASANI,0
MAYO,PALESTINA,ASIA,OTRAS OCM,0
MAYO,PALESTINA,ASIA,SANTA ROSA,0
MAYO,PANAMÁ,AMÉRICA CENTRAL,AEROPUERTO INTERNACIONAL JORGE CHÁVEZ,6951
MAYO,PANAMÁ,AMÉRICA CENTRAL,CEBAF - TUMBES,24
MAYO,PANAMÁ,AMÉRICA CENTRAL,DESAGUADERO,10
MAYO,PANAMÁ,AMÉRICA CENTRAL,KASANI,4
MAYO,PANAMÁ,AMÉRICA CENTRAL,OTRAS OCM,131
MAYO,PANAMÁ,AMÉRICA CENTRAL,SANTA ROSA,14
MAYO,PAPÚA (NG),OCEANÍA,AEROPUERTO INTERNACIONAL JORGE CHÁVEZ,17
MAYO,PAPÚA (NG),OCEANÍA,CEBAF - TUMBES,0
MAYO,PAPÚA (NG),OCEANÍA,DESAGUADERO,0
MAYO,PAPÚA (NG),OCEANÍA,KASANI,0
MAYO,PAPÚA (NG),OCEANÍA,OTRAS OCM,1
MAYO,PAPÚA (NG),OCEANÍA,SANTA ROSA,0
MAYO,PARAGUAY,AMÉRICA DEL SUR,AEROPUERTO INTERNACIONAL JORGE CHÁVEZ,3506
MAYO,PARAGUAY,AMÉRICA DEL SUR,CEBAF - TUMBES,10
MAYO,PARAGUAY,AMÉRICA DEL SUR,DESAGUADERO,77
MAYO,PARAGUAY,AMÉRICA DEL SUR,KASANI,28
MAYO,PARAGUAY,AMÉRICA DEL SUR,OTRAS OCM,23
MAYO,PARAGUAY,AMÉRICA DEL SUR,SANTA ROSA,205
MAYO,PAÍSES BAJOS (HOLANDA),EUROPA,AEROPUERTO INTERNACIONAL JORGE CHÁVEZ,9958
MAYO,PAÍSES BAJOS (HOLANDA),EUROPA,CEBAF - TUMBES,253
MAYO,PAÍSES BAJOS (HOLANDA),EUROPA,DESAGUADERO,480
MAYO,PAÍSES BAJOS (HOLANDA),EUROPA,KASANI,689
MAYO,PAÍSES BAJOS (HOLANDA),EUROPA,OTRAS OCM,230
MAYO,PAÍSES BAJOS (HOLANDA),EUROPA,SANTA ROSA,124
MAYO,POLONIA,EUROPA,AEROPUERTO INTERNACIONAL JORGE CHÁVEZ,3418
MAYO,POLONIA,EUROPA,CEBAF - TUMBES,40
MAYO,POLONIA,EUROPA,DESAGUADERO,680
MAYO,POLONIA,EUROPA,KASANI,771
MAYO,POLONIA,EUROPA,OTRAS OCM,126
MAYO,POLONIA,EUROPA,SANTA ROSA,74
MAYO,PORTUGAL,EUROPA,AEROPUERTO INTERNACIONAL JORGE CHÁVEZ,2506
MAYO,PORTUGAL,EUROPA,CEBAF - TUMBES,29
MAYO,PORTUGAL,EUROPA,DESAGUADERO,56
MAYO,PORTUGAL,EUROPA,KASANI,93
MAYO,PORTUGAL,EUROPA,OTRAS OCM,52
MAYO,PORTUGAL,EUROPA,SANTA ROSA,27
MAYO,PTO. RICO,AMÉRICA CENTRAL,AEROPUERTO INTERNACIONAL JORGE CHÁVEZ,914
MAYO,PTO. RICO,AMÉRICA CENTRAL,CEBAF - TUMBES,1
MAYO,PTO. RICO,AMÉRICA CENTRAL,DESAGUADERO,1
MAYO,PTO. RICO,AMÉRICA CENTRAL,KASANI,3
MAYO,PTO. RICO,AMÉRICA CENTRAL,OTRAS OCM,36
MAYO,PTO. RICO,AMÉRICA CENTRAL,SANTA ROSA,3
MAYO,R.F. YUGOSLAVIA,EUROPA,AEROPUERTO INTERNACIONAL JORGE CHÁVEZ,0
MAYO,R.F. YUGOSLAVIA,EUROPA,CEBAF - TUMBES,0
MAYO,R.F. YUGOSLAVIA,EUROPA,DESAGUADERO,0
MAYO,R.F. YUGOSLAVIA,EUROPA,KASANI,0
MAYO,R.F. YUGOSLAVIA,EUROPA,OTRAS OCM,0
MAYO,R.F. YUGOSLAVIA,EUROPA,SANTA ROSA,0
MAYO,REINO UNIDO,EUROPA,AEROPUERTO INTERNACIONAL JORGE CHÁVEZ,21977
MAYO,REINO UNIDO,EUROPA,CEBAF - TUMBES,547
MAYO,REINO UNIDO,EUROPA,DESAGUADERO,1097
MAYO,REINO UNIDO,EUROPA,KASANI,1909
MAYO,REINO UNIDO,EUROPA,OTRAS OCM,1552
MAYO,REINO UNIDO,EUROPA,SANTA ROSA,161
MAYO,REP. CENTROAFRICANA,ÁFRICA,AEROPUERTO INTERNACIONAL JORGE CHÁVEZ,2
MAYO,REP. CENTROAFRICANA,ÁFRICA,CEBAF - TUMBES,0
MAYO,REP. CENTROAFRICANA,ÁFRICA,DESAGUADERO,0
MAYO,REP. CENTROAFRICANA,ÁFRICA,KASANI,0
MAYO,REP. CENTROAFRICANA,ÁFRICA,OTRAS OCM,0
MAYO,REP. CENTROAFRICANA,ÁFRICA,SANTA ROSA,0
MAYO,REP. CHECA,EUROPA,AEROPUERTO INTERNACIONAL JORGE CHÁVEZ,1612
MAYO,REP. CHECA,EUROPA,CEBAF - TUMBES,41
MAYO,REP. CHECA,EUROPA,DESAGUADERO,144
MAYO,REP. CHECA,EUROPA,KASANI,238
MAYO,REP. CHECA,EUROPA,OTRAS OCM,52
MAYO,REP. CHECA,EUROPA,SANTA ROSA,66
MAYO,REP. DOMINICANA,AMÉRICA CENTRAL,AEROPUERTO INTERNACIONAL JORGE CHÁVEZ,3716
MAYO,REP. DOMINICANA,AMÉRICA CENTRAL,CEBAF - TUMBES,225
MAYO,REP. DOMINICANA,AMÉRICA CENTRAL,DESAGUADERO,14
MAYO,REP. DOMINICANA,AMÉRICA CENTRAL,KASANI,6
MAYO,REP. DOMINICANA,AMÉRICA CENTRAL,OTRAS OCM,165
MAYO,REP. DOMINICANA,AMÉRICA CENTRAL,SANTA ROSA,84
MAYO,REP. MOLDOVA,EUROPA,AEROPUERTO INTERNACIONAL JORGE CHÁVEZ,5
MAYO,REP. MOLDOVA,EUROPA,CEBAF - TUMBES,0
MAYO,REP. MOLDOVA,EUROPA,DESAGUADERO,0
MAYO,REP. MOLDOVA,EUROPA,KASANI,0
MAYO,REP. MOLDOVA,EUROPA,OTRAS OCM,0
MAYO,REP. MOLDOVA,EUROPA,SANTA ROSA,0
MAYO,RESTO DEL MUNDO,RESTO DEL MUNDO,AEROPUERTO INTERNACIONAL JORGE CHÁVEZ,423
MAYO,RESTO DEL MUNDO,RESTO DEL MUNDO,CEBAF - TUMBES,3
MAYO,RESTO DEL MUNDO,RESTO DEL MUNDO,DESAGUADERO,18
MAYO,RESTO DEL MUNDO,RESTO DEL MUNDO,KASANI,30
MAYO,RESTO DEL MUNDO,RESTO DEL MUNDO,OTRAS OCM,12
MAYO,RESTO DEL MUNDO,RESTO DEL MUNDO,SANTA ROSA,1
MAYO,RUMANIA,EUROPA,AEROPUERTO INTERNACIONAL JORGE CHÁVEZ,1451
MAYO,RUMANIA,EUROPA,CEBAF - TUMBES,11
MAYO,RUMANIA,EUROPA,DESAGUADERO,16
MAYO,RUMANIA,EUROPA,KASANI,43
MAYO,RUMANIA,EUROPA,OTRAS OCM,48
MAYO,RUMANIA,EUROPA,SANTA ROSA,8
MAYO,RUSIA,EUROPA,AEROPUERTO INTERNACIONAL JORGE CHÁVEZ,2439
MAYO,RUSIA,EUROPA,CEBAF - TUMBES,40
MAYO,RUSIA,EUROPA,DESAGUADERO,118
MAYO,RUSIA,EUROPA,KASANI,81
MAYO,RUSIA,EUROPA,OTRAS OCM,162
MAYO,RUSIA,EUROPA,SANTA ROSA,38
MAYO,RWANDA,ÁFRICA,AEROPUERTO INTERNACIONAL JORGE CHÁVEZ,2
MAYO,RWANDA,ÁFRICA,CEBAF - TUMBES,0
MAYO,RWANDA,ÁFRICA,DESAGUADERO,0
MAYO,RWANDA,ÁFRICA,KASANI,0
MAYO,RWANDA,ÁFRICA,OTRAS OCM,0
MAYO,RWANDA,ÁFRICA,SANTA ROSA,0
MAYO,SAINT KITIS Y NEVIS,AMÉRICA CENTRAL,AEROPUERTO INTERNACIONAL JORGE CHÁVEZ,8
MAYO,SAINT KITIS Y NEVIS,AMÉRICA CENTRAL,CEBAF - TUMBES,0
MAYO,SAINT KITIS Y NEVIS,AMÉRICA CENTRAL,DESAGUADERO,0
MAYO,SAINT KITIS Y NEVIS,AMÉRICA CENTRAL,KASANI,0
MAYO,SAINT KITIS Y NEVIS,AMÉRICA CENTRAL,OTRAS OCM,1
MAYO,SAINT KITIS Y NEVIS,AMÉRICA CENTRAL,SANTA ROSA,0
MAYO,SALOMÓN ISLA,OCEANÍA,AEROPUERTO INTERNACIONAL JORGE CHÁVEZ,19
MAYO,SALOMÓN ISLA,OCEANÍA,CEBAF - TUMBES,0
MAYO,SALOMÓN ISLA,OCEANÍA,DESAGUADERO,2
MAYO,SALOMÓN ISLA,OCEANÍA,KASANI,0
MAYO,SALOMÓN ISLA,OCEANÍA,OTRAS OCM,0
MAYO,SALOMÓN ISLA,OCEANÍA,SANTA ROSA,0
MAYO,SAMOA OCCIDENTAL,OCEANÍA,AEROPUERTO INTERNACIONAL JORGE CHÁVEZ,3
MAYO,SAMOA OCCIDENTAL,OCEANÍA,CEBAF - TUMBES,0
MAYO,SAMOA OCCIDENTAL,OCEANÍA,DESAGUADERO,0
MAYO,SAMOA OCCIDENTAL,OCEANÍA,KASANI,0
MAYO,SAMOA OCCIDENTAL,OCEANÍA,OTRAS OCM,0
MAYO,SAMOA OCCIDENTAL,OCEANÍA,SANTA ROSA,0
MAYO,SAN MARINO,EUROPA,AEROPUERTO INTERNACIONAL JORGE CHÁVEZ,6
MAYO,SAN MARINO,EUROPA,CEBAF - TUMBES,0
MAYO,SAN MARINO,EUROPA,DESAGUADERO,0
MAYO,SAN MARINO,EUROPA,KASANI,0
MAYO,SAN MARINO,EUROPA,OTRAS OCM,0
MAYO,SAN MARINO,EUROPA,SANTA ROSA,0
MAYO,SAN VIC. GRANADINAS,AMÉRICA CENTRAL,AEROPUERTO INTERNACIONAL JORGE CHÁVEZ,10
MAYO,SAN VIC. GRANADINAS,AMÉRICA CENTRAL,CEBAF - TUMBES,0
MAYO,SAN VIC. GRANADINAS,AMÉRICA CENTRAL,DESAGUADERO,0
MAYO,SAN VIC. GRANADINAS,AMÉRICA CENTRAL,KASANI,0
MAYO,SAN VIC. GRANADINAS,AMÉRICA CENTRAL,OTRAS OCM,0
MAYO,SAN VIC. GRANADINAS,AMÉRICA CENTRAL,SANTA ROSA,0
MAYO,SANTA LUCÍA,AMÉRICA CENTRAL,AEROPUERTO INTERNACIONAL JORGE CHÁVEZ,28
MAYO,SANTA LUCÍA,AMÉRICA CENTRAL,CEBAF - TUMBES,0
MAYO,SANTA LUCÍA,AMÉRICA CENTRAL,DESAGUADERO,0
MAYO,SANTA LUCÍA,AMÉRICA CENTRAL,KASANI,0
MAYO,SANTA LUCÍA,AMÉRICA CENTRAL,OTRAS OCM,0
MAYO,SANTA LUCÍA,AMÉRICA CENTRAL,SANTA ROSA,0
MAYO,SENEGAL,ÁFRICA,AEROPUERTO INTERNACIONAL JORGE CHÁVEZ,14
MAYO,SENEGAL,ÁFRICA,CEBAF - TUMBES,0
MAYO,SENEGAL,ÁFRICA,DESAGUADERO,0
MAYO,SENEGAL,ÁFRICA,KASANI,0
MAYO,SENEGAL,ÁFRICA,OTRAS OCM,6
MAYO,SENEGAL,ÁFRICA,SANTA ROSA,0
MAYO,SEYCHELLES,ÁFRICA,AEROPUERTO INTERNACIONAL JORGE CHÁVEZ,0
MAYO,SEYCHELLES,ÁFRICA,CEBAF - TUMBES,0
MAYO,SEYCHELLES,ÁFRICA,DESAGUADERO,0
MAYO,SEYCHELLES,ÁFRICA,KASANI,0
MAYO,SEYCHELLES,ÁFRICA,OTRAS OCM,0
MAYO,SEYCHELLES,ÁFRICA,SANTA ROSA,0
MAYO,SIERRA LEONA,ÁFRICA,AEROPUERTO INTERNACIONAL JORGE CHÁVEZ,3
MAYO,SIERRA LEONA,ÁFRICA,CEBAF - TUMBES,0
MAYO,SIERRA LEONA,ÁFRICA,DESAGUADERO,0
MAYO,SIERRA LEONA,ÁFRICA,KASANI,0
MAYO,SIERRA LEONA,ÁFRICA,OTRAS OCM,0
MAYO,SIERRA LEONA,ÁFRICA,SANTA ROSA,0
MAYO,SIKKIM,ASIA,AEROPUERTO INTERNACIONAL JORGE CHÁVEZ,0
MAYO,SIKKIM,ASIA,CEBAF - TUMBES,0
MAYO,SIKKIM,ASIA,DESAGUADERO,0
MAYO,SIKKIM,ASIA,KASANI,0
MAYO,SIKKIM,ASIA,OTRAS OCM,0
MAYO,SIKKIM,ASIA,SANTA ROSA,0
MAYO,SINGAPUR,ASIA,AEROPUERTO INTERNACIONAL JORGE CHÁVEZ,1097
MAYO,SINGAPUR,ASIA,CEBAF - TUMBES,5
MAYO,SINGAPUR,ASIA,DESAGUADERO,6
MAYO,SINGAPUR,ASIA,KASANI,23
MAYO,SINGAPUR,ASIA,OTRAS OCM,63
MAYO,SINGAPUR,ASIA,SANTA ROSA,0
MAYO,SIRIA,ASIA,AEROPUERTO INTERNACIONAL JORGE CHÁVEZ,20
MAYO,SIRIA,ASIA,CEBAF - TUMBES,0
MAYO,SIRIA,ASIA,DESAGUADERO,0
MAYO,SIRIA,ASIA,KASANI,0
MAYO,SIRIA,ASIA,OTRAS OCM,0
MAYO,SIRIA,ASIA,SANTA ROSA,0
MAYO,SOMALIA,ÁFRICA,AEROPUERTO INTERNACIONAL JORGE CHÁVEZ,1
MAYO,SOMALIA,ÁFRICA,CEBAF - TUMBES,0
MAYO,SOMALIA,ÁFRICA,DESAGUADERO,0
MAYO,SOMALIA,ÁFRICA,KASANI,0
MAYO,SOMALIA,ÁFRICA,OTRAS OCM,1
MAYO,SOMALIA,ÁFRICA,SANTA ROSA,0
MAYO,SRI LANKA,ASIA,AEROPUERTO INTERNACIONAL JORGE CHÁVEZ,62
MAYO,SRI LANKA,ASIA,CEBAF - TUMBES,0
MAYO,SRI LANKA,ASIA,DESAGUADERO,0
MAYO,SRI LANKA,ASIA,KASANI,0
MAYO,SRI LANKA,ASIA,OTRAS OCM,8
MAYO,SRI LANKA,ASIA,SANTA ROSA,0
MAYO,STO. TOMÉ Y PRÍNCIPE,ÁFRICA,AEROPUERTO INTERNACIONAL JORGE CHÁVEZ,3
MAYO,STO. TOMÉ Y PRÍNCIPE,ÁFRICA,CEBAF - TUMBES,0
MAYO,STO. TOMÉ Y PRÍNCIPE,ÁFRICA,DESAGUADERO,0
MAYO,STO. TOMÉ Y PRÍNCIPE,ÁFRICA,KASANI,0
MAYO,STO. TOMÉ Y PRÍNCIPE,ÁFRICA,OTRAS OCM,2
MAYO,STO. TOMÉ Y PRÍNCIPE,ÁFRICA,SANTA ROSA,0
MAYO,SUDÁFRICA,ÁFRICA,AEROPUERTO INTERNACIONAL JORGE CHÁVEZ,792
MAYO,SUDÁFRICA,ÁFRICA,CEBAF - TUMBES,15
MAYO,SUDÁFRICA,ÁFRICA,DESAGUADERO,6
MAYO,SUDÁFRICA,ÁFRICA,KASANI,9
MAYO,SUDÁFRICA,ÁFRICA,OTRAS OCM,36
MAYO,SUDÁFRICA,ÁFRICA,SANTA ROSA,25
MAYO,SUDÁN,ÁFRICA,AEROPUERTO INTERNACIONAL JORGE CHÁVEZ,7
MAYO,SUDÁN,ÁFRICA,CEBAF - TUMBES,0
MAYO,SUDÁN,ÁFRICA,DESAGUADERO,0
MAYO,SUDÁN,ÁFRICA,KASANI,0
MAYO,SUDÁN,ÁFRICA,OTRAS OCM,1
MAYO,SUDÁN,ÁFRICA,SANTA ROSA,0
MAYO,SUECIA,EUROPA,AEROPUERTO INTERNACIONAL JORGE CHÁVEZ,1921
MAYO,SUECIA,EUROPA,CEBAF - TUMBES,24
MAYO,SUECIA,EUROPA,DESAGUADERO,51
MAYO,SUECIA,EUROPA,KASANI,61
MAYO,SUECIA,EUROPA,OTRAS OCM,72
MAYO,SUECIA,EUROPA,SANTA ROSA,23
MAYO,SUIZA,EUROPA,AEROPUERTO INTERNACIONAL JORGE CHÁVEZ,5423
MAYO,SUIZA,EUROPA,CEBAF - TUMBES,154
MAYO,SUIZA,EUROPA,DESAGUADERO,365
MAYO,SUIZA,EUROPA,KASANI,522
MAYO,SUIZA,EUROPA,OTRAS OCM,202
MAYO,SUIZA,EUROPA,SANTA ROSA,125
MAYO,SURINAM,AMÉRICA DEL SUR,AEROPUERTO INTERNACIONAL JORGE CHÁVEZ,43
MAYO,SURINAM,AMÉRICA DEL SUR,CEBAF - TUMBES,0
MAYO,SURINAM,AMÉRICA DEL SUR,DESAGUADERO,0
MAYO,SURINAM,AMÉRICA DEL SUR,KASANI,0
MAYO,SURINAM,AMÉRICA DEL SUR,OTRAS OCM,1
MAYO,SURINAM,AMÉRICA DEL SUR,SANTA ROSA,1
MAYO,SWAZILANDIA,ÁFRICA,AEROPUERTO INTERNACIONAL JORGE CHÁVEZ,0
MAYO,SWAZILANDIA,ÁFRICA,CEBAF - TUMBES,0
MAYO,SWAZILANDIA,ÁFRICA,DESAGUADERO,0
MAYO,SWAZILANDIA,ÁFRICA,KASANI,0
MAYO,SWAZILANDIA,ÁFRICA,OTRAS OCM,0
MAYO,SWAZILANDIA,ÁFRICA,SANTA ROSA,0
MAYO,TAILANDIA,ASIA,AEROPUERTO INTERNACIONAL JORGE CHÁVEZ,708
MAYO,TAILANDIA,ASIA,CEBAF - TUMBES,4
MAYO,TAILANDIA,ASIA,DESAGUADERO,4
MAYO,TAILANDIA,ASIA,KASANI,5
MAYO,TAILANDIA,ASIA,OTRAS OCM,34
MAYO,TAILANDIA,ASIA,SANTA ROSA,5
MAYO,TAIWÁN,ASIA,AEROPUERTO INTERNACIONAL JORGE CHÁVEZ,2167
MAYO,TAIWÁN,ASIA,CEBAF - TUMBES,16
MAYO,TAIWÁN,ASIA,DESAGUADERO,15
MAYO,TAIWÁN,ASIA,KASANI,37
MAYO,TAIWÁN,ASIA,OTRAS OCM,75
MAYO,TAIWÁN,ASIA,SANTA ROSA,22
MAYO,TANZANIA,ÁFRICA,AEROPUERTO INTERNACIONAL JORGE CHÁVEZ,12
MAYO,TANZANIA,ÁFRICA,CEBAF - TUMBES,0
MAYO,TANZANIA,ÁFRICA,DESAGUADERO,0
MAYO,TANZANIA,ÁFRICA,KASANI,0
MAYO,TANZANIA,ÁFRICA,OTRAS OCM,7
MAYO,TANZANIA,ÁFRICA,SANTA ROSA,0
MAYO,TAYIKISTÁN,ASIA,AEROPUERTO INTERNACIONAL JORGE CHÁVEZ,3
MAYO,TAYIKISTÁN,ASIA,CEBAF - TUMBES,0
MAYO,TAYIKISTÁN,ASIA,DESAGUADERO,1
MAYO,TAYIKISTÁN,ASIA,KASANI,0
MAYO,TAYIKISTÁN,ASIA,OTRAS OCM,0
MAYO,TAYIKISTÁN,ASIA,SANTA ROSA,0
MAYO,TOGO,ÁFRICA,AEROPUERTO INTERNACIONAL JORGE CHÁVEZ,4
MAYO,TOGO,ÁFRICA,CEBAF - TUMBES,0
MAYO,TOGO,ÁFRICA,DESAGUADERO,0
MAYO,TOGO,ÁFRICA,KASANI,0
MAYO,TOGO,ÁFRICA,OTRAS OCM,0
MAYO,TOGO,ÁFRICA,SANTA ROSA,0
MAYO,TONGA,OCEANÍA,AEROPUERTO INTERNACIONAL JORGE CHÁVEZ,2
MAYO,TONGA,OCEANÍA,CEBAF - TUMBES,0
MAYO,TONGA,OCEANÍA,DESAGUADERO,0
MAYO,TONGA,OCEANÍA,KASANI,0
MAYO,TONGA,OCEANÍA,OTRAS OCM,0
MAYO,TONGA,OCEANÍA,SANTA ROSA,0
MAYO,TRINIDAD Y TOBAGO,AMÉRICA CENTRAL,AEROPUERTO INTERNACIONAL JORGE CHÁVEZ,212
MAYO,TRINIDAD Y TOBAGO,AMÉRICA CENTRAL,CEBAF - TUMBES,0
MAYO,TRINIDAD Y TOBAGO,AMÉRICA CENTRAL,DESAGUADERO,0
MAYO,TRINIDAD Y TOBAGO,AMÉRICA CENTRAL,KASANI,1
MAYO,TRINIDAD Y TOBAGO,AMÉRICA CENTRAL,OTRAS OCM,9
MAYO,TRINIDAD Y TOBAGO,AMÉRICA CENTRAL,SANTA ROSA,1
MAYO,TURKMENISTÁN,ASIA,AEROPUERTO INTERNACIONAL JORGE CHÁVEZ,12
MAYO,TURKMENISTÁN,ASIA,CEBAF - TUMBES,0
MAYO,TURKMENISTÁN,ASIA,DESAGUADERO,0
MAYO,TURKMENISTÁN,ASIA,KASANI,0
MAYO,TURKMENISTÁN,ASIA,OTRAS OCM,0
MAYO,TURKMENISTÁN,ASIA,SANTA ROSA,0
MAYO,TURQUÍA,ASIA,AEROPUERTO INTERNACIONAL JORGE CHÁVEZ,972
MAYO,TURQUÍA,ASIA,CEBAF - TUMBES,23
MAYO,TURQUÍA,ASIA,DESAGUADERO,42
MAYO,TURQUÍA,ASIA,KASANI,18
MAYO,TURQUÍA,ASIA,OTRAS OCM,54
MAYO,TURQUÍA,ASIA,SANTA ROSA,19
MAYO,TUVALU,OCEANÍA,AEROPUERTO INTERNACIONAL JORGE CHÁVEZ,0
MAYO,TUVALU,OCEANÍA,CEBAF - TUMBES,0
MAYO,TUVALU,OCEANÍA,DESAGUADERO,0
MAYO,TUVALU,OCEANÍA,KASANI,0
MAYO,TUVALU,OCEANÍA,OTRAS OCM,0
MAYO,TUVALU,OCEANÍA,SANTA ROSA,0
MAYO,TÚNEZ,ÁFRICA,AEROPUERTO INTERNACIONAL JORGE CHÁVEZ,34
MAYO,TÚNEZ,ÁFRICA,CEBAF - TUMBES,0
MAYO,TÚNEZ,ÁFRICA,DESAGUADERO,0
MAYO,TÚNEZ,ÁFRICA,KASANI,0
MAYO,TÚNEZ,ÁFRICA,OTRAS OCM,2
MAYO,TÚNEZ,ÁFRICA,SANTA ROSA,0
MAYO,UCRANIA,EUROPA,AEROPUERTO INTERNACIONAL JORGE CHÁVEZ,889
MAYO,UCRANIA,EUROPA,CEBAF - TUMBES,17
MAYO,UCRANIA,EUROPA,DESAGUADERO,21
MAYO,UCRANIA,EUROPA,KASANI,9
MAYO,UCRANIA,EUROPA,OTRAS OCM,120
MAYO,UCRANIA,EUROPA,SANTA ROSA,4
MAYO,UGANDA,ÁFRICA,AEROPUERTO INTERNACIONAL JORGE CHÁVEZ,14
MAYO,UGANDA,ÁFRICA,CEBAF - TUMBES,0
MAYO,UGANDA,ÁFRICA,DESAGUADERO,0
MAYO,UGANDA,ÁFRICA,KASANI,0
MAYO,UGANDA,ÁFRICA,OTRAS OCM,0
MAYO,UGANDA,ÁFRICA,SANTA ROSA,0
MAYO,URUGUAY,AMÉRICA DEL SUR,AEROPUERTO INTERNACIONAL JORGE CHÁVEZ,6094
MAYO,URUGUAY,AMÉRICA DEL SUR,CEBAF - TUMBES,35
MAYO,URUGUAY,AMÉRICA DEL SUR,DESAGUADERO,113
MAYO,URUGUAY,AMÉRICA DEL SUR,KASANI,55
MAYO,URUGUAY,AMÉRICA DEL SUR,OTRAS OCM,236
MAYO,URUGUAY,AMÉRICA DEL SUR,SANTA ROSA,156
MAYO,UZBEKISTÁN,ASIA,AEROPUERTO INTERNACIONAL JORGE CHÁVEZ,21
MAYO,UZBEKISTÁN,ASIA,CEBAF - TUMBES,0
MAYO,UZBEKISTÁN,ASIA,DESAGUADERO,0
MAYO,UZBEKISTÁN,ASIA,KASANI,0
MAYO,UZBEKISTÁN,ASIA,OTRAS OCM,0
MAYO,UZBEKISTÁN,ASIA,SANTA ROSA,0
MAYO,VANUATU,OCEANÍA,AEROPUERTO INTERNACIONAL JORGE CHÁVEZ,2
MAYO,VANUATU,OCEANÍA,CEBAF - TUMBES,0
MAYO,VANUATU,OCEANÍA,DESAGUADERO,0
MAYO,VANUATU,OCEANÍA,KASANI,0
MAYO,VANUATU,OCEANÍA,OTRAS OCM,0
MAYO,VANUATU,OCEANÍA,SANTA ROSA,0
MAYO,VATICANO,EUROPA,AEROPUERTO INTERNACIONAL JORGE CHÁVEZ,2
MAYO,VATICANO,EUROPA,CEBAF - TUMBES,0
MAYO,VATICANO,EUROPA,DESAGUADERO,0
MAYO,VATICANO,EUROPA,KASANI,0
MAYO,VATICANO,EUROPA,OTRAS OCM,0
MAYO,VATICANO,EUROPA,SANTA ROSA,0
MAYO,VENEZUELA,AMÉRICA DEL SUR,AEROPUERTO INTERNACIONAL JORGE CHÁVEZ,6826
MAYO,VENEZUELA,AMÉRICA DEL SUR,CEBAF - TUMBES,1963
MAYO,VENEZUELA,AMÉRICA DEL SUR,DESAGUADERO,77
MAYO,VENEZUELA,AMÉRICA DEL SUR,KASANI,24
MAYO,VENEZUELA,AMÉRICA DEL SUR,OTRAS OCM,299
MAYO,VENEZUELA,AMÉRICA DEL SUR,SANTA ROSA,8213
MAYO,VIETNAM,ASIA,AEROPUERTO INTERNACIONAL JORGE CHÁVEZ,230
MAYO,VIETNAM,ASIA,CEBAF - TUMBES,4
MAYO,VIETNAM,ASIA,DESAGUADERO,2
MAYO,VIETNAM,ASIA,KASANI,4
MAYO,VIETNAM,ASIA,OTRAS OCM,66
MAYO,VIETNAM,ASIA,SANTA ROSA,1
MAYO,YEMEN,ASIA,AEROPUERTO INTERNACIONAL JORGE CHÁVEZ,3
MAYO,YEMEN,ASIA,CEBAF - TUMBES,3
MAYO,YEMEN,ASIA,DESAGUADERO,0
MAYO,YEMEN,ASIA,KASANI,0
MAYO,YEMEN,ASIA,OTRAS OCM,0
MAYO,YEMEN,ASIA,SANTA ROSA,4
MAYO,ZAMBIA,ÁFRICA,AEROPUERTO INTERNACIONAL JORGE CHÁVEZ,13
MAYO,ZAMBIA,ÁFRICA,CEBAF - TUMBES,0
MAYO,ZAMBIA,ÁFRICA,DESAGUADERO,0
MAYO,ZAMBIA,ÁFRICA,KASANI,0
MAYO,ZAMBIA,ÁFRICA,OTRAS OCM,0
MAYO,ZAMBIA,ÁFRICA,SANTA ROSA,0
MAYO,ZIMBABWE,ÁFRICA,AEROPUERTO INTERNACIONAL JORGE CHÁVEZ,11
MAYO,ZIMBABWE,ÁFRICA,CEBAF - TUMBES,0
MAYO,ZIMBABWE,ÁFRICA,DESAGUADERO,0
MAYO,ZIMBABWE,ÁFRICA,KASANI,0
MAYO,ZIMBABWE,ÁFRICA,OTRAS OCM,1
MAYO,ZIMBABWE,ÁFRICA,SANTA ROSA,0
NOVIEMBRE,AFGHANISTÁN,ASIA,AEROPUERTO INTERNACIONAL JORGE CHÁVEZ,3
NOVIEMBRE,AFGHANISTÁN,ASIA,CEBAF - TUMBES,1
NOVIEMBRE,AFGHANISTÁN,ASIA,DESAGUADERO,0
NOVIEMBRE,AFGHANISTÁN,ASIA,KASANI,0
NOVIEMBRE,AFGHANISTÁN,ASIA,OTRAS OCM,0
NOVIEMBRE,AFGHANISTÁN,ASIA,SANTA ROSA,12
NOVIEMBRE,ALBANIA,EUROPA,AEROPUERTO INTERNACIONAL JORGE CHÁVEZ,56
NOVIEMBRE,ALBANIA,EUROPA,CEBAF - TUMBES,0
NOVIEMBRE,ALBANIA,EUROPA,DESAGUADERO,0
NOVIEMBRE,ALBANIA,EUROPA,KASANI,0
NOVIEMBRE,ALBANIA,EUROPA,OTRAS OCM,2
NOVIEMBRE,ALBANIA,EUROPA,SANTA ROSA,0
NOVIEMBRE,ALEMANIA,EUROPA,AEROPUERTO INTERNACIONAL JORGE CHÁVEZ,22374
NOVIEMBRE,ALEMANIA,EUROPA,CEBAF - TUMBES,510
NOVIEMBRE,ALEMANIA,EUROPA,DESAGUADERO,541
NOVIEMBRE,ALEMANIA,EUROPA,KASANI,1303
NOVIEMBRE,ALEMANIA,EUROPA,OTRAS OCM,1556
NOVIEMBRE,ALEMANIA,EUROPA,SANTA ROSA,477
NOVIEMBRE,ANDORRA,EUROPA,AEROPUERTO INTERNACIONAL JORGE CHÁVEZ,70
NOVIEMBRE,ANDORRA,EUROPA,CEBAF - TUMBES,0
NOVIEMBRE,ANDORRA,EUROPA,DESAGUADERO,0
NOVIEMBRE,ANDORRA,EUROPA,KASANI,0
NOVIEMBRE,ANDORRA,EUROPA,OTRAS OCM,2
NOVIEMBRE,ANDORRA,EUROPA,SANTA ROSA,0
NOVIEMBRE,ANGOLA,ÁFRICA,AEROPUERTO INTERNACIONAL JORGE CHÁVEZ,9
NOVIEMBRE,ANGOLA,ÁFRICA,CEBAF - TUMBES,0
NOVIEMBRE,ANGOLA,ÁFRICA,DESAGUADERO,0
NOVIEMBRE,ANGOLA,ÁFRICA,KASANI,0
NOVIEMBRE,ANGOLA,ÁFRICA,OTRAS OCM,0
NOVIEMBRE,ANGOLA,ÁFRICA,SANTA ROSA,0
NOVIEMBRE,ANT. BARBUDA,AMÉRICA CENTRAL,AEROPUERTO INTERNACIONAL JORGE CHÁVEZ,19
NOVIEMBRE,ANT. BARBUDA,AMÉRICA CENTRAL,CEBAF - TUMBES,0
NOVIEMBRE,ANT. BARBUDA,AMÉRICA CENTRAL,DESAGUADERO,0
NOVIEMBRE,ANT. BARBUDA,AMÉRICA CENTRAL,KASANI,0
NOVIEMBRE,ANT. BARBUDA,AMÉRICA CENTRAL,OTRAS OCM,0
NOVIEMBRE,ANT. BARBUDA,AMÉRICA CENTRAL,SANTA ROSA,0
NOVIEMBRE,ARABIA SAUDITA,ASIA,AEROPUERTO INTERNACIONAL JORGE CHÁVEZ,85
NOVIEMBRE,ARABIA SAUDITA,ASIA,CEBAF - TUMBES,1
NOVIEMBRE,ARABIA SAUDITA,ASIA,DESAGUADERO,11
NOVIEMBRE,ARABIA SAUDITA,ASIA,KASANI,1
NOVIEMBRE,ARABIA SAUDITA,ASIA,OTRAS OCM,3
NOVIEMBRE,ARABIA SAUDITA,ASIA,SANTA ROSA,0
NOVIEMBRE,ARGELIA,ÁFRICA,AEROPUERTO INTERNACIONAL JORGE CHÁVEZ,21
NOVIEMBRE,ARGELIA,ÁFRICA,CEBAF - TUMBES,0
NOVIEMBRE,ARGELIA,ÁFRICA,DESAGUADERO,0
NOVIEMBRE,ARGELIA,ÁFRICA,KASANI,1
NOVIEMBRE,ARGELIA,ÁFRICA,OTRAS OCM,2
NOVIEMBRE,ARGELIA,ÁFRICA,SANTA ROSA,0
NOVIEMBRE,ARGENTINA,AMÉRICA DEL SUR,AEROPUERTO INTERNACIONAL JORGE CHÁVEZ,51096
NOVIEMBRE,ARGENTINA,AMÉRICA DEL SUR,CEBAF - TUMBES,504
NOVIEMBRE,ARGENTINA,AMÉRICA DEL SUR,DESAGUADERO,1179
NOVIEMBRE,ARGENTINA,AMÉRICA DEL SUR,KASANI,503
NOVIEMBRE,ARGENTINA,AMÉRICA DEL SUR,OTRAS OCM,1266
NOVIEMBRE,ARGENTINA,AMÉRICA DEL SUR,SANTA ROSA,5378
NOVIEMBRE,ARMENIA,ASIA,AEROPUERTO INTERNACIONAL JORGE CHÁVEZ,51
NOVIEMBRE,ARMENIA,ASIA,CEBAF - TUMBES,0
NOVIEMBRE,ARMENIA,ASIA,DESAGUADERO,2
NOVIEMBRE,ARMENIA,ASIA,KASANI,0
NOVIEMBRE,ARMENIA,ASIA,OTRAS OCM,1
NOVIEMBRE,ARMENIA,ASIA,SANTA ROSA,3
NOVIEMBRE,ARUBA,AMÉRICA CENTRAL,AEROPUERTO INTERNACIONAL JORGE CHÁVEZ,65
NOVIEMBRE,ARUBA,AMÉRICA CENTRAL,CEBAF - TUMBES,0
NOVIEMBRE,ARUBA,AMÉRICA CENTRAL,DESAGUADERO,1
NOVIEMBRE,ARUBA,AMÉRICA CENTRAL,KASANI,1
NOVIEMBRE,ARUBA,AMÉRICA CENTRAL,OTRAS OCM,0
NOVIEMBRE,ARUBA,AMÉRICA CENTRAL,SANTA ROSA,0
NOVIEMBRE,AUSTRALIA,OCEANÍA,AEROPUERTO INTERNACIONAL JORGE CHÁVEZ,9940
NOVIEMBRE,AUSTRALIA,OCEANÍA,CEBAF - TUMBES,156
NOVIEMBRE,AUSTRALIA,OCEANÍA,DESAGUADERO,170
NOVIEMBRE,AUSTRALIA,OCEANÍA,KASANI,362
NOVIEMBRE,AUSTRALIA,OCEANÍA,OTRAS OCM,1615
NOVIEMBRE,AUSTRALIA,OCEANÍA,SANTA ROSA,89
NOVIEMBRE,AUSTRIA,EUROPA,AEROPUERTO INTERNACIONAL JORGE CHÁVEZ,2328
NOVIEMBRE,AUSTRIA,EUROPA,CEBAF - TUMBES,54
NOVIEMBRE,AUSTRIA,EUROPA,DESAGUADERO,75
NOVIEMBRE,AUSTRIA,EUROPA,KASANI,102
NOVIEMBRE,AUSTRIA,EUROPA,OTRAS OCM,191
NOVIEMBRE,AUSTRIA,EUROPA,SANTA ROSA,48
NOVIEMBRE,AZERBAIYÁN,ASIA,AEROPUERTO INTERNACIONAL JORGE CHÁVEZ,12
NOVIEMBRE,AZERBAIYÁN,ASIA,CEBAF - TUMBES,0
NOVIEMBRE,AZERBAIYÁN,ASIA,DESAGUADERO,1
NOVIEMBRE,AZERBAIYÁN,ASIA,KASANI,0
NOVIEMBRE,AZERBAIYÁN,ASIA,OTRAS OCM,3
NOVIEMBRE,AZERBAIYÁN,ASIA,SANTA ROSA,0
NOVIEMBRE,BAHAMAS,AMÉRICA CENTRAL,AEROPUERTO INTERNACIONAL JORGE CHÁVEZ,66
NOVIEMBRE,BAHAMAS,AMÉRICA CENTRAL,CEBAF - TUMBES,0
NOVIEMBRE,BAHAMAS,AMÉRICA CENTRAL,DESAGUADERO,0
NOVIEMBRE,BAHAMAS,AMÉRICA CENTRAL,KASANI,0
NOVIEMBRE,BAHAMAS,AMÉRICA CENTRAL,OTRAS OCM,1
NOVIEMBRE,BAHAMAS,AMÉRICA CENTRAL,SANTA ROSA,0
NOVIEMBRE,BAHRÉIN,ASIA,AEROPUERTO INTERNACIONAL JORGE CHÁVEZ,18
NOVIEMBRE,BAHRÉIN,ASIA,CEBAF - TUMBES,0
NOVIEMBRE,BAHRÉIN,ASIA,DESAGUADERO,0
NOVIEMBRE,BAHRÉIN,ASIA,KASANI,0
NOVIEMBRE,BAHRÉIN,ASIA,OTRAS OCM,3
NOVIEMBRE,BAHRÉIN,ASIA,SANTA ROSA,0
NOVIEMBRE,BANGLADESH,ASIA,AEROPUERTO INTERNACIONAL JORGE CHÁVEZ,72
NOVIEMBRE,BANGLADESH,ASIA,CEBAF - TUMBES,0
NOVIEMBRE,BANGLADESH,ASIA,DESAGUADERO,1
NOVIEMBRE,BANGLADESH,ASIA,KASANI,1
NOVIEMBRE,BANGLADESH,ASIA,OTRAS OCM,22
NOVIEMBRE,BANGLADESH,ASIA,SANTA ROSA,1
NOVIEMBRE,BARBADOS,AMÉRICA CENTRAL,AEROPUERTO INTERNACIONAL JORGE CHÁVEZ,200
NOVIEMBRE,BARBADOS,AMÉRICA CENTRAL,CEBAF - TUMBES,0
NOVIEMBRE,BARBADOS,AMÉRICA CENTRAL,DESAGUADERO,2
NOVIEMBRE,BARBADOS,AMÉRICA CENTRAL,KASANI,1
NOVIEMBRE,BARBADOS,AMÉRICA CENTRAL,OTRAS OCM,7
NOVIEMBRE,BARBADOS,AMÉRICA CENTRAL,SANTA ROSA,3
NOVIEMBRE,BELICE,AMÉRICA CENTRAL,AEROPUERTO INTERNACIONAL JORGE CHÁVEZ,199
NOVIEMBRE,BELICE,AMÉRICA CENTRAL,CEBAF - TUMBES,1
NOVIEMBRE,BELICE,AMÉRICA CENTRAL,DESAGUADERO,1
NOVIEMBRE,BELICE,AMÉRICA CENTRAL,KASANI,0
NOVIEMBRE,BELICE,AMÉRICA CENTRAL,OTRAS OCM,1
NOVIEMBRE,BELICE,AMÉRICA CENTRAL,SANTA ROSA,0
NOVIEMBRE,BELORUSIA,EUROPA,AEROPUERTO INTERNACIONAL JORGE CHÁVEZ,176
NOVIEMBRE,BELORUSIA,EUROPA,CEBAF - TUMBES,1
NOVIEMBRE,BELORUSIA,EUROPA,DESAGUADERO,1
NOVIEMBRE,BELORUSIA,EUROPA,KASANI,1
NOVIEMBRE,BELORUSIA,EUROPA,OTRAS OCM,0
NOVIEMBRE,BELORUSIA,EUROPA,SANTA ROSA,1
NOVIEMBRE,BENÍN,ÁFRICA,AEROPUERTO INTERNACIONAL JORGE CHÁVEZ,5
NOVIEMBRE,BENÍN,ÁFRICA,CEBAF - TUMBES,0
NOVIEMBRE,BENÍN,ÁFRICA,DESAGUADERO,0
NOVIEMBRE,BENÍN,ÁFRICA,KASANI,0
NOVIEMBRE,BENÍN,ÁFRICA,OTRAS OCM,0
NOVIEMBRE,BENÍN,ÁFRICA,SANTA ROSA,0
NOVIEMBRE,BERMUDAS,AMÉRICA CENTRAL,AEROPUERTO INTERNACIONAL JORGE CHÁVEZ,10
NOVIEMBRE,BERMUDAS,AMÉRICA CENTRAL,CEBAF - TUMBES,0
NOVIEMBRE,BERMUDAS,AMÉRICA CENTRAL,DESAGUADERO,0
NOVIEMBRE,BERMUDAS,AMÉRICA CENTRAL,KASANI,0
NOVIEMBRE,BERMUDAS,AMÉRICA CENTRAL,OTRAS OCM,0
NOVIEMBRE,BERMUDAS,AMÉRICA CENTRAL,SANTA ROSA,0
NOVIEMBRE,BHUTÁN,ASIA,AEROPUERTO INTERNACIONAL JORGE CHÁVEZ,3
NOVIEMBRE,BHUTÁN,ASIA,CEBAF - TUMBES,0
NOVIEMBRE,BHUTÁN,ASIA,DESAGUADERO,0
NOVIEMBRE,BHUTÁN,ASIA,KASANI,0
NOVIEMBRE,BHUTÁN,ASIA,OTRAS OCM,0
NOVIEMBRE,BHUTÁN,ASIA,SANTA ROSA,0
NOVIEMBRE,BOLIVIA,AMÉRICA DEL SUR,AEROPUERTO INTERNACIONAL JORGE CHÁVEZ,11868
NOVIEMBRE,BOLIVIA,AMÉRICA DEL SUR,CEBAF - TUMBES,204
NOVIEMBRE,BOLIVIA,AMÉRICA DEL SUR,DESAGUADERO,47440
NOVIEMBRE,BOLIVIA,AMÉRICA DEL SUR,KASANI,2453
NOVIEMBRE,BOLIVIA,AMÉRICA DEL SUR,OTRAS OCM,3510
NOVIEMBRE,BOLIVIA,AMÉRICA DEL SUR,SANTA ROSA,12849
NOVIEMBRE,BOSNIA Y HERZEGOVINA,EUROPA,AEROPUERTO INTERNACIONAL JORGE CHÁVEZ,28
NOVIEMBRE,BOSNIA Y HERZEGOVINA,EUROPA,CEBAF - TUMBES,0
NOVIEMBRE,BOSNIA Y HERZEGOVINA,EUROPA,DESAGUADERO,5
NOVIEMBRE,BOSNIA Y HERZEGOVINA,EUROPA,KASANI,5
NOVIEMBRE,BOSNIA Y HERZEGOVINA,EUROPA,OTRAS OCM,8
NOVIEMBRE,BOSNIA Y HERZEGOVINA,EUROPA,SANTA ROSA,0
NOVIEMBRE,BOTSWANA,ÁFRICA,AEROPUERTO INTERNACIONAL JORGE CHÁVEZ,2
NOVIEMBRE,BOTSWANA,ÁFRICA,CEBAF - TUMBES,0
NOVIEMBRE,BOTSWANA,ÁFRICA,DESAGUADERO,0
NOVIEMBRE,BOTSWANA,ÁFRICA,KASANI,0
NOVIEMBRE,BOTSWANA,ÁFRICA,OTRAS OCM,0
NOVIEMBRE,BOTSWANA,ÁFRICA,SANTA ROSA,0
NOVIEMBRE,BRASIL,AMÉRICA DEL SUR,AEROPUERTO INTERNACIONAL JORGE CHÁVEZ,95263
NOVIEMBRE,BRASIL,AMÉRICA DEL SUR,CEBAF - TUMBES,182
NOVIEMBRE,BRASIL,AMÉRICA DEL SUR,DESAGUADERO,1072
NOVIEMBRE,BRASIL,AMÉRICA DEL SUR,KASANI,514
NOVIEMBRE,BRASIL,AMÉRICA DEL SUR,OTRAS OCM,12344
NOVIEMBRE,BRASIL,AMÉRICA DEL SUR,SANTA ROSA,3564
NOVIEMBRE,BRUNÉI,ASIA,AEROPUERTO INTERNACIONAL JORGE CHÁVEZ,30
NOVIEMBRE,BRUNÉI,ASIA,CEBAF - TUMBES,0
NOVIEMBRE,BRUNÉI,ASIA,DESAGUADERO,0
NOVIEMBRE,BRUNÉI,ASIA,KASANI,0
NOVIEMBRE,BRUNÉI,ASIA,OTRAS OCM,27
NOVIEMBRE,BRUNÉI,ASIA,SANTA ROSA,0
NOVIEMBRE,BULGARIA,EUROPA,AEROPUERTO INTERNACIONAL JORGE CHÁVEZ,856
NOVIEMBRE,BULGARIA,EUROPA,CEBAF - TUMBES,6
NOVIEMBRE,BULGARIA,EUROPA,DESAGUADERO,5
NOVIEMBRE,BULGARIA,EUROPA,KASANI,6
NOVIEMBRE,BULGARIA,EUROPA,OTRAS OCM,30
NOVIEMBRE,BULGARIA,EUROPA,SANTA ROSA,2
NOVIEMBRE,BURKINA FASO,ÁFRICA,AEROPUERTO INTERNACIONAL JORGE CHÁVEZ,9
NOVIEMBRE,BURKINA FASO,ÁFRICA,CEBAF - TUMBES,0
NOVIEMBRE,BURKINA FASO,ÁFRICA,DESAGUADERO,0
NOVIEMBRE,BURKINA FASO,ÁFRICA,KASANI,0
NOVIEMBRE,BURKINA FASO,ÁFRICA,OTRAS OCM,0
NOVIEMBRE,BURKINA FASO,ÁFRICA,SANTA ROSA,0
NOVIEMBRE,BURUNDI,ÁFRICA,AEROPUERTO INTERNACIONAL JORGE CHÁVEZ,4
NOVIEMBRE,BURUNDI,ÁFRICA,CEBAF - TUMBES,0
NOVIEMBRE,BURUNDI,ÁFRICA,DESAGUADERO,0
NOVIEMBRE,BURUNDI,ÁFRICA,KASANI,0
NOVIEMBRE,BURUNDI,ÁFRICA,OTRAS OCM,0
NOVIEMBRE,BURUNDI,ÁFRICA,SANTA ROSA,0
NOVIEMBRE,BÉLGICA,EUROPA,AEROPUERTO INTERNACIONAL JORGE CHÁVEZ,4087
NOVIEMBRE,BÉLGICA,EUROPA,CEBAF - TUMBES,103
NOVIEMBRE,BÉLGICA,EUROPA,DESAGUADERO,125
NOVIEMBRE,BÉLGICA,EUROPA,KASANI,204
NOVIEMBRE,BÉLGICA,EUROPA,OTRAS OCM,163
NOVIEMBRE,BÉLGICA,EUROPA,SANTA ROSA,95
NOVIEMBRE,CABO VERDE,ÁFRICA,AEROPUERTO INTERNACIONAL JORGE CHÁVEZ,8
NOVIEMBRE,CABO VERDE,ÁFRICA,CEBAF - TUMBES,0
NOVIEMBRE,CABO VERDE,ÁFRICA,DESAGUADERO,0
NOVIEMBRE,CABO VERDE,ÁFRICA,KASANI,0
NOVIEMBRE,CABO VERDE,ÁFRICA,OTRAS OCM,5
NOVIEMBRE,CABO VERDE,ÁFRICA,SANTA ROSA,0
NOVIEMBRE,CAMBOYA,ASIA,AEROPUERTO INTERNACIONAL JORGE CHÁVEZ,12
NOVIEMBRE,CAMBOYA,ASIA,CEBAF - TUMBES,0
NOVIEMBRE,CAMBOYA,ASIA,DESAGUADERO,0
NOVIEMBRE,CAMBOYA,ASIA,KASANI,0
NOVIEMBRE,CAMBOYA,ASIA,OTRAS OCM,0
NOVIEMBRE,CAMBOYA,ASIA,SANTA ROSA,0
NOVIEMBRE,CAMERÚN,ÁFRICA,AEROPUERTO INTERNACIONAL JORGE CHÁVEZ,13
NOVIEMBRE,CAMERÚN,ÁFRICA,CEBAF - TUMBES,2
NOVIEMBRE,CAMERÚN,ÁFRICA,DESAGUADERO,0
NOVIEMBRE,CAMERÚN,ÁFRICA,KASANI,0
NOVIEMBRE,CAMERÚN,ÁFRICA,OTRAS OCM,0
NOVIEMBRE,CAMERÚN,ÁFRICA,SANTA ROSA,0
NOVIEMBRE,CANADÁ,AMÉRICA DEL NORTE,AEROPUERTO INTERNACIONAL JORGE CHÁVEZ,28161
NOVIEMBRE,CANADÁ,AMÉRICA DEL NORTE,CEBAF - TUMBES,200
NOVIEMBRE,CANADÁ,AMÉRICA DEL NORTE,DESAGUADERO,144
NOVIEMBRE,CANADÁ,AMÉRICA DEL NORTE,KASANI,176
NOVIEMBRE,CANADÁ,AMÉRICA DEL NORTE,OTRAS OCM,1367
NOVIEMBRE,CANADÁ,AMÉRICA DEL NORTE,SANTA ROSA,115
NOVIEMBRE,CEYLÁN,ASIA,AEROPUERTO INTERNACIONAL JORGE CHÁVEZ,0
NOVIEMBRE,CEYLÁN,ASIA,CEBAF - TUMBES,0
NOVIEMBRE,CEYLÁN,ASIA,DESAGUADERO,0
NOVIEMBRE,CEYLÁN,ASIA,KASANI,0
NOVIEMBRE,CEYLÁN,ASIA,OTRAS OCM,0
NOVIEMBRE,CEYLÁN,ASIA,SANTA ROSA,0
NOVIEMBRE,CHAD,ÁFRICA,AEROPUERTO INTERNACIONAL JORGE CHÁVEZ,1
NOVIEMBRE,CHAD,ÁFRICA,CEBAF - TUMBES,1
NOVIEMBRE,CHAD,ÁFRICA,DESAGUADERO,0
NOVIEMBRE,CHAD,ÁFRICA,KASANI,0
NOVIEMBRE,CHAD,ÁFRICA,OTRAS OCM,0
NOVIEMBRE,CHAD,ÁFRICA,SANTA ROSA,0
NOVIEMBRE,CHILE,AMÉRICA DEL SUR,AEROPUERTO INTERNACIONAL JORGE CHÁVEZ,105306
NOVIEMBRE,CHILE,AMÉRICA DEL SUR,CEBAF - TUMBES,535
NOVIEMBRE,CHILE,AMÉRICA DEL SUR,DESAGUADERO,394
NOVIEMBRE,CHILE,AMÉRICA DEL SUR,KASANI,160
NOVIEMBRE,CHILE,AMÉRICA DEL SUR,OTRAS OCM,9051
NOVIEMBRE,CHILE,AMÉRICA DEL SUR,SANTA ROSA,394939
NOVIEMBRE,CHINA (R.P),ASIA,AEROPUERTO INTERNACIONAL JORGE CHÁVEZ,15909
NOVIEMBRE,CHINA (R.P),ASIA,CEBAF - TUMBES,50
NOVIEMBRE,CHINA (R.P),ASIA,DESAGUADERO,40
NOVIEMBRE,CHINA (R.P),ASIA,KASANI,33
NOVIEMBRE,CHINA (R.P),ASIA,OTRAS OCM,1138
NOVIEMBRE,CHINA (R.P),ASIA,SANTA ROSA,110
NOVIEMBRE,CHIPRE,EUROPA,AEROPUERTO INTERNACIONAL JORGE CHÁVEZ,105
NOVIEMBRE,CHIPRE,EUROPA,CEBAF - TUMBES,0
NOVIEMBRE,CHIPRE,EUROPA,DESAGUADERO,0
NOVIEMBRE,CHIPRE,EUROPA,KASANI,0
NOVIEMBRE,CHIPRE,EUROPA,OTRAS OCM,1
NOVIEMBRE,CHIPRE,EUROPA,SANTA ROSA,1
NOVIEMBRE,COLOMBIA,AMÉRICA DEL SUR,AEROPUERTO INTERNACIONAL JORGE CHÁVEZ,70766
NOVIEMBRE,COLOMBIA,AMÉRICA DEL SUR,CEBAF - TUMBES,7318
NOVIEMBRE,COLOMBIA,AMÉRICA DEL SUR,DESAGUADERO,884
NOVIEMBRE,COLOMBIA,AMÉRICA DEL SUR,KASANI,337
NOVIEMBRE,COLOMBIA,AMÉRICA DEL SUR,OTRAS OCM,5010
NOVIEMBRE,COLOMBIA,AMÉRICA DEL SUR,SANTA ROSA,4922
NOVIEMBRE,COMORAS (ISL),ÁFRICA,AEROPUERTO INTERNACIONAL JORGE CHÁVEZ,0
NOVIEMBRE,COMORAS (ISL),ÁFRICA,CEBAF - TUMBES,0
NOVIEMBRE,COMORAS (ISL),ÁFRICA,DESAGUADERO,0
NOVIEMBRE,COMORAS (ISL),ÁFRICA,KASANI,0
NOVIEMBRE,COMORAS (ISL),ÁFRICA,OTRAS OCM,0
NOVIEMBRE,COMORAS (ISL),ÁFRICA,SANTA ROSA,0
NOVIEMBRE,CONGO,ÁFRICA,AEROPUERTO INTERNACIONAL JORGE CHÁVEZ,3
NOVIEMBRE,CONGO,ÁFRICA,CEBAF - TUMBES,0
NOVIEMBRE,CONGO,ÁFRICA,DESAGUADERO,0
NOVIEMBRE,CONGO,ÁFRICA,KASANI,0
NOVIEMBRE,CONGO,ÁFRICA,OTRAS OCM,0
NOVIEMBRE,CONGO,ÁFRICA,SANTA ROSA,0
NOVIEMBRE,COREA DEL NORTE,ASIA,AEROPUERTO INTERNACIONAL JORGE CHÁVEZ,1
NOVIEMBRE,COREA DEL NORTE,ASIA,CEBAF - TUMBES,0
NOVIEMBRE,COREA DEL NORTE,ASIA,DESAGUADERO,0
NOVIEMBRE,COREA DEL NORTE,ASIA,KASANI,0
NOVIEMBRE,COREA DEL NORTE,ASIA,OTRAS OCM,1
NOVIEMBRE,COREA DEL NORTE,ASIA,SANTA ROSA,0
NOVIEMBRE,COREA DEL SUR,ASIA,AEROPUERTO INTERNACIONAL JORGE CHÁVEZ,8664
NOVIEMBRE,COREA DEL SUR,ASIA,CEBAF - TUMBES,78
NOVIEMBRE,COREA DEL SUR,ASIA,DESAGUADERO,46
NOVIEMBRE,COREA DEL SUR,ASIA,KASANI,73
NOVIEMBRE,COREA DEL SUR,ASIA,OTRAS OCM,523
NOVIEMBRE,COREA DEL SUR,ASIA,SANTA ROSA,40
NOVIEMBRE,COSTA MARFIL,ÁFRICA,AEROPUERTO INTERNACIONAL JORGE CHÁVEZ,10
NOVIEMBRE,COSTA MARFIL,ÁFRICA,CEBAF - TUMBES,0
NOVIEMBRE,COSTA MARFIL,ÁFRICA,DESAGUADERO,0
NOVIEMBRE,COSTA MARFIL,ÁFRICA,KASANI,0
NOVIEMBRE,COSTA MARFIL,ÁFRICA,OTRAS OCM,1
NOVIEMBRE,COSTA MARFIL,ÁFRICA,SANTA ROSA,0
NOVIEMBRE,COSTA RICA,AMÉRICA CENTRAL,AEROPUERTO INTERNACIONAL JORGE CHÁVEZ,8115
NOVIEMBRE,COSTA RICA,AMÉRICA CENTRAL,CEBAF - TUMBES,29
NOVIEMBRE,COSTA RICA,AMÉRICA CENTRAL,DESAGUADERO,27
NOVIEMBRE,COSTA RICA,AMÉRICA CENTRAL,KASANI,27
NOVIEMBRE,COSTA RICA,AMÉRICA CENTRAL,OTRAS OCM,361
NOVIEMBRE,COSTA RICA,AMÉRICA CENTRAL,SANTA ROSA,20
NOVIEMBRE,CROACIA,EUROPA,AEROPUERTO INTERNACIONAL JORGE CHÁVEZ,679
NOVIEMBRE,CROACIA,EUROPA,CEBAF - TUMBES,3
NOVIEMBRE,CROACIA,EUROPA,DESAGUADERO,1
NOVIEMBRE,CROACIA,EUROPA,KASANI,8
NOVIEMBRE,CROACIA,EUROPA,OTRAS OCM,37
NOVIEMBRE,CROACIA,EUROPA,SANTA ROSA,1
NOVIEMBRE,CUBA,AMÉRICA CENTRAL,AEROPUERTO INTERNACIONAL JORGE CHÁVEZ,2366
NOVIEMBRE,CUBA,AMÉRICA CENTRAL,CEBAF - TUMBES,23
NOVIEMBRE,CUBA,AMÉRICA CENTRAL,DESAGUADERO,1
NOVIEMBRE,CUBA,AMÉRICA CENTRAL,KASANI,1
NOVIEMBRE,CUBA,AMÉRICA CENTRAL,OTRAS OCM,58
NOVIEMBRE,CUBA,AMÉRICA CENTRAL,SANTA ROSA,52
NOVIEMBRE,DEMOC. REP. CONGO (ZAIRE),ÁFRICA,AEROPUERTO INTERNACIONAL JORGE CHÁVEZ,8
NOVIEMBRE,DEMOC. REP. CONGO (ZAIRE),ÁFRICA,CEBAF - TUMBES,0
NOVIEMBRE,DEMOC. REP. CONGO (ZAIRE),ÁFRICA,DESAGUADERO,0
NOVIEMBRE,DEMOC. REP. CONGO (ZAIRE),ÁFRICA,KASANI,0
NOVIEMBRE,DEMOC. REP. CONGO (ZAIRE),ÁFRICA,OTRAS OCM,0
NOVIEMBRE,DEMOC. REP. CONGO (ZAIRE),ÁFRICA,SANTA ROSA,0
NOVIEMBRE,DINAMARCA,EUROPA,AEROPUERTO INTERNACIONAL JORGE CHÁVEZ,1758
NOVIEMBRE,DINAMARCA,EUROPA,CEBAF - TUMBES,133
NOVIEMBRE,DINAMARCA,EUROPA,DESAGUADERO,76
NOVIEMBRE,DINAMARCA,EUROPA,KASANI,206
NOVIEMBRE,DINAMARCA,EUROPA,OTRAS OCM,169
NOVIEMBRE,DINAMARCA,EUROPA,SANTA ROSA,20
NOVIEMBRE,DJIBOUTI,ÁFRICA,AEROPUERTO INTERNACIONAL JORGE CHÁVEZ,0
NOVIEMBRE,DJIBOUTI,ÁFRICA,CEBAF - TUMBES,0
NOVIEMBRE,DJIBOUTI,ÁFRICA,DESAGUADERO,0
NOVIEMBRE,DJIBOUTI,ÁFRICA,KASANI,0
NOVIEMBRE,DJIBOUTI,ÁFRICA,OTRAS OCM,0
NOVIEMBRE,DJIBOUTI,ÁFRICA,SANTA ROSA,0
NOVIEMBRE,DOMINICA,AMÉRICA CENTRAL,AEROPUERTO INTERNACIONAL JORGE CHÁVEZ,33
NOVIEMBRE,DOMINICA,AMÉRICA CENTRAL,CEBAF - TUMBES,2
NOVIEMBRE,DOMINICA,AMÉRICA CENTRAL,DESAGUADERO,0
NOVIEMBRE,DOMINICA,AMÉRICA CENTRAL,KASANI,0
NOVIEMBRE,DOMINICA,AMÉRICA CENTRAL,OTRAS OCM,0
NOVIEMBRE,DOMINICA,AMÉRICA CENTRAL,SANTA ROSA,1
NOVIEMBRE,ECUADOR,AMÉRICA DEL SUR,AEROPUERTO INTERNACIONAL JORGE CHÁVEZ,27686
NOVIEMBRE,ECUADOR,AMÉRICA DEL SUR,CEBAF - TUMBES,104101
NOVIEMBRE,ECUADOR,AMÉRICA DEL SUR,DESAGUADERO,574
NOVIEMBRE,ECUADOR,AMÉRICA DEL SUR,KASANI,156
NOVIEMBRE,ECUADOR,AMÉRICA DEL SUR,OTRAS OCM,21739
NOVIEMBRE,ECUADOR,AMÉRICA DEL SUR,SANTA ROSA,2976
NOVIEMBRE,EE.UU,AMÉRICA DEL NORTE,AEROPUERTO INTERNACIONAL JORGE CHÁVEZ,245061
NOVIEMBRE,EE.UU,AMÉRICA DEL NORTE,CEBAF - TUMBES,677
NOVIEMBRE,EE.UU,AMÉRICA DEL NORTE,DESAGUADERO,414
NOVIEMBRE,EE.UU,AMÉRICA DEL NORTE,KASANI,286
NOVIEMBRE,EE.UU,AMÉRICA DEL NORTE,OTRAS OCM,7197
NOVIEMBRE,EE.UU,AMÉRICA DEL NORTE,SANTA ROSA,427
NOVIEMBRE,EGIPTO,ÁFRICA,AEROPUERTO INTERNACIONAL JORGE CHÁVEZ,102
NOVIEMBRE,EGIPTO,ÁFRICA,CEBAF - TUMBES,4
NOVIEMBRE,EGIPTO,ÁFRICA,DESAGUADERO,1
NOVIEMBRE,EGIPTO,ÁFRICA,KASANI,1
NOVIEMBRE,EGIPTO,ÁFRICA,OTRAS OCM,8
NOVIEMBRE,EGIPTO,ÁFRICA,SANTA ROSA,0
NOVIEMBRE,EL SALVADOR,AMÉRICA CENTRAL,AEROPUERTO INTERNACIONAL JORGE CHÁVEZ,3309
NOVIEMBRE,EL SALVADOR,AMÉRICA CENTRAL,CEBAF - TUMBES,7
NOVIEMBRE,EL SALVADOR,AMÉRICA CENTRAL,DESAGUADERO,4
NOVIEMBRE,EL SALVADOR,AMÉRICA CENTRAL,KASANI,3
NOVIEMBRE,EL SALVADOR,AMÉRICA CENTRAL,OTRAS OCM,78
NOVIEMBRE,EL SALVADOR,AMÉRICA CENTRAL,SANTA ROSA,6
NOVIEMBRE,EMIRATOS ÁRABES UNIDOS,ASIA,AEROPUERTO INTERNACIONAL JORGE CHÁVEZ,88
NOVIEMBRE,EMIRATOS ÁRABES UNIDOS,ASIA,CEBAF - TUMBES,0
NOVIEMBRE,EMIRATOS ÁRABES UNIDOS,ASIA,DESAGUADERO,1
NOVIEMBRE,EMIRATOS ÁRABES UNIDOS,ASIA,KASANI,1
NOVIEMBRE,EMIRATOS ÁRABES UNIDOS,ASIA,OTRAS OCM,10
NOVIEMBRE,EMIRATOS ÁRABES UNIDOS,ASIA,SANTA ROSA,0
NOVIEMBRE,ERITREA,ÁFRICA,AEROPUERTO INTERNACIONAL JORGE CHÁVEZ,6
NOVIEMBRE,ERITREA,ÁFRICA,CEBAF - TUMBES,0
NOVIEMBRE,ERITREA,ÁFRICA,DESAGUADERO,0
NOVIEMBRE,ERITREA,ÁFRICA,KASANI,1
NOVIEMBRE,ERITREA,ÁFRICA,OTRAS OCM,0
NOVIEMBRE,ERITREA,ÁFRICA,SANTA ROSA,0
NOVIEMBRE,ESLOVAQUIA,EUROPA,AEROPUERTO INTERNACIONAL JORGE CHÁVEZ,955
NOVIEMBRE,ESLOVAQUIA,EUROPA,CEBAF - TUMBES,19
NOVIEMBRE,ESLOVAQUIA,EUROPA,DESAGUADERO,94
NOVIEMBRE,ESLOVAQUIA,EUROPA,KASANI,30
NOVIEMBRE,ESLOVAQUIA,EUROPA,OTRAS OCM,32
NOVIEMBRE,ESLOVAQUIA,EUROPA,SANTA ROSA,3
NOVIEMBRE,ESLOVENIA,EUROPA,AEROPUERTO INTERNACIONAL JORGE CHÁVEZ,545
NOVIEMBRE,ESLOVENIA,EUROPA,CEBAF - TUMBES,7
NOVIEMBRE,ESLOVENIA,EUROPA,DESAGUADERO,30
NOVIEMBRE,ESLOVENIA,EUROPA,KASANI,22
NOVIEMBRE,ESLOVENIA,EUROPA,OTRAS OCM,22
NOVIEMBRE,ESLOVENIA,EUROPA,SANTA ROSA,4
NOVIEMBRE,ESPAÑA,EUROPA,AEROPUERTO INTERNACIONAL JORGE CHÁVEZ,58410
NOVIEMBRE,ESPAÑA,EUROPA,CEBAF - TUMBES,401
NOVIEMBRE,ESPAÑA,EUROPA,DESAGUADERO,384
NOVIEMBRE,ESPAÑA,EUROPA,KASANI,367
NOVIEMBRE,ESPAÑA,EUROPA,OTRAS OCM,858
NOVIEMBRE,ESPAÑA,EUROPA,SANTA ROSA,402
NOVIEMBRE,ESTONIA,EUROPA,AEROPUERTO INTERNACIONAL JORGE CHÁVEZ,630
NOVIEMBRE,ESTONIA,EUROPA,CEBAF - TUMBES,4
NOVIEMBRE,ESTONIA,EUROPA,DESAGUADERO,6
NOVIEMBRE,ESTONIA,EUROPA,KASANI,7
NOVIEMBRE,ESTONIA,EUROPA,OTRAS OCM,15
NOVIEMBRE,ESTONIA,EUROPA,SANTA ROSA,2
NOVIEMBRE,ETIOPÍA,ÁFRICA,AEROPUERTO INTERNACIONAL JORGE CHÁVEZ,15
NOVIEMBRE,ETIOPÍA,ÁFRICA,CEBAF - TUMBES,0
NOVIEMBRE,ETIOPÍA,ÁFRICA,DESAGUADERO,0
NOVIEMBRE,ETIOPÍA,ÁFRICA,KASANI,0
NOVIEMBRE,ETIOPÍA,ÁFRICA,OTRAS OCM,2
NOVIEMBRE,ETIOPÍA,ÁFRICA,SANTA ROSA,0
NOVIEMBRE,EX R. YUG. MACEDONIA,EUROPA,AEROPUERTO INTERNACIONAL JORGE CHÁVEZ,76
NOVIEMBRE,EX R. YUG. MACEDONIA,EUROPA,CEBAF - TUMBES,2
NOVIEMBRE,EX R. YUG. MACEDONIA,EUROPA,DESAGUADERO,1
NOVIEMBRE,EX R. YUG. MACEDONIA,EUROPA,KASANI,0
NOVIEMBRE,EX R. YUG. MACEDONIA,EUROPA,OTRAS OCM,2
NOVIEMBRE,EX R. YUG. MACEDONIA,EUROPA,SANTA ROSA,0
NOVIEMBRE,FIJI,OCEANÍA,AEROPUERTO INTERNACIONAL JORGE CHÁVEZ,10
NOVIEMBRE,FIJI,OCEANÍA,CEBAF - TUMBES,0
NOVIEMBRE,FIJI,OCEANÍA,DESAGUADERO,0
NOVIEMBRE,FIJI,OCEANÍA,KASANI,1
NOVIEMBRE,FIJI,OCEANÍA,OTRAS OCM,2
NOVIEMBRE,FIJI,OCEANÍA,SANTA ROSA,1
NOVIEMBRE,FILIPINAS,ASIA,AEROPUERTO INTERNACIONAL JORGE CHÁVEZ,1453
NOVIEMBRE,FILIPINAS,ASIA,CEBAF - TUMBES,7
NOVIEMBRE,FILIPINAS,ASIA,DESAGUADERO,9
NOVIEMBRE,FILIPINAS,ASIA,KASANI,11
NOVIEMBRE,FILIPINAS,ASIA,OTRAS OCM,722
NOVIEMBRE,FILIPINAS,ASIA,SANTA ROSA,2
NOVIEMBRE,FINLANDIA,EUROPA,AEROPUERTO INTERNACIONAL JORGE CHÁVEZ,1009
NOVIEMBRE,FINLANDIA,EUROPA,CEBAF - TUMBES,15
NOVIEMBRE,FINLANDIA,EUROPA,DESAGUADERO,35
NOVIEMBRE,FINLANDIA,EUROPA,KASANI,52
NOVIEMBRE,FINLANDIA,EUROPA,OTRAS OCM,56
NOVIEMBRE,FINLANDIA,EUROPA,SANTA ROSA,21
NOVIEMBRE,FRANCIA,EUROPA,AEROPUERTO INTERNACIONAL JORGE CHÁVEZ,26387
NOVIEMBRE,FRANCIA,EUROPA,CEBAF - TUMBES,559
NOVIEMBRE,FRANCIA,EUROPA,DESAGUADERO,1147
NOVIEMBRE,FRANCIA,EUROPA,KASANI,1533
NOVIEMBRE,FRANCIA,EUROPA,OTRAS OCM,965
NOVIEMBRE,FRANCIA,EUROPA,SANTA ROSA,583
NOVIEMBRE,GABÓN,ÁFRICA,AEROPUERTO INTERNACIONAL JORGE CHÁVEZ,3
NOVIEMBRE,GABÓN,ÁFRICA,CEBAF - TUMBES,0
NOVIEMBRE,GABÓN,ÁFRICA,DESAGUADERO,0
NOVIEMBRE,GABÓN,ÁFRICA,KASANI,0
NOVIEMBRE,GABÓN,ÁFRICA,OTRAS OCM,0
NOVIEMBRE,GABÓN,ÁFRICA,SANTA ROSA,0
NOVIEMBRE,GAMBIA,ÁFRICA,AEROPUERTO INTERNACIONAL JORGE CHÁVEZ,0
NOVIEMBRE,GAMBIA,ÁFRICA,CEBAF - TUMBES,0
NOVIEMBRE,GAMBIA,ÁFRICA,DESAGUADERO,0
NOVIEMBRE,GAMBIA,ÁFRICA,KASANI,0
NOVIEMBRE,GAMBIA,ÁFRICA,OTRAS OCM,0
NOVIEMBRE,GAMBIA,ÁFRICA,SANTA ROSA,0
NOVIEMBRE,GEORGIA,ASIA,AEROPUERTO INTERNACIONAL JORGE CHÁVEZ,45
NOVIEMBRE,GEORGIA,ASIA,CEBAF - TUMBES,0
NOVIEMBRE,GEORGIA,ASIA,DESAGUADERO,1
NOVIEMBRE,GEORGIA,ASIA,KASANI,0
NOVIEMBRE,GEORGIA,ASIA,OTRAS OCM,9
NOVIEMBRE,GEORGIA,ASIA,SANTA ROSA,0
NOVIEMBRE,GHANA,ÁFRICA,AEROPUERTO INTERNACIONAL JORGE CHÁVEZ,39
NOVIEMBRE,GHANA,ÁFRICA,CEBAF - TUMBES,0
NOVIEMBRE,GHANA,ÁFRICA,DESAGUADERO,0
NOVIEMBRE,GHANA,ÁFRICA,KASANI,0
NOVIEMBRE,GHANA,ÁFRICA,OTRAS OCM,4
NOVIEMBRE,GHANA,ÁFRICA,SANTA ROSA,0
NOVIEMBRE,GRANADA,AMÉRICA CENTRAL,AEROPUERTO INTERNACIONAL JORGE CHÁVEZ,47
NOVIEMBRE,GRANADA,AMÉRICA CENTRAL,CEBAF - TUMBES,2
NOVIEMBRE,GRANADA,AMÉRICA CENTRAL,DESAGUADERO,1
NOVIEMBRE,GRANADA,AMÉRICA CENTRAL,KASANI,2
NOVIEMBRE,GRANADA,AMÉRICA CENTRAL,OTRAS OCM,3
NOVIEMBRE,GRANADA,AMÉRICA CENTRAL,SANTA ROSA,0
NOVIEMBRE,GRECIA,EUROPA,AEROPUERTO INTERNACIONAL JORGE CHÁVEZ,1370
NOVIEMBRE,GRECIA,EUROPA,CEBAF - TUMBES,5
NOVIEMBRE,GRECIA,EUROPA,DESAGUADERO,12
NOVIEMBRE,GRECIA,EUROPA,KASANI,13
NOVIEMBRE,GRECIA,EUROPA,OTRAS OCM,62
NOVIEMBRE,GRECIA,EUROPA,SANTA ROSA,3
NOVIEMBRE,GROENLANDIA,EUROPA,AEROPUERTO INTERNACIONAL JORGE CHÁVEZ,0
NOVIEMBRE,GROENLANDIA,EUROPA,CEBAF - TUMBES,0
NOVIEMBRE,GROENLANDIA,EUROPA,DESAGUADERO,0
NOVIEMBRE,GROENLANDIA,EUROPA,KASANI,0
NOVIEMBRE,GROENLANDIA,EUROPA,OTRAS OCM,0
NOVIEMBRE,GROENLANDIA,EUROPA,SANTA ROSA,0
NOVIEMBRE,GUATEMALA,AMÉRICA CENTRAL,AEROPUERTO INTERNACIONAL JORGE CHÁVEZ,5811
NOVIEMBRE,GUATEMALA,AMÉRICA CENTRAL,CEBAF - TUMBES,20
NOVIEMBRE,GUATEMALA,AMÉRICA CENTRAL,DESAGUADERO,8
NOVIEMBRE,GUATEMALA,AMÉRICA CENTRAL,KASANI,5
NOVIEMBRE,GUATEMALA,AMÉRICA CENTRAL,OTRAS OCM,72
NOVIEMBRE,GUATEMALA,AMÉRICA CENTRAL,SANTA ROSA,14
NOVIEMBRE,GUINEA,ÁFRICA,AEROPUERTO INTERNACIONAL JORGE CHÁVEZ,2
NOVIEMBRE,GUINEA,ÁFRICA,CEBAF - TUMBES,0
NOVIEMBRE,GUINEA,ÁFRICA,DESAGUADERO,0
NOVIEMBRE,GUINEA,ÁFRICA,KASANI,0
NOVIEMBRE,GUINEA,ÁFRICA,OTRAS OCM,0
NOVIEMBRE,GUINEA,ÁFRICA,SANTA ROSA,0
NOVIEMBRE,GUINEA BISSAU,ÁFRICA,AEROPUERTO INTERNACIONAL JORGE CHÁVEZ,0
NOVIEMBRE,GUINEA BISSAU,ÁFRICA,CEBAF - TUMBES,0
NOVIEMBRE,GUINEA BISSAU,ÁFRICA,DESAGUADERO,0
NOVIEMBRE,GUINEA BISSAU,ÁFRICA,KASANI,0
NOVIEMBRE,GUINEA BISSAU,ÁFRICA,OTRAS OCM,0
NOVIEMBRE,GUINEA BISSAU,ÁFRICA,SANTA ROSA,0
NOVIEMBRE,GUINEA ECUATORIAL,ÁFRICA,AEROPUERTO INTERNACIONAL JORGE CHÁVEZ,5
NOVIEMBRE,GUINEA ECUATORIAL,ÁFRICA,CEBAF - TUMBES,0
NOVIEMBRE,GUINEA ECUATORIAL,ÁFRICA,DESAGUADERO,0
NOVIEMBRE,GUINEA ECUATORIAL,ÁFRICA,KASANI,0
NOVIEMBRE,GUINEA ECUATORIAL,ÁFRICA,OTRAS OCM,0
NOVIEMBRE,GUINEA ECUATORIAL,ÁFRICA,SANTA ROSA,0
NOVIEMBRE,GUYANA,AMÉRICA DEL SUR,AEROPUERTO INTERNACIONAL JORGE CHÁVEZ,81
NOVIEMBRE,GUYANA,AMÉRICA DEL SUR,CEBAF - TUMBES,0
NOVIEMBRE,GUYANA,AMÉRICA DEL SUR,DESAGUADERO,0
NOVIEMBRE,GUYANA,AMÉRICA DEL SUR,KASANI,1
NOVIEMBRE,GUYANA,AMÉRICA DEL SUR,OTRAS OCM,1
NOVIEMBRE,GUYANA,AMÉRICA DEL SUR,SANTA ROSA,0
NOVIEMBRE,HAITÍ,AMÉRICA CENTRAL,AEROPUERTO INTERNACIONAL JORGE CHÁVEZ,95
NOVIEMBRE,HAITÍ,AMÉRICA CENTRAL,CEBAF - TUMBES,4
NOVIEMBRE,HAITÍ,AMÉRICA CENTRAL,DESAGUADERO,0
NOVIEMBRE,HAITÍ,AMÉRICA CENTRAL,KASANI,0
NOVIEMBRE,HAITÍ,AMÉRICA CENTRAL,OTRAS OCM,2
NOVIEMBRE,HAITÍ,AMÉRICA CENTRAL,SANTA ROSA,34
NOVIEMBRE,HONDURAS,AMÉRICA CENTRAL,AEROPUERTO INTERNACIONAL JORGE CHÁVEZ,1821
NOVIEMBRE,HONDURAS,AMÉRICA CENTRAL,CEBAF - TUMBES,8
NOVIEMBRE,HONDURAS,AMÉRICA CENTRAL,DESAGUADERO,3
NOVIEMBRE,HONDURAS,AMÉRICA CENTRAL,KASANI,3
NOVIEMBRE,HONDURAS,AMÉRICA CENTRAL,OTRAS OCM,53
NOVIEMBRE,HONDURAS,AMÉRICA CENTRAL,SANTA ROSA,15
NOVIEMBRE,HONG KONG,ASIA,AEROPUERTO INTERNACIONAL JORGE CHÁVEZ,834
NOVIEMBRE,HONG KONG,ASIA,CEBAF - TUMBES,3
NOVIEMBRE,HONG KONG,ASIA,DESAGUADERO,4
NOVIEMBRE,HONG KONG,ASIA,KASANI,23
NOVIEMBRE,HONG KONG,ASIA,OTRAS OCM,59
NOVIEMBRE,HONG KONG,ASIA,SANTA ROSA,7
NOVIEMBRE,HUNGRÍA,EUROPA,AEROPUERTO INTERNACIONAL JORGE CHÁVEZ,1388
NOVIEMBRE,HUNGRÍA,EUROPA,CEBAF - TUMBES,7
NOVIEMBRE,HUNGRÍA,EUROPA,DESAGUADERO,66
NOVIEMBRE,HUNGRÍA,EUROPA,KASANI,107
NOVIEMBRE,HUNGRÍA,EUROPA,OTRAS OCM,32
NOVIEMBRE,HUNGRÍA,EUROPA,SANTA ROSA,11
NOVIEMBRE,INDIA,ASIA,AEROPUERTO INTERNACIONAL JORGE CHÁVEZ,3916
NOVIEMBRE,INDIA,ASIA,CEBAF - TUMBES,5
NOVIEMBRE,INDIA,ASIA,DESAGUADERO,7
NOVIEMBRE,INDIA,ASIA,KASANI,8
NOVIEMBRE,INDIA,ASIA,OTRAS OCM,515
NOVIEMBRE,INDIA,ASIA,SANTA ROSA,19
NOVIEMBRE,INDONESIA,ASIA,AEROPUERTO INTERNACIONAL JORGE CHÁVEZ,697
NOVIEMBRE,INDONESIA,ASIA,CEBAF - TUMBES,1
NOVIEMBRE,INDONESIA,ASIA,DESAGUADERO,0
NOVIEMBRE,INDONESIA,ASIA,KASANI,1
NOVIEMBRE,INDONESIA,ASIA,OTRAS OCM,307
NOVIEMBRE,INDONESIA,ASIA,SANTA ROSA,1
NOVIEMBRE,IRAK,ASIA,AEROPUERTO INTERNACIONAL JORGE CHÁVEZ,5
NOVIEMBRE,IRAK,ASIA,CEBAF - TUMBES,0
NOVIEMBRE,IRAK,ASIA,DESAGUADERO,0
NOVIEMBRE,IRAK,ASIA,KASANI,0
NOVIEMBRE,IRAK,ASIA,OTRAS OCM,0
NOVIEMBRE,IRAK,ASIA,SANTA ROSA,0
NOVIEMBRE,IRLANDA,EUROPA,AEROPUERTO INTERNACIONAL JORGE CHÁVEZ,2209
NOVIEMBRE,IRLANDA,EUROPA,CEBAF - TUMBES,114
NOVIEMBRE,IRLANDA,EUROPA,DESAGUADERO,60
NOVIEMBRE,IRLANDA,EUROPA,KASANI,133
NOVIEMBRE,IRLANDA,EUROPA,OTRAS OCM,183
NOVIEMBRE,IRLANDA,EUROPA,SANTA ROSA,30
NOVIEMBRE,IRÁN,ASIA,AEROPUERTO INTERNACIONAL JORGE CHÁVEZ,86
NOVIEMBRE,IRÁN,ASIA,CEBAF - TUMBES,1
NOVIEMBRE,IRÁN,ASIA,DESAGUADERO,0
NOVIEMBRE,IRÁN,ASIA,KASANI,1
NOVIEMBRE,IRÁN,ASIA,OTRAS OCM,1
NOVIEMBRE,IRÁN,ASIA,SANTA ROSA,2
NOVIEMBRE,ISLAND MARSHALL,OCEANÍA,AEROPUERTO INTERNACIONAL JORGE CHÁVEZ,0
NOVIEMBRE,ISLAND MARSHALL,OCEANÍA,CEBAF - TUMBES,0
NOVIEMBRE,ISLAND MARSHALL,OCEANÍA,DESAGUADERO,0
NOVIEMBRE,ISLAND MARSHALL,OCEANÍA,KASANI,0
NOVIEMBRE,ISLAND MARSHALL,OCEANÍA,OTRAS OCM,0
NOVIEMBRE,ISLAND MARSHALL,OCEANÍA,SANTA ROSA,0
NOVIEMBRE,ISLANDIA,EUROPA,AEROPUERTO INTERNACIONAL JORGE CHÁVEZ,96
NOVIEMBRE,ISLANDIA,EUROPA,CEBAF - TUMBES,10
NOVIEMBRE,ISLANDIA,EUROPA,DESAGUADERO,1
NOVIEMBRE,ISLANDIA,EUROPA,KASANI,0
NOVIEMBRE,ISLANDIA,EUROPA,OTRAS OCM,17
NOVIEMBRE,ISLANDIA,EUROPA,SANTA ROSA,0
NOVIEMBRE,ISRAEL,ASIA,AEROPUERTO INTERNACIONAL JORGE CHÁVEZ,2158
NOVIEMBRE,ISRAEL,ASIA,CEBAF - TUMBES,59
NOVIEMBRE,ISRAEL,ASIA,DESAGUADERO,32
NOVIEMBRE,ISRAEL,ASIA,KASANI,18
NOVIEMBRE,ISRAEL,ASIA,OTRAS OCM,67
NOVIEMBRE,ISRAEL,ASIA,SANTA ROSA,4
NOVIEMBRE,ITALIA,EUROPA,AEROPUERTO INTERNACIONAL JORGE CHÁVEZ,20382
NOVIEMBRE,ITALIA,EUROPA,CEBAF - TUMBES,230
NOVIEMBRE,ITALIA,EUROPA,DESAGUADERO,306
NOVIEMBRE,ITALIA,EUROPA,KASANI,294
NOVIEMBRE,ITALIA,EUROPA,OTRAS OCM,385
NOVIEMBRE,ITALIA,EUROPA,SANTA ROSA,120
NOVIEMBRE,JAMAICA,AMÉRICA CENTRAL,AEROPUERTO INTERNACIONAL JORGE CHÁVEZ,397
NOVIEMBRE,JAMAICA,AMÉRICA CENTRAL,CEBAF - TUMBES,1
NOVIEMBRE,JAMAICA,AMÉRICA CENTRAL,DESAGUADERO,0
NOVIEMBRE,JAMAICA,AMÉRICA CENTRAL,KASANI,0
NOVIEMBRE,JAMAICA,AMÉRICA CENTRAL,OTRAS OCM,2
NOVIEMBRE,JAMAICA,AMÉRICA CENTRAL,SANTA ROSA,1
NOVIEMBRE,JAPÓN,ASIA,AEROPUERTO INTERNACIONAL JORGE CHÁVEZ,7154
NOVIEMBRE,JAPÓN,ASIA,CEBAF - TUMBES,54
NOVIEMBRE,JAPÓN,ASIA,DESAGUADERO,71
NOVIEMBRE,JAPÓN,ASIA,KASANI,60
NOVIEMBRE,JAPÓN,ASIA,OTRAS OCM,511
NOVIEMBRE,JAPÓN,ASIA,SANTA ROSA,51
NOVIEMBRE,JORDANIA,ASIA,AEROPUERTO INTERNACIONAL JORGE CHÁVEZ,48
NOVIEMBRE,JORDANIA,ASIA,CEBAF - TUMBES,0
NOVIEMBRE,JORDANIA,ASIA,DESAGUADERO,1
NOVIEMBRE,JORDANIA,ASIA,KASANI,0
NOVIEMBRE,JORDANIA,ASIA,OTRAS OCM,3
NOVIEMBRE,JORDANIA,ASIA,SANTA ROSA,0
NOVIEMBRE,KATAR,ASIA,AEROPUERTO INTERNACIONAL JORGE CHÁVEZ,31
NOVIEMBRE,KATAR,ASIA,CEBAF - TUMBES,0
NOVIEMBRE,KATAR,ASIA,DESAGUADERO,1
NOVIEMBRE,KATAR,ASIA,KASANI,1
NOVIEMBRE,KATAR,ASIA,OTRAS OCM,4
NOVIEMBRE,KATAR,ASIA,SANTA ROSA,0
NOVIEMBRE,KAZAJSTÁN,ASIA,AEROPUERTO INTERNACIONAL JORGE CHÁVEZ,72
NOVIEMBRE,KAZAJSTÁN,ASIA,CEBAF - TUMBES,0
NOVIEMBRE,KAZAJSTÁN,ASIA,DESAGUADERO,0
NOVIEMBRE,KAZAJSTÁN,ASIA,KASANI,0
NOVIEMBRE,KAZAJSTÁN,ASIA,OTRAS OCM,3
NOVIEMBRE,KAZAJSTÁN,ASIA,SANTA ROSA,0
NOVIEMBRE,KENIA,ÁFRICA,AEROPUERTO INTERNACIONAL JORGE CHÁVEZ,86
NOVIEMBRE,KENIA,ÁFRICA,CEBAF - TUMBES,0
NOVIEMBRE,KENIA,ÁFRICA,DESAGUADERO,3
NOVIEMBRE,KENIA,ÁFRICA,KASANI,1
NOVIEMBRE,KENIA,ÁFRICA,OTRAS OCM,6
NOVIEMBRE,KENIA,ÁFRICA,SANTA ROSA,0
NOVIEMBRE,KIRGUISTÁN,ASIA,AEROPUERTO INTERNACIONAL JORGE CHÁVEZ,8
NOVIEMBRE,KIRGUISTÁN,ASIA,CEBAF - TUMBES,0
NOVIEMBRE,KIRGUISTÁN,ASIA,DESAGUADERO,0
NOVIEMBRE,KIRGUISTÁN,ASIA,KASANI,0
NOVIEMBRE,KIRGUISTÁN,ASIA,OTRAS OCM,0
NOVIEMBRE,KIRGUISTÁN,ASIA,SANTA ROSA,0
NOVIEMBRE,KIRIBATI,OCEANÍA,AEROPUERTO INTERNACIONAL JORGE CHÁVEZ,0
NOVIEMBRE,KIRIBATI,OCEANÍA,CEBAF - TUMBES,0
NOVIEMBRE,KIRIBATI,OCEANÍA,DESAGUADERO,0
NOVIEMBRE,KIRIBATI,OCEANÍA,KASANI,0
NOVIEMBRE,KIRIBATI,OCEANÍA,OTRAS OCM,1
NOVIEMBRE,KIRIBATI,OCEANÍA,SANTA ROSA,0
NOVIEMBRE,KUWAIT,ASIA,AEROPUERTO INTERNACIONAL JORGE CHÁVEZ,32
NOVIEMBRE,KUWAIT,ASIA,CEBAF - TUMBES,0
NOVIEMBRE,KUWAIT,ASIA,DESAGUADERO,3
NOVIEMBRE,KUWAIT,ASIA,KASANI,0
NOVIEMBRE,KUWAIT,ASIA,OTRAS OCM,1
NOVIEMBRE,KUWAIT,ASIA,SANTA ROSA,0
NOVIEMBRE,LAOS,ASIA,AEROPUERTO INTERNACIONAL JORGE CHÁVEZ,2
NOVIEMBRE,LAOS,ASIA,CEBAF - TUMBES,0
NOVIEMBRE,LAOS,ASIA,DESAGUADERO,0
NOVIEMBRE,LAOS,ASIA,KASANI,0
NOVIEMBRE,LAOS,ASIA,OTRAS OCM,0
NOVIEMBRE,LAOS,ASIA,SANTA ROSA,0
NOVIEMBRE,LESOTHO,ÁFRICA,AEROPUERTO INTERNACIONAL JORGE CHÁVEZ,5
NOVIEMBRE,LESOTHO,ÁFRICA,CEBAF - TUMBES,0
NOVIEMBRE,LESOTHO,ÁFRICA,DESAGUADERO,0
NOVIEMBRE,LESOTHO,ÁFRICA,KASANI,0
NOVIEMBRE,LESOTHO,ÁFRICA,OTRAS OCM,1
NOVIEMBRE,LESOTHO,ÁFRICA,SANTA ROSA,0
NOVIEMBRE,LETONIA,EUROPA,AEROPUERTO INTERNACIONAL JORGE CHÁVEZ,424
NOVIEMBRE,LETONIA,EUROPA,CEBAF - TUMBES,4
NOVIEMBRE,LETONIA,EUROPA,DESAGUADERO,14
NOVIEMBRE,LETONIA,EUROPA,KASANI,5
NOVIEMBRE,LETONIA,EUROPA,OTRAS OCM,24
NOVIEMBRE,LETONIA,EUROPA,SANTA ROSA,0
NOVIEMBRE,LIBERIA,ÁFRICA,AEROPUERTO INTERNACIONAL JORGE CHÁVEZ,1
NOVIEMBRE,LIBERIA,ÁFRICA,CEBAF - TUMBES,0
NOVIEMBRE,LIBERIA,ÁFRICA,DESAGUADERO,0
NOVIEMBRE,LIBERIA,ÁFRICA,KASANI,0
NOVIEMBRE,LIBERIA,ÁFRICA,OTRAS OCM,0
NOVIEMBRE,LIBERIA,ÁFRICA,SANTA ROSA,0
NOVIEMBRE,LIBIA,ÁFRICA,AEROPUERTO INTERNACIONAL JORGE CHÁVEZ,1
NOVIEMBRE,LIBIA,ÁFRICA,CEBAF - TUMBES,0
NOVIEMBRE,LIBIA,ÁFRICA,DESAGUADERO,0
NOVIEMBRE,LIBIA,ÁFRICA,KASANI,0
NOVIEMBRE,LIBIA,ÁFRICA,OTRAS OCM,0
NOVIEMBRE,LIBIA,ÁFRICA,SANTA ROSA,0
NOVIEMBRE,LIECHTENSTEIN,EUROPA,AEROPUERTO INTERNACIONAL JORGE CHÁVEZ,19
NOVIEMBRE,LIECHTENSTEIN,EUROPA,CEBAF - TUMBES,0
NOVIEMBRE,LIECHTENSTEIN,EUROPA,DESAGUADERO,3
NOVIEMBRE,LIECHTENSTEIN,EUROPA,KASANI,1
NOVIEMBRE,LIECHTENSTEIN,EUROPA,OTRAS OCM,0
NOVIEMBRE,LIECHTENSTEIN,EUROPA,SANTA ROSA,1
NOVIEMBRE,LITUANIA,EUROPA,AEROPUERTO INTERNACIONAL JORGE CHÁVEZ,667
NOVIEMBRE,LITUANIA,EUROPA,CEBAF - TUMBES,2
NOVIEMBRE,LITUANIA,EUROPA,DESAGUADERO,31
NOVIEMBRE,LITUANIA,EUROPA,KASANI,23
NOVIEMBRE,LITUANIA,EUROPA,OTRAS OCM,68
NOVIEMBRE,LITUANIA,EUROPA,SANTA ROSA,10
NOVIEMBRE,LUXEMBURGO,EUROPA,AEROPUERTO INTERNACIONAL JORGE CHÁVEZ,184
NOVIEMBRE,LUXEMBURGO,EUROPA,CEBAF - TUMBES,3
NOVIEMBRE,LUXEMBURGO,EUROPA,DESAGUADERO,2
NOVIEMBRE,LUXEMBURGO,EUROPA,KASANI,10
NOVIEMBRE,LUXEMBURGO,EUROPA,OTRAS OCM,12
NOVIEMBRE,LUXEMBURGO,EUROPA,SANTA ROSA,1
NOVIEMBRE,LÍBANO,ASIA,AEROPUERTO INTERNACIONAL JORGE CHÁVEZ,55
NOVIEMBRE,LÍBANO,ASIA,CEBAF - TUMBES,0
NOVIEMBRE,LÍBANO,ASIA,DESAGUADERO,0
NOVIEMBRE,LÍBANO,ASIA,KASANI,1
NOVIEMBRE,LÍBANO,ASIA,OTRAS OCM,0
NOVIEMBRE,LÍBANO,ASIA,SANTA ROSA,0
NOVIEMBRE,MADAGASCAR,ÁFRICA,AEROPUERTO INTERNACIONAL JORGE CHÁVEZ,23
NOVIEMBRE,MADAGASCAR,ÁFRICA,CEBAF - TUMBES,0
NOVIEMBRE,MADAGASCAR,ÁFRICA,DESAGUADERO,0
NOVIEMBRE,MADAGASCAR,ÁFRICA,KASANI,0
NOVIEMBRE,MADAGASCAR,ÁFRICA,OTRAS OCM,0
NOVIEMBRE,MADAGASCAR,ÁFRICA,SANTA ROSA,0
NOVIEMBRE,MALASIA,ASIA,AEROPUERTO INTERNACIONAL JORGE CHÁVEZ,765
NOVIEMBRE,MALASIA,ASIA,CEBAF - TUMBES,1
NOVIEMBRE,MALASIA,ASIA,DESAGUADERO,47
NOVIEMBRE,MALASIA,ASIA,KASANI,14
NOVIEMBRE,MALASIA,ASIA,OTRAS OCM,116
NOVIEMBRE,MALASIA,ASIA,SANTA ROSA,29
NOVIEMBRE,MALAWI,ÁFRICA,AEROPUERTO INTERNACIONAL JORGE CHÁVEZ,9
NOVIEMBRE,MALAWI,ÁFRICA,CEBAF - TUMBES,0
NOVIEMBRE,MALAWI,ÁFRICA,DESAGUADERO,0
NOVIEMBRE,MALAWI,ÁFRICA,KASANI,0
NOVIEMBRE,MALAWI,ÁFRICA,OTRAS OCM,0
NOVIEMBRE,MALAWI,ÁFRICA,SANTA ROSA,0
NOVIEMBRE,MALDIVAS,ASIA,AEROPUERTO INTERNACIONAL JORGE CHÁVEZ,5
NOVIEMBRE,MALDIVAS,ASIA,CEBAF - TUMBES,0
NOVIEMBRE,MALDIVAS,ASIA,DESAGUADERO,0
NOVIEMBRE,MALDIVAS,ASIA,KASANI,0
NOVIEMBRE,MALDIVAS,ASIA,OTRAS OCM,0
NOVIEMBRE,MALDIVAS,ASIA,SANTA ROSA,0
NOVIEMBRE,MALTA,EUROPA,AEROPUERTO INTERNACIONAL JORGE CHÁVEZ,78
NOVIEMBRE,MALTA,EUROPA,CEBAF - TUMBES,0
NOVIEMBRE,MALTA,EUROPA,DESAGUADERO,0
NOVIEMBRE,MALTA,EUROPA,KASANI,4
NOVIEMBRE,MALTA,EUROPA,OTRAS OCM,1
NOVIEMBRE,MALTA,EUROPA,SANTA ROSA,0
NOVIEMBRE,MALÍ,ÁFRICA,AEROPUERTO INTERNACIONAL JORGE CHÁVEZ,2
NOVIEMBRE,MALÍ,ÁFRICA,CEBAF - TUMBES,0
NOVIEMBRE,MALÍ,ÁFRICA,DESAGUADERO,0
NOVIEMBRE,MALÍ,ÁFRICA,KASANI,0
NOVIEMBRE,MALÍ,ÁFRICA,OTRAS OCM,0
NOVIEMBRE,MALÍ,ÁFRICA,SANTA ROSA,0
NOVIEMBRE,MARRUECOS,ÁFRICA,AEROPUERTO INTERNACIONAL JORGE CHÁVEZ,109
NOVIEMBRE,MARRUECOS,ÁFRICA,CEBAF - TUMBES,2
NOVIEMBRE,MARRUECOS,ÁFRICA,DESAGUADERO,1
NOVIEMBRE,MARRUECOS,ÁFRICA,KASANI,2
NOVIEMBRE,MARRUECOS,ÁFRICA,OTRAS OCM,4
NOVIEMBRE,MARRUECOS,ÁFRICA,SANTA ROSA,4
NOVIEMBRE,MAURICIO,ÁFRICA,AEROPUERTO INTERNACIONAL JORGE CHÁVEZ,40
NOVIEMBRE,MAURICIO,ÁFRICA,CEBAF - TUMBES,0
NOVIEMBRE,MAURICIO,ÁFRICA,DESAGUADERO,1
NOVIEMBRE,MAURICIO,ÁFRICA,KASANI,2
NOVIEMBRE,MAURICIO,ÁFRICA,OTRAS OCM,3
NOVIEMBRE,MAURICIO,ÁFRICA,SANTA ROSA,0
NOVIEMBRE,MAURITANIA,ÁFRICA,AEROPUERTO INTERNACIONAL JORGE CHÁVEZ,2
NOVIEMBRE,MAURITANIA,ÁFRICA,CEBAF - TUMBES,0
NOVIEMBRE,MAURITANIA,ÁFRICA,DESAGUADERO,0
NOVIEMBRE,MAURITANIA,ÁFRICA,KASANI,0
NOVIEMBRE,MAURITANIA,ÁFRICA,OTRAS OCM,0
NOVIEMBRE,MAURITANIA,ÁFRICA,SANTA ROSA,0
NOVIEMBRE,MONGOLIA,ASIA,AEROPUERTO INTERNACIONAL JORGE CHÁVEZ,47
NOVIEMBRE,MONGOLIA,ASIA,CEBAF - TUMBES,0
NOVIEMBRE,MONGOLIA,ASIA,DESAGUADERO,0
NOVIEMBRE,MONGOLIA,ASIA,KASANI,0
NOVIEMBRE,MONGOLIA,ASIA,OTRAS OCM,1
NOVIEMBRE,MONGOLIA,ASIA,SANTA ROSA,0
NOVIEMBRE,MOZAMBIQUE,ÁFRICA,AEROPUERTO INTERNACIONAL JORGE CHÁVEZ,11
NOVIEMBRE,MOZAMBIQUE,ÁFRICA,CEBAF - TUMBES,0
NOVIEMBRE,MOZAMBIQUE,ÁFRICA,DESAGUADERO,0
NOVIEMBRE,MOZAMBIQUE,ÁFRICA,KASANI,0
NOVIEMBRE,MOZAMBIQUE,ÁFRICA,OTRAS OCM,1
NOVIEMBRE,MOZAMBIQUE,ÁFRICA,SANTA ROSA,0
NOVIEMBRE,MYANMAR,ASIA,AEROPUERTO INTERNACIONAL JORGE CHÁVEZ,30
NOVIEMBRE,MYANMAR,ASIA,CEBAF - TUMBES,0
NOVIEMBRE,MYANMAR,ASIA,DESAGUADERO,2
NOVIEMBRE,MYANMAR,ASIA,KASANI,0
NOVIEMBRE,MYANMAR,ASIA,OTRAS OCM,27
NOVIEMBRE,MYANMAR,ASIA,SANTA ROSA,0
NOVIEMBRE,MÉXICO,AMÉRICA DEL NORTE,AEROPUERTO INTERNACIONAL JORGE CHÁVEZ,49346
NOVIEMBRE,MÉXICO,AMÉRICA DEL NORTE,CEBAF - TUMBES,121
NOVIEMBRE,MÉXICO,AMÉRICA DEL NORTE,DESAGUADERO,136
NOVIEMBRE,MÉXICO,AMÉRICA DEL NORTE,KASANI,85
NOVIEMBRE,MÉXICO,AMÉRICA DEL NORTE,OTRAS OCM,920
NOVIEMBRE,MÉXICO,AMÉRICA DEL NORTE,SANTA ROSA,255
NOVIEMBRE,MÓNACO,EUROPA,AEROPUERTO INTERNACIONAL JORGE CHÁVEZ,15
NOVIEMBRE,MÓNACO,EUROPA,CEBAF - TUMBES,0
NOVIEMBRE,MÓNACO,EUROPA,DESAGUADERO,0
NOVIEMBRE,MÓNACO,EUROPA,KASANI,0
NOVIEMBRE,MÓNACO,EUROPA,OTRAS OCM,2
NOVIEMBRE,MÓNACO,EUROPA,SANTA ROSA,0
NOVIEMBRE,NAMIBIA,ÁFRICA,AEROPUERTO INTERNACIONAL JORGE CHÁVEZ,4
NOVIEMBRE,NAMIBIA,ÁFRICA,CEBAF - TUMBES,0
NOVIEMBRE,NAMIBIA,ÁFRICA,DESAGUADERO,0
NOVIEMBRE,NAMIBIA,ÁFRICA,KASANI,0
NOVIEMBRE,NAMIBIA,ÁFRICA,OTRAS OCM,0
NOVIEMBRE,NAMIBIA,ÁFRICA,SANTA ROSA,0
NOVIEMBRE,NAURU,OCEANÍA,AEROPUERTO INTERNACIONAL JORGE CHÁVEZ,0
NOVIEMBRE,NAURU,OCEANÍA,CEBAF - TUMBES,0
NOVIEMBRE,NAURU,OCEANÍA,DESAGUADERO,0
NOVIEMBRE,NAURU,OCEANÍA,KASANI,0
NOVIEMBRE,NAURU,OCEANÍA,OTRAS OCM,0
NOVIEMBRE,NAURU,OCEANÍA,SANTA ROSA,0
NOVIEMBRE,NEPAL,ASIA,AEROPUERTO INTERNACIONAL JORGE CHÁVEZ,39
NOVIEMBRE,NEPAL,ASIA,CEBAF - TUMBES,0
NOVIEMBRE,NEPAL,ASIA,DESAGUADERO,0
NOVIEMBRE,NEPAL,ASIA,KASANI,1
NOVIEMBRE,NEPAL,ASIA,OTRAS OCM,2
NOVIEMBRE,NEPAL,ASIA,SANTA ROSA,1
NOVIEMBRE,NICARAGUA,AMÉRICA CENTRAL,AEROPUERTO INTERNACIONAL JORGE CHÁVEZ,627
NOVIEMBRE,NICARAGUA,AMÉRICA CENTRAL,CEBAF - TUMBES,2
NOVIEMBRE,NICARAGUA,AMÉRICA CENTRAL,DESAGUADERO,0
NOVIEMBRE,NICARAGUA,AMÉRICA CENTRAL,KASANI,0
NOVIEMBRE,NICARAGUA,AMÉRICA CENTRAL,OTRAS OCM,22
NOVIEMBRE,NICARAGUA,AMÉRICA CENTRAL,SANTA ROSA,0
NOVIEMBRE,NIGERIA,ÁFRICA,AEROPUERTO INTERNACIONAL JORGE CHÁVEZ,40
NOVIEMBRE,NIGERIA,ÁFRICA,CEBAF - TUMBES,0
NOVIEMBRE,NIGERIA,ÁFRICA,DESAGUADERO,0
NOVIEMBRE,NIGERIA,ÁFRICA,KASANI,0
NOVIEMBRE,NIGERIA,ÁFRICA,OTRAS OCM,1
NOVIEMBRE,NIGERIA,ÁFRICA,SANTA ROSA,1
NOVIEMBRE,NORUEGA,EUROPA,AEROPUERTO INTERNACIONAL JORGE CHÁVEZ,1658
NOVIEMBRE,NORUEGA,EUROPA,CEBAF - TUMBES,26
NOVIEMBRE,NORUEGA,EUROPA,DESAGUADERO,29
NOVIEMBRE,NORUEGA,EUROPA,KASANI,39
NOVIEMBRE,NORUEGA,EUROPA,OTRAS OCM,72
NOVIEMBRE,NORUEGA,EUROPA,SANTA ROSA,27
NOVIEMBRE,NUEVA ZELANDIA,OCEANÍA,AEROPUERTO INTERNACIONAL JORGE CHÁVEZ,1524
NOVIEMBRE,NUEVA ZELANDIA,OCEANÍA,CEBAF - TUMBES,50
NOVIEMBRE,NUEVA ZELANDIA,OCEANÍA,DESAGUADERO,18
NOVIEMBRE,NUEVA ZELANDIA,OCEANÍA,KASANI,63
NOVIEMBRE,NUEVA ZELANDIA,OCEANÍA,OTRAS OCM,242
NOVIEMBRE,NUEVA ZELANDIA,OCEANÍA,SANTA ROSA,31
NOVIEMBRE,NÍGER,ÁFRICA,AEROPUERTO INTERNACIONAL JORGE CHÁVEZ,4
NOVIEMBRE,NÍGER,ÁFRICA,CEBAF - TUMBES,0
NOVIEMBRE,NÍGER,ÁFRICA,DESAGUADERO,0
NOVIEMBRE,NÍGER,ÁFRICA,KASANI,0
NOVIEMBRE,NÍGER,ÁFRICA,OTRAS OCM,0
NOVIEMBRE,NÍGER,ÁFRICA,SANTA ROSA,0
NOVIEMBRE,OMÁN,ASIA,AEROPUERTO INTERNACIONAL JORGE CHÁVEZ,9
NOVIEMBRE,OMÁN,ASIA,CEBAF - TUMBES,0
NOVIEMBRE,OMÁN,ASIA,DESAGUADERO,2
NOVIEMBRE,OMÁN,ASIA,KASANI,0
NOVIEMBRE,OMÁN,ASIA,OTRAS OCM,0
NOVIEMBRE,OMÁN,ASIA,SANTA ROSA,0
NOVIEMBRE,PAKISTÁN,ASIA,AEROPUERTO INTERNACIONAL JORGE CHÁVEZ,89
NOVIEMBRE,PAKISTÁN,ASIA,CEBAF - TUMBES,5
NOVIEMBRE,PAKISTÁN,ASIA,DESAGUADERO,2
NOVIEMBRE,PAKISTÁN,ASIA,KASANI,1
NOVIEMBRE,PAKISTÁN,ASIA,OTRAS OCM,10
NOVIEMBRE,PAKISTÁN,ASIA,SANTA ROSA,58
NOVIEMBRE,PALESTINA,ASIA,AEROPUERTO INTERNACIONAL JORGE CHÁVEZ,15
NOVIEMBRE,PALESTINA,ASIA,CEBAF - TUMBES,1
NOVIEMBRE,PALESTINA,ASIA,DESAGUADERO,0
NOVIEMBRE,PALESTINA,ASIA,KASANI,0
NOVIEMBRE,PALESTINA,ASIA,OTRAS OCM,0
NOVIEMBRE,PALESTINA,ASIA,SANTA ROSA,0
NOVIEMBRE,PANAMÁ,AMÉRICA CENTRAL,AEROPUERTO INTERNACIONAL JORGE CHÁVEZ,10149
NOVIEMBRE,PANAMÁ,AMÉRICA CENTRAL,CEBAF - TUMBES,11
NOVIEMBRE,PANAMÁ,AMÉRICA CENTRAL,DESAGUADERO,13
NOVIEMBRE,PANAMÁ,AMÉRICA CENTRAL,KASANI,2
NOVIEMBRE,PANAMÁ,AMÉRICA CENTRAL,OTRAS OCM,288
NOVIEMBRE,PANAMÁ,AMÉRICA CENTRAL,SANTA ROSA,35
NOVIEMBRE,PAPÚA (NG),OCEANÍA,AEROPUERTO INTERNACIONAL JORGE CHÁVEZ,22
NOVIEMBRE,PAPÚA (NG),OCEANÍA,CEBAF - TUMBES,0
NOVIEMBRE,PAPÚA (NG),OCEANÍA,DESAGUADERO,0
NOVIEMBRE,PAPÚA (NG),OCEANÍA,KASANI,0
NOVIEMBRE,PAPÚA (NG),OCEANÍA,OTRAS OCM,0
NOVIEMBRE,PAPÚA (NG),OCEANÍA,SANTA ROSA,0
NOVIEMBRE,PARAGUAY,AMÉRICA DEL SUR,AEROPUERTO INTERNACIONAL JORGE CHÁVEZ,4328
NOVIEMBRE,PARAGUAY,AMÉRICA DEL SUR,CEBAF - TUMBES,11
NOVIEMBRE,PARAGUAY,AMÉRICA DEL SUR,DESAGUADERO,78
NOVIEMBRE,PARAGUAY,AMÉRICA DEL SUR,KASANI,9
NOVIEMBRE,PARAGUAY,AMÉRICA DEL SUR,OTRAS OCM,116
NOVIEMBRE,PARAGUAY,AMÉRICA DEL SUR,SANTA ROSA,273
NOVIEMBRE,PAÍSES BAJOS (HOLANDA),EUROPA,AEROPUERTO INTERNACIONAL JORGE CHÁVEZ,9858
NOVIEMBRE,PAÍSES BAJOS (HOLANDA),EUROPA,CEBAF - TUMBES,181
NOVIEMBRE,PAÍSES BAJOS (HOLANDA),EUROPA,DESAGUADERO,191
NOVIEMBRE,PAÍSES BAJOS (HOLANDA),EUROPA,KASANI,317
NOVIEMBRE,PAÍSES BAJOS (HOLANDA),EUROPA,OTRAS OCM,387
NOVIEMBRE,PAÍSES BAJOS (HOLANDA),EUROPA,SANTA ROSA,162
NOVIEMBRE,POLONIA,EUROPA,AEROPUERTO INTERNACIONAL JORGE CHÁVEZ,5454
NOVIEMBRE,POLONIA,EUROPA,CEBAF - TUMBES,48
NOVIEMBRE,POLONIA,EUROPA,DESAGUADERO,823
NOVIEMBRE,POLONIA,EUROPA,KASANI,862
NOVIEMBRE,POLONIA,EUROPA,OTRAS OCM,221
NOVIEMBRE,POLONIA,EUROPA,SANTA ROSA,119
NOVIEMBRE,PORTUGAL,EUROPA,AEROPUERTO INTERNACIONAL JORGE CHÁVEZ,4248
NOVIEMBRE,PORTUGAL,EUROPA,CEBAF - TUMBES,26
NOVIEMBRE,PORTUGAL,EUROPA,DESAGUADERO,46
NOVIEMBRE,PORTUGAL,EUROPA,KASANI,73
NOVIEMBRE,PORTUGAL,EUROPA,OTRAS OCM,125
NOVIEMBRE,PORTUGAL,EUROPA,SANTA ROSA,20
NOVIEMBRE,PTO. RICO,AMÉRICA CENTRAL,AEROPUERTO INTERNACIONAL JORGE CHÁVEZ,688
NOVIEMBRE,PTO. RICO,AMÉRICA CENTRAL,CEBAF - TUMBES,0
NOVIEMBRE,PTO. RICO,AMÉRICA CENTRAL,DESAGUADERO,1
NOVIEMBRE,PTO. RICO,AMÉRICA CENTRAL,KASANI,0
NOVIEMBRE,PTO. RICO,AMÉRICA CENTRAL,OTRAS OCM,0
NOVIEMBRE,PTO. RICO,AMÉRICA CENTRAL,SANTA ROSA,0
NOVIEMBRE,R.F. YUGOSLAVIA,EUROPA,AEROPUERTO INTERNACIONAL JORGE CHÁVEZ,0
NOVIEMBRE,R.F. YUGOSLAVIA,EUROPA,CEBAF - TUMBES,0
NOVIEMBRE,R.F. YUGOSLAVIA,EUROPA,DESAGUADERO,0
NOVIEMBRE,R.F. YUGOSLAVIA,EUROPA,KASANI,0
NOVIEMBRE,R.F. YUGOSLAVIA,EUROPA,OTRAS OCM,0
NOVIEMBRE,R.F. YUGOSLAVIA,EUROPA,SANTA ROSA,0
NOVIEMBRE,REINO UNIDO,EUROPA,AEROPUERTO INTERNACIONAL JORGE CHÁVEZ,17629
NOVIEMBRE,REINO UNIDO,EUROPA,CEBAF - TUMBES,563
NOVIEMBRE,REINO UNIDO,EUROPA,DESAGUADERO,444
NOVIEMBRE,REINO UNIDO,EUROPA,KASANI,782
NOVIEMBRE,REINO UNIDO,EUROPA,OTRAS OCM,1832
NOVIEMBRE,REINO UNIDO,EUROPA,SANTA ROSA,182
NOVIEMBRE,REP. CENTROAFRICANA,ÁFRICA,AEROPUERTO INTERNACIONAL JORGE CHÁVEZ,1
NOVIEMBRE,REP. CENTROAFRICANA,ÁFRICA,CEBAF - TUMBES,0
NOVIEMBRE,REP. CENTROAFRICANA,ÁFRICA,DESAGUADERO,0
NOVIEMBRE,REP. CENTROAFRICANA,ÁFRICA,KASANI,0
NOVIEMBRE,REP. CENTROAFRICANA,ÁFRICA,OTRAS OCM,0
NOVIEMBRE,REP. CENTROAFRICANA,ÁFRICA,SANTA ROSA,0
NOVIEMBRE,REP. CHECA,EUROPA,AEROPUERTO INTERNACIONAL JORGE CHÁVEZ,1820
NOVIEMBRE,REP. CHECA,EUROPA,CEBAF - TUMBES,29
NOVIEMBRE,REP. CHECA,EUROPA,DESAGUADERO,181
NOVIEMBRE,REP. CHECA,EUROPA,KASANI,126
NOVIEMBRE,REP. CHECA,EUROPA,OTRAS OCM,93
NOVIEMBRE,REP. CHECA,EUROPA,SANTA ROSA,9
NOVIEMBRE,REP. DOMINICANA,AMÉRICA CENTRAL,AEROPUERTO INTERNACIONAL JORGE CHÁVEZ,5251
NOVIEMBRE,REP. DOMINICANA,AMÉRICA CENTRAL,CEBAF - TUMBES,253
NOVIEMBRE,REP. DOMINICANA,AMÉRICA CENTRAL,DESAGUADERO,5
NOVIEMBRE,REP. DOMINICANA,AMÉRICA CENTRAL,KASANI,6
NOVIEMBRE,REP. DOMINICANA,AMÉRICA CENTRAL,OTRAS OCM,56
NOVIEMBRE,REP. DOMINICANA,AMÉRICA CENTRAL,SANTA ROSA,136
NOVIEMBRE,REP. MOLDOVA,EUROPA,AEROPUERTO INTERNACIONAL JORGE CHÁVEZ,0
NOVIEMBRE,REP. MOLDOVA,EUROPA,CEBAF - TUMBES,0
NOVIEMBRE,REP. MOLDOVA,EUROPA,DESAGUADERO,0
NOVIEMBRE,REP. MOLDOVA,EUROPA,KASANI,1
NOVIEMBRE,REP. MOLDOVA,EUROPA,OTRAS OCM,1
NOVIEMBRE,REP. MOLDOVA,EUROPA,SANTA ROSA,0
NOVIEMBRE,RESTO DEL MUNDO,RESTO DEL MUNDO,AEROPUERTO INTERNACIONAL JORGE CHÁVEZ,459
NOVIEMBRE,RESTO DEL MUNDO,RESTO DEL MUNDO,CEBAF - TUMBES,2
NOVIEMBRE,RESTO DEL MUNDO,RESTO DEL MUNDO,DESAGUADERO,3
NOVIEMBRE,RESTO DEL MUNDO,RESTO DEL MUNDO,KASANI,3
NOVIEMBRE,RESTO DEL MUNDO,RESTO DEL MUNDO,OTRAS OCM,38
NOVIEMBRE,RESTO DEL MUNDO,RESTO DEL MUNDO,SANTA ROSA,8
NOVIEMBRE,RUMANIA,EUROPA,AEROPUERTO INTERNACIONAL JORGE CHÁVEZ,2158
NOVIEMBRE,RUMANIA,EUROPA,CEBAF - TUMBES,13
NOVIEMBRE,RUMANIA,EUROPA,DESAGUADERO,5
NOVIEMBRE,RUMANIA,EUROPA,KASANI,23
NOVIEMBRE,RUMANIA,EUROPA,OTRAS OCM,89
NOVIEMBRE,RUMANIA,EUROPA,SANTA ROSA,11
NOVIEMBRE,RUSIA,EUROPA,AEROPUERTO INTERNACIONAL JORGE CHÁVEZ,4074
NOVIEMBRE,RUSIA,EUROPA,CEBAF - TUMBES,41
NOVIEMBRE,RUSIA,EUROPA,DESAGUADERO,66
NOVIEMBRE,RUSIA,EUROPA,KASANI,36
NOVIEMBRE,RUSIA,EUROPA,OTRAS OCM,246
NOVIEMBRE,RUSIA,EUROPA,SANTA ROSA,30
NOVIEMBRE,RWANDA,ÁFRICA,AEROPUERTO INTERNACIONAL JORGE CHÁVEZ,14
NOVIEMBRE,RWANDA,ÁFRICA,CEBAF - TUMBES,0
NOVIEMBRE,RWANDA,ÁFRICA,DESAGUADERO,0
NOVIEMBRE,RWANDA,ÁFRICA,KASANI,0
NOVIEMBRE,RWANDA,ÁFRICA,OTRAS OCM,0
NOVIEMBRE,RWANDA,ÁFRICA,SANTA ROSA,0
NOVIEMBRE,SAINT KITIS Y NEVIS,AMÉRICA CENTRAL,AEROPUERTO INTERNACIONAL JORGE CHÁVEZ,15
NOVIEMBRE,SAINT KITIS Y NEVIS,AMÉRICA CENTRAL,CEBAF - TUMBES,0
NOVIEMBRE,SAINT KITIS Y NEVIS,AMÉRICA CENTRAL,DESAGUADERO,0
NOVIEMBRE,SAINT KITIS Y NEVIS,AMÉRICA CENTRAL,KASANI,0
NOVIEMBRE,SAINT KITIS Y NEVIS,AMÉRICA CENTRAL,OTRAS OCM,1
NOVIEMBRE,SAINT KITIS Y NEVIS,AMÉRICA CENTRAL,SANTA ROSA,0
NOVIEMBRE,SALOMÓN ISLA,OCEANÍA,AEROPUERTO INTERNACIONAL JORGE CHÁVEZ,21
NOVIEMBRE,SALOMÓN ISLA,OCEANÍA,CEBAF - TUMBES,1
NOVIEMBRE,SALOMÓN ISLA,OCEANÍA,DESAGUADERO,0
NOVIEMBRE,SALOMÓN ISLA,OCEANÍA,KASANI,0
NOVIEMBRE,SALOMÓN ISLA,OCEANÍA,OTRAS OCM,0
NOVIEMBRE,SALOMÓN ISLA,OCEANÍA,SANTA ROSA,0
NOVIEMBRE,SAMOA OCCIDENTAL,OCEANÍA,AEROPUERTO INTERNACIONAL JORGE CHÁVEZ,3
NOVIEMBRE,SAMOA OCCIDENTAL,OCEANÍA,CEBAF - TUMBES,0
NOVIEMBRE,SAMOA OCCIDENTAL,OCEANÍA,DESAGUADERO,0
NOVIEMBRE,SAMOA OCCIDENTAL,OCEANÍA,KASANI,0
NOVIEMBRE,SAMOA OCCIDENTAL,OCEANÍA,OTRAS OCM,0
NOVIEMBRE,SAMOA OCCIDENTAL,OCEANÍA,SANTA ROSA,0
NOVIEMBRE,SAN MARINO,EUROPA,AEROPUERTO INTERNACIONAL JORGE CHÁVEZ,6
NOVIEMBRE,SAN MARINO,EUROPA,CEBAF - TUMBES,0
NOVIEMBRE,SAN MARINO,EUROPA,DESAGUADERO,1
NOVIEMBRE,SAN MARINO,EUROPA,KASANI,0
NOVIEMBRE,SAN MARINO,EUROPA,OTRAS OCM,0
NOVIEMBRE,SAN MARINO,EUROPA,SANTA ROSA,0
NOVIEMBRE,SAN VIC. GRANADINAS,AMÉRICA CENTRAL,AEROPUERTO INTERNACIONAL JORGE CHÁVEZ,8
NOVIEMBRE,SAN VIC. GRANADINAS,AMÉRICA CENTRAL,CEBAF - TUMBES,0
NOVIEMBRE,SAN VIC. GRANADINAS,AMÉRICA CENTRAL,DESAGUADERO,0
NOVIEMBRE,SAN VIC. GRANADINAS,AMÉRICA CENTRAL,KASANI,0
NOVIEMBRE,SAN VIC. GRANADINAS,AMÉRICA CENTRAL,OTRAS OCM,0
NOVIEMBRE,SAN VIC. GRANADINAS,AMÉRICA CENTRAL,SANTA ROSA,0
NOVIEMBRE,SANTA LUCÍA,AMÉRICA CENTRAL,AEROPUERTO INTERNACIONAL JORGE CHÁVEZ,17
NOVIEMBRE,SANTA LUCÍA,AMÉRICA CENTRAL,CEBAF - TUMBES,0
NOVIEMBRE,SANTA LUCÍA,AMÉRICA CENTRAL,DESAGUADERO,0
NOVIEMBRE,SANTA LUCÍA,AMÉRICA CENTRAL,KASANI,0
NOVIEMBRE,SANTA LUCÍA,AMÉRICA CENTRAL,OTRAS OCM,0
NOVIEMBRE,SANTA LUCÍA,AMÉRICA CENTRAL,SANTA ROSA,0
NOVIEMBRE,SENEGAL,ÁFRICA,AEROPUERTO INTERNACIONAL JORGE CHÁVEZ,16
NOVIEMBRE,SENEGAL,ÁFRICA,CEBAF - TUMBES,0
NOVIEMBRE,SENEGAL,ÁFRICA,DESAGUADERO,0
NOVIEMBRE,SENEGAL,ÁFRICA,KASANI,0
NOVIEMBRE,SENEGAL,ÁFRICA,OTRAS OCM,3
NOVIEMBRE,SENEGAL,ÁFRICA,SANTA ROSA,0
NOVIEMBRE,SEYCHELLES,ÁFRICA,AEROPUERTO INTERNACIONAL JORGE CHÁVEZ,1
NOVIEMBRE,SEYCHELLES,ÁFRICA,CEBAF - TUMBES,0
NOVIEMBRE,SEYCHELLES,ÁFRICA,DESAGUADERO,0
NOVIEMBRE,SEYCHELLES,ÁFRICA,KASANI,0
NOVIEMBRE,SEYCHELLES,ÁFRICA,OTRAS OCM,0
NOVIEMBRE,SEYCHELLES,ÁFRICA,SANTA ROSA,0
NOVIEMBRE,SIERRA LEONA,ÁFRICA,AEROPUERTO INTERNACIONAL JORGE CHÁVEZ,1
NOVIEMBRE,SIERRA LEONA,ÁFRICA,CEBAF - TUMBES,0
NOVIEMBRE,SIERRA LEONA,ÁFRICA,DESAGUADERO,0
NOVIEMBRE,SIERRA LEONA,ÁFRICA,KASANI,0
NOVIEMBRE,SIERRA LEONA,ÁFRICA,OTRAS OCM,0
NOVIEMBRE,SIERRA LEONA,ÁFRICA,SANTA ROSA,0
NOVIEMBRE,SIKKIM,ASIA,AEROPUERTO INTERNACIONAL JORGE CHÁVEZ,0
NOVIEMBRE,SIKKIM,ASIA,CEBAF - TUMBES,0
NOVIEMBRE,SIKKIM,ASIA,DESAGUADERO,0
NOVIEMBRE,SIKKIM,ASIA,KASANI,0
NOVIEMBRE,SIKKIM,ASIA,OTRAS OCM,0
NOVIEMBRE,SIKKIM,ASIA,SANTA ROSA,0
NOVIEMBRE,SINGAPUR,ASIA,AEROPUERTO INTERNACIONAL JORGE CHÁVEZ,886
NOVIEMBRE,SINGAPUR,ASIA,CEBAF - TUMBES,5
NOVIEMBRE,SINGAPUR,ASIA,DESAGUADERO,18
NOVIEMBRE,SINGAPUR,ASIA,KASANI,10
NOVIEMBRE,SINGAPUR,ASIA,OTRAS OCM,68
NOVIEMBRE,SINGAPUR,ASIA,SANTA ROSA,4
NOVIEMBRE,SIRIA,ASIA,AEROPUERTO INTERNACIONAL JORGE CHÁVEZ,13
NOVIEMBRE,SIRIA,ASIA,CEBAF - TUMBES,0
NOVIEMBRE,SIRIA,ASIA,DESAGUADERO,0
NOVIEMBRE,SIRIA,ASIA,KASANI,0
NOVIEMBRE,SIRIA,ASIA,OTRAS OCM,0
NOVIEMBRE,SIRIA,ASIA,SANTA ROSA,0
NOVIEMBRE,SOMALIA,ÁFRICA,AEROPUERTO INTERNACIONAL JORGE CHÁVEZ,1
NOVIEMBRE,SOMALIA,ÁFRICA,CEBAF - TUMBES,1
NOVIEMBRE,SOMALIA,ÁFRICA,DESAGUADERO,0
NOVIEMBRE,SOMALIA,ÁFRICA,KASANI,0
NOVIEMBRE,SOMALIA,ÁFRICA,OTRAS OCM,0
NOVIEMBRE,SOMALIA,ÁFRICA,SANTA ROSA,0
NOVIEMBRE,SRI LANKA,ASIA,AEROPUERTO INTERNACIONAL JORGE CHÁVEZ,47
NOVIEMBRE,SRI LANKA,ASIA,CEBAF - TUMBES,0
NOVIEMBRE,SRI LANKA,ASIA,DESAGUADERO,11
NOVIEMBRE,SRI LANKA,ASIA,KASANI,0
NOVIEMBRE,SRI LANKA,ASIA,OTRAS OCM,13
NOVIEMBRE,SRI LANKA,ASIA,SANTA ROSA,0
NOVIEMBRE,STO. TOMÉ Y PRÍNCIPE,ÁFRICA,AEROPUERTO INTERNACIONAL JORGE CHÁVEZ,2
NOVIEMBRE,STO. TOMÉ Y PRÍNCIPE,ÁFRICA,CEBAF - TUMBES,0
NOVIEMBRE,STO. TOMÉ Y PRÍNCIPE,ÁFRICA,DESAGUADERO,0
NOVIEMBRE,STO. TOMÉ Y PRÍNCIPE,ÁFRICA,KASANI,0
NOVIEMBRE,STO. TOMÉ Y PRÍNCIPE,ÁFRICA,OTRAS OCM,0
NOVIEMBRE,STO. TOMÉ Y PRÍNCIPE,ÁFRICA,SANTA ROSA,0
NOVIEMBRE,SUDÁFRICA,ÁFRICA,AEROPUERTO INTERNACIONAL JORGE CHÁVEZ,673
NOVIEMBRE,SUDÁFRICA,ÁFRICA,CEBAF - TUMBES,4
NOVIEMBRE,SUDÁFRICA,ÁFRICA,DESAGUADERO,4
NOVIEMBRE,SUDÁFRICA,ÁFRICA,KASANI,1
NOVIEMBRE,SUDÁFRICA,ÁFRICA,OTRAS OCM,78
NOVIEMBRE,SUDÁFRICA,ÁFRICA,SANTA ROSA,28
NOVIEMBRE,SUDÁN,ÁFRICA,AEROPUERTO INTERNACIONAL JORGE CHÁVEZ,13
NOVIEMBRE,SUDÁN,ÁFRICA,CEBAF - TUMBES,1
NOVIEMBRE,SUDÁN,ÁFRICA,DESAGUADERO,0
NOVIEMBRE,SUDÁN,ÁFRICA,KASANI,0
NOVIEMBRE,SUDÁN,ÁFRICA,OTRAS OCM,1
NOVIEMBRE,SUDÁN,ÁFRICA,SANTA ROSA,0
NOVIEMBRE,SUECIA,EUROPA,AEROPUERTO INTERNACIONAL JORGE CHÁVEZ,3272
NOVIEMBRE,SUECIA,EUROPA,CEBAF - TUMBES,77
NOVIEMBRE,SUECIA,EUROPA,DESAGUADERO,117
NOVIEMBRE,SUECIA,EUROPA,KASANI,180
NOVIEMBRE,SUECIA,EUROPA,OTRAS OCM,131
NOVIEMBRE,SUECIA,EUROPA,SANTA ROSA,43
NOVIEMBRE,SUIZA,EUROPA,AEROPUERTO INTERNACIONAL JORGE CHÁVEZ,6538
NOVIEMBRE,SUIZA,EUROPA,CEBAF - TUMBES,190
NOVIEMBRE,SUIZA,EUROPA,DESAGUADERO,148
NOVIEMBRE,SUIZA,EUROPA,KASANI,354
NOVIEMBRE,SUIZA,EUROPA,OTRAS OCM,412
NOVIEMBRE,SUIZA,EUROPA,SANTA ROSA,140
NOVIEMBRE,SURINAM,AMÉRICA DEL SUR,AEROPUERTO INTERNACIONAL JORGE CHÁVEZ,71
NOVIEMBRE,SURINAM,AMÉRICA DEL SUR,CEBAF - TUMBES,1
NOVIEMBRE,SURINAM,AMÉRICA DEL SUR,DESAGUADERO,1
NOVIEMBRE,SURINAM,AMÉRICA DEL SUR,KASANI,0
NOVIEMBRE,SURINAM,AMÉRICA DEL SUR,OTRAS OCM,1
NOVIEMBRE,SURINAM,AMÉRICA DEL SUR,SANTA ROSA,0
NOVIEMBRE,SWAZILANDIA,ÁFRICA,AEROPUERTO INTERNACIONAL JORGE CHÁVEZ,8
NOVIEMBRE,SWAZILANDIA,ÁFRICA,CEBAF - TUMBES,0
NOVIEMBRE,SWAZILANDIA,ÁFRICA,DESAGUADERO,0
NOVIEMBRE,SWAZILANDIA,ÁFRICA,KASANI,0
NOVIEMBRE,SWAZILANDIA,ÁFRICA,OTRAS OCM,1
NOVIEMBRE,SWAZILANDIA,ÁFRICA,SANTA ROSA,0
NOVIEMBRE,TAILANDIA,ASIA,AEROPUERTO INTERNACIONAL JORGE CHÁVEZ,488
NOVIEMBRE,TAILANDIA,ASIA,CEBAF - TUMBES,2
NOVIEMBRE,TAILANDIA,ASIA,DESAGUADERO,2
NOVIEMBRE,TAILANDIA,ASIA,KASANI,3
NOVIEMBRE,TAILANDIA,ASIA,OTRAS OCM,101
NOVIEMBRE,TAILANDIA,ASIA,SANTA ROSA,1
NOVIEMBRE,TAIWÁN,ASIA,AEROPUERTO INTERNACIONAL JORGE CHÁVEZ,2337
NOVIEMBRE,TAIWÁN,ASIA,CEBAF - TUMBES,3
NOVIEMBRE,TAIWÁN,ASIA,DESAGUADERO,7
NOVIEMBRE,TAIWÁN,ASIA,KASANI,13
NOVIEMBRE,TAIWÁN,ASIA,OTRAS OCM,135
NOVIEMBRE,TAIWÁN,ASIA,SANTA ROSA,11
NOVIEMBRE,TANZANIA,ÁFRICA,AEROPUERTO INTERNACIONAL JORGE CHÁVEZ,15
NOVIEMBRE,TANZANIA,ÁFRICA,CEBAF - TUMBES,0
NOVIEMBRE,TANZANIA,ÁFRICA,DESAGUADERO,0
NOVIEMBRE,TANZANIA,ÁFRICA,KASANI,0
NOVIEMBRE,TANZANIA,ÁFRICA,OTRAS OCM,3
NOVIEMBRE,TANZANIA,ÁFRICA,SANTA ROSA,0
NOVIEMBRE,TAYIKISTÁN,ASIA,AEROPUERTO INTERNACIONAL JORGE CHÁVEZ,2
NOVIEMBRE,TAYIKISTÁN,ASIA,CEBAF - TUMBES,0
NOVIEMBRE,TAYIKISTÁN,ASIA,DESAGUADERO,1
NOVIEMBRE,TAYIKISTÁN,ASIA,KASANI,0
NOVIEMBRE,TAYIKISTÁN,ASIA,OTRAS OCM,0
NOVIEMBRE,TAYIKISTÁN,ASIA,SANTA ROSA,0
NOVIEMBRE,TOGO,ÁFRICA,AEROPUERTO INTERNACIONAL JORGE CHÁVEZ,8
NOVIEMBRE,TOGO,ÁFRICA,CEBAF - TUMBES,0
NOVIEMBRE,TOGO,ÁFRICA,DESAGUADERO,0
NOVIEMBRE,TOGO,ÁFRICA,KASANI,0
NOVIEMBRE,TOGO,ÁFRICA,OTRAS OCM,0
NOVIEMBRE,TOGO,ÁFRICA,SANTA ROSA,0
NOVIEMBRE,TONGA,OCEANÍA,AEROPUERTO INTERNACIONAL JORGE CHÁVEZ,3
NOVIEMBRE,TONGA,OCEANÍA,CEBAF - TUMBES,0
NOVIEMBRE,TONGA,OCEANÍA,DESAGUADERO,0
NOVIEMBRE,TONGA,OCEANÍA,KASANI,0
NOVIEMBRE,TONGA,OCEANÍA,OTRAS OCM,0
NOVIEMBRE,TONGA,OCEANÍA,SANTA ROSA,0
NOVIEMBRE,TRINIDAD Y TOBAGO,AMÉRICA CENTRAL,AEROPUERTO INTERNACIONAL JORGE CHÁVEZ,216
NOVIEMBRE,TRINIDAD Y TOBAGO,AMÉRICA CENTRAL,CEBAF - TUMBES,0
NOVIEMBRE,TRINIDAD Y TOBAGO,AMÉRICA CENTRAL,DESAGUADERO,0
NOVIEMBRE,TRINIDAD Y TOBAGO,AMÉRICA CENTRAL,KASANI,0
NOVIEMBRE,TRINIDAD Y TOBAGO,AMÉRICA CENTRAL,OTRAS OCM,0
NOVIEMBRE,TRINIDAD Y TOBAGO,AMÉRICA CENTRAL,SANTA ROSA,0
NOVIEMBRE,TURKMENISTÁN,ASIA,AEROPUERTO INTERNACIONAL JORGE CHÁVEZ,3
NOVIEMBRE,TURKMENISTÁN,ASIA,CEBAF - TUMBES,0
NOVIEMBRE,TURKMENISTÁN,ASIA,DESAGUADERO,0
NOVIEMBRE,TURKMENISTÁN,ASIA,KASANI,0
NOVIEMBRE,TURKMENISTÁN,ASIA,OTRAS OCM,0
NOVIEMBRE,TURKMENISTÁN,ASIA,SANTA ROSA,0
NOVIEMBRE,TURQUÍA,ASIA,AEROPUERTO INTERNACIONAL JORGE CHÁVEZ,1819
NOVIEMBRE,TURQUÍA,ASIA,CEBAF - TUMBES,13
NOVIEMBRE,TURQUÍA,ASIA,DESAGUADERO,124
NOVIEMBRE,TURQUÍA,ASIA,KASANI,49
NOVIEMBRE,TURQUÍA,ASIA,OTRAS OCM,186
NOVIEMBRE,TURQUÍA,ASIA,SANTA ROSA,67
NOVIEMBRE,TUVALU,OCEANÍA,AEROPUERTO INTERNACIONAL JORGE CHÁVEZ,1
NOVIEMBRE,TUVALU,OCEANÍA,CEBAF - TUMBES,0
NOVIEMBRE,TUVALU,OCEANÍA,DESAGUADERO,0
NOVIEMBRE,TUVALU,OCEANÍA,KASANI,0
NOVIEMBRE,TUVALU,OCEANÍA,OTRAS OCM,0
NOVIEMBRE,TUVALU,OCEANÍA,SANTA ROSA,0
NOVIEMBRE,TÚNEZ,ÁFRICA,AEROPUERTO INTERNACIONAL JORGE CHÁVEZ,35
NOVIEMBRE,TÚNEZ,ÁFRICA,CEBAF - TUMBES,0
NOVIEMBRE,TÚNEZ,ÁFRICA,DESAGUADERO,0
NOVIEMBRE,TÚNEZ,ÁFRICA,KASANI,0
NOVIEMBRE,TÚNEZ,ÁFRICA,OTRAS OCM,3
NOVIEMBRE,TÚNEZ,ÁFRICA,SANTA ROSA,0
NOVIEMBRE,UCRANIA,EUROPA,AEROPUERTO INTERNACIONAL JORGE CHÁVEZ,1205
NOVIEMBRE,UCRANIA,EUROPA,CEBAF - TUMBES,13
NOVIEMBRE,UCRANIA,EUROPA,DESAGUADERO,11
NOVIEMBRE,UCRANIA,EUROPA,KASANI,8
NOVIEMBRE,UCRANIA,EUROPA,OTRAS OCM,176
NOVIEMBRE,UCRANIA,EUROPA,SANTA ROSA,16
NOVIEMBRE,UGANDA,ÁFRICA,AEROPUERTO INTERNACIONAL JORGE CHÁVEZ,16
NOVIEMBRE,UGANDA,ÁFRICA,CEBAF - TUMBES,0
NOVIEMBRE,UGANDA,ÁFRICA,DESAGUADERO,1
NOVIEMBRE,UGANDA,ÁFRICA,KASANI,0
NOVIEMBRE,UGANDA,ÁFRICA,OTRAS OCM,0
NOVIEMBRE,UGANDA,ÁFRICA,SANTA ROSA,0
NOVIEMBRE,URUGUAY,AMÉRICA DEL SUR,AEROPUERTO INTERNACIONAL JORGE CHÁVEZ,6444
NOVIEMBRE,URUGUAY,AMÉRICA DEL SUR,CEBAF - TUMBES,35
NOVIEMBRE,URUGUAY,AMÉRICA DEL SUR,DESAGUADERO,28
NOVIEMBRE,URUGUAY,AMÉRICA DEL SUR,KASANI,56
NOVIEMBRE,URUGUAY,AMÉRICA DEL SUR,OTRAS OCM,176
NOVIEMBRE,URUGUAY,AMÉRICA DEL SUR,SANTA ROSA,95
NOVIEMBRE,UZBEKISTÁN,ASIA,AEROPUERTO INTERNACIONAL JORGE CHÁVEZ,24
NOVIEMBRE,UZBEKISTÁN,ASIA,CEBAF - TUMBES,0
NOVIEMBRE,UZBEKISTÁN,ASIA,DESAGUADERO,0
NOVIEMBRE,UZBEKISTÁN,ASIA,KASANI,0
NOVIEMBRE,UZBEKISTÁN,ASIA,OTRAS OCM,1
NOVIEMBRE,UZBEKISTÁN,ASIA,SANTA ROSA,0
NOVIEMBRE,VANUATU,OCEANÍA,AEROPUERTO INTERNACIONAL JORGE CHÁVEZ,6
NOVIEMBRE,VANUATU,OCEANÍA,CEBAF - TUMBES,0
NOVIEMBRE,VANUATU,OCEANÍA,DESAGUADERO,0
NOVIEMBRE,VANUATU,OCEANÍA,KASANI,0
NOVIEMBRE,VANUATU,OCEANÍA,OTRAS OCM,0
NOVIEMBRE,VANUATU,OCEANÍA,SANTA ROSA,0
NOVIEMBRE,VATICANO,EUROPA,AEROPUERTO INTERNACIONAL JORGE CHÁVEZ,2
NOVIEMBRE,VATICANO,EUROPA,CEBAF - TUMBES,0
NOVIEMBRE,VATICANO,EUROPA,DESAGUADERO,0
NOVIEMBRE,VATICANO,EUROPA,KASANI,0
NOVIEMBRE,VATICANO,EUROPA,OTRAS OCM,0
NOVIEMBRE,VATICANO,EUROPA,SANTA ROSA,0
NOVIEMBRE,VENEZUELA,AMÉRICA DEL SUR,AEROPUERTO INTERNACIONAL JORGE CHÁVEZ,3058
NOVIEMBRE,VENEZUELA,AMÉRICA DEL SUR,CEBAF - TUMBES,501
NOVIEMBRE,VENEZUELA,AMÉRICA DEL SUR,DESAGUADERO,12
NOVIEMBRE,VENEZUELA,AMÉRICA DEL SUR,KASANI,9
NOVIEMBRE,VENEZUELA,AMÉRICA DEL SUR,OTRAS OCM,196
NOVIEMBRE,VENEZUELA,AMÉRICA DEL SUR,SANTA ROSA,183
NOVIEMBRE,VIETNAM,ASIA,AEROPUERTO INTERNACIONAL JORGE CHÁVEZ,159
NOVIEMBRE,VIETNAM,ASIA,CEBAF - TUMBES,1
NOVIEMBRE,VIETNAM,ASIA,DESAGUADERO,1
NOVIEMBRE,VIETNAM,ASIA,KASANI,2
NOVIEMBRE,VIETNAM,ASIA,OTRAS OCM,164
NOVIEMBRE,VIETNAM,ASIA,SANTA ROSA,0
NOVIEMBRE,YEMEN,ASIA,AEROPUERTO INTERNACIONAL JORGE CHÁVEZ,10
NOVIEMBRE,YEMEN,ASIA,CEBAF - TUMBES,0
NOVIEMBRE,YEMEN,ASIA,DESAGUADERO,0
NOVIEMBRE,YEMEN,ASIA,KASANI,0
NOVIEMBRE,YEMEN,ASIA,OTRAS OCM,0
NOVIEMBRE,YEMEN,ASIA,SANTA ROSA,1
NOVIEMBRE,ZAMBIA,ÁFRICA,AEROPUERTO INTERNACIONAL JORGE CHÁVEZ,27
NOVIEMBRE,ZAMBIA,ÁFRICA,CEBAF - TUMBES,0
NOVIEMBRE,ZAMBIA,ÁFRICA,DESAGUADERO,0
NOVIEMBRE,ZAMBIA,ÁFRICA,KASANI,0
NOVIEMBRE,ZAMBIA,ÁFRICA,OTRAS OCM,0
NOVIEMBRE,ZAMBIA,ÁFRICA,SANTA ROSA,0
NOVIEMBRE,ZIMBABWE,ÁFRICA,AEROPUERTO INTERNACIONAL JORGE CHÁVEZ,24
NOVIEMBRE,ZIMBABWE,ÁFRICA,CEBAF - TUMBES,0
NOVIEMBRE,ZIMBABWE,ÁFRICA,DESAGUADERO,0
NOVIEMBRE,ZIMBABWE,ÁFRICA,KASANI,0
NOVIEMBRE,ZIMBABWE,ÁFRICA,OTRAS OCM,1
NOVIEMBRE,ZIMBABWE,ÁFRICA,SANTA ROSA,0
OCTUBRE,AFGHANISTÁN,ASIA,AEROPUERTO INTERNACIONAL JORGE CHÁVEZ,7
OCTUBRE,AFGHANISTÁN,ASIA,CEBAF - TUMBES,0
OCTUBRE,AFGHANISTÁN,ASIA,DESAGUADERO,1
OCTUBRE,AFGHANISTÁN,ASIA,KASANI,0
OCTUBRE,AFGHANISTÁN,ASIA,OTRAS OCM,0
OCTUBRE,AFGHANISTÁN,ASIA,SANTA ROSA,15
OCTUBRE,ALBANIA,EUROPA,AEROPUERTO INTERNACIONAL JORGE CHÁVEZ,41
OCTUBRE,ALBANIA,EUROPA,CEBAF - TUMBES,0
OCTUBRE,ALBANIA,EUROPA,DESAGUADERO,0
OCTUBRE,ALBANIA,EUROPA,KASANI,0
OCTUBRE,ALBANIA,EUROPA,OTRAS OCM,0
OCTUBRE,ALBANIA,EUROPA,SANTA ROSA,1
OCTUBRE,ALEMANIA,EUROPA,AEROPUERTO INTERNACIONAL JORGE CHÁVEZ,26734
OCTUBRE,ALEMANIA,EUROPA,CEBAF - TUMBES,637
OCTUBRE,ALEMANIA,EUROPA,DESAGUADERO,1099
OCTUBRE,ALEMANIA,EUROPA,KASANI,1305
OCTUBRE,ALEMANIA,EUROPA,OTRAS OCM,1371
OCTUBRE,ALEMANIA,EUROPA,SANTA ROSA,328
OCTUBRE,ANDORRA,EUROPA,AEROPUERTO INTERNACIONAL JORGE CHÁVEZ,80
OCTUBRE,ANDORRA,EUROPA,CEBAF - TUMBES,0
OCTUBRE,ANDORRA,EUROPA,DESAGUADERO,0
OCTUBRE,ANDORRA,EUROPA,KASANI,2
OCTUBRE,ANDORRA,EUROPA,OTRAS OCM,4
OCTUBRE,ANDORRA,EUROPA,SANTA ROSA,0
OCTUBRE,ANGOLA,ÁFRICA,AEROPUERTO INTERNACIONAL JORGE CHÁVEZ,16
OCTUBRE,ANGOLA,ÁFRICA,CEBAF - TUMBES,0
OCTUBRE,ANGOLA,ÁFRICA,DESAGUADERO,0
OCTUBRE,ANGOLA,ÁFRICA,KASANI,0
OCTUBRE,ANGOLA,ÁFRICA,OTRAS OCM,0
OCTUBRE,ANGOLA,ÁFRICA,SANTA ROSA,0
OCTUBRE,ANT. BARBUDA,AMÉRICA CENTRAL,AEROPUERTO INTERNACIONAL JORGE CHÁVEZ,21
OCTUBRE,ANT. BARBUDA,AMÉRICA CENTRAL,CEBAF - TUMBES,0
OCTUBRE,ANT. BARBUDA,AMÉRICA CENTRAL,DESAGUADERO,0
OCTUBRE,ANT. BARBUDA,AMÉRICA CENTRAL,KASANI,0
OCTUBRE,ANT. BARBUDA,AMÉRICA CENTRAL,OTRAS OCM,0
OCTUBRE,ANT. BARBUDA,AMÉRICA CENTRAL,SANTA ROSA,0
OCTUBRE,ARABIA SAUDITA,ASIA,AEROPUERTO INTERNACIONAL JORGE CHÁVEZ,78
OCTUBRE,ARABIA SAUDITA,ASIA,CEBAF - TUMBES,0
OCTUBRE,ARABIA SAUDITA,ASIA,DESAGUADERO,2
OCTUBRE,ARABIA SAUDITA,ASIA,KASANI,1
OCTUBRE,ARABIA SAUDITA,ASIA,OTRAS OCM,0
OCTUBRE,ARABIA SAUDITA,ASIA,SANTA ROSA,0
OCTUBRE,ARGELIA,ÁFRICA,AEROPUERTO INTERNACIONAL JORGE CHÁVEZ,48
OCTUBRE,ARGELIA,ÁFRICA,CEBAF - TUMBES,0
OCTUBRE,ARGELIA,ÁFRICA,DESAGUADERO,1
OCTUBRE,ARGELIA,ÁFRICA,KASANI,0
OCTUBRE,ARGELIA,ÁFRICA,OTRAS OCM,1
OCTUBRE,ARGELIA,ÁFRICA,SANTA ROSA,0
OCTUBRE,ARGENTINA,AMÉRICA DEL SUR,AEROPUERTO INTERNACIONAL JORGE CHÁVEZ,47820
OCTUBRE,ARGENTINA,AMÉRICA DEL SUR,CEBAF - TUMBES,595
OCTUBRE,ARGENTINA,AMÉRICA DEL SUR,DESAGUADERO,1923
OCTUBRE,ARGENTINA,AMÉRICA DEL SUR,KASANI,1104
OCTUBRE,ARGENTINA,AMÉRICA DEL SUR,OTRAS OCM,1282
OCTUBRE,ARGENTINA,AMÉRICA DEL SUR,SANTA ROSA,4135
OCTUBRE,ARMENIA,ASIA,AEROPUERTO INTERNACIONAL JORGE CHÁVEZ,52
OCTUBRE,ARMENIA,ASIA,CEBAF - TUMBES,0
OCTUBRE,ARMENIA,ASIA,DESAGUADERO,2
OCTUBRE,ARMENIA,ASIA,KASANI,2
OCTUBRE,ARMENIA,ASIA,OTRAS OCM,0
OCTUBRE,ARMENIA,ASIA,SANTA ROSA,3
OCTUBRE,ARUBA,AMÉRICA CENTRAL,AEROPUERTO INTERNACIONAL JORGE CHÁVEZ,76
OCTUBRE,ARUBA,AMÉRICA CENTRAL,CEBAF - TUMBES,0
OCTUBRE,ARUBA,AMÉRICA CENTRAL,DESAGUADERO,1
OCTUBRE,ARUBA,AMÉRICA CENTRAL,KASANI,1
OCTUBRE,ARUBA,AMÉRICA CENTRAL,OTRAS OCM,1
OCTUBRE,ARUBA,AMÉRICA CENTRAL,SANTA ROSA,0
OCTUBRE,AUSTRALIA,OCEANÍA,AEROPUERTO INTERNACIONAL JORGE CHÁVEZ,12274
OCTUBRE,AUSTRALIA,OCEANÍA,CEBAF - TUMBES,194
OCTUBRE,AUSTRALIA,OCEANÍA,DESAGUADERO,264
OCTUBRE,AUSTRALIA,OCEANÍA,KASANI,403
OCTUBRE,AUSTRALIA,OCEANÍA,OTRAS OCM,1540
OCTUBRE,AUSTRALIA,OCEANÍA,SANTA ROSA,64
OCTUBRE,AUSTRIA,EUROPA,AEROPUERTO INTERNACIONAL JORGE CHÁVEZ,2885
OCTUBRE,AUSTRIA,EUROPA,CEBAF - TUMBES,75
OCTUBRE,AUSTRIA,EUROPA,DESAGUADERO,153
OCTUBRE,AUSTRIA,EUROPA,KASANI,162
OCTUBRE,AUSTRIA,EUROPA,OTRAS OCM,151
OCTUBRE,AUSTRIA,EUROPA,SANTA ROSA,25
OCTUBRE,AZERBAIYÁN,ASIA,AEROPUERTO INTERNACIONAL JORGE CHÁVEZ,41
OCTUBRE,AZERBAIYÁN,ASIA,CEBAF - TUMBES,0
OCTUBRE,AZERBAIYÁN,ASIA,DESAGUADERO,1
OCTUBRE,AZERBAIYÁN,ASIA,KASANI,0
OCTUBRE,AZERBAIYÁN,ASIA,OTRAS OCM,3
OCTUBRE,AZERBAIYÁN,ASIA,SANTA ROSA,0
OCTUBRE,BAHAMAS,AMÉRICA CENTRAL,AEROPUERTO INTERNACIONAL JORGE CHÁVEZ,97
OCTUBRE,BAHAMAS,AMÉRICA CENTRAL,CEBAF - TUMBES,0
OCTUBRE,BAHAMAS,AMÉRICA CENTRAL,DESAGUADERO,0
OCTUBRE,BAHAMAS,AMÉRICA CENTRAL,KASANI,0
OCTUBRE,BAHAMAS,AMÉRICA CENTRAL,OTRAS OCM,4
OCTUBRE,BAHAMAS,AMÉRICA CENTRAL,SANTA ROSA,0
OCTUBRE,BAHRÉIN,ASIA,AEROPUERTO INTERNACIONAL JORGE CHÁVEZ,18
OCTUBRE,BAHRÉIN,ASIA,CEBAF - TUMBES,0
OCTUBRE,BAHRÉIN,ASIA,DESAGUADERO,0
OCTUBRE,BAHRÉIN,ASIA,KASANI,0
OCTUBRE,BAHRÉIN,ASIA,OTRAS OCM,0
OCTUBRE,BAHRÉIN,ASIA,SANTA ROSA,0
OCTUBRE,BANGLADESH,ASIA,AEROPUERTO INTERNACIONAL JORGE CHÁVEZ,39
OCTUBRE,BANGLADESH,ASIA,CEBAF - TUMBES,0
OCTUBRE,BANGLADESH,ASIA,DESAGUADERO,1
OCTUBRE,BANGLADESH,ASIA,KASANI,1
OCTUBRE,BANGLADESH,ASIA,OTRAS OCM,13
OCTUBRE,BANGLADESH,ASIA,SANTA ROSA,3
OCTUBRE,BARBADOS,AMÉRICA CENTRAL,AEROPUERTO INTERNACIONAL JORGE CHÁVEZ,158
OCTUBRE,BARBADOS,AMÉRICA CENTRAL,CEBAF - TUMBES,0
OCTUBRE,BARBADOS,AMÉRICA CENTRAL,DESAGUADERO,1
OCTUBRE,BARBADOS,AMÉRICA CENTRAL,KASANI,1
OCTUBRE,BARBADOS,AMÉRICA CENTRAL,OTRAS OCM,5
OCTUBRE,BARBADOS,AMÉRICA CENTRAL,SANTA ROSA,2
OCTUBRE,BELICE,AMÉRICA CENTRAL,AEROPUERTO INTERNACIONAL JORGE CHÁVEZ,242
OCTUBRE,BELICE,AMÉRICA CENTRAL,CEBAF - TUMBES,1
OCTUBRE,BELICE,AMÉRICA CENTRAL,DESAGUADERO,4
OCTUBRE,BELICE,AMÉRICA CENTRAL,KASANI,3
OCTUBRE,BELICE,AMÉRICA CENTRAL,OTRAS OCM,2
OCTUBRE,BELICE,AMÉRICA CENTRAL,SANTA ROSA,0
OCTUBRE,BELORUSIA,EUROPA,AEROPUERTO INTERNACIONAL JORGE CHÁVEZ,221
OCTUBRE,BELORUSIA,EUROPA,CEBAF - TUMBES,1
OCTUBRE,BELORUSIA,EUROPA,DESAGUADERO,4
OCTUBRE,BELORUSIA,EUROPA,KASANI,1
OCTUBRE,BELORUSIA,EUROPA,OTRAS OCM,6
OCTUBRE,BELORUSIA,EUROPA,SANTA ROSA,1
OCTUBRE,BENÍN,ÁFRICA,AEROPUERTO INTERNACIONAL JORGE CHÁVEZ,6
OCTUBRE,BENÍN,ÁFRICA,CEBAF - TUMBES,0
OCTUBRE,BENÍN,ÁFRICA,DESAGUADERO,0
OCTUBRE,BENÍN,ÁFRICA,KASANI,0
OCTUBRE,BENÍN,ÁFRICA,OTRAS OCM,0
OCTUBRE,BENÍN,ÁFRICA,SANTA ROSA,0
OCTUBRE,BERMUDAS,AMÉRICA CENTRAL,AEROPUERTO INTERNACIONAL JORGE CHÁVEZ,19
OCTUBRE,BERMUDAS,AMÉRICA CENTRAL,CEBAF - TUMBES,0
OCTUBRE,BERMUDAS,AMÉRICA CENTRAL,DESAGUADERO,0
OCTUBRE,BERMUDAS,AMÉRICA CENTRAL,KASANI,1
OCTUBRE,BERMUDAS,AMÉRICA CENTRAL,OTRAS OCM,0
OCTUBRE,BERMUDAS,AMÉRICA CENTRAL,SANTA ROSA,0
OCTUBRE,BHUTÁN,ASIA,AEROPUERTO INTERNACIONAL JORGE CHÁVEZ,0
OCTUBRE,BHUTÁN,ASIA,CEBAF - TUMBES,0
OCTUBRE,BHUTÁN,ASIA,DESAGUADERO,0
OCTUBRE,BHUTÁN,ASIA,KASANI,0
OCTUBRE,BHUTÁN,ASIA,OTRAS OCM,0
OCTUBRE,BHUTÁN,ASIA,SANTA ROSA,0
OCTUBRE,BOLIVIA,AMÉRICA DEL SUR,AEROPUERTO INTERNACIONAL JORGE CHÁVEZ,11997
OCTUBRE,BOLIVIA,AMÉRICA DEL SUR,CEBAF - TUMBES,205
OCTUBRE,BOLIVIA,AMÉRICA DEL SUR,DESAGUADERO,52209
OCTUBRE,BOLIVIA,AMÉRICA DEL SUR,KASANI,3247
OCTUBRE,BOLIVIA,AMÉRICA DEL SUR,OTRAS OCM,4057
OCTUBRE,BOLIVIA,AMÉRICA DEL SUR,SANTA ROSA,13902
OCTUBRE,BOSNIA Y HERZEGOVINA,EUROPA,AEROPUERTO INTERNACIONAL JORGE CHÁVEZ,36
OCTUBRE,BOSNIA Y HERZEGOVINA,EUROPA,CEBAF - TUMBES,0
OCTUBRE,BOSNIA Y HERZEGOVINA,EUROPA,DESAGUADERO,6
OCTUBRE,BOSNIA Y HERZEGOVINA,EUROPA,KASANI,5
OCTUBRE,BOSNIA Y HERZEGOVINA,EUROPA,OTRAS OCM,0
OCTUBRE,BOSNIA Y HERZEGOVINA,EUROPA,SANTA ROSA,3
OCTUBRE,BOTSWANA,ÁFRICA,AEROPUERTO INTERNACIONAL JORGE CHÁVEZ,8
OCTUBRE,BOTSWANA,ÁFRICA,CEBAF - TUMBES,0
OCTUBRE,BOTSWANA,ÁFRICA,DESAGUADERO,0
OCTUBRE,BOTSWANA,ÁFRICA,KASANI,1
OCTUBRE,BOTSWANA,ÁFRICA,OTRAS OCM,0
OCTUBRE,BOTSWANA,ÁFRICA,SANTA ROSA,0
OCTUBRE,BRASIL,AMÉRICA DEL SUR,AEROPUERTO INTERNACIONAL JORGE CHÁVEZ,63405
OCTUBRE,BRASIL,AMÉRICA DEL SUR,CEBAF - TUMBES,590
OCTUBRE,BRASIL,AMÉRICA DEL SUR,DESAGUADERO,1345
OCTUBRE,BRASIL,AMÉRICA DEL SUR,KASANI,742
OCTUBRE,BRASIL,AMÉRICA DEL SUR,OTRAS OCM,6767
OCTUBRE,BRASIL,AMÉRICA DEL SUR,SANTA ROSA,4160
OCTUBRE,BRUNÉI,ASIA,AEROPUERTO INTERNACIONAL JORGE CHÁVEZ,12
OCTUBRE,BRUNÉI,ASIA,CEBAF - TUMBES,0
OCTUBRE,BRUNÉI,ASIA,DESAGUADERO,0
OCTUBRE,BRUNÉI,ASIA,KASANI,0
OCTUBRE,BRUNÉI,ASIA,OTRAS OCM,0
OCTUBRE,BRUNÉI,ASIA,SANTA ROSA,0
OCTUBRE,BULGARIA,EUROPA,AEROPUERTO INTERNACIONAL JORGE CHÁVEZ,867
OCTUBRE,BULGARIA,EUROPA,CEBAF - TUMBES,6
OCTUBRE,BULGARIA,EUROPA,DESAGUADERO,22
OCTUBRE,BULGARIA,EUROPA,KASANI,21
OCTUBRE,BULGARIA,EUROPA,OTRAS OCM,28
OCTUBRE,BULGARIA,EUROPA,SANTA ROSA,0
OCTUBRE,BURKINA FASO,ÁFRICA,AEROPUERTO INTERNACIONAL JORGE CHÁVEZ,3
OCTUBRE,BURKINA FASO,ÁFRICA,CEBAF - TUMBES,0
OCTUBRE,BURKINA FASO,ÁFRICA,DESAGUADERO,0
OCTUBRE,BURKINA FASO,ÁFRICA,KASANI,0
OCTUBRE,BURKINA FASO,ÁFRICA,OTRAS OCM,0
OCTUBRE,BURKINA FASO,ÁFRICA,SANTA ROSA,0
OCTUBRE,BURUNDI,ÁFRICA,AEROPUERTO INTERNACIONAL JORGE CHÁVEZ,2
OCTUBRE,BURUNDI,ÁFRICA,CEBAF - TUMBES,0
OCTUBRE,BURUNDI,ÁFRICA,DESAGUADERO,0
OCTUBRE,BURUNDI,ÁFRICA,KASANI,0
OCTUBRE,BURUNDI,ÁFRICA,OTRAS OCM,0
OCTUBRE,BURUNDI,ÁFRICA,SANTA ROSA,0
OCTUBRE,BÉLGICA,EUROPA,AEROPUERTO INTERNACIONAL JORGE CHÁVEZ,6349
OCTUBRE,BÉLGICA,EUROPA,CEBAF - TUMBES,97
OCTUBRE,BÉLGICA,EUROPA,DESAGUADERO,194
OCTUBRE,BÉLGICA,EUROPA,KASANI,208
OCTUBRE,BÉLGICA,EUROPA,OTRAS OCM,181
OCTUBRE,BÉLGICA,EUROPA,SANTA ROSA,56
OCTUBRE,CABO VERDE,ÁFRICA,AEROPUERTO INTERNACIONAL JORGE CHÁVEZ,10
OCTUBRE,CABO VERDE,ÁFRICA,CEBAF - TUMBES,0
OCTUBRE,CABO VERDE,ÁFRICA,DESAGUADERO,0
OCTUBRE,CABO VERDE,ÁFRICA,KASANI,0
OCTUBRE,CABO VERDE,ÁFRICA,OTRAS OCM,5
OCTUBRE,CABO VERDE,ÁFRICA,SANTA ROSA,0
OCTUBRE,CAMBOYA,ASIA,AEROPUERTO INTERNACIONAL JORGE CHÁVEZ,4
OCTUBRE,CAMBOYA,ASIA,CEBAF - TUMBES,0
OCTUBRE,CAMBOYA,ASIA,DESAGUADERO,0
OCTUBRE,CAMBOYA,ASIA,KASANI,0
OCTUBRE,CAMBOYA,ASIA,OTRAS OCM,0
OCTUBRE,CAMBOYA,ASIA,SANTA ROSA,0
OCTUBRE,CAMERÚN,ÁFRICA,AEROPUERTO INTERNACIONAL JORGE CHÁVEZ,19
OCTUBRE,CAMERÚN,ÁFRICA,CEBAF - TUMBES,1
OCTUBRE,CAMERÚN,ÁFRICA,DESAGUADERO,0
OCTUBRE,CAMERÚN,ÁFRICA,KASANI,0
OCTUBRE,CAMERÚN,ÁFRICA,OTRAS OCM,0
OCTUBRE,CAMERÚN,ÁFRICA,SANTA ROSA,0
OCTUBRE,CANADÁ,AMÉRICA DEL NORTE,AEROPUERTO INTERNACIONAL JORGE CHÁVEZ,29069
OCTUBRE,CANADÁ,AMÉRICA DEL NORTE,CEBAF - TUMBES,173
OCTUBRE,CANADÁ,AMÉRICA DEL NORTE,DESAGUADERO,178
OCTUBRE,CANADÁ,AMÉRICA DEL NORTE,KASANI,162
OCTUBRE,CANADÁ,AMÉRICA DEL NORTE,OTRAS OCM,1832
OCTUBRE,CANADÁ,AMÉRICA DEL NORTE,SANTA ROSA,88
OCTUBRE,CEYLÁN,ASIA,AEROPUERTO INTERNACIONAL JORGE CHÁVEZ,0
OCTUBRE,CEYLÁN,ASIA,CEBAF - TUMBES,0
OCTUBRE,CEYLÁN,ASIA,DESAGUADERO,0
OCTUBRE,CEYLÁN,ASIA,KASANI,0
OCTUBRE,CEYLÁN,ASIA,OTRAS OCM,0
OCTUBRE,CEYLÁN,ASIA,SANTA ROSA,0
OCTUBRE,CHAD,ÁFRICA,AEROPUERTO INTERNACIONAL JORGE CHÁVEZ,0
OCTUBRE,CHAD,ÁFRICA,CEBAF - TUMBES,0
OCTUBRE,CHAD,ÁFRICA,DESAGUADERO,0
OCTUBRE,CHAD,ÁFRICA,KASANI,0
OCTUBRE,CHAD,ÁFRICA,OTRAS OCM,0
OCTUBRE,CHAD,ÁFRICA,SANTA ROSA,2
OCTUBRE,CHILE,AMÉRICA DEL SUR,AEROPUERTO INTERNACIONAL JORGE CHÁVEZ,112624
OCTUBRE,CHILE,AMÉRICA DEL SUR,CEBAF - TUMBES,540
OCTUBRE,CHILE,AMÉRICA DEL SUR,DESAGUADERO,491
OCTUBRE,CHILE,AMÉRICA DEL SUR,KASANI,211
OCTUBRE,CHILE,AMÉRICA DEL SUR,OTRAS OCM,11529
OCTUBRE,CHILE,AMÉRICA DEL SUR,SANTA ROSA,419878
OCTUBRE,CHINA (R.P),ASIA,AEROPUERTO INTERNACIONAL JORGE CHÁVEZ,12828
OCTUBRE,CHINA (R.P),ASIA,CEBAF - TUMBES,60
OCTUBRE,CHINA (R.P),ASIA,DESAGUADERO,33
OCTUBRE,CHINA (R.P),ASIA,KASANI,23
OCTUBRE,CHINA (R.P),ASIA,OTRAS OCM,858
OCTUBRE,CHINA (R.P),ASIA,SANTA ROSA,128
OCTUBRE,CHIPRE,EUROPA,AEROPUERTO INTERNACIONAL JORGE CHÁVEZ,158
OCTUBRE,CHIPRE,EUROPA,CEBAF - TUMBES,0
OCTUBRE,CHIPRE,EUROPA,DESAGUADERO,4
OCTUBRE,CHIPRE,EUROPA,KASANI,5
OCTUBRE,CHIPRE,EUROPA,OTRAS OCM,5
OCTUBRE,CHIPRE,EUROPA,SANTA ROSA,1
OCTUBRE,COLOMBIA,AMÉRICA DEL SUR,AEROPUERTO INTERNACIONAL JORGE CHÁVEZ,69787
OCTUBRE,COLOMBIA,AMÉRICA DEL SUR,CEBAF - TUMBES,7611
OCTUBRE,COLOMBIA,AMÉRICA DEL SUR,DESAGUADERO,864
OCTUBRE,COLOMBIA,AMÉRICA DEL SUR,KASANI,352
OCTUBRE,COLOMBIA,AMÉRICA DEL SUR,OTRAS OCM,4449
OCTUBRE,COLOMBIA,AMÉRICA DEL SUR,SANTA ROSA,4436
OCTUBRE,COMORAS (ISL),ÁFRICA,AEROPUERTO INTERNACIONAL JORGE CHÁVEZ,1
OCTUBRE,COMORAS (ISL),ÁFRICA,CEBAF - TUMBES,0
OCTUBRE,COMORAS (ISL),ÁFRICA,DESAGUADERO,1
OCTUBRE,COMORAS (ISL),ÁFRICA,KASANI,0
OCTUBRE,COMORAS (ISL),ÁFRICA,OTRAS OCM,0
OCTUBRE,COMORAS (ISL),ÁFRICA,SANTA ROSA,1
OCTUBRE,CONGO,ÁFRICA,AEROPUERTO INTERNACIONAL JORGE CHÁVEZ,5
OCTUBRE,CONGO,ÁFRICA,CEBAF - TUMBES,0
OCTUBRE,CONGO,ÁFRICA,DESAGUADERO,0
OCTUBRE,CONGO,ÁFRICA,KASANI,0
OCTUBRE,CONGO,ÁFRICA,OTRAS OCM,0
OCTUBRE,CONGO,ÁFRICA,SANTA ROSA,0
OCTUBRE,COREA DEL NORTE,ASIA,AEROPUERTO INTERNACIONAL JORGE CHÁVEZ,3
OCTUBRE,COREA DEL NORTE,ASIA,CEBAF - TUMBES,0
OCTUBRE,COREA DEL NORTE,ASIA,DESAGUADERO,0
OCTUBRE,COREA DEL NORTE,ASIA,KASANI,0
OCTUBRE,COREA DEL NORTE,ASIA,OTRAS OCM,0
OCTUBRE,COREA DEL NORTE,ASIA,SANTA ROSA,0
OCTUBRE,COREA DEL SUR,ASIA,AEROPUERTO INTERNACIONAL JORGE CHÁVEZ,6146
OCTUBRE,COREA DEL SUR,ASIA,CEBAF - TUMBES,65
OCTUBRE,COREA DEL SUR,ASIA,DESAGUADERO,56
OCTUBRE,COREA DEL SUR,ASIA,KASANI,42
OCTUBRE,COREA DEL SUR,ASIA,OTRAS OCM,336
OCTUBRE,COREA DEL SUR,ASIA,SANTA ROSA,32
OCTUBRE,COSTA MARFIL,ÁFRICA,AEROPUERTO INTERNACIONAL JORGE CHÁVEZ,7
OCTUBRE,COSTA MARFIL,ÁFRICA,CEBAF - TUMBES,0
OCTUBRE,COSTA MARFIL,ÁFRICA,DESAGUADERO,0
OCTUBRE,COSTA MARFIL,ÁFRICA,KASANI,0
OCTUBRE,COSTA MARFIL,ÁFRICA,OTRAS OCM,0
OCTUBRE,COSTA MARFIL,ÁFRICA,SANTA ROSA,0
OCTUBRE,COSTA RICA,AMÉRICA CENTRAL,AEROPUERTO INTERNACIONAL JORGE CHÁVEZ,9637
OCTUBRE,COSTA RICA,AMÉRICA CENTRAL,CEBAF - TUMBES,26
OCTUBRE,COSTA RICA,AMÉRICA CENTRAL,DESAGUADERO,53
OCTUBRE,COSTA RICA,AMÉRICA CENTRAL,KASANI,49
OCTUBRE,COSTA RICA,AMÉRICA CENTRAL,OTRAS OCM,314
OCTUBRE,COSTA RICA,AMÉRICA CENTRAL,SANTA ROSA,11
OCTUBRE,CROACIA,EUROPA,AEROPUERTO INTERNACIONAL JORGE CHÁVEZ,586
OCTUBRE,CROACIA,EUROPA,CEBAF - TUMBES,2
OCTUBRE,CROACIA,EUROPA,DESAGUADERO,4
OCTUBRE,CROACIA,EUROPA,KASANI,10
OCTUBRE,CROACIA,EUROPA,OTRAS OCM,30
OCTUBRE,CROACIA,EUROPA,SANTA ROSA,4
OCTUBRE,CUBA,AMÉRICA CENTRAL,AEROPUERTO INTERNACIONAL JORGE CHÁVEZ,2450
OCTUBRE,CUBA,AMÉRICA CENTRAL,CEBAF - TUMBES,13
OCTUBRE,CUBA,AMÉRICA CENTRAL,DESAGUADERO,4
OCTUBRE,CUBA,AMÉRICA CENTRAL,KASANI,0
OCTUBRE,CUBA,AMÉRICA CENTRAL,OTRAS OCM,29
OCTUBRE,CUBA,AMÉRICA CENTRAL,SANTA ROSA,48
OCTUBRE,DEMOC. REP. CONGO (ZAIRE),ÁFRICA,AEROPUERTO INTERNACIONAL JORGE CHÁVEZ,4
OCTUBRE,DEMOC. REP. CONGO (ZAIRE),ÁFRICA,CEBAF - TUMBES,0
OCTUBRE,DEMOC. REP. CONGO (ZAIRE),ÁFRICA,DESAGUADERO,0
OCTUBRE,DEMOC. REP. CONGO (ZAIRE),ÁFRICA,KASANI,0
OCTUBRE,DEMOC. REP. CONGO (ZAIRE),ÁFRICA,OTRAS OCM,0
OCTUBRE,DEMOC. REP. CONGO (ZAIRE),ÁFRICA,SANTA ROSA,0
OCTUBRE,DINAMARCA,EUROPA,AEROPUERTO INTERNACIONAL JORGE CHÁVEZ,2780
OCTUBRE,DINAMARCA,EUROPA,CEBAF - TUMBES,304
OCTUBRE,DINAMARCA,EUROPA,DESAGUADERO,79
OCTUBRE,DINAMARCA,EUROPA,KASANI,253
OCTUBRE,DINAMARCA,EUROPA,OTRAS OCM,195
OCTUBRE,DINAMARCA,EUROPA,SANTA ROSA,17
OCTUBRE,DJIBOUTI,ÁFRICA,AEROPUERTO INTERNACIONAL JORGE CHÁVEZ,0
OCTUBRE,DJIBOUTI,ÁFRICA,CEBAF - TUMBES,0
OCTUBRE,DJIBOUTI,ÁFRICA,DESAGUADERO,0
OCTUBRE,DJIBOUTI,ÁFRICA,KASANI,0
OCTUBRE,DJIBOUTI,ÁFRICA,OTRAS OCM,0
OCTUBRE,DJIBOUTI,ÁFRICA,SANTA ROSA,0
OCTUBRE,DOMINICA,AMÉRICA CENTRAL,AEROPUERTO INTERNACIONAL JORGE CHÁVEZ,16
OCTUBRE,DOMINICA,AMÉRICA CENTRAL,CEBAF - TUMBES,0
OCTUBRE,DOMINICA,AMÉRICA CENTRAL,DESAGUADERO,0
OCTUBRE,DOMINICA,AMÉRICA CENTRAL,KASANI,0
OCTUBRE,DOMINICA,AMÉRICA CENTRAL,OTRAS OCM,0
OCTUBRE,DOMINICA,AMÉRICA CENTRAL,SANTA ROSA,0
OCTUBRE,ECUADOR,AMÉRICA DEL SUR,AEROPUERTO INTERNACIONAL JORGE CHÁVEZ,26668
OCTUBRE,ECUADOR,AMÉRICA DEL SUR,CEBAF - TUMBES,80414
OCTUBRE,ECUADOR,AMÉRICA DEL SUR,DESAGUADERO,416
OCTUBRE,ECUADOR,AMÉRICA DEL SUR,KASANI,150
OCTUBRE,ECUADOR,AMÉRICA DEL SUR,OTRAS OCM,16571
OCTUBRE,ECUADOR,AMÉRICA DEL SUR,SANTA ROSA,3219
OCTUBRE,EE.UU,AMÉRICA DEL NORTE,AEROPUERTO INTERNACIONAL JORGE CHÁVEZ,243545
OCTUBRE,EE.UU,AMÉRICA DEL NORTE,CEBAF - TUMBES,698
OCTUBRE,EE.UU,AMÉRICA DEL NORTE,DESAGUADERO,305
OCTUBRE,EE.UU,AMÉRICA DEL NORTE,KASANI,349
OCTUBRE,EE.UU,AMÉRICA DEL NORTE,OTRAS OCM,7152
OCTUBRE,EE.UU,AMÉRICA DEL NORTE,SANTA ROSA,472
OCTUBRE,EGIPTO,ÁFRICA,AEROPUERTO INTERNACIONAL JORGE CHÁVEZ,121
OCTUBRE,EGIPTO,ÁFRICA,CEBAF - TUMBES,0
OCTUBRE,EGIPTO,ÁFRICA,DESAGUADERO,1
OCTUBRE,EGIPTO,ÁFRICA,KASANI,1
OCTUBRE,EGIPTO,ÁFRICA,OTRAS OCM,3
OCTUBRE,EGIPTO,ÁFRICA,SANTA ROSA,0
OCTUBRE,EL SALVADOR,AMÉRICA CENTRAL,AEROPUERTO INTERNACIONAL JORGE CHÁVEZ,3145
OCTUBRE,EL SALVADOR,AMÉRICA CENTRAL,CEBAF - TUMBES,5
OCTUBRE,EL SALVADOR,AMÉRICA CENTRAL,DESAGUADERO,5
OCTUBRE,EL SALVADOR,AMÉRICA CENTRAL,KASANI,6
OCTUBRE,EL SALVADOR,AMÉRICA CENTRAL,OTRAS OCM,95
OCTUBRE,EL SALVADOR,AMÉRICA CENTRAL,SANTA ROSA,8
OCTUBRE,EMIRATOS ÁRABES UNIDOS,ASIA,AEROPUERTO INTERNACIONAL JORGE CHÁVEZ,63
OCTUBRE,EMIRATOS ÁRABES UNIDOS,ASIA,CEBAF - TUMBES,0
OCTUBRE,EMIRATOS ÁRABES UNIDOS,ASIA,DESAGUADERO,1
OCTUBRE,EMIRATOS ÁRABES UNIDOS,ASIA,KASANI,1
OCTUBRE,EMIRATOS ÁRABES UNIDOS,ASIA,OTRAS OCM,13
OCTUBRE,EMIRATOS ÁRABES UNIDOS,ASIA,SANTA ROSA,0
OCTUBRE,ERITREA,ÁFRICA,AEROPUERTO INTERNACIONAL JORGE CHÁVEZ,3
OCTUBRE,ERITREA,ÁFRICA,CEBAF - TUMBES,0
OCTUBRE,ERITREA,ÁFRICA,DESAGUADERO,1
OCTUBRE,ERITREA,ÁFRICA,KASANI,0
OCTUBRE,ERITREA,ÁFRICA,OTRAS OCM,0
OCTUBRE,ERITREA,ÁFRICA,SANTA ROSA,0
OCTUBRE,ESLOVAQUIA,EUROPA,AEROPUERTO INTERNACIONAL JORGE CHÁVEZ,941
OCTUBRE,ESLOVAQUIA,EUROPA,CEBAF - TUMBES,14
OCTUBRE,ESLOVAQUIA,EUROPA,DESAGUADERO,71
OCTUBRE,ESLOVAQUIA,EUROPA,KASANI,37
OCTUBRE,ESLOVAQUIA,EUROPA,OTRAS OCM,32
OCTUBRE,ESLOVAQUIA,EUROPA,SANTA ROSA,4
OCTUBRE,ESLOVENIA,EUROPA,AEROPUERTO INTERNACIONAL JORGE CHÁVEZ,946
OCTUBRE,ESLOVENIA,EUROPA,CEBAF - TUMBES,3
OCTUBRE,ESLOVENIA,EUROPA,DESAGUADERO,15
OCTUBRE,ESLOVENIA,EUROPA,KASANI,25
OCTUBRE,ESLOVENIA,EUROPA,OTRAS OCM,15
OCTUBRE,ESLOVENIA,EUROPA,SANTA ROSA,1
OCTUBRE,ESPAÑA,EUROPA,AEROPUERTO INTERNACIONAL JORGE CHÁVEZ,58072
OCTUBRE,ESPAÑA,EUROPA,CEBAF - TUMBES,450
OCTUBRE,ESPAÑA,EUROPA,DESAGUADERO,479
OCTUBRE,ESPAÑA,EUROPA,KASANI,472
OCTUBRE,ESPAÑA,EUROPA,OTRAS OCM,756
OCTUBRE,ESPAÑA,EUROPA,SANTA ROSA,414
OCTUBRE,ESTONIA,EUROPA,AEROPUERTO INTERNACIONAL JORGE CHÁVEZ,512
OCTUBRE,ESTONIA,EUROPA,CEBAF - TUMBES,4
OCTUBRE,ESTONIA,EUROPA,DESAGUADERO,0
OCTUBRE,ESTONIA,EUROPA,KASANI,5
OCTUBRE,ESTONIA,EUROPA,OTRAS OCM,41
OCTUBRE,ESTONIA,EUROPA,SANTA ROSA,2
OCTUBRE,ETIOPÍA,ÁFRICA,AEROPUERTO INTERNACIONAL JORGE CHÁVEZ,27
OCTUBRE,ETIOPÍA,ÁFRICA,CEBAF - TUMBES,0
OCTUBRE,ETIOPÍA,ÁFRICA,DESAGUADERO,0
OCTUBRE,ETIOPÍA,ÁFRICA,KASANI,0
OCTUBRE,ETIOPÍA,ÁFRICA,OTRAS OCM,0
OCTUBRE,ETIOPÍA,ÁFRICA,SANTA ROSA,0
OCTUBRE,EX R. YUG. MACEDONIA,EUROPA,AEROPUERTO INTERNACIONAL JORGE CHÁVEZ,39
OCTUBRE,EX R. YUG. MACEDONIA,EUROPA,CEBAF - TUMBES,0
OCTUBRE,EX R. YUG. MACEDONIA,EUROPA,DESAGUADERO,1
OCTUBRE,EX R. YUG. MACEDONIA,EUROPA,KASANI,0
OCTUBRE,EX R. YUG. MACEDONIA,EUROPA,OTRAS OCM,7
OCTUBRE,EX R. YUG. MACEDONIA,EUROPA,SANTA ROSA,0
OCTUBRE,FIJI,OCEANÍA,AEROPUERTO INTERNACIONAL JORGE CHÁVEZ,7
OCTUBRE,FIJI,OCEANÍA,CEBAF - TUMBES,0
OCTUBRE,FIJI,OCEANÍA,DESAGUADERO,1
OCTUBRE,FIJI,OCEANÍA,KASANI,0
OCTUBRE,FIJI,OCEANÍA,OTRAS OCM,1
OCTUBRE,FIJI,OCEANÍA,SANTA ROSA,0
OCTUBRE,FILIPINAS,ASIA,AEROPUERTO INTERNACIONAL JORGE CHÁVEZ,1591
OCTUBRE,FILIPINAS,ASIA,CEBAF - TUMBES,3
OCTUBRE,FILIPINAS,ASIA,DESAGUADERO,14
OCTUBRE,FILIPINAS,ASIA,KASANI,24
OCTUBRE,FILIPINAS,ASIA,OTRAS OCM,682
OCTUBRE,FILIPINAS,ASIA,SANTA ROSA,2
OCTUBRE,FINLANDIA,EUROPA,AEROPUERTO INTERNACIONAL JORGE CHÁVEZ,963
OCTUBRE,FINLANDIA,EUROPA,CEBAF - TUMBES,20
OCTUBRE,FINLANDIA,EUROPA,DESAGUADERO,15
OCTUBRE,FINLANDIA,EUROPA,KASANI,36
OCTUBRE,FINLANDIA,EUROPA,OTRAS OCM,33
OCTUBRE,FINLANDIA,EUROPA,SANTA ROSA,11
OCTUBRE,FRANCIA,EUROPA,AEROPUERTO INTERNACIONAL JORGE CHÁVEZ,34960
OCTUBRE,FRANCIA,EUROPA,CEBAF - TUMBES,719
OCTUBRE,FRANCIA,EUROPA,DESAGUADERO,1880
OCTUBRE,FRANCIA,EUROPA,KASANI,1481
OCTUBRE,FRANCIA,EUROPA,OTRAS OCM,1299
OCTUBRE,FRANCIA,EUROPA,SANTA ROSA,328
OCTUBRE,GABÓN,ÁFRICA,AEROPUERTO INTERNACIONAL JORGE CHÁVEZ,4
OCTUBRE,GABÓN,ÁFRICA,CEBAF - TUMBES,0
OCTUBRE,GABÓN,ÁFRICA,DESAGUADERO,0
OCTUBRE,GABÓN,ÁFRICA,KASANI,0
OCTUBRE,GABÓN,ÁFRICA,OTRAS OCM,0
OCTUBRE,GABÓN,ÁFRICA,SANTA ROSA,0
OCTUBRE,GAMBIA,ÁFRICA,AEROPUERTO INTERNACIONAL JORGE CHÁVEZ,2
OCTUBRE,GAMBIA,ÁFRICA,CEBAF - TUMBES,0
OCTUBRE,GAMBIA,ÁFRICA,DESAGUADERO,0
OCTUBRE,GAMBIA,ÁFRICA,KASANI,0
OCTUBRE,GAMBIA,ÁFRICA,OTRAS OCM,0
OCTUBRE,GAMBIA,ÁFRICA,SANTA ROSA,0
OCTUBRE,GEORGIA,ASIA,AEROPUERTO INTERNACIONAL JORGE CHÁVEZ,66
OCTUBRE,GEORGIA,ASIA,CEBAF - TUMBES,0
OCTUBRE,GEORGIA,ASIA,DESAGUADERO,0
OCTUBRE,GEORGIA,ASIA,KASANI,0
OCTUBRE,GEORGIA,ASIA,OTRAS OCM,6
OCTUBRE,GEORGIA,ASIA,SANTA ROSA,1
OCTUBRE,GHANA,ÁFRICA,AEROPUERTO INTERNACIONAL JORGE CHÁVEZ,50
OCTUBRE,GHANA,ÁFRICA,CEBAF - TUMBES,0
OCTUBRE,GHANA,ÁFRICA,DESAGUADERO,0
OCTUBRE,GHANA,ÁFRICA,KASANI,0
OCTUBRE,GHANA,ÁFRICA,OTRAS OCM,4
OCTUBRE,GHANA,ÁFRICA,SANTA ROSA,0
OCTUBRE,GRANADA,AMÉRICA CENTRAL,AEROPUERTO INTERNACIONAL JORGE CHÁVEZ,38
OCTUBRE,GRANADA,AMÉRICA CENTRAL,CEBAF - TUMBES,1
OCTUBRE,GRANADA,AMÉRICA CENTRAL,DESAGUADERO,1
OCTUBRE,GRANADA,AMÉRICA CENTRAL,KASANI,8
OCTUBRE,GRANADA,AMÉRICA CENTRAL,OTRAS OCM,0
OCTUBRE,GRANADA,AMÉRICA CENTRAL,SANTA ROSA,0
OCTUBRE,GRECIA,EUROPA,AEROPUERTO INTERNACIONAL JORGE CHÁVEZ,997
OCTUBRE,GRECIA,EUROPA,CEBAF - TUMBES,2
OCTUBRE,GRECIA,EUROPA,DESAGUADERO,17
OCTUBRE,GRECIA,EUROPA,KASANI,31
OCTUBRE,GRECIA,EUROPA,OTRAS OCM,47
OCTUBRE,GRECIA,EUROPA,SANTA ROSA,10
OCTUBRE,GROENLANDIA,EUROPA,AEROPUERTO INTERNACIONAL JORGE CHÁVEZ,0
OCTUBRE,GROENLANDIA,EUROPA,CEBAF - TUMBES,0
OCTUBRE,GROENLANDIA,EUROPA,DESAGUADERO,0
OCTUBRE,GROENLANDIA,EUROPA,KASANI,0
OCTUBRE,GROENLANDIA,EUROPA,OTRAS OCM,0
OCTUBRE,GROENLANDIA,EUROPA,SANTA ROSA,0
OCTUBRE,GUATEMALA,AMÉRICA CENTRAL,AEROPUERTO INTERNACIONAL JORGE CHÁVEZ,4837
OCTUBRE,GUATEMALA,AMÉRICA CENTRAL,CEBAF - TUMBES,15
OCTUBRE,GUATEMALA,AMÉRICA CENTRAL,DESAGUADERO,13
OCTUBRE,GUATEMALA,AMÉRICA CENTRAL,KASANI,4
OCTUBRE,GUATEMALA,AMÉRICA CENTRAL,OTRAS OCM,76
OCTUBRE,GUATEMALA,AMÉRICA CENTRAL,SANTA ROSA,20
OCTUBRE,GUINEA,ÁFRICA,AEROPUERTO INTERNACIONAL JORGE CHÁVEZ,2
OCTUBRE,GUINEA,ÁFRICA,CEBAF - TUMBES,0
OCTUBRE,GUINEA,ÁFRICA,DESAGUADERO,0
OCTUBRE,GUINEA,ÁFRICA,KASANI,0
OCTUBRE,GUINEA,ÁFRICA,OTRAS OCM,0
OCTUBRE,GUINEA,ÁFRICA,SANTA ROSA,0
OCTUBRE,GUINEA BISSAU,ÁFRICA,AEROPUERTO INTERNACIONAL JORGE CHÁVEZ,1
OCTUBRE,GUINEA BISSAU,ÁFRICA,CEBAF - TUMBES,0
OCTUBRE,GUINEA BISSAU,ÁFRICA,DESAGUADERO,0
OCTUBRE,GUINEA BISSAU,ÁFRICA,KASANI,0
OCTUBRE,GUINEA BISSAU,ÁFRICA,OTRAS OCM,0
OCTUBRE,GUINEA BISSAU,ÁFRICA,SANTA ROSA,0
OCTUBRE,GUINEA ECUATORIAL,ÁFRICA,AEROPUERTO INTERNACIONAL JORGE CHÁVEZ,5
OCTUBRE,GUINEA ECUATORIAL,ÁFRICA,CEBAF - TUMBES,0
OCTUBRE,GUINEA ECUATORIAL,ÁFRICA,DESAGUADERO,0
OCTUBRE,GUINEA ECUATORIAL,ÁFRICA,KASANI,0
OCTUBRE,GUINEA ECUATORIAL,ÁFRICA,OTRAS OCM,0
OCTUBRE,GUINEA ECUATORIAL,ÁFRICA,SANTA ROSA,0
OCTUBRE,GUYANA,AMÉRICA DEL SUR,AEROPUERTO INTERNACIONAL JORGE CHÁVEZ,80
OCTUBRE,GUYANA,AMÉRICA DEL SUR,CEBAF - TUMBES,1
OCTUBRE,GUYANA,AMÉRICA DEL SUR,DESAGUADERO,0
OCTUBRE,GUYANA,AMÉRICA DEL SUR,KASANI,1
OCTUBRE,GUYANA,AMÉRICA DEL SUR,OTRAS OCM,0
OCTUBRE,GUYANA,AMÉRICA DEL SUR,SANTA ROSA,0
OCTUBRE,HAITÍ,AMÉRICA CENTRAL,AEROPUERTO INTERNACIONAL JORGE CHÁVEZ,92
OCTUBRE,HAITÍ,AMÉRICA CENTRAL,CEBAF - TUMBES,1
OCTUBRE,HAITÍ,AMÉRICA CENTRAL,DESAGUADERO,2
OCTUBRE,HAITÍ,AMÉRICA CENTRAL,KASANI,1
OCTUBRE,HAITÍ,AMÉRICA CENTRAL,OTRAS OCM,1
OCTUBRE,HAITÍ,AMÉRICA CENTRAL,SANTA ROSA,49
OCTUBRE,HONDURAS,AMÉRICA CENTRAL,AEROPUERTO INTERNACIONAL JORGE CHÁVEZ,2313
OCTUBRE,HONDURAS,AMÉRICA CENTRAL,CEBAF - TUMBES,8
OCTUBRE,HONDURAS,AMÉRICA CENTRAL,DESAGUADERO,4
OCTUBRE,HONDURAS,AMÉRICA CENTRAL,KASANI,18
OCTUBRE,HONDURAS,AMÉRICA CENTRAL,OTRAS OCM,69
OCTUBRE,HONDURAS,AMÉRICA CENTRAL,SANTA ROSA,8
OCTUBRE,HONG KONG,ASIA,AEROPUERTO INTERNACIONAL JORGE CHÁVEZ,713
OCTUBRE,HONG KONG,ASIA,CEBAF - TUMBES,2
OCTUBRE,HONG KONG,ASIA,DESAGUADERO,14
OCTUBRE,HONG KONG,ASIA,KASANI,12
OCTUBRE,HONG KONG,ASIA,OTRAS OCM,75
OCTUBRE,HONG KONG,ASIA,SANTA ROSA,22
OCTUBRE,HUNGRÍA,EUROPA,AEROPUERTO INTERNACIONAL JORGE CHÁVEZ,1965
OCTUBRE,HUNGRÍA,EUROPA,CEBAF - TUMBES,6
OCTUBRE,HUNGRÍA,EUROPA,DESAGUADERO,69
OCTUBRE,HUNGRÍA,EUROPA,KASANI,11
OCTUBRE,HUNGRÍA,EUROPA,OTRAS OCM,42
OCTUBRE,HUNGRÍA,EUROPA,SANTA ROSA,4
OCTUBRE,INDIA,ASIA,AEROPUERTO INTERNACIONAL JORGE CHÁVEZ,3246
OCTUBRE,INDIA,ASIA,CEBAF - TUMBES,9
OCTUBRE,INDIA,ASIA,DESAGUADERO,18
OCTUBRE,INDIA,ASIA,KASANI,5
OCTUBRE,INDIA,ASIA,OTRAS OCM,407
OCTUBRE,INDIA,ASIA,SANTA ROSA,20
OCTUBRE,INDONESIA,ASIA,AEROPUERTO INTERNACIONAL JORGE CHÁVEZ,838
OCTUBRE,INDONESIA,ASIA,CEBAF - TUMBES,1
OCTUBRE,INDONESIA,ASIA,DESAGUADERO,1
OCTUBRE,INDONESIA,ASIA,KASANI,6
OCTUBRE,INDONESIA,ASIA,OTRAS OCM,209
OCTUBRE,INDONESIA,ASIA,SANTA ROSA,2
OCTUBRE,IRAK,ASIA,AEROPUERTO INTERNACIONAL JORGE CHÁVEZ,6
OCTUBRE,IRAK,ASIA,CEBAF - TUMBES,0
OCTUBRE,IRAK,ASIA,DESAGUADERO,0
OCTUBRE,IRAK,ASIA,KASANI,0
OCTUBRE,IRAK,ASIA,OTRAS OCM,1
OCTUBRE,IRAK,ASIA,SANTA ROSA,0
OCTUBRE,IRLANDA,EUROPA,AEROPUERTO INTERNACIONAL JORGE CHÁVEZ,2959
OCTUBRE,IRLANDA,EUROPA,CEBAF - TUMBES,156
OCTUBRE,IRLANDA,EUROPA,DESAGUADERO,127
OCTUBRE,IRLANDA,EUROPA,KASANI,175
OCTUBRE,IRLANDA,EUROPA,OTRAS OCM,189
OCTUBRE,IRLANDA,EUROPA,SANTA ROSA,17
OCTUBRE,IRÁN,ASIA,AEROPUERTO INTERNACIONAL JORGE CHÁVEZ,101
OCTUBRE,IRÁN,ASIA,CEBAF - TUMBES,1
OCTUBRE,IRÁN,ASIA,DESAGUADERO,0
OCTUBRE,IRÁN,ASIA,KASANI,1
OCTUBRE,IRÁN,ASIA,OTRAS OCM,2
OCTUBRE,IRÁN,ASIA,SANTA ROSA,0
OCTUBRE,ISLAND MARSHALL,OCEANÍA,AEROPUERTO INTERNACIONAL JORGE CHÁVEZ,0
OCTUBRE,ISLAND MARSHALL,OCEANÍA,CEBAF - TUMBES,0
OCTUBRE,ISLAND MARSHALL,OCEANÍA,DESAGUADERO,0
OCTUBRE,ISLAND MARSHALL,OCEANÍA,KASANI,0
OCTUBRE,ISLAND MARSHALL,OCEANÍA,OTRAS OCM,0
OCTUBRE,ISLAND MARSHALL,OCEANÍA,SANTA ROSA,0
OCTUBRE,ISLANDIA,EUROPA,AEROPUERTO INTERNACIONAL JORGE CHÁVEZ,247
OCTUBRE,ISLANDIA,EUROPA,CEBAF - TUMBES,0
OCTUBRE,ISLANDIA,EUROPA,DESAGUADERO,1
OCTUBRE,ISLANDIA,EUROPA,KASANI,1
OCTUBRE,ISLANDIA,EUROPA,OTRAS OCM,15
OCTUBRE,ISLANDIA,EUROPA,SANTA ROSA,0
OCTUBRE,ISRAEL,ASIA,AEROPUERTO INTERNACIONAL JORGE CHÁVEZ,3955
OCTUBRE,ISRAEL,ASIA,CEBAF - TUMBES,127
OCTUBRE,ISRAEL,ASIA,DESAGUADERO,108
OCTUBRE,ISRAEL,ASIA,KASANI,39
OCTUBRE,ISRAEL,ASIA,OTRAS OCM,124
OCTUBRE,ISRAEL,ASIA,SANTA ROSA,9
OCTUBRE,ITALIA,EUROPA,AEROPUERTO INTERNACIONAL JORGE CHÁVEZ,20252
OCTUBRE,ITALIA,EUROPA,CEBAF - TUMBES,184
OCTUBRE,ITALIA,EUROPA,DESAGUADERO,396
OCTUBRE,ITALIA,EUROPA,KASANI,398
OCTUBRE,ITALIA,EUROPA,OTRAS OCM,402
OCTUBRE,ITALIA,EUROPA,SANTA ROSA,95
OCTUBRE,JAMAICA,AMÉRICA CENTRAL,AEROPUERTO INTERNACIONAL JORGE CHÁVEZ,407
OCTUBRE,JAMAICA,AMÉRICA CENTRAL,CEBAF - TUMBES,0
OCTUBRE,JAMAICA,AMÉRICA CENTRAL,DESAGUADERO,1
OCTUBRE,JAMAICA,AMÉRICA CENTRAL,KASANI,2
OCTUBRE,JAMAICA,AMÉRICA CENTRAL,OTRAS OCM,1
OCTUBRE,JAMAICA,AMÉRICA CENTRAL,SANTA ROSA,0
OCTUBRE,JAPÓN,ASIA,AEROPUERTO INTERNACIONAL JORGE CHÁVEZ,8103
OCTUBRE,JAPÓN,ASIA,CEBAF - TUMBES,53
OCTUBRE,JAPÓN,ASIA,DESAGUADERO,69
OCTUBRE,JAPÓN,ASIA,KASANI,43
OCTUBRE,JAPÓN,ASIA,OTRAS OCM,1670
OCTUBRE,JAPÓN,ASIA,SANTA ROSA,42
OCTUBRE,JORDANIA,ASIA,AEROPUERTO INTERNACIONAL JORGE CHÁVEZ,51
OCTUBRE,JORDANIA,ASIA,CEBAF - TUMBES,1
OCTUBRE,JORDANIA,ASIA,DESAGUADERO,1
OCTUBRE,JORDANIA,ASIA,KASANI,0
OCTUBRE,JORDANIA,ASIA,OTRAS OCM,0
OCTUBRE,JORDANIA,ASIA,SANTA ROSA,0
OCTUBRE,KATAR,ASIA,AEROPUERTO INTERNACIONAL JORGE CHÁVEZ,20
OCTUBRE,KATAR,ASIA,CEBAF - TUMBES,0
OCTUBRE,KATAR,ASIA,DESAGUADERO,0
OCTUBRE,KATAR,ASIA,KASANI,0
OCTUBRE,KATAR,ASIA,OTRAS OCM,1
OCTUBRE,KATAR,ASIA,SANTA ROSA,0
OCTUBRE,KAZAJSTÁN,ASIA,AEROPUERTO INTERNACIONAL JORGE CHÁVEZ,97
OCTUBRE,KAZAJSTÁN,ASIA,CEBAF - TUMBES,0
OCTUBRE,KAZAJSTÁN,ASIA,DESAGUADERO,0
OCTUBRE,KAZAJSTÁN,ASIA,KASANI,0
OCTUBRE,KAZAJSTÁN,ASIA,OTRAS OCM,0
OCTUBRE,KAZAJSTÁN,ASIA,SANTA ROSA,0
OCTUBRE,KENIA,ÁFRICA,AEROPUERTO INTERNACIONAL JORGE CHÁVEZ,110
OCTUBRE,KENIA,ÁFRICA,CEBAF - TUMBES,0
OCTUBRE,KENIA,ÁFRICA,DESAGUADERO,4
OCTUBRE,KENIA,ÁFRICA,KASANI,3
OCTUBRE,KENIA,ÁFRICA,OTRAS OCM,4
OCTUBRE,KENIA,ÁFRICA,SANTA ROSA,0
OCTUBRE,KIRGUISTÁN,ASIA,AEROPUERTO INTERNACIONAL JORGE CHÁVEZ,24
OCTUBRE,KIRGUISTÁN,ASIA,CEBAF - TUMBES,0
OCTUBRE,KIRGUISTÁN,ASIA,DESAGUADERO,0
OCTUBRE,KIRGUISTÁN,ASIA,KASANI,0
OCTUBRE,KIRGUISTÁN,ASIA,OTRAS OCM,0
OCTUBRE,KIRGUISTÁN,ASIA,SANTA ROSA,0
OCTUBRE,KIRIBATI,OCEANÍA,AEROPUERTO INTERNACIONAL JORGE CHÁVEZ,9
OCTUBRE,KIRIBATI,OCEANÍA,CEBAF - TUMBES,0
OCTUBRE,KIRIBATI,OCEANÍA,DESAGUADERO,0
OCTUBRE,KIRIBATI,OCEANÍA,KASANI,0
OCTUBRE,KIRIBATI,OCEANÍA,OTRAS OCM,1
OCTUBRE,KIRIBATI,OCEANÍA,SANTA ROSA,0
OCTUBRE,KUWAIT,ASIA,AEROPUERTO INTERNACIONAL JORGE CHÁVEZ,33
OCTUBRE,KUWAIT,ASIA,CEBAF - TUMBES,0
OCTUBRE,KUWAIT,ASIA,DESAGUADERO,1
OCTUBRE,KUWAIT,ASIA,KASANI,0
OCTUBRE,KUWAIT,ASIA,OTRAS OCM,0
OCTUBRE,KUWAIT,ASIA,SANTA ROSA,0
OCTUBRE,LAOS,ASIA,AEROPUERTO INTERNACIONAL JORGE CHÁVEZ,4
OCTUBRE,LAOS,ASIA,CEBAF - TUMBES,0
OCTUBRE,LAOS,ASIA,DESAGUADERO,0
OCTUBRE,LAOS,ASIA,KASANI,0
OCTUBRE,LAOS,ASIA,OTRAS OCM,0
OCTUBRE,LAOS,ASIA,SANTA ROSA,0
OCTUBRE,LESOTHO,ÁFRICA,AEROPUERTO INTERNACIONAL JORGE CHÁVEZ,4
OCTUBRE,LESOTHO,ÁFRICA,CEBAF - TUMBES,0
OCTUBRE,LESOTHO,ÁFRICA,DESAGUADERO,0
OCTUBRE,LESOTHO,ÁFRICA,KASANI,0
OCTUBRE,LESOTHO,ÁFRICA,OTRAS OCM,0
OCTUBRE,LESOTHO,ÁFRICA,SANTA ROSA,0
OCTUBRE,LETONIA,EUROPA,AEROPUERTO INTERNACIONAL JORGE CHÁVEZ,388
OCTUBRE,LETONIA,EUROPA,CEBAF - TUMBES,2
OCTUBRE,LETONIA,EUROPA,DESAGUADERO,1
OCTUBRE,LETONIA,EUROPA,KASANI,4
OCTUBRE,LETONIA,EUROPA,OTRAS OCM,11
OCTUBRE,LETONIA,EUROPA,SANTA ROSA,0
OCTUBRE,LIBERIA,ÁFRICA,AEROPUERTO INTERNACIONAL JORGE CHÁVEZ,1
OCTUBRE,LIBERIA,ÁFRICA,CEBAF - TUMBES,0
OCTUBRE,LIBERIA,ÁFRICA,DESAGUADERO,0
OCTUBRE,LIBERIA,ÁFRICA,KASANI,0
OCTUBRE,LIBERIA,ÁFRICA,OTRAS OCM,0
OCTUBRE,LIBERIA,ÁFRICA,SANTA ROSA,0
OCTUBRE,LIBIA,ÁFRICA,AEROPUERTO INTERNACIONAL JORGE CHÁVEZ,2
OCTUBRE,LIBIA,ÁFRICA,CEBAF - TUMBES,0
OCTUBRE,LIBIA,ÁFRICA,DESAGUADERO,0
OCTUBRE,LIBIA,ÁFRICA,KASANI,0
OCTUBRE,LIBIA,ÁFRICA,OTRAS OCM,0
OCTUBRE,LIBIA,ÁFRICA,SANTA ROSA,0
OCTUBRE,LIECHTENSTEIN,EUROPA,AEROPUERTO INTERNACIONAL JORGE CHÁVEZ,24
OCTUBRE,LIECHTENSTEIN,EUROPA,CEBAF - TUMBES,0
OCTUBRE,LIECHTENSTEIN,EUROPA,DESAGUADERO,3
OCTUBRE,LIECHTENSTEIN,EUROPA,KASANI,0
OCTUBRE,LIECHTENSTEIN,EUROPA,OTRAS OCM,3
OCTUBRE,LIECHTENSTEIN,EUROPA,SANTA ROSA,1
OCTUBRE,LITUANIA,EUROPA,AEROPUERTO INTERNACIONAL JORGE CHÁVEZ,880
OCTUBRE,LITUANIA,EUROPA,CEBAF - TUMBES,7
OCTUBRE,LITUANIA,EUROPA,DESAGUADERO,54
OCTUBRE,LITUANIA,EUROPA,KASANI,20
OCTUBRE,LITUANIA,EUROPA,OTRAS OCM,92
OCTUBRE,LITUANIA,EUROPA,SANTA ROSA,1
OCTUBRE,LUXEMBURGO,EUROPA,AEROPUERTO INTERNACIONAL JORGE CHÁVEZ,216
OCTUBRE,LUXEMBURGO,EUROPA,CEBAF - TUMBES,4
OCTUBRE,LUXEMBURGO,EUROPA,DESAGUADERO,2
OCTUBRE,LUXEMBURGO,EUROPA,KASANI,10
OCTUBRE,LUXEMBURGO,EUROPA,OTRAS OCM,10
OCTUBRE,LUXEMBURGO,EUROPA,SANTA ROSA,1
OCTUBRE,LÍBANO,ASIA,AEROPUERTO INTERNACIONAL JORGE CHÁVEZ,69
OCTUBRE,LÍBANO,ASIA,CEBAF - TUMBES,0
OCTUBRE,LÍBANO,ASIA,DESAGUADERO,0
OCTUBRE,LÍBANO,ASIA,KASANI,1
OCTUBRE,LÍBANO,ASIA,OTRAS OCM,0
OCTUBRE,LÍBANO,ASIA,SANTA ROSA,0
OCTUBRE,MADAGASCAR,ÁFRICA,AEROPUERTO INTERNACIONAL JORGE CHÁVEZ,9
OCTUBRE,MADAGASCAR,ÁFRICA,CEBAF - TUMBES,0
OCTUBRE,MADAGASCAR,ÁFRICA,DESAGUADERO,0
OCTUBRE,MADAGASCAR,ÁFRICA,KASANI,0
OCTUBRE,MADAGASCAR,ÁFRICA,OTRAS OCM,0
OCTUBRE,MADAGASCAR,ÁFRICA,SANTA ROSA,0
OCTUBRE,MALASIA,ASIA,AEROPUERTO INTERNACIONAL JORGE CHÁVEZ,957
OCTUBRE,MALASIA,ASIA,CEBAF - TUMBES,4
OCTUBRE,MALASIA,ASIA,DESAGUADERO,8
OCTUBRE,MALASIA,ASIA,KASANI,11
OCTUBRE,MALASIA,ASIA,OTRAS OCM,47
OCTUBRE,MALASIA,ASIA,SANTA ROSA,66
OCTUBRE,MALAWI,ÁFRICA,AEROPUERTO INTERNACIONAL JORGE CHÁVEZ,10
OCTUBRE,MALAWI,ÁFRICA,CEBAF - TUMBES,0
OCTUBRE,MALAWI,ÁFRICA,DESAGUADERO,0
OCTUBRE,MALAWI,ÁFRICA,KASANI,0
OCTUBRE,MALAWI,ÁFRICA,OTRAS OCM,0
OCTUBRE,MALAWI,ÁFRICA,SANTA ROSA,0
OCTUBRE,MALDIVAS,ASIA,AEROPUERTO INTERNACIONAL JORGE CHÁVEZ,4
OCTUBRE,MALDIVAS,ASIA,CEBAF - TUMBES,0
OCTUBRE,MALDIVAS,ASIA,DESAGUADERO,0
OCTUBRE,MALDIVAS,ASIA,KASANI,0
OCTUBRE,MALDIVAS,ASIA,OTRAS OCM,0
OCTUBRE,MALDIVAS,ASIA,SANTA ROSA,0
OCTUBRE,MALTA,EUROPA,AEROPUERTO INTERNACIONAL JORGE CHÁVEZ,164
OCTUBRE,MALTA,EUROPA,CEBAF - TUMBES,5
OCTUBRE,MALTA,EUROPA,DESAGUADERO,7
OCTUBRE,MALTA,EUROPA,KASANI,2
OCTUBRE,MALTA,EUROPA,OTRAS OCM,19
OCTUBRE,MALTA,EUROPA,SANTA ROSA,0
OCTUBRE,MALÍ,ÁFRICA,AEROPUERTO INTERNACIONAL JORGE CHÁVEZ,2
OCTUBRE,MALÍ,ÁFRICA,CEBAF - TUMBES,0
OCTUBRE,MALÍ,ÁFRICA,DESAGUADERO,0
OCTUBRE,MALÍ,ÁFRICA,KASANI,0
OCTUBRE,MALÍ,ÁFRICA,OTRAS OCM,0
OCTUBRE,MALÍ,ÁFRICA,SANTA ROSA,0
OCTUBRE,MARRUECOS,ÁFRICA,AEROPUERTO INTERNACIONAL JORGE CHÁVEZ,134
OCTUBRE,MARRUECOS,ÁFRICA,CEBAF - TUMBES,6
OCTUBRE,MARRUECOS,ÁFRICA,DESAGUADERO,8
OCTUBRE,MARRUECOS,ÁFRICA,KASANI,2
OCTUBRE,MARRUECOS,ÁFRICA,OTRAS OCM,4
OCTUBRE,MARRUECOS,ÁFRICA,SANTA ROSA,3
OCTUBRE,MAURICIO,ÁFRICA,AEROPUERTO INTERNACIONAL JORGE CHÁVEZ,20
OCTUBRE,MAURICIO,ÁFRICA,CEBAF - TUMBES,0
OCTUBRE,MAURICIO,ÁFRICA,DESAGUADERO,0
OCTUBRE,MAURICIO,ÁFRICA,KASANI,1
OCTUBRE,MAURICIO,ÁFRICA,OTRAS OCM,0
OCTUBRE,MAURICIO,ÁFRICA,SANTA ROSA,0
OCTUBRE,MAURITANIA,ÁFRICA,AEROPUERTO INTERNACIONAL JORGE CHÁVEZ,1
OCTUBRE,MAURITANIA,ÁFRICA,CEBAF - TUMBES,0
OCTUBRE,MAURITANIA,ÁFRICA,DESAGUADERO,0
OCTUBRE,MAURITANIA,ÁFRICA,KASANI,0
OCTUBRE,MAURITANIA,ÁFRICA,OTRAS OCM,1
OCTUBRE,MAURITANIA,ÁFRICA,SANTA ROSA,0
OCTUBRE,MONGOLIA,ASIA,AEROPUERTO INTERNACIONAL JORGE CHÁVEZ,64
OCTUBRE,MONGOLIA,ASIA,CEBAF - TUMBES,0
OCTUBRE,MONGOLIA,ASIA,DESAGUADERO,1
OCTUBRE,MONGOLIA,ASIA,KASANI,1
OCTUBRE,MONGOLIA,ASIA,OTRAS OCM,0
OCTUBRE,MONGOLIA,ASIA,SANTA ROSA,0
OCTUBRE,MOZAMBIQUE,ÁFRICA,AEROPUERTO INTERNACIONAL JORGE CHÁVEZ,15
OCTUBRE,MOZAMBIQUE,ÁFRICA,CEBAF - TUMBES,0
OCTUBRE,MOZAMBIQUE,ÁFRICA,DESAGUADERO,0
OCTUBRE,MOZAMBIQUE,ÁFRICA,KASANI,0
OCTUBRE,MOZAMBIQUE,ÁFRICA,OTRAS OCM,1
OCTUBRE,MOZAMBIQUE,ÁFRICA,SANTA ROSA,0
OCTUBRE,MYANMAR,ASIA,AEROPUERTO INTERNACIONAL JORGE CHÁVEZ,61
OCTUBRE,MYANMAR,ASIA,CEBAF - TUMBES,0
OCTUBRE,MYANMAR,ASIA,DESAGUADERO,0
OCTUBRE,MYANMAR,ASIA,KASANI,0
OCTUBRE,MYANMAR,ASIA,OTRAS OCM,40
OCTUBRE,MYANMAR,ASIA,SANTA ROSA,0
OCTUBRE,MÉXICO,AMÉRICA DEL NORTE,AEROPUERTO INTERNACIONAL JORGE CHÁVEZ,50499
OCTUBRE,MÉXICO,AMÉRICA DEL NORTE,CEBAF - TUMBES,135
OCTUBRE,MÉXICO,AMÉRICA DEL NORTE,DESAGUADERO,200
OCTUBRE,MÉXICO,AMÉRICA DEL NORTE,KASANI,160
OCTUBRE,MÉXICO,AMÉRICA DEL NORTE,OTRAS OCM,892
OCTUBRE,MÉXICO,AMÉRICA DEL NORTE,SANTA ROSA,235
OCTUBRE,MÓNACO,EUROPA,AEROPUERTO INTERNACIONAL JORGE CHÁVEZ,6
OCTUBRE,MÓNACO,EUROPA,CEBAF - TUMBES,0
OCTUBRE,MÓNACO,EUROPA,DESAGUADERO,1
OCTUBRE,MÓNACO,EUROPA,KASANI,0
OCTUBRE,MÓNACO,EUROPA,OTRAS OCM,2
OCTUBRE,MÓNACO,EUROPA,SANTA ROSA,0
OCTUBRE,NAMIBIA,ÁFRICA,AEROPUERTO INTERNACIONAL JORGE CHÁVEZ,9
OCTUBRE,NAMIBIA,ÁFRICA,CEBAF - TUMBES,0
OCTUBRE,NAMIBIA,ÁFRICA,DESAGUADERO,0
OCTUBRE,NAMIBIA,ÁFRICA,KASANI,0
OCTUBRE,NAMIBIA,ÁFRICA,OTRAS OCM,0
OCTUBRE,NAMIBIA,ÁFRICA,SANTA ROSA,0
OCTUBRE,NAURU,OCEANÍA,AEROPUERTO INTERNACIONAL JORGE CHÁVEZ,1
OCTUBRE,NAURU,OCEANÍA,CEBAF - TUMBES,0
OCTUBRE,NAURU,OCEANÍA,DESAGUADERO,0
OCTUBRE,NAURU,OCEANÍA,KASANI,0
OCTUBRE,NAURU,OCEANÍA,OTRAS OCM,0
OCTUBRE,NAURU,OCEANÍA,SANTA ROSA,0
OCTUBRE,NEPAL,ASIA,AEROPUERTO INTERNACIONAL JORGE CHÁVEZ,54
OCTUBRE,NEPAL,ASIA,CEBAF - TUMBES,0
OCTUBRE,NEPAL,ASIA,DESAGUADERO,0
OCTUBRE,NEPAL,ASIA,KASANI,1
OCTUBRE,NEPAL,ASIA,OTRAS OCM,4
OCTUBRE,NEPAL,ASIA,SANTA ROSA,0
OCTUBRE,NICARAGUA,AMÉRICA CENTRAL,AEROPUERTO INTERNACIONAL JORGE CHÁVEZ,705
OCTUBRE,NICARAGUA,AMÉRICA CENTRAL,CEBAF - TUMBES,0
OCTUBRE,NICARAGUA,AMÉRICA CENTRAL,DESAGUADERO,1
OCTUBRE,NICARAGUA,AMÉRICA CENTRAL,KASANI,0
OCTUBRE,NICARAGUA,AMÉRICA CENTRAL,OTRAS OCM,9
OCTUBRE,NICARAGUA,AMÉRICA CENTRAL,SANTA ROSA,14
OCTUBRE,NIGERIA,ÁFRICA,AEROPUERTO INTERNACIONAL JORGE CHÁVEZ,64
OCTUBRE,NIGERIA,ÁFRICA,CEBAF - TUMBES,0
OCTUBRE,NIGERIA,ÁFRICA,DESAGUADERO,0
OCTUBRE,NIGERIA,ÁFRICA,KASANI,0
OCTUBRE,NIGERIA,ÁFRICA,OTRAS OCM,1
OCTUBRE,NIGERIA,ÁFRICA,SANTA ROSA,0
OCTUBRE,NORUEGA,EUROPA,AEROPUERTO INTERNACIONAL JORGE CHÁVEZ,2008
OCTUBRE,NORUEGA,EUROPA,CEBAF - TUMBES,52
OCTUBRE,NORUEGA,EUROPA,DESAGUADERO,72
OCTUBRE,NORUEGA,EUROPA,KASANI,38
OCTUBRE,NORUEGA,EUROPA,OTRAS OCM,148
OCTUBRE,NORUEGA,EUROPA,SANTA ROSA,6
OCTUBRE,NUEVA ZELANDIA,OCEANÍA,AEROPUERTO INTERNACIONAL JORGE CHÁVEZ,1772
OCTUBRE,NUEVA ZELANDIA,OCEANÍA,CEBAF - TUMBES,58
OCTUBRE,NUEVA ZELANDIA,OCEANÍA,DESAGUADERO,34
OCTUBRE,NUEVA ZELANDIA,OCEANÍA,KASANI,102
OCTUBRE,NUEVA ZELANDIA,OCEANÍA,OTRAS OCM,257
OCTUBRE,NUEVA ZELANDIA,OCEANÍA,SANTA ROSA,19
OCTUBRE,NÍGER,ÁFRICA,AEROPUERTO INTERNACIONAL JORGE CHÁVEZ,0
OCTUBRE,NÍGER,ÁFRICA,CEBAF - TUMBES,0
OCTUBRE,NÍGER,ÁFRICA,DESAGUADERO,0
OCTUBRE,NÍGER,ÁFRICA,KASANI,0
OCTUBRE,NÍGER,ÁFRICA,OTRAS OCM,0
OCTUBRE,NÍGER,ÁFRICA,SANTA ROSA,0
OCTUBRE,OMÁN,ASIA,AEROPUERTO INTERNACIONAL JORGE CHÁVEZ,17
OCTUBRE,OMÁN,ASIA,CEBAF - TUMBES,0
OCTUBRE,OMÁN,ASIA,DESAGUADERO,1
OCTUBRE,OMÁN,ASIA,KASANI,0
OCTUBRE,OMÁN,ASIA,OTRAS OCM,0
OCTUBRE,OMÁN,ASIA,SANTA ROSA,0
OCTUBRE,PAKISTÁN,ASIA,AEROPUERTO INTERNACIONAL JORGE CHÁVEZ,83
OCTUBRE,PAKISTÁN,ASIA,CEBAF - TUMBES,3
OCTUBRE,PAKISTÁN,ASIA,DESAGUADERO,4
OCTUBRE,PAKISTÁN,ASIA,KASANI,1
OCTUBRE,PAKISTÁN,ASIA,OTRAS OCM,1
OCTUBRE,PAKISTÁN,ASIA,SANTA ROSA,107
OCTUBRE,PALESTINA,ASIA,AEROPUERTO INTERNACIONAL JORGE CHÁVEZ,16
OCTUBRE,PALESTINA,ASIA,CEBAF - TUMBES,0
OCTUBRE,PALESTINA,ASIA,DESAGUADERO,0
OCTUBRE,PALESTINA,ASIA,KASANI,0
OCTUBRE,PALESTINA,ASIA,OTRAS OCM,0
OCTUBRE,PALESTINA,ASIA,SANTA ROSA,0
OCTUBRE,PANAMÁ,AMÉRICA CENTRAL,AEROPUERTO INTERNACIONAL JORGE CHÁVEZ,9626
OCTUBRE,PANAMÁ,AMÉRICA CENTRAL,CEBAF - TUMBES,7
OCTUBRE,PANAMÁ,AMÉRICA CENTRAL,DESAGUADERO,11
OCTUBRE,PANAMÁ,AMÉRICA CENTRAL,KASANI,4
OCTUBRE,PANAMÁ,AMÉRICA CENTRAL,OTRAS OCM,150
OCTUBRE,PANAMÁ,AMÉRICA CENTRAL,SANTA ROSA,66
OCTUBRE,PAPÚA (NG),OCEANÍA,AEROPUERTO INTERNACIONAL JORGE CHÁVEZ,3
OCTUBRE,PAPÚA (NG),OCEANÍA,CEBAF - TUMBES,0
OCTUBRE,PAPÚA (NG),OCEANÍA,DESAGUADERO,0
OCTUBRE,PAPÚA (NG),OCEANÍA,KASANI,0
OCTUBRE,PAPÚA (NG),OCEANÍA,OTRAS OCM,0
OCTUBRE,PAPÚA (NG),OCEANÍA,SANTA ROSA,1
OCTUBRE,PARAGUAY,AMÉRICA DEL SUR,AEROPUERTO INTERNACIONAL JORGE CHÁVEZ,3752
OCTUBRE,PARAGUAY,AMÉRICA DEL SUR,CEBAF - TUMBES,28
OCTUBRE,PARAGUAY,AMÉRICA DEL SUR,DESAGUADERO,139
OCTUBRE,PARAGUAY,AMÉRICA DEL SUR,KASANI,29
OCTUBRE,PARAGUAY,AMÉRICA DEL SUR,OTRAS OCM,17
OCTUBRE,PARAGUAY,AMÉRICA DEL SUR,SANTA ROSA,233
OCTUBRE,PAÍSES BAJOS (HOLANDA),EUROPA,AEROPUERTO INTERNACIONAL JORGE CHÁVEZ,12491
OCTUBRE,PAÍSES BAJOS (HOLANDA),EUROPA,CEBAF - TUMBES,265
OCTUBRE,PAÍSES BAJOS (HOLANDA),EUROPA,DESAGUADERO,449
OCTUBRE,PAÍSES BAJOS (HOLANDA),EUROPA,KASANI,483
OCTUBRE,PAÍSES BAJOS (HOLANDA),EUROPA,OTRAS OCM,431
OCTUBRE,PAÍSES BAJOS (HOLANDA),EUROPA,SANTA ROSA,87
OCTUBRE,POLONIA,EUROPA,AEROPUERTO INTERNACIONAL JORGE CHÁVEZ,5389
OCTUBRE,POLONIA,EUROPA,CEBAF - TUMBES,62
OCTUBRE,POLONIA,EUROPA,DESAGUADERO,529
OCTUBRE,POLONIA,EUROPA,KASANI,591
OCTUBRE,POLONIA,EUROPA,OTRAS OCM,147
OCTUBRE,POLONIA,EUROPA,SANTA ROSA,25
OCTUBRE,PORTUGAL,EUROPA,AEROPUERTO INTERNACIONAL JORGE CHÁVEZ,3384
OCTUBRE,PORTUGAL,EUROPA,CEBAF - TUMBES,27
OCTUBRE,PORTUGAL,EUROPA,DESAGUADERO,62
OCTUBRE,PORTUGAL,EUROPA,KASANI,75
OCTUBRE,PORTUGAL,EUROPA,OTRAS OCM,90
OCTUBRE,PORTUGAL,EUROPA,SANTA ROSA,37
OCTUBRE,PTO. RICO,AMÉRICA CENTRAL,AEROPUERTO INTERNACIONAL JORGE CHÁVEZ,782
OCTUBRE,PTO. RICO,AMÉRICA CENTRAL,CEBAF - TUMBES,1
OCTUBRE,PTO. RICO,AMÉRICA CENTRAL,DESAGUADERO,1
OCTUBRE,PTO. RICO,AMÉRICA CENTRAL,KASANI,2
OCTUBRE,PTO. RICO,AMÉRICA CENTRAL,OTRAS OCM,4
OCTUBRE,PTO. RICO,AMÉRICA CENTRAL,SANTA ROSA,2
OCTUBRE,R.F. YUGOSLAVIA,EUROPA,AEROPUERTO INTERNACIONAL JORGE CHÁVEZ,0
OCTUBRE,R.F. YUGOSLAVIA,EUROPA,CEBAF - TUMBES,0
OCTUBRE,R.F. YUGOSLAVIA,EUROPA,DESAGUADERO,0
OCTUBRE,R.F. YUGOSLAVIA,EUROPA,KASANI,0
OCTUBRE,R.F. YUGOSLAVIA,EUROPA,OTRAS OCM,0
OCTUBRE,R.F. YUGOSLAVIA,EUROPA,SANTA ROSA,0
OCTUBRE,REINO UNIDO,EUROPA,AEROPUERTO INTERNACIONAL JORGE CHÁVEZ,24624
OCTUBRE,REINO UNIDO,EUROPA,CEBAF - TUMBES,704
OCTUBRE,REINO UNIDO,EUROPA,DESAGUADERO,569
OCTUBRE,REINO UNIDO,EUROPA,KASANI,954
OCTUBRE,REINO UNIDO,EUROPA,OTRAS OCM,2404
OCTUBRE,REINO UNIDO,EUROPA,SANTA ROSA,116
OCTUBRE,REP. CENTROAFRICANA,ÁFRICA,AEROPUERTO INTERNACIONAL JORGE CHÁVEZ,0
OCTUBRE,REP. CENTROAFRICANA,ÁFRICA,CEBAF - TUMBES,0
OCTUBRE,REP. CENTROAFRICANA,ÁFRICA,DESAGUADERO,0
OCTUBRE,REP. CENTROAFRICANA,ÁFRICA,KASANI,0
OCTUBRE,REP. CENTROAFRICANA,ÁFRICA,OTRAS OCM,0
OCTUBRE,REP. CENTROAFRICANA,ÁFRICA,SANTA ROSA,0
OCTUBRE,REP. CHECA,EUROPA,AEROPUERTO INTERNACIONAL JORGE CHÁVEZ,2418
OCTUBRE,REP. CHECA,EUROPA,CEBAF - TUMBES,30
OCTUBRE,REP. CHECA,EUROPA,DESAGUADERO,210
OCTUBRE,REP. CHECA,EUROPA,KASANI,145
OCTUBRE,REP. CHECA,EUROPA,OTRAS OCM,78
OCTUBRE,REP. CHECA,EUROPA,SANTA ROSA,24
OCTUBRE,REP. DOMINICANA,AMÉRICA CENTRAL,AEROPUERTO INTERNACIONAL JORGE CHÁVEZ,4682
OCTUBRE,REP. DOMINICANA,AMÉRICA CENTRAL,CEBAF - TUMBES,229
OCTUBRE,REP. DOMINICANA,AMÉRICA CENTRAL,DESAGUADERO,11
OCTUBRE,REP. DOMINICANA,AMÉRICA CENTRAL,KASANI,12
OCTUBRE,REP. DOMINICANA,AMÉRICA CENTRAL,OTRAS OCM,82
OCTUBRE,REP. DOMINICANA,AMÉRICA CENTRAL,SANTA ROSA,131
OCTUBRE,REP. MOLDOVA,EUROPA,AEROPUERTO INTERNACIONAL JORGE CHÁVEZ,6
OCTUBRE,REP. MOLDOVA,EUROPA,CEBAF - TUMBES,1
OCTUBRE,REP. MOLDOVA,EUROPA,DESAGUADERO,0
OCTUBRE,REP. MOLDOVA,EUROPA,KASANI,0
OCTUBRE,REP. MOLDOVA,EUROPA,OTRAS OCM,0
OCTUBRE,REP. MOLDOVA,EUROPA,SANTA ROSA,0
OCTUBRE,RESTO DEL MUNDO,RESTO DEL MUNDO,AEROPUERTO INTERNACIONAL JORGE CHÁVEZ,607
OCTUBRE,RESTO DEL MUNDO,RESTO DEL MUNDO,CEBAF - TUMBES,5
OCTUBRE,RESTO DEL MUNDO,RESTO DEL MUNDO,DESAGUADERO,2
OCTUBRE,RESTO DEL MUNDO,RESTO DEL MUNDO,KASANI,3
OCTUBRE,RESTO DEL MUNDO,RESTO DEL MUNDO,OTRAS OCM,15
OCTUBRE,RESTO DEL MUNDO,RESTO DEL MUNDO,SANTA ROSA,5
OCTUBRE,RUMANIA,EUROPA,AEROPUERTO INTERNACIONAL JORGE CHÁVEZ,2463
OCTUBRE,RUMANIA,EUROPA,CEBAF - TUMBES,15
OCTUBRE,RUMANIA,EUROPA,DESAGUADERO,10
OCTUBRE,RUMANIA,EUROPA,KASANI,131
OCTUBRE,RUMANIA,EUROPA,OTRAS OCM,79
OCTUBRE,RUMANIA,EUROPA,SANTA ROSA,5
OCTUBRE,RUSIA,EUROPA,AEROPUERTO INTERNACIONAL JORGE CHÁVEZ,3976
OCTUBRE,RUSIA,EUROPA,CEBAF - TUMBES,44
OCTUBRE,RUSIA,EUROPA,DESAGUADERO,69
OCTUBRE,RUSIA,EUROPA,KASANI,34
OCTUBRE,RUSIA,EUROPA,OTRAS OCM,204
OCTUBRE,RUSIA,EUROPA,SANTA ROSA,45
OCTUBRE,RWANDA,ÁFRICA,AEROPUERTO INTERNACIONAL JORGE CHÁVEZ,5
OCTUBRE,RWANDA,ÁFRICA,CEBAF - TUMBES,0
OCTUBRE,RWANDA,ÁFRICA,DESAGUADERO,0
OCTUBRE,RWANDA,ÁFRICA,KASANI,0
OCTUBRE,RWANDA,ÁFRICA,OTRAS OCM,0
OCTUBRE,RWANDA,ÁFRICA,SANTA ROSA,0
OCTUBRE,SAINT KITIS Y NEVIS,AMÉRICA CENTRAL,AEROPUERTO INTERNACIONAL JORGE CHÁVEZ,11
OCTUBRE,SAINT KITIS Y NEVIS,AMÉRICA CENTRAL,CEBAF - TUMBES,0
OCTUBRE,SAINT KITIS Y NEVIS,AMÉRICA CENTRAL,DESAGUADERO,0
OCTUBRE,SAINT KITIS Y NEVIS,AMÉRICA CENTRAL,KASANI,0
OCTUBRE,SAINT KITIS Y NEVIS,AMÉRICA CENTRAL,OTRAS OCM,2
OCTUBRE,SAINT KITIS Y NEVIS,AMÉRICA CENTRAL,SANTA ROSA,0
OCTUBRE,SALOMÓN ISLA,OCEANÍA,AEROPUERTO INTERNACIONAL JORGE CHÁVEZ,27
OCTUBRE,SALOMÓN ISLA,OCEANÍA,CEBAF - TUMBES,0
OCTUBRE,SALOMÓN ISLA,OCEANÍA,DESAGUADERO,0
OCTUBRE,SALOMÓN ISLA,OCEANÍA,KASANI,0
OCTUBRE,SALOMÓN ISLA,OCEANÍA,OTRAS OCM,0
OCTUBRE,SALOMÓN ISLA,OCEANÍA,SANTA ROSA,0
OCTUBRE,SAMOA OCCIDENTAL,OCEANÍA,AEROPUERTO INTERNACIONAL JORGE CHÁVEZ,2
OCTUBRE,SAMOA OCCIDENTAL,OCEANÍA,CEBAF - TUMBES,0
OCTUBRE,SAMOA OCCIDENTAL,OCEANÍA,DESAGUADERO,0
OCTUBRE,SAMOA OCCIDENTAL,OCEANÍA,KASANI,0
OCTUBRE,SAMOA OCCIDENTAL,OCEANÍA,OTRAS OCM,2
OCTUBRE,SAMOA OCCIDENTAL,OCEANÍA,SANTA ROSA,0
OCTUBRE,SAN MARINO,EUROPA,AEROPUERTO INTERNACIONAL JORGE CHÁVEZ,10
OCTUBRE,SAN MARINO,EUROPA,CEBAF - TUMBES,0
OCTUBRE,SAN MARINO,EUROPA,DESAGUADERO,1
OCTUBRE,SAN MARINO,EUROPA,KASANI,0
OCTUBRE,SAN MARINO,EUROPA,OTRAS OCM,1
OCTUBRE,SAN MARINO,EUROPA,SANTA ROSA,0
OCTUBRE,SAN VIC. GRANADINAS,AMÉRICA CENTRAL,AEROPUERTO INTERNACIONAL JORGE CHÁVEZ,11
OCTUBRE,SAN VIC. GRANADINAS,AMÉRICA CENTRAL,CEBAF - TUMBES,0
OCTUBRE,SAN VIC. GRANADINAS,AMÉRICA CENTRAL,DESAGUADERO,0
OCTUBRE,SAN VIC. GRANADINAS,AMÉRICA CENTRAL,KASANI,0
OCTUBRE,SAN VIC. GRANADINAS,AMÉRICA CENTRAL,OTRAS OCM,0
OCTUBRE,SAN VIC. GRANADINAS,AMÉRICA CENTRAL,SANTA ROSA,0
OCTUBRE,SANTA LUCÍA,AMÉRICA CENTRAL,AEROPUERTO INTERNACIONAL JORGE CHÁVEZ,27
OCTUBRE,SANTA LUCÍA,AMÉRICA CENTRAL,CEBAF - TUMBES,0
OCTUBRE,SANTA LUCÍA,AMÉRICA CENTRAL,DESAGUADERO,0
OCTUBRE,SANTA LUCÍA,AMÉRICA CENTRAL,KASANI,0
OCTUBRE,SANTA LUCÍA,AMÉRICA CENTRAL,OTRAS OCM,0
OCTUBRE,SANTA LUCÍA,AMÉRICA CENTRAL,SANTA ROSA,0
OCTUBRE,SENEGAL,ÁFRICA,AEROPUERTO INTERNACIONAL JORGE CHÁVEZ,11
OCTUBRE,SENEGAL,ÁFRICA,CEBAF - TUMBES,0
OCTUBRE,SENEGAL,ÁFRICA,DESAGUADERO,0
OCTUBRE,SENEGAL,ÁFRICA,KASANI,0
OCTUBRE,SENEGAL,ÁFRICA,OTRAS OCM,1
OCTUBRE,SENEGAL,ÁFRICA,SANTA ROSA,0
OCTUBRE,SEYCHELLES,ÁFRICA,AEROPUERTO INTERNACIONAL JORGE CHÁVEZ,4
OCTUBRE,SEYCHELLES,ÁFRICA,CEBAF - TUMBES,0
OCTUBRE,SEYCHELLES,ÁFRICA,DESAGUADERO,0
OCTUBRE,SEYCHELLES,ÁFRICA,KASANI,0
OCTUBRE,SEYCHELLES,ÁFRICA,OTRAS OCM,1
OCTUBRE,SEYCHELLES,ÁFRICA,SANTA ROSA,0
OCTUBRE,SIERRA LEONA,ÁFRICA,AEROPUERTO INTERNACIONAL JORGE CHÁVEZ,2
OCTUBRE,SIERRA LEONA,ÁFRICA,CEBAF - TUMBES,0
OCTUBRE,SIERRA LEONA,ÁFRICA,DESAGUADERO,0
OCTUBRE,SIERRA LEONA,ÁFRICA,KASANI,0
OCTUBRE,SIERRA LEONA,ÁFRICA,OTRAS OCM,0
OCTUBRE,SIERRA LEONA,ÁFRICA,SANTA ROSA,0
OCTUBRE,SIKKIM,ASIA,AEROPUERTO INTERNACIONAL JORGE CHÁVEZ,0
OCTUBRE,SIKKIM,ASIA,CEBAF - TUMBES,0
OCTUBRE,SIKKIM,ASIA,DESAGUADERO,0
OCTUBRE,SIKKIM,ASIA,KASANI,0
OCTUBRE,SIKKIM,ASIA,OTRAS OCM,0
OCTUBRE,SIKKIM,ASIA,SANTA ROSA,0
OCTUBRE,SINGAPUR,ASIA,AEROPUERTO INTERNACIONAL JORGE CHÁVEZ,1117
OCTUBRE,SINGAPUR,ASIA,CEBAF - TUMBES,8
OCTUBRE,SINGAPUR,ASIA,DESAGUADERO,6
OCTUBRE,SINGAPUR,ASIA,KASANI,9
OCTUBRE,SINGAPUR,ASIA,OTRAS OCM,139
OCTUBRE,SINGAPUR,ASIA,SANTA ROSA,6
OCTUBRE,SIRIA,ASIA,AEROPUERTO INTERNACIONAL JORGE CHÁVEZ,19
OCTUBRE,SIRIA,ASIA,CEBAF - TUMBES,1
OCTUBRE,SIRIA,ASIA,DESAGUADERO,0
OCTUBRE,SIRIA,ASIA,KASANI,0
OCTUBRE,SIRIA,ASIA,OTRAS OCM,0
OCTUBRE,SIRIA,ASIA,SANTA ROSA,0
OCTUBRE,SOMALIA,ÁFRICA,AEROPUERTO INTERNACIONAL JORGE CHÁVEZ,2
OCTUBRE,SOMALIA,ÁFRICA,CEBAF - TUMBES,0
OCTUBRE,SOMALIA,ÁFRICA,DESAGUADERO,0
OCTUBRE,SOMALIA,ÁFRICA,KASANI,0
OCTUBRE,SOMALIA,ÁFRICA,OTRAS OCM,0
OCTUBRE,SOMALIA,ÁFRICA,SANTA ROSA,0
OCTUBRE,SRI LANKA,ASIA,AEROPUERTO INTERNACIONAL JORGE CHÁVEZ,38
OCTUBRE,SRI LANKA,ASIA,CEBAF - TUMBES,0
OCTUBRE,SRI LANKA,ASIA,DESAGUADERO,11
OCTUBRE,SRI LANKA,ASIA,KASANI,3
OCTUBRE,SRI LANKA,ASIA,OTRAS OCM,11
OCTUBRE,SRI LANKA,ASIA,SANTA ROSA,0
OCTUBRE,STO. TOMÉ Y PRÍNCIPE,ÁFRICA,AEROPUERTO INTERNACIONAL JORGE CHÁVEZ,1
OCTUBRE,STO. TOMÉ Y PRÍNCIPE,ÁFRICA,CEBAF - TUMBES,0
OCTUBRE,STO. TOMÉ Y PRÍNCIPE,ÁFRICA,DESAGUADERO,0
OCTUBRE,STO. TOMÉ Y PRÍNCIPE,ÁFRICA,KASANI,0
OCTUBRE,STO. TOMÉ Y PRÍNCIPE,ÁFRICA,OTRAS OCM,0
OCTUBRE,STO. TOMÉ Y PRÍNCIPE,ÁFRICA,SANTA ROSA,0
OCTUBRE,SUDÁFRICA,ÁFRICA,AEROPUERTO INTERNACIONAL JORGE CHÁVEZ,988
OCTUBRE,SUDÁFRICA,ÁFRICA,CEBAF - TUMBES,24
OCTUBRE,SUDÁFRICA,ÁFRICA,DESAGUADERO,15
OCTUBRE,SUDÁFRICA,ÁFRICA,KASANI,11
OCTUBRE,SUDÁFRICA,ÁFRICA,OTRAS OCM,45
OCTUBRE,SUDÁFRICA,ÁFRICA,SANTA ROSA,19
OCTUBRE,SUDÁN,ÁFRICA,AEROPUERTO INTERNACIONAL JORGE CHÁVEZ,9
OCTUBRE,SUDÁN,ÁFRICA,CEBAF - TUMBES,0
OCTUBRE,SUDÁN,ÁFRICA,DESAGUADERO,0
OCTUBRE,SUDÁN,ÁFRICA,KASANI,0
OCTUBRE,SUDÁN,ÁFRICA,OTRAS OCM,0
OCTUBRE,SUDÁN,ÁFRICA,SANTA ROSA,0
OCTUBRE,SUECIA,EUROPA,AEROPUERTO INTERNACIONAL JORGE CHÁVEZ,3465
OCTUBRE,SUECIA,EUROPA,CEBAF - TUMBES,33
OCTUBRE,SUECIA,EUROPA,DESAGUADERO,75
OCTUBRE,SUECIA,EUROPA,KASANI,103
OCTUBRE,SUECIA,EUROPA,OTRAS OCM,117
OCTUBRE,SUECIA,EUROPA,SANTA ROSA,35
OCTUBRE,SUIZA,EUROPA,AEROPUERTO INTERNACIONAL JORGE CHÁVEZ,7513
OCTUBRE,SUIZA,EUROPA,CEBAF - TUMBES,190
OCTUBRE,SUIZA,EUROPA,DESAGUADERO,269
OCTUBRE,SUIZA,EUROPA,KASANI,343
OCTUBRE,SUIZA,EUROPA,OTRAS OCM,314
OCTUBRE,SUIZA,EUROPA,SANTA ROSA,87
OCTUBRE,SURINAM,AMÉRICA DEL SUR,AEROPUERTO INTERNACIONAL JORGE CHÁVEZ,132
OCTUBRE,SURINAM,AMÉRICA DEL SUR,CEBAF - TUMBES,0
OCTUBRE,SURINAM,AMÉRICA DEL SUR,DESAGUADERO,0
OCTUBRE,SURINAM,AMÉRICA DEL SUR,KASANI,0
OCTUBRE,SURINAM,AMÉRICA DEL SUR,OTRAS OCM,0
OCTUBRE,SURINAM,AMÉRICA DEL SUR,SANTA ROSA,0
OCTUBRE,SWAZILANDIA,ÁFRICA,AEROPUERTO INTERNACIONAL JORGE CHÁVEZ,4
OCTUBRE,SWAZILANDIA,ÁFRICA,CEBAF - TUMBES,0
OCTUBRE,SWAZILANDIA,ÁFRICA,DESAGUADERO,0
OCTUBRE,SWAZILANDIA,ÁFRICA,KASANI,0
OCTUBRE,SWAZILANDIA,ÁFRICA,OTRAS OCM,0
OCTUBRE,SWAZILANDIA,ÁFRICA,SANTA ROSA,0
OCTUBRE,TAILANDIA,ASIA,AEROPUERTO INTERNACIONAL JORGE CHÁVEZ,568
OCTUBRE,TAILANDIA,ASIA,CEBAF - TUMBES,6
OCTUBRE,TAILANDIA,ASIA,DESAGUADERO,2
OCTUBRE,TAILANDIA,ASIA,KASANI,1
OCTUBRE,TAILANDIA,ASIA,OTRAS OCM,74
OCTUBRE,TAILANDIA,ASIA,SANTA ROSA,1
OCTUBRE,TAIWÁN,ASIA,AEROPUERTO INTERNACIONAL JORGE CHÁVEZ,2297
OCTUBRE,TAIWÁN,ASIA,CEBAF - TUMBES,16
OCTUBRE,TAIWÁN,ASIA,DESAGUADERO,71
OCTUBRE,TAIWÁN,ASIA,KASANI,19
OCTUBRE,TAIWÁN,ASIA,OTRAS OCM,165
OCTUBRE,TAIWÁN,ASIA,SANTA ROSA,20
OCTUBRE,TANZANIA,ÁFRICA,AEROPUERTO INTERNACIONAL JORGE CHÁVEZ,20
OCTUBRE,TANZANIA,ÁFRICA,CEBAF - TUMBES,0
OCTUBRE,TANZANIA,ÁFRICA,DESAGUADERO,0
OCTUBRE,TANZANIA,ÁFRICA,KASANI,0
OCTUBRE,TANZANIA,ÁFRICA,OTRAS OCM,3
OCTUBRE,TANZANIA,ÁFRICA,SANTA ROSA,0
OCTUBRE,TAYIKISTÁN,ASIA,AEROPUERTO INTERNACIONAL JORGE CHÁVEZ,4
OCTUBRE,TAYIKISTÁN,ASIA,CEBAF - TUMBES,0
OCTUBRE,TAYIKISTÁN,ASIA,DESAGUADERO,1
OCTUBRE,TAYIKISTÁN,ASIA,KASANI,0
OCTUBRE,TAYIKISTÁN,ASIA,OTRAS OCM,0
OCTUBRE,TAYIKISTÁN,ASIA,SANTA ROSA,0
OCTUBRE,TOGO,ÁFRICA,AEROPUERTO INTERNACIONAL JORGE CHÁVEZ,4
OCTUBRE,TOGO,ÁFRICA,CEBAF - TUMBES,0
OCTUBRE,TOGO,ÁFRICA,DESAGUADERO,0
OCTUBRE,TOGO,ÁFRICA,KASANI,0
OCTUBRE,TOGO,ÁFRICA,OTRAS OCM,0
OCTUBRE,TOGO,ÁFRICA,SANTA ROSA,0
OCTUBRE,TONGA,OCEANÍA,AEROPUERTO INTERNACIONAL JORGE CHÁVEZ,3
OCTUBRE,TONGA,OCEANÍA,CEBAF - TUMBES,0
OCTUBRE,TONGA,OCEANÍA,DESAGUADERO,0
OCTUBRE,TONGA,OCEANÍA,KASANI,0
OCTUBRE,TONGA,OCEANÍA,OTRAS OCM,0
OCTUBRE,TONGA,OCEANÍA,SANTA ROSA,0
OCTUBRE,TRINIDAD Y TOBAGO,AMÉRICA CENTRAL,AEROPUERTO INTERNACIONAL JORGE CHÁVEZ,236
OCTUBRE,TRINIDAD Y TOBAGO,AMÉRICA CENTRAL,CEBAF - TUMBES,0
OCTUBRE,TRINIDAD Y TOBAGO,AMÉRICA CENTRAL,DESAGUADERO,0
OCTUBRE,TRINIDAD Y TOBAGO,AMÉRICA CENTRAL,KASANI,0
OCTUBRE,TRINIDAD Y TOBAGO,AMÉRICA CENTRAL,OTRAS OCM,4
OCTUBRE,TRINIDAD Y TOBAGO,AMÉRICA CENTRAL,SANTA ROSA,0
OCTUBRE,TURKMENISTÁN,ASIA,AEROPUERTO INTERNACIONAL JORGE CHÁVEZ,0
OCTUBRE,TURKMENISTÁN,ASIA,CEBAF - TUMBES,0
OCTUBRE,TURKMENISTÁN,ASIA,DESAGUADERO,0
OCTUBRE,TURKMENISTÁN,ASIA,KASANI,0
OCTUBRE,TURKMENISTÁN,ASIA,OTRAS OCM,0
OCTUBRE,TURKMENISTÁN,ASIA,SANTA ROSA,0
OCTUBRE,TURQUÍA,ASIA,AEROPUERTO INTERNACIONAL JORGE CHÁVEZ,1554
OCTUBRE,TURQUÍA,ASIA,CEBAF - TUMBES,16
OCTUBRE,TURQUÍA,ASIA,DESAGUADERO,97
OCTUBRE,TURQUÍA,ASIA,KASANI,18
OCTUBRE,TURQUÍA,ASIA,OTRAS OCM,129
OCTUBRE,TURQUÍA,ASIA,SANTA ROSA,46
OCTUBRE,TUVALU,OCEANÍA,AEROPUERTO INTERNACIONAL JORGE CHÁVEZ,0
OCTUBRE,TUVALU,OCEANÍA,CEBAF - TUMBES,0
OCTUBRE,TUVALU,OCEANÍA,DESAGUADERO,0
OCTUBRE,TUVALU,OCEANÍA,KASANI,0
OCTUBRE,TUVALU,OCEANÍA,OTRAS OCM,0
OCTUBRE,TUVALU,OCEANÍA,SANTA ROSA,0
OCTUBRE,TÚNEZ,ÁFRICA,AEROPUERTO INTERNACIONAL JORGE CHÁVEZ,26
OCTUBRE,TÚNEZ,ÁFRICA,CEBAF - TUMBES,0
OCTUBRE,TÚNEZ,ÁFRICA,DESAGUADERO,2
OCTUBRE,TÚNEZ,ÁFRICA,KASANI,0
OCTUBRE,TÚNEZ,ÁFRICA,OTRAS OCM,7
OCTUBRE,TÚNEZ,ÁFRICA,SANTA ROSA,0
OCTUBRE,UCRANIA,EUROPA,AEROPUERTO INTERNACIONAL JORGE CHÁVEZ,1307
OCTUBRE,UCRANIA,EUROPA,CEBAF - TUMBES,9
OCTUBRE,UCRANIA,EUROPA,DESAGUADERO,50
OCTUBRE,UCRANIA,EUROPA,KASANI,6
OCTUBRE,UCRANIA,EUROPA,OTRAS OCM,152
OCTUBRE,UCRANIA,EUROPA,SANTA ROSA,10
OCTUBRE,UGANDA,ÁFRICA,AEROPUERTO INTERNACIONAL JORGE CHÁVEZ,29
OCTUBRE,UGANDA,ÁFRICA,CEBAF - TUMBES,0
OCTUBRE,UGANDA,ÁFRICA,DESAGUADERO,1
OCTUBRE,UGANDA,ÁFRICA,KASANI,0
OCTUBRE,UGANDA,ÁFRICA,OTRAS OCM,0
OCTUBRE,UGANDA,ÁFRICA,SANTA ROSA,0
OCTUBRE,URUGUAY,AMÉRICA DEL SUR,AEROPUERTO INTERNACIONAL JORGE CHÁVEZ,7250
OCTUBRE,URUGUAY,AMÉRICA DEL SUR,CEBAF - TUMBES,34
OCTUBRE,URUGUAY,AMÉRICA DEL SUR,DESAGUADERO,69
OCTUBRE,URUGUAY,AMÉRICA DEL SUR,KASANI,55
OCTUBRE,URUGUAY,AMÉRICA DEL SUR,OTRAS OCM,276
OCTUBRE,URUGUAY,AMÉRICA DEL SUR,SANTA ROSA,246
OCTUBRE,UZBEKISTÁN,ASIA,AEROPUERTO INTERNACIONAL JORGE CHÁVEZ,32
OCTUBRE,UZBEKISTÁN,ASIA,CEBAF - TUMBES,0
OCTUBRE,UZBEKISTÁN,ASIA,DESAGUADERO,0
OCTUBRE,UZBEKISTÁN,ASIA,KASANI,0
OCTUBRE,UZBEKISTÁN,ASIA,OTRAS OCM,0
OCTUBRE,UZBEKISTÁN,ASIA,SANTA ROSA,0
OCTUBRE,VANUATU,OCEANÍA,AEROPUERTO INTERNACIONAL JORGE CHÁVEZ,5
OCTUBRE,VANUATU,OCEANÍA,CEBAF - TUMBES,0
OCTUBRE,VANUATU,OCEANÍA,DESAGUADERO,0
OCTUBRE,VANUATU,OCEANÍA,KASANI,0
OCTUBRE,VANUATU,OCEANÍA,OTRAS OCM,0
OCTUBRE,VANUATU,OCEANÍA,SANTA ROSA,0
OCTUBRE,VATICANO,EUROPA,AEROPUERTO INTERNACIONAL JORGE CHÁVEZ,3
OCTUBRE,VATICANO,EUROPA,CEBAF - TUMBES,0
OCTUBRE,VATICANO,EUROPA,DESAGUADERO,0
OCTUBRE,VATICANO,EUROPA,KASANI,0
OCTUBRE,VATICANO,EUROPA,OTRAS OCM,0
OCTUBRE,VATICANO,EUROPA,SANTA ROSA,0
OCTUBRE,VENEZUELA,AMÉRICA DEL SUR,AEROPUERTO INTERNACIONAL JORGE CHÁVEZ,3286
OCTUBRE,VENEZUELA,AMÉRICA DEL SUR,CEBAF - TUMBES,882
OCTUBRE,VENEZUELA,AMÉRICA DEL SUR,DESAGUADERO,19
OCTUBRE,VENEZUELA,AMÉRICA DEL SUR,KASANI,13
OCTUBRE,VENEZUELA,AMÉRICA DEL SUR,OTRAS OCM,598
OCTUBRE,VENEZUELA,AMÉRICA DEL SUR,SANTA ROSA,197
OCTUBRE,VIETNAM,ASIA,AEROPUERTO INTERNACIONAL JORGE CHÁVEZ,250
OCTUBRE,VIETNAM,ASIA,CEBAF - TUMBES,2
OCTUBRE,VIETNAM,ASIA,DESAGUADERO,0
OCTUBRE,VIETNAM,ASIA,KASANI,2
OCTUBRE,VIETNAM,ASIA,OTRAS OCM,30
OCTUBRE,VIETNAM,ASIA,SANTA ROSA,0
OCTUBRE,YEMEN,ASIA,AEROPUERTO INTERNACIONAL JORGE CHÁVEZ,6
OCTUBRE,YEMEN,ASIA,CEBAF - TUMBES,0
OCTUBRE,YEMEN,ASIA,DESAGUADERO,0
OCTUBRE,YEMEN,ASIA,KASANI,0
OCTUBRE,YEMEN,ASIA,OTRAS OCM,0
OCTUBRE,YEMEN,ASIA,SANTA ROSA,2
OCTUBRE,ZAMBIA,ÁFRICA,AEROPUERTO INTERNACIONAL JORGE CHÁVEZ,34
OCTUBRE,ZAMBIA,ÁFRICA,CEBAF - TUMBES,0
OCTUBRE,ZAMBIA,ÁFRICA,DESAGUADERO,0
OCTUBRE,ZAMBIA,ÁFRICA,KASANI,0
OCTUBRE,ZAMBIA,ÁFRICA,OTRAS OCM,0
OCTUBRE,ZAMBIA,ÁFRICA,SANTA ROSA,0
OCTUBRE,ZIMBABWE,ÁFRICA,AEROPUERTO INTERNACIONAL JORGE CHÁVEZ,41
OCTUBRE,ZIMBABWE,ÁFRICA,CEBAF - TUMBES,0
OCTUBRE,ZIMBABWE,ÁFRICA,DESAGUADERO,0
OCTUBRE,ZIMBABWE,ÁFRICA,KASANI,0
OCTUBRE,ZIMBABWE,ÁFRICA,OTRAS OCM,5
OCTUBRE,ZIMBABWE,ÁFRICA,SANTA ROSA,0
SEPTIEMBRE,AFGHANISTÁN,ASIA,AEROPUERTO INTERNACIONAL JORGE CHÁVEZ,7
SEPTIEMBRE,AFGHANISTÁN,ASIA,CEBAF - TUMBES,0
SEPTIEMBRE,AFGHANISTÁN,ASIA,DESAGUADERO,0
SEPTIEMBRE,AFGHANISTÁN,ASIA,KASANI,0
SEPTIEMBRE,AFGHANISTÁN,ASIA,OTRAS OCM,0
SEPTIEMBRE,AFGHANISTÁN,ASIA,SANTA ROSA,10
SEPTIEMBRE,ALBANIA,EUROPA,AEROPUERTO INTERNACIONAL JORGE CHÁVEZ,36
SEPTIEMBRE,ALBANIA,EUROPA,CEBAF - TUMBES,0
SEPTIEMBRE,ALBANIA,EUROPA,DESAGUADERO,0
SEPTIEMBRE,ALBANIA,EUROPA,KASANI,0
SEPTIEMBRE,ALBANIA,EUROPA,OTRAS OCM,0
SEPTIEMBRE,ALBANIA,EUROPA,SANTA ROSA,0
SEPTIEMBRE,ALEMANIA,EUROPA,AEROPUERTO INTERNACIONAL JORGE CHÁVEZ,27165
SEPTIEMBRE,ALEMANIA,EUROPA,CEBAF - TUMBES,577
SEPTIEMBRE,ALEMANIA,EUROPA,DESAGUADERO,979
SEPTIEMBRE,ALEMANIA,EUROPA,KASANI,1269
SEPTIEMBRE,ALEMANIA,EUROPA,OTRAS OCM,996
SEPTIEMBRE,ALEMANIA,EUROPA,SANTA ROSA,266
SEPTIEMBRE,ANDORRA,EUROPA,AEROPUERTO INTERNACIONAL JORGE CHÁVEZ,43
SEPTIEMBRE,ANDORRA,EUROPA,CEBAF - TUMBES,3
SEPTIEMBRE,ANDORRA,EUROPA,DESAGUADERO,0
SEPTIEMBRE,ANDORRA,EUROPA,KASANI,0
SEPTIEMBRE,ANDORRA,EUROPA,OTRAS OCM,3
SEPTIEMBRE,ANDORRA,EUROPA,SANTA ROSA,0
SEPTIEMBRE,ANGOLA,ÁFRICA,AEROPUERTO INTERNACIONAL JORGE CHÁVEZ,6
SEPTIEMBRE,ANGOLA,ÁFRICA,CEBAF - TUMBES,0
SEPTIEMBRE,ANGOLA,ÁFRICA,DESAGUADERO,0
SEPTIEMBRE,ANGOLA,ÁFRICA,KASANI,0
SEPTIEMBRE,ANGOLA,ÁFRICA,OTRAS OCM,0
SEPTIEMBRE,ANGOLA,ÁFRICA,SANTA ROSA,0
SEPTIEMBRE,ANT. BARBUDA,AMÉRICA CENTRAL,AEROPUERTO INTERNACIONAL JORGE CHÁVEZ,24
SEPTIEMBRE,ANT. BARBUDA,AMÉRICA CENTRAL,CEBAF - TUMBES,0
SEPTIEMBRE,ANT. BARBUDA,AMÉRICA CENTRAL,DESAGUADERO,0
SEPTIEMBRE,ANT. BARBUDA,AMÉRICA CENTRAL,KASANI,0
SEPTIEMBRE,ANT. BARBUDA,AMÉRICA CENTRAL,OTRAS OCM,0
SEPTIEMBRE,ANT. BARBUDA,AMÉRICA CENTRAL,SANTA ROSA,0
SEPTIEMBRE,ARABIA SAUDITA,ASIA,AEROPUERTO INTERNACIONAL JORGE CHÁVEZ,103
SEPTIEMBRE,ARABIA SAUDITA,ASIA,CEBAF - TUMBES,0
SEPTIEMBRE,ARABIA SAUDITA,ASIA,DESAGUADERO,3
SEPTIEMBRE,ARABIA SAUDITA,ASIA,KASANI,2
SEPTIEMBRE,ARABIA SAUDITA,ASIA,OTRAS OCM,2
SEPTIEMBRE,ARABIA SAUDITA,ASIA,SANTA ROSA,0
SEPTIEMBRE,ARGELIA,ÁFRICA,AEROPUERTO INTERNACIONAL JORGE CHÁVEZ,32
SEPTIEMBRE,ARGELIA,ÁFRICA,CEBAF - TUMBES,1
SEPTIEMBRE,ARGELIA,ÁFRICA,DESAGUADERO,1
SEPTIEMBRE,ARGELIA,ÁFRICA,KASANI,0
SEPTIEMBRE,ARGELIA,ÁFRICA,OTRAS OCM,0
SEPTIEMBRE,ARGELIA,ÁFRICA,SANTA ROSA,0
SEPTIEMBRE,ARGENTINA,AMÉRICA DEL SUR,AEROPUERTO INTERNACIONAL JORGE CHÁVEZ,49772
SEPTIEMBRE,ARGENTINA,AMÉRICA DEL SUR,CEBAF - TUMBES,562
SEPTIEMBRE,ARGENTINA,AMÉRICA DEL SUR,DESAGUADERO,2441
SEPTIEMBRE,ARGENTINA,AMÉRICA DEL SUR,KASANI,1396
SEPTIEMBRE,ARGENTINA,AMÉRICA DEL SUR,OTRAS OCM,1222
SEPTIEMBRE,ARGENTINA,AMÉRICA DEL SUR,SANTA ROSA,4829
SEPTIEMBRE,ARMENIA,ASIA,AEROPUERTO INTERNACIONAL JORGE CHÁVEZ,49
SEPTIEMBRE,ARMENIA,ASIA,CEBAF - TUMBES,0
SEPTIEMBRE,ARMENIA,ASIA,DESAGUADERO,3
SEPTIEMBRE,ARMENIA,ASIA,KASANI,2
SEPTIEMBRE,ARMENIA,ASIA,OTRAS OCM,1
SEPTIEMBRE,ARMENIA,ASIA,SANTA ROSA,2
SEPTIEMBRE,ARUBA,AMÉRICA CENTRAL,AEROPUERTO INTERNACIONAL JORGE CHÁVEZ,87
SEPTIEMBRE,ARUBA,AMÉRICA CENTRAL,CEBAF - TUMBES,0
SEPTIEMBRE,ARUBA,AMÉRICA CENTRAL,DESAGUADERO,1
SEPTIEMBRE,ARUBA,AMÉRICA CENTRAL,KASANI,1
SEPTIEMBRE,ARUBA,AMÉRICA CENTRAL,OTRAS OCM,1
SEPTIEMBRE,ARUBA,AMÉRICA CENTRAL,SANTA ROSA,1
SEPTIEMBRE,AUSTRALIA,OCEANÍA,AEROPUERTO INTERNACIONAL JORGE CHÁVEZ,12092
SEPTIEMBRE,AUSTRALIA,OCEANÍA,CEBAF - TUMBES,245
SEPTIEMBRE,AUSTRALIA,OCEANÍA,DESAGUADERO,175
SEPTIEMBRE,AUSTRALIA,OCEANÍA,KASANI,300
SEPTIEMBRE,AUSTRALIA,OCEANÍA,OTRAS OCM,3107
SEPTIEMBRE,AUSTRALIA,OCEANÍA,SANTA ROSA,46
SEPTIEMBRE,AUSTRIA,EUROPA,AEROPUERTO INTERNACIONAL JORGE CHÁVEZ,2740
SEPTIEMBRE,AUSTRIA,EUROPA,CEBAF - TUMBES,71
SEPTIEMBRE,AUSTRIA,EUROPA,DESAGUADERO,172
SEPTIEMBRE,AUSTRIA,EUROPA,KASANI,133
SEPTIEMBRE,AUSTRIA,EUROPA,OTRAS OCM,96
SEPTIEMBRE,AUSTRIA,EUROPA,SANTA ROSA,22
SEPTIEMBRE,AZERBAIYÁN,ASIA,AEROPUERTO INTERNACIONAL JORGE CHÁVEZ,45
SEPTIEMBRE,AZERBAIYÁN,ASIA,CEBAF - TUMBES,0
SEPTIEMBRE,AZERBAIYÁN,ASIA,DESAGUADERO,1
SEPTIEMBRE,AZERBAIYÁN,ASIA,KASANI,0
SEPTIEMBRE,AZERBAIYÁN,ASIA,OTRAS OCM,0
SEPTIEMBRE,AZERBAIYÁN,ASIA,SANTA ROSA,0
SEPTIEMBRE,BAHAMAS,AMÉRICA CENTRAL,AEROPUERTO INTERNACIONAL JORGE CHÁVEZ,75
SEPTIEMBRE,BAHAMAS,AMÉRICA CENTRAL,CEBAF - TUMBES,0
SEPTIEMBRE,BAHAMAS,AMÉRICA CENTRAL,DESAGUADERO,0
SEPTIEMBRE,BAHAMAS,AMÉRICA CENTRAL,KASANI,0
SEPTIEMBRE,BAHAMAS,AMÉRICA CENTRAL,OTRAS OCM,1
SEPTIEMBRE,BAHAMAS,AMÉRICA CENTRAL,SANTA ROSA,0
SEPTIEMBRE,BAHRÉIN,ASIA,AEROPUERTO INTERNACIONAL JORGE CHÁVEZ,8
SEPTIEMBRE,BAHRÉIN,ASIA,CEBAF - TUMBES,0
SEPTIEMBRE,BAHRÉIN,ASIA,DESAGUADERO,3
SEPTIEMBRE,BAHRÉIN,ASIA,KASANI,0
SEPTIEMBRE,BAHRÉIN,ASIA,OTRAS OCM,0
SEPTIEMBRE,BAHRÉIN,ASIA,SANTA ROSA,0
SEPTIEMBRE,BANGLADESH,ASIA,AEROPUERTO INTERNACIONAL JORGE CHÁVEZ,44
SEPTIEMBRE,BANGLADESH,ASIA,CEBAF - TUMBES,0
SEPTIEMBRE,BANGLADESH,ASIA,DESAGUADERO,1
SEPTIEMBRE,BANGLADESH,ASIA,KASANI,1
SEPTIEMBRE,BANGLADESH,ASIA,OTRAS OCM,3
SEPTIEMBRE,BANGLADESH,ASIA,SANTA ROSA,0
SEPTIEMBRE,BARBADOS,AMÉRICA CENTRAL,AEROPUERTO INTERNACIONAL JORGE CHÁVEZ,145
SEPTIEMBRE,BARBADOS,AMÉRICA CENTRAL,CEBAF - TUMBES,0
SEPTIEMBRE,BARBADOS,AMÉRICA CENTRAL,DESAGUADERO,1
SEPTIEMBRE,BARBADOS,AMÉRICA CENTRAL,KASANI,0
SEPTIEMBRE,BARBADOS,AMÉRICA CENTRAL,OTRAS OCM,3
SEPTIEMBRE,BARBADOS,AMÉRICA CENTRAL,SANTA ROSA,0
SEPTIEMBRE,BELICE,AMÉRICA CENTRAL,AEROPUERTO INTERNACIONAL JORGE CHÁVEZ,398
SEPTIEMBRE,BELICE,AMÉRICA CENTRAL,CEBAF - TUMBES,2
SEPTIEMBRE,BELICE,AMÉRICA CENTRAL,DESAGUADERO,1
SEPTIEMBRE,BELICE,AMÉRICA CENTRAL,KASANI,3
SEPTIEMBRE,BELICE,AMÉRICA CENTRAL,OTRAS OCM,0
SEPTIEMBRE,BELICE,AMÉRICA CENTRAL,SANTA ROSA,0
SEPTIEMBRE,BELORUSIA,EUROPA,AEROPUERTO INTERNACIONAL JORGE CHÁVEZ,199
SEPTIEMBRE,BELORUSIA,EUROPA,CEBAF - TUMBES,3
SEPTIEMBRE,BELORUSIA,EUROPA,DESAGUADERO,7
SEPTIEMBRE,BELORUSIA,EUROPA,KASANI,1
SEPTIEMBRE,BELORUSIA,EUROPA,OTRAS OCM,2
SEPTIEMBRE,BELORUSIA,EUROPA,SANTA ROSA,0
SEPTIEMBRE,BENÍN,ÁFRICA,AEROPUERTO INTERNACIONAL JORGE CHÁVEZ,7
SEPTIEMBRE,BENÍN,ÁFRICA,CEBAF - TUMBES,0
SEPTIEMBRE,BENÍN,ÁFRICA,DESAGUADERO,0
SEPTIEMBRE,BENÍN,ÁFRICA,KASANI,0
SEPTIEMBRE,BENÍN,ÁFRICA,OTRAS OCM,0
SEPTIEMBRE,BENÍN,ÁFRICA,SANTA ROSA,0
SEPTIEMBRE,BERMUDAS,AMÉRICA CENTRAL,AEROPUERTO INTERNACIONAL JORGE CHÁVEZ,9
SEPTIEMBRE,BERMUDAS,AMÉRICA CENTRAL,CEBAF - TUMBES,0
SEPTIEMBRE,BERMUDAS,AMÉRICA CENTRAL,DESAGUADERO,0
SEPTIEMBRE,BERMUDAS,AMÉRICA CENTRAL,KASANI,0
SEPTIEMBRE,BERMUDAS,AMÉRICA CENTRAL,OTRAS OCM,0
SEPTIEMBRE,BERMUDAS,AMÉRICA CENTRAL,SANTA ROSA,0
SEPTIEMBRE,BHUTÁN,ASIA,AEROPUERTO INTERNACIONAL JORGE CHÁVEZ,5
SEPTIEMBRE,BHUTÁN,ASIA,CEBAF - TUMBES,0
SEPTIEMBRE,BHUTÁN,ASIA,DESAGUADERO,0
SEPTIEMBRE,BHUTÁN,ASIA,KASANI,0
SEPTIEMBRE,BHUTÁN,ASIA,OTRAS OCM,0
SEPTIEMBRE,BHUTÁN,ASIA,SANTA ROSA,0
SEPTIEMBRE,BOLIVIA,AMÉRICA DEL SUR,AEROPUERTO INTERNACIONAL JORGE CHÁVEZ,10007
SEPTIEMBRE,BOLIVIA,AMÉRICA DEL SUR,CEBAF - TUMBES,185
SEPTIEMBRE,BOLIVIA,AMÉRICA DEL SUR,DESAGUADERO,54651
SEPTIEMBRE,BOLIVIA,AMÉRICA DEL SUR,KASANI,3257
SEPTIEMBRE,BOLIVIA,AMÉRICA DEL SUR,OTRAS OCM,3910
SEPTIEMBRE,BOLIVIA,AMÉRICA DEL SUR,SANTA ROSA,13754
SEPTIEMBRE,BOSNIA Y HERZEGOVINA,EUROPA,AEROPUERTO INTERNACIONAL JORGE CHÁVEZ,38
SEPTIEMBRE,BOSNIA Y HERZEGOVINA,EUROPA,CEBAF - TUMBES,0
SEPTIEMBRE,BOSNIA Y HERZEGOVINA,EUROPA,DESAGUADERO,4
SEPTIEMBRE,BOSNIA Y HERZEGOVINA,EUROPA,KASANI,4
SEPTIEMBRE,BOSNIA Y HERZEGOVINA,EUROPA,OTRAS OCM,0
SEPTIEMBRE,BOSNIA Y HERZEGOVINA,EUROPA,SANTA ROSA,2
SEPTIEMBRE,BOTSWANA,ÁFRICA,AEROPUERTO INTERNACIONAL JORGE CHÁVEZ,4
SEPTIEMBRE,BOTSWANA,ÁFRICA,CEBAF - TUMBES,0
SEPTIEMBRE,BOTSWANA,ÁFRICA,DESAGUADERO,0
SEPTIEMBRE,BOTSWANA,ÁFRICA,KASANI,0
SEPTIEMBRE,BOTSWANA,ÁFRICA,OTRAS OCM,0
SEPTIEMBRE,BOTSWANA,ÁFRICA,SANTA ROSA,0
SEPTIEMBRE,BRASIL,AMÉRICA DEL SUR,AEROPUERTO INTERNACIONAL JORGE CHÁVEZ,71096
SEPTIEMBRE,BRASIL,AMÉRICA DEL SUR,CEBAF - TUMBES,155
SEPTIEMBRE,BRASIL,AMÉRICA DEL SUR,DESAGUADERO,1309
SEPTIEMBRE,BRASIL,AMÉRICA DEL SUR,KASANI,846
SEPTIEMBRE,BRASIL,AMÉRICA DEL SUR,OTRAS OCM,7568
SEPTIEMBRE,BRASIL,AMÉRICA DEL SUR,SANTA ROSA,3157
SEPTIEMBRE,BRUNÉI,ASIA,AEROPUERTO INTERNACIONAL JORGE CHÁVEZ,6
SEPTIEMBRE,BRUNÉI,ASIA,CEBAF - TUMBES,0
SEPTIEMBRE,BRUNÉI,ASIA,DESAGUADERO,0
SEPTIEMBRE,BRUNÉI,ASIA,KASANI,0
SEPTIEMBRE,BRUNÉI,ASIA,OTRAS OCM,0
SEPTIEMBRE,BRUNÉI,ASIA,SANTA ROSA,0
SEPTIEMBRE,BULGARIA,EUROPA,AEROPUERTO INTERNACIONAL JORGE CHÁVEZ,816
SEPTIEMBRE,BULGARIA,EUROPA,CEBAF - TUMBES,5
SEPTIEMBRE,BULGARIA,EUROPA,DESAGUADERO,19
SEPTIEMBRE,BULGARIA,EUROPA,KASANI,17
SEPTIEMBRE,BULGARIA,EUROPA,OTRAS OCM,67
SEPTIEMBRE,BULGARIA,EUROPA,SANTA ROSA,2
SEPTIEMBRE,BURKINA FASO,ÁFRICA,AEROPUERTO INTERNACIONAL JORGE CHÁVEZ,7
SEPTIEMBRE,BURKINA FASO,ÁFRICA,CEBAF - TUMBES,0
SEPTIEMBRE,BURKINA FASO,ÁFRICA,DESAGUADERO,0
SEPTIEMBRE,BURKINA FASO,ÁFRICA,KASANI,0
SEPTIEMBRE,BURKINA FASO,ÁFRICA,OTRAS OCM,0
SEPTIEMBRE,BURKINA FASO,ÁFRICA,SANTA ROSA,0
SEPTIEMBRE,BURUNDI,ÁFRICA,AEROPUERTO INTERNACIONAL JORGE CHÁVEZ,2
SEPTIEMBRE,BURUNDI,ÁFRICA,CEBAF - TUMBES,0
SEPTIEMBRE,BURUNDI,ÁFRICA,DESAGUADERO,0
SEPTIEMBRE,BURUNDI,ÁFRICA,KASANI,0
SEPTIEMBRE,BURUNDI,ÁFRICA,OTRAS OCM,0
SEPTIEMBRE,BURUNDI,ÁFRICA,SANTA ROSA,0
SEPTIEMBRE,BÉLGICA,EUROPA,AEROPUERTO INTERNACIONAL JORGE CHÁVEZ,6721
SEPTIEMBRE,BÉLGICA,EUROPA,CEBAF - TUMBES,108
SEPTIEMBRE,BÉLGICA,EUROPA,DESAGUADERO,195
SEPTIEMBRE,BÉLGICA,EUROPA,KASANI,167
SEPTIEMBRE,BÉLGICA,EUROPA,OTRAS OCM,157
SEPTIEMBRE,BÉLGICA,EUROPA,SANTA ROSA,29
SEPTIEMBRE,CABO VERDE,ÁFRICA,AEROPUERTO INTERNACIONAL JORGE CHÁVEZ,8
SEPTIEMBRE,CABO VERDE,ÁFRICA,CEBAF - TUMBES,0
SEPTIEMBRE,CABO VERDE,ÁFRICA,DESAGUADERO,0
SEPTIEMBRE,CABO VERDE,ÁFRICA,KASANI,0
SEPTIEMBRE,CABO VERDE,ÁFRICA,OTRAS OCM,2
SEPTIEMBRE,CABO VERDE,ÁFRICA,SANTA ROSA,0
SEPTIEMBRE,CAMBOYA,ASIA,AEROPUERTO INTERNACIONAL JORGE CHÁVEZ,12
SEPTIEMBRE,CAMBOYA,ASIA,CEBAF - TUMBES,0
SEPTIEMBRE,CAMBOYA,ASIA,DESAGUADERO,0
SEPTIEMBRE,CAMBOYA,ASIA,KASANI,0
SEPTIEMBRE,CAMBOYA,ASIA,OTRAS OCM,0
SEPTIEMBRE,CAMBOYA,ASIA,SANTA ROSA,0
SEPTIEMBRE,CAMERÚN,ÁFRICA,AEROPUERTO INTERNACIONAL JORGE CHÁVEZ,17
SEPTIEMBRE,CAMERÚN,ÁFRICA,CEBAF - TUMBES,0
SEPTIEMBRE,CAMERÚN,ÁFRICA,DESAGUADERO,0
SEPTIEMBRE,CAMERÚN,ÁFRICA,KASANI,0
SEPTIEMBRE,CAMERÚN,ÁFRICA,OTRAS OCM,0
SEPTIEMBRE,CAMERÚN,ÁFRICA,SANTA ROSA,1
SEPTIEMBRE,CANADÁ,AMÉRICA DEL NORTE,AEROPUERTO INTERNACIONAL JORGE CHÁVEZ,25669
SEPTIEMBRE,CANADÁ,AMÉRICA DEL NORTE,CEBAF - TUMBES,122
SEPTIEMBRE,CANADÁ,AMÉRICA DEL NORTE,DESAGUADERO,96
SEPTIEMBRE,CANADÁ,AMÉRICA DEL NORTE,KASANI,125
SEPTIEMBRE,CANADÁ,AMÉRICA DEL NORTE,OTRAS OCM,758
SEPTIEMBRE,CANADÁ,AMÉRICA DEL NORTE,SANTA ROSA,77
SEPTIEMBRE,CEYLÁN,ASIA,AEROPUERTO INTERNACIONAL JORGE CHÁVEZ,0
SEPTIEMBRE,CEYLÁN,ASIA,CEBAF - TUMBES,0
SEPTIEMBRE,CEYLÁN,ASIA,DESAGUADERO,0
SEPTIEMBRE,CEYLÁN,ASIA,KASANI,0
SEPTIEMBRE,CEYLÁN,ASIA,OTRAS OCM,0
SEPTIEMBRE,CEYLÁN,ASIA,SANTA ROSA,0
SEPTIEMBRE,CHAD,ÁFRICA,AEROPUERTO INTERNACIONAL JORGE CHÁVEZ,4
SEPTIEMBRE,CHAD,ÁFRICA,CEBAF - TUMBES,0
SEPTIEMBRE,CHAD,ÁFRICA,DESAGUADERO,0
SEPTIEMBRE,CHAD,ÁFRICA,KASANI,0
SEPTIEMBRE,CHAD,ÁFRICA,OTRAS OCM,0
SEPTIEMBRE,CHAD,ÁFRICA,SANTA ROSA,1
SEPTIEMBRE,CHILE,AMÉRICA DEL SUR,AEROPUERTO INTERNACIONAL JORGE CHÁVEZ,99623
SEPTIEMBRE,CHILE,AMÉRICA DEL SUR,CEBAF - TUMBES,689
SEPTIEMBRE,CHILE,AMÉRICA DEL SUR,DESAGUADERO,564
SEPTIEMBRE,CHILE,AMÉRICA DEL SUR,KASANI,306
SEPTIEMBRE,CHILE,AMÉRICA DEL SUR,OTRAS OCM,10987
SEPTIEMBRE,CHILE,AMÉRICA DEL SUR,SANTA ROSA,419399
SEPTIEMBRE,CHINA (R.P),ASIA,AEROPUERTO INTERNACIONAL JORGE CHÁVEZ,13443
SEPTIEMBRE,CHINA (R.P),ASIA,CEBAF - TUMBES,59
SEPTIEMBRE,CHINA (R.P),ASIA,DESAGUADERO,38
SEPTIEMBRE,CHINA (R.P),ASIA,KASANI,25
SEPTIEMBRE,CHINA (R.P),ASIA,OTRAS OCM,924
SEPTIEMBRE,CHINA (R.P),ASIA,SANTA ROSA,226
SEPTIEMBRE,CHIPRE,EUROPA,AEROPUERTO INTERNACIONAL JORGE CHÁVEZ,114
SEPTIEMBRE,CHIPRE,EUROPA,CEBAF - TUMBES,0
SEPTIEMBRE,CHIPRE,EUROPA,DESAGUADERO,7
SEPTIEMBRE,CHIPRE,EUROPA,KASANI,1
SEPTIEMBRE,CHIPRE,EUROPA,OTRAS OCM,0
SEPTIEMBRE,CHIPRE,EUROPA,SANTA ROSA,2
SEPTIEMBRE,COLOMBIA,AMÉRICA DEL SUR,AEROPUERTO INTERNACIONAL JORGE CHÁVEZ,62956
SEPTIEMBRE,COLOMBIA,AMÉRICA DEL SUR,CEBAF - TUMBES,7651
SEPTIEMBRE,COLOMBIA,AMÉRICA DEL SUR,DESAGUADERO,792
SEPTIEMBRE,COLOMBIA,AMÉRICA DEL SUR,KASANI,341
SEPTIEMBRE,COLOMBIA,AMÉRICA DEL SUR,OTRAS OCM,3773
SEPTIEMBRE,COLOMBIA,AMÉRICA DEL SUR,SANTA ROSA,4711
SEPTIEMBRE,COMORAS (ISL),ÁFRICA,AEROPUERTO INTERNACIONAL JORGE CHÁVEZ,1
SEPTIEMBRE,COMORAS (ISL),ÁFRICA,CEBAF - TUMBES,0
SEPTIEMBRE,COMORAS (ISL),ÁFRICA,DESAGUADERO,0
SEPTIEMBRE,COMORAS (ISL),ÁFRICA,KASANI,0
SEPTIEMBRE,COMORAS (ISL),ÁFRICA,OTRAS OCM,1
SEPTIEMBRE,COMORAS (ISL),ÁFRICA,SANTA ROSA,0
SEPTIEMBRE,CONGO,ÁFRICA,AEROPUERTO INTERNACIONAL JORGE CHÁVEZ,2
SEPTIEMBRE,CONGO,ÁFRICA,CEBAF - TUMBES,0
SEPTIEMBRE,CONGO,ÁFRICA,DESAGUADERO,0
SEPTIEMBRE,CONGO,ÁFRICA,KASANI,0
SEPTIEMBRE,CONGO,ÁFRICA,OTRAS OCM,0
SEPTIEMBRE,CONGO,ÁFRICA,SANTA ROSA,0
SEPTIEMBRE,COREA DEL NORTE,ASIA,AEROPUERTO INTERNACIONAL JORGE CHÁVEZ,1
SEPTIEMBRE,COREA DEL NORTE,ASIA,CEBAF - TUMBES,0
SEPTIEMBRE,COREA DEL NORTE,ASIA,DESAGUADERO,0
SEPTIEMBRE,COREA DEL NORTE,ASIA,KASANI,0
SEPTIEMBRE,COREA DEL NORTE,ASIA,OTRAS OCM,0
SEPTIEMBRE,COREA DEL NORTE,ASIA,SANTA ROSA,1
SEPTIEMBRE,COREA DEL SUR,ASIA,AEROPUERTO INTERNACIONAL JORGE CHÁVEZ,5089
SEPTIEMBRE,COREA DEL SUR,ASIA,CEBAF - TUMBES,47
SEPTIEMBRE,COREA DEL SUR,ASIA,DESAGUADERO,45
SEPTIEMBRE,COREA DEL SUR,ASIA,KASANI,35
SEPTIEMBRE,COREA DEL SUR,ASIA,OTRAS OCM,202
SEPTIEMBRE,COREA DEL SUR,ASIA,SANTA ROSA,38
SEPTIEMBRE,COSTA MARFIL,ÁFRICA,AEROPUERTO INTERNACIONAL JORGE CHÁVEZ,4
SEPTIEMBRE,COSTA MARFIL,ÁFRICA,CEBAF - TUMBES,0
SEPTIEMBRE,COSTA MARFIL,ÁFRICA,DESAGUADERO,0
SEPTIEMBRE,COSTA MARFIL,ÁFRICA,KASANI,0
SEPTIEMBRE,COSTA MARFIL,ÁFRICA,OTRAS OCM,1
SEPTIEMBRE,COSTA MARFIL,ÁFRICA,SANTA ROSA,0
SEPTIEMBRE,COSTA RICA,AMÉRICA CENTRAL,AEROPUERTO INTERNACIONAL JORGE CHÁVEZ,11508
SEPTIEMBRE,COSTA RICA,AMÉRICA CENTRAL,CEBAF - TUMBES,34
SEPTIEMBRE,COSTA RICA,AMÉRICA CENTRAL,DESAGUADERO,67
SEPTIEMBRE,COSTA RICA,AMÉRICA CENTRAL,KASANI,33
SEPTIEMBRE,COSTA RICA,AMÉRICA CENTRAL,OTRAS OCM,383
SEPTIEMBRE,COSTA RICA,AMÉRICA CENTRAL,SANTA ROSA,28
SEPTIEMBRE,CROACIA,EUROPA,AEROPUERTO INTERNACIONAL JORGE CHÁVEZ,526
SEPTIEMBRE,CROACIA,EUROPA,CEBAF - TUMBES,0
SEPTIEMBRE,CROACIA,EUROPA,DESAGUADERO,7
SEPTIEMBRE,CROACIA,EUROPA,KASANI,15
SEPTIEMBRE,CROACIA,EUROPA,OTRAS OCM,25
SEPTIEMBRE,CROACIA,EUROPA,SANTA ROSA,0
SEPTIEMBRE,CUBA,AMÉRICA CENTRAL,AEROPUERTO INTERNACIONAL JORGE CHÁVEZ,2144
SEPTIEMBRE,CUBA,AMÉRICA CENTRAL,CEBAF - TUMBES,26
SEPTIEMBRE,CUBA,AMÉRICA CENTRAL,DESAGUADERO,3
SEPTIEMBRE,CUBA,AMÉRICA CENTRAL,KASANI,1
SEPTIEMBRE,CUBA,AMÉRICA CENTRAL,OTRAS OCM,36
SEPTIEMBRE,CUBA,AMÉRICA CENTRAL,SANTA ROSA,59
SEPTIEMBRE,DEMOC. REP. CONGO (ZAIRE),ÁFRICA,AEROPUERTO INTERNACIONAL JORGE CHÁVEZ,6
SEPTIEMBRE,DEMOC. REP. CONGO (ZAIRE),ÁFRICA,CEBAF - TUMBES,0
SEPTIEMBRE,DEMOC. REP. CONGO (ZAIRE),ÁFRICA,DESAGUADERO,0
SEPTIEMBRE,DEMOC. REP. CONGO (ZAIRE),ÁFRICA,KASANI,0
SEPTIEMBRE,DEMOC. REP. CONGO (ZAIRE),ÁFRICA,OTRAS OCM,0
SEPTIEMBRE,DEMOC. REP. CONGO (ZAIRE),ÁFRICA,SANTA ROSA,0
SEPTIEMBRE,DINAMARCA,EUROPA,AEROPUERTO INTERNACIONAL JORGE CHÁVEZ,2360
SEPTIEMBRE,DINAMARCA,EUROPA,CEBAF - TUMBES,94
SEPTIEMBRE,DINAMARCA,EUROPA,DESAGUADERO,46
SEPTIEMBRE,DINAMARCA,EUROPA,KASANI,59
SEPTIEMBRE,DINAMARCA,EUROPA,OTRAS OCM,71
SEPTIEMBRE,DINAMARCA,EUROPA,SANTA ROSA,6
SEPTIEMBRE,DJIBOUTI,ÁFRICA,AEROPUERTO INTERNACIONAL JORGE CHÁVEZ,0
SEPTIEMBRE,DJIBOUTI,ÁFRICA,CEBAF - TUMBES,0
SEPTIEMBRE,DJIBOUTI,ÁFRICA,DESAGUADERO,0
SEPTIEMBRE,DJIBOUTI,ÁFRICA,KASANI,0
SEPTIEMBRE,DJIBOUTI,ÁFRICA,OTRAS OCM,0
SEPTIEMBRE,DJIBOUTI,ÁFRICA,SANTA ROSA,0
SEPTIEMBRE,DOMINICA,AMÉRICA CENTRAL,AEROPUERTO INTERNACIONAL JORGE CHÁVEZ,37
SEPTIEMBRE,DOMINICA,AMÉRICA CENTRAL,CEBAF - TUMBES,1
SEPTIEMBRE,DOMINICA,AMÉRICA CENTRAL,DESAGUADERO,0
SEPTIEMBRE,DOMINICA,AMÉRICA CENTRAL,KASANI,0
SEPTIEMBRE,DOMINICA,AMÉRICA CENTRAL,OTRAS OCM,0
SEPTIEMBRE,DOMINICA,AMÉRICA CENTRAL,SANTA ROSA,0
SEPTIEMBRE,ECUADOR,AMÉRICA DEL SUR,AEROPUERTO INTERNACIONAL JORGE CHÁVEZ,23614
SEPTIEMBRE,ECUADOR,AMÉRICA DEL SUR,CEBAF - TUMBES,86069
SEPTIEMBRE,ECUADOR,AMÉRICA DEL SUR,DESAGUADERO,644
SEPTIEMBRE,ECUADOR,AMÉRICA DEL SUR,KASANI,156
SEPTIEMBRE,ECUADOR,AMÉRICA DEL SUR,OTRAS OCM,15510
SEPTIEMBRE,ECUADOR,AMÉRICA DEL SUR,SANTA ROSA,3458
SEPTIEMBRE,EE.UU,AMÉRICA DEL NORTE,AEROPUERTO INTERNACIONAL JORGE CHÁVEZ,227225
SEPTIEMBRE,EE.UU,AMÉRICA DEL NORTE,CEBAF - TUMBES,646
SEPTIEMBRE,EE.UU,AMÉRICA DEL NORTE,DESAGUADERO,258
SEPTIEMBRE,EE.UU,AMÉRICA DEL NORTE,KASANI,241
SEPTIEMBRE,EE.UU,AMÉRICA DEL NORTE,OTRAS OCM,3873
SEPTIEMBRE,EE.UU,AMÉRICA DEL NORTE,SANTA ROSA,471
SEPTIEMBRE,EGIPTO,ÁFRICA,AEROPUERTO INTERNACIONAL JORGE CHÁVEZ,95
SEPTIEMBRE,EGIPTO,ÁFRICA,CEBAF - TUMBES,2
SEPTIEMBRE,EGIPTO,ÁFRICA,DESAGUADERO,0
SEPTIEMBRE,EGIPTO,ÁFRICA,KASANI,1
SEPTIEMBRE,EGIPTO,ÁFRICA,OTRAS OCM,8
SEPTIEMBRE,EGIPTO,ÁFRICA,SANTA ROSA,0
SEPTIEMBRE,EL SALVADOR,AMÉRICA CENTRAL,AEROPUERTO INTERNACIONAL JORGE CHÁVEZ,3374
SEPTIEMBRE,EL SALVADOR,AMÉRICA CENTRAL,CEBAF - TUMBES,6
SEPTIEMBRE,EL SALVADOR,AMÉRICA CENTRAL,DESAGUADERO,4
SEPTIEMBRE,EL SALVADOR,AMÉRICA CENTRAL,KASANI,4
SEPTIEMBRE,EL SALVADOR,AMÉRICA CENTRAL,OTRAS OCM,51
SEPTIEMBRE,EL SALVADOR,AMÉRICA CENTRAL,SANTA ROSA,1
SEPTIEMBRE,EMIRATOS ÁRABES UNIDOS,ASIA,AEROPUERTO INTERNACIONAL JORGE CHÁVEZ,88
SEPTIEMBRE,EMIRATOS ÁRABES UNIDOS,ASIA,CEBAF - TUMBES,0
SEPTIEMBRE,EMIRATOS ÁRABES UNIDOS,ASIA,DESAGUADERO,1
SEPTIEMBRE,EMIRATOS ÁRABES UNIDOS,ASIA,KASANI,0
SEPTIEMBRE,EMIRATOS ÁRABES UNIDOS,ASIA,OTRAS OCM,12
SEPTIEMBRE,EMIRATOS ÁRABES UNIDOS,ASIA,SANTA ROSA,0
SEPTIEMBRE,ERITREA,ÁFRICA,AEROPUERTO INTERNACIONAL JORGE CHÁVEZ,2
SEPTIEMBRE,ERITREA,ÁFRICA,CEBAF - TUMBES,0
SEPTIEMBRE,ERITREA,ÁFRICA,DESAGUADERO,0
SEPTIEMBRE,ERITREA,ÁFRICA,KASANI,0
SEPTIEMBRE,ERITREA,ÁFRICA,OTRAS OCM,0
SEPTIEMBRE,ERITREA,ÁFRICA,SANTA ROSA,0
SEPTIEMBRE,ESLOVAQUIA,EUROPA,AEROPUERTO INTERNACIONAL JORGE CHÁVEZ,845
SEPTIEMBRE,ESLOVAQUIA,EUROPA,CEBAF - TUMBES,4
SEPTIEMBRE,ESLOVAQUIA,EUROPA,DESAGUADERO,73
SEPTIEMBRE,ESLOVAQUIA,EUROPA,KASANI,72
SEPTIEMBRE,ESLOVAQUIA,EUROPA,OTRAS OCM,34
SEPTIEMBRE,ESLOVAQUIA,EUROPA,SANTA ROSA,5
SEPTIEMBRE,ESLOVENIA,EUROPA,AEROPUERTO INTERNACIONAL JORGE CHÁVEZ,714
SEPTIEMBRE,ESLOVENIA,EUROPA,CEBAF - TUMBES,9
SEPTIEMBRE,ESLOVENIA,EUROPA,DESAGUADERO,12
SEPTIEMBRE,ESLOVENIA,EUROPA,KASANI,17
SEPTIEMBRE,ESLOVENIA,EUROPA,OTRAS OCM,13
SEPTIEMBRE,ESLOVENIA,EUROPA,SANTA ROSA,8
SEPTIEMBRE,ESPAÑA,EUROPA,AEROPUERTO INTERNACIONAL JORGE CHÁVEZ,59416
SEPTIEMBRE,ESPAÑA,EUROPA,CEBAF - TUMBES,478
SEPTIEMBRE,ESPAÑA,EUROPA,DESAGUADERO,576
SEPTIEMBRE,ESPAÑA,EUROPA,KASANI,406
SEPTIEMBRE,ESPAÑA,EUROPA,OTRAS OCM,720
SEPTIEMBRE,ESPAÑA,EUROPA,SANTA ROSA,402
SEPTIEMBRE,ESTONIA,EUROPA,AEROPUERTO INTERNACIONAL JORGE CHÁVEZ,196
SEPTIEMBRE,ESTONIA,EUROPA,CEBAF - TUMBES,1
SEPTIEMBRE,ESTONIA,EUROPA,DESAGUADERO,5
SEPTIEMBRE,ESTONIA,EUROPA,KASANI,6
SEPTIEMBRE,ESTONIA,EUROPA,OTRAS OCM,3
SEPTIEMBRE,ESTONIA,EUROPA,SANTA ROSA,0
SEPTIEMBRE,ETIOPÍA,ÁFRICA,AEROPUERTO INTERNACIONAL JORGE CHÁVEZ,11
SEPTIEMBRE,ETIOPÍA,ÁFRICA,CEBAF - TUMBES,0
SEPTIEMBRE,ETIOPÍA,ÁFRICA,DESAGUADERO,0
SEPTIEMBRE,ETIOPÍA,ÁFRICA,KASANI,0
SEPTIEMBRE,ETIOPÍA,ÁFRICA,OTRAS OCM,1
SEPTIEMBRE,ETIOPÍA,ÁFRICA,SANTA ROSA,0
SEPTIEMBRE,EX R. YUG. MACEDONIA,EUROPA,AEROPUERTO INTERNACIONAL JORGE CHÁVEZ,52
SEPTIEMBRE,EX R. YUG. MACEDONIA,EUROPA,CEBAF - TUMBES,0
SEPTIEMBRE,EX R. YUG. MACEDONIA,EUROPA,DESAGUADERO,1
SEPTIEMBRE,EX R. YUG. MACEDONIA,EUROPA,KASANI,0
SEPTIEMBRE,EX R. YUG. MACEDONIA,EUROPA,OTRAS OCM,0
SEPTIEMBRE,EX R. YUG. MACEDONIA,EUROPA,SANTA ROSA,0
SEPTIEMBRE,FIJI,OCEANÍA,AEROPUERTO INTERNACIONAL JORGE CHÁVEZ,19
SEPTIEMBRE,FIJI,OCEANÍA,CEBAF - TUMBES,0
SEPTIEMBRE,FIJI,OCEANÍA,DESAGUADERO,0
SEPTIEMBRE,FIJI,OCEANÍA,KASANI,0
SEPTIEMBRE,FIJI,OCEANÍA,OTRAS OCM,9
SEPTIEMBRE,FIJI,OCEANÍA,SANTA ROSA,2
SEPTIEMBRE,FILIPINAS,ASIA,AEROPUERTO INTERNACIONAL JORGE CHÁVEZ,1629
SEPTIEMBRE,FILIPINAS,ASIA,CEBAF - TUMBES,3
SEPTIEMBRE,FILIPINAS,ASIA,DESAGUADERO,9
SEPTIEMBRE,FILIPINAS,ASIA,KASANI,19
SEPTIEMBRE,FILIPINAS,ASIA,OTRAS OCM,578
SEPTIEMBRE,FILIPINAS,ASIA,SANTA ROSA,1
SEPTIEMBRE,FINLANDIA,EUROPA,AEROPUERTO INTERNACIONAL JORGE CHÁVEZ,586
SEPTIEMBRE,FINLANDIA,EUROPA,CEBAF - TUMBES,8
SEPTIEMBRE,FINLANDIA,EUROPA,DESAGUADERO,9
SEPTIEMBRE,FINLANDIA,EUROPA,KASANI,24
SEPTIEMBRE,FINLANDIA,EUROPA,OTRAS OCM,24
SEPTIEMBRE,FINLANDIA,EUROPA,SANTA ROSA,2
SEPTIEMBRE,FRANCIA,EUROPA,AEROPUERTO INTERNACIONAL JORGE CHÁVEZ,31933
SEPTIEMBRE,FRANCIA,EUROPA,CEBAF - TUMBES,573
SEPTIEMBRE,FRANCIA,EUROPA,DESAGUADERO,1536
SEPTIEMBRE,FRANCIA,EUROPA,KASANI,1100
SEPTIEMBRE,FRANCIA,EUROPA,OTRAS OCM,879
SEPTIEMBRE,FRANCIA,EUROPA,SANTA ROSA,288
SEPTIEMBRE,GABÓN,ÁFRICA,AEROPUERTO INTERNACIONAL JORGE CHÁVEZ,2
SEPTIEMBRE,GABÓN,ÁFRICA,CEBAF - TUMBES,0
SEPTIEMBRE,GABÓN,ÁFRICA,DESAGUADERO,0
SEPTIEMBRE,GABÓN,ÁFRICA,KASANI,0
SEPTIEMBRE,GABÓN,ÁFRICA,OTRAS OCM,0
SEPTIEMBRE,GABÓN,ÁFRICA,SANTA ROSA,0
SEPTIEMBRE,GAMBIA,ÁFRICA,AEROPUERTO INTERNACIONAL JORGE CHÁVEZ,0
SEPTIEMBRE,GAMBIA,ÁFRICA,CEBAF - TUMBES,0
SEPTIEMBRE,GAMBIA,ÁFRICA,DESAGUADERO,0
SEPTIEMBRE,GAMBIA,ÁFRICA,KASANI,0
SEPTIEMBRE,GAMBIA,ÁFRICA,OTRAS OCM,0
SEPTIEMBRE,GAMBIA,ÁFRICA,SANTA ROSA,0
SEPTIEMBRE,GEORGIA,ASIA,AEROPUERTO INTERNACIONAL JORGE CHÁVEZ,49
SEPTIEMBRE,GEORGIA,ASIA,CEBAF - TUMBES,0
SEPTIEMBRE,GEORGIA,ASIA,DESAGUADERO,1
SEPTIEMBRE,GEORGIA,ASIA,KASANI,3
SEPTIEMBRE,GEORGIA,ASIA,OTRAS OCM,5
SEPTIEMBRE,GEORGIA,ASIA,SANTA ROSA,0
SEPTIEMBRE,GHANA,ÁFRICA,AEROPUERTO INTERNACIONAL JORGE CHÁVEZ,64
SEPTIEMBRE,GHANA,ÁFRICA,CEBAF - TUMBES,0
SEPTIEMBRE,GHANA,ÁFRICA,DESAGUADERO,0
SEPTIEMBRE,GHANA,ÁFRICA,KASANI,0
SEPTIEMBRE,GHANA,ÁFRICA,OTRAS OCM,4
SEPTIEMBRE,GHANA,ÁFRICA,SANTA ROSA,0
SEPTIEMBRE,GRANADA,AMÉRICA CENTRAL,AEROPUERTO INTERNACIONAL JORGE CHÁVEZ,40
SEPTIEMBRE,GRANADA,AMÉRICA CENTRAL,CEBAF - TUMBES,2
SEPTIEMBRE,GRANADA,AMÉRICA CENTRAL,DESAGUADERO,1
SEPTIEMBRE,GRANADA,AMÉRICA CENTRAL,KASANI,4
SEPTIEMBRE,GRANADA,AMÉRICA CENTRAL,OTRAS OCM,0
SEPTIEMBRE,GRANADA,AMÉRICA CENTRAL,SANTA ROSA,1
SEPTIEMBRE,GRECIA,EUROPA,AEROPUERTO INTERNACIONAL JORGE CHÁVEZ,834
SEPTIEMBRE,GRECIA,EUROPA,CEBAF - TUMBES,4
SEPTIEMBRE,GRECIA,EUROPA,DESAGUADERO,23
SEPTIEMBRE,GRECIA,EUROPA,KASANI,22
SEPTIEMBRE,GRECIA,EUROPA,OTRAS OCM,44
SEPTIEMBRE,GRECIA,EUROPA,SANTA ROSA,10
SEPTIEMBRE,GROENLANDIA,EUROPA,AEROPUERTO INTERNACIONAL JORGE CHÁVEZ,0
SEPTIEMBRE,GROENLANDIA,EUROPA,CEBAF - TUMBES,0
SEPTIEMBRE,GROENLANDIA,EUROPA,DESAGUADERO,0
SEPTIEMBRE,GROENLANDIA,EUROPA,KASANI,0
SEPTIEMBRE,GROENLANDIA,EUROPA,OTRAS OCM,0
SEPTIEMBRE,GROENLANDIA,EUROPA,SANTA ROSA,0
SEPTIEMBRE,GUATEMALA,AMÉRICA CENTRAL,AEROPUERTO INTERNACIONAL JORGE CHÁVEZ,4877
SEPTIEMBRE,GUATEMALA,AMÉRICA CENTRAL,CEBAF - TUMBES,12
SEPTIEMBRE,GUATEMALA,AMÉRICA CENTRAL,DESAGUADERO,12
SEPTIEMBRE,GUATEMALA,AMÉRICA CENTRAL,KASANI,7
SEPTIEMBRE,GUATEMALA,AMÉRICA CENTRAL,OTRAS OCM,75
SEPTIEMBRE,GUATEMALA,AMÉRICA CENTRAL,SANTA ROSA,5
SEPTIEMBRE,GUINEA,ÁFRICA,AEROPUERTO INTERNACIONAL JORGE CHÁVEZ,2
SEPTIEMBRE,GUINEA,ÁFRICA,CEBAF - TUMBES,0
SEPTIEMBRE,GUINEA,ÁFRICA,DESAGUADERO,0
SEPTIEMBRE,GUINEA,ÁFRICA,KASANI,0
SEPTIEMBRE,GUINEA,ÁFRICA,OTRAS OCM,0
SEPTIEMBRE,GUINEA,ÁFRICA,SANTA ROSA,0
SEPTIEMBRE,GUINEA BISSAU,ÁFRICA,AEROPUERTO INTERNACIONAL JORGE CHÁVEZ,1
SEPTIEMBRE,GUINEA BISSAU,ÁFRICA,CEBAF - TUMBES,0
SEPTIEMBRE,GUINEA BISSAU,ÁFRICA,DESAGUADERO,0
SEPTIEMBRE,GUINEA BISSAU,ÁFRICA,KASANI,0
SEPTIEMBRE,GUINEA BISSAU,ÁFRICA,OTRAS OCM,0
SEPTIEMBRE,GUINEA BISSAU,ÁFRICA,SANTA ROSA,0
SEPTIEMBRE,GUINEA ECUATORIAL,ÁFRICA,AEROPUERTO INTERNACIONAL JORGE CHÁVEZ,10
SEPTIEMBRE,GUINEA ECUATORIAL,ÁFRICA,CEBAF - TUMBES,0
SEPTIEMBRE,GUINEA ECUATORIAL,ÁFRICA,DESAGUADERO,0
SEPTIEMBRE,GUINEA ECUATORIAL,ÁFRICA,KASANI,0
SEPTIEMBRE,GUINEA ECUATORIAL,ÁFRICA,OTRAS OCM,0
SEPTIEMBRE,GUINEA ECUATORIAL,ÁFRICA,SANTA ROSA,0
SEPTIEMBRE,GUYANA,AMÉRICA DEL SUR,AEROPUERTO INTERNACIONAL JORGE CHÁVEZ,98
SEPTIEMBRE,GUYANA,AMÉRICA DEL SUR,CEBAF - TUMBES,0
SEPTIEMBRE,GUYANA,AMÉRICA DEL SUR,DESAGUADERO,2
SEPTIEMBRE,GUYANA,AMÉRICA DEL SUR,KASANI,1
SEPTIEMBRE,GUYANA,AMÉRICA DEL SUR,OTRAS OCM,0
SEPTIEMBRE,GUYANA,AMÉRICA DEL SUR,SANTA ROSA,0
SEPTIEMBRE,HAITÍ,AMÉRICA CENTRAL,AEROPUERTO INTERNACIONAL JORGE CHÁVEZ,77
SEPTIEMBRE,HAITÍ,AMÉRICA CENTRAL,CEBAF - TUMBES,2
SEPTIEMBRE,HAITÍ,AMÉRICA CENTRAL,DESAGUADERO,0
SEPTIEMBRE,HAITÍ,AMÉRICA CENTRAL,KASANI,0
SEPTIEMBRE,HAITÍ,AMÉRICA CENTRAL,OTRAS OCM,2
SEPTIEMBRE,HAITÍ,AMÉRICA CENTRAL,SANTA ROSA,32
SEPTIEMBRE,HONDURAS,AMÉRICA CENTRAL,AEROPUERTO INTERNACIONAL JORGE CHÁVEZ,2692
SEPTIEMBRE,HONDURAS,AMÉRICA CENTRAL,CEBAF - TUMBES,16
SEPTIEMBRE,HONDURAS,AMÉRICA CENTRAL,DESAGUADERO,5
SEPTIEMBRE,HONDURAS,AMÉRICA CENTRAL,KASANI,2
SEPTIEMBRE,HONDURAS,AMÉRICA CENTRAL,OTRAS OCM,89
SEPTIEMBRE,HONDURAS,AMÉRICA CENTRAL,SANTA ROSA,7
SEPTIEMBRE,HONG KONG,ASIA,AEROPUERTO INTERNACIONAL JORGE CHÁVEZ,799
SEPTIEMBRE,HONG KONG,ASIA,CEBAF - TUMBES,1
SEPTIEMBRE,HONG KONG,ASIA,DESAGUADERO,15
SEPTIEMBRE,HONG KONG,ASIA,KASANI,13
SEPTIEMBRE,HONG KONG,ASIA,OTRAS OCM,53
SEPTIEMBRE,HONG KONG,ASIA,SANTA ROSA,5
SEPTIEMBRE,HUNGRÍA,EUROPA,AEROPUERTO INTERNACIONAL JORGE CHÁVEZ,1105
SEPTIEMBRE,HUNGRÍA,EUROPA,CEBAF - TUMBES,9
SEPTIEMBRE,HUNGRÍA,EUROPA,DESAGUADERO,18
SEPTIEMBRE,HUNGRÍA,EUROPA,KASANI,30
SEPTIEMBRE,HUNGRÍA,EUROPA,OTRAS OCM,31
SEPTIEMBRE,HUNGRÍA,EUROPA,SANTA ROSA,4
SEPTIEMBRE,INDIA,ASIA,AEROPUERTO INTERNACIONAL JORGE CHÁVEZ,3843
SEPTIEMBRE,INDIA,ASIA,CEBAF - TUMBES,10
SEPTIEMBRE,INDIA,ASIA,DESAGUADERO,32
SEPTIEMBRE,INDIA,ASIA,KASANI,3
SEPTIEMBRE,INDIA,ASIA,OTRAS OCM,357
SEPTIEMBRE,INDIA,ASIA,SANTA ROSA,58
SEPTIEMBRE,INDONESIA,ASIA,AEROPUERTO INTERNACIONAL JORGE CHÁVEZ,1087
SEPTIEMBRE,INDONESIA,ASIA,CEBAF - TUMBES,2
SEPTIEMBRE,INDONESIA,ASIA,DESAGUADERO,1
SEPTIEMBRE,INDONESIA,ASIA,KASANI,1
SEPTIEMBRE,INDONESIA,ASIA,OTRAS OCM,265
SEPTIEMBRE,INDONESIA,ASIA,SANTA ROSA,12
SEPTIEMBRE,IRAK,ASIA,AEROPUERTO INTERNACIONAL JORGE CHÁVEZ,4
SEPTIEMBRE,IRAK,ASIA,CEBAF - TUMBES,0
SEPTIEMBRE,IRAK,ASIA,DESAGUADERO,0
SEPTIEMBRE,IRAK,ASIA,KASANI,0
SEPTIEMBRE,IRAK,ASIA,OTRAS OCM,0
SEPTIEMBRE,IRAK,ASIA,SANTA ROSA,0
SEPTIEMBRE,IRLANDA,EUROPA,AEROPUERTO INTERNACIONAL JORGE CHÁVEZ,2719
SEPTIEMBRE,IRLANDA,EUROPA,CEBAF - TUMBES,145
SEPTIEMBRE,IRLANDA,EUROPA,DESAGUADERO,64
SEPTIEMBRE,IRLANDA,EUROPA,KASANI,105
SEPTIEMBRE,IRLANDA,EUROPA,OTRAS OCM,165
SEPTIEMBRE,IRLANDA,EUROPA,SANTA ROSA,11
SEPTIEMBRE,IRÁN,ASIA,AEROPUERTO INTERNACIONAL JORGE CHÁVEZ,97
SEPTIEMBRE,IRÁN,ASIA,CEBAF - TUMBES,0
SEPTIEMBRE,IRÁN,ASIA,DESAGUADERO,2
SEPTIEMBRE,IRÁN,ASIA,KASANI,2
SEPTIEMBRE,IRÁN,ASIA,OTRAS OCM,2
SEPTIEMBRE,IRÁN,ASIA,SANTA ROSA,1
SEPTIEMBRE,ISLAND MARSHALL,OCEANÍA,AEROPUERTO INTERNACIONAL JORGE CHÁVEZ,1
SEPTIEMBRE,ISLAND MARSHALL,OCEANÍA,CEBAF - TUMBES,0
SEPTIEMBRE,ISLAND MARSHALL,OCEANÍA,DESAGUADERO,0
SEPTIEMBRE,ISLAND MARSHALL,OCEANÍA,KASANI,0
SEPTIEMBRE,ISLAND MARSHALL,OCEANÍA,OTRAS OCM,0
SEPTIEMBRE,ISLAND MARSHALL,OCEANÍA,SANTA ROSA,0
SEPTIEMBRE,ISLANDIA,EUROPA,AEROPUERTO INTERNACIONAL JORGE CHÁVEZ,213
SEPTIEMBRE,ISLANDIA,EUROPA,CEBAF - TUMBES,0
SEPTIEMBRE,ISLANDIA,EUROPA,DESAGUADERO,10
SEPTIEMBRE,ISLANDIA,EUROPA,KASANI,1
SEPTIEMBRE,ISLANDIA,EUROPA,OTRAS OCM,6
SEPTIEMBRE,ISLANDIA,EUROPA,SANTA ROSA,1
SEPTIEMBRE,ISRAEL,ASIA,AEROPUERTO INTERNACIONAL JORGE CHÁVEZ,7056
SEPTIEMBRE,ISRAEL,ASIA,CEBAF - TUMBES,169
SEPTIEMBRE,ISRAEL,ASIA,DESAGUADERO,207
SEPTIEMBRE,ISRAEL,ASIA,KASANI,51
SEPTIEMBRE,ISRAEL,ASIA,OTRAS OCM,154
SEPTIEMBRE,ISRAEL,ASIA,SANTA ROSA,6
SEPTIEMBRE,ITALIA,EUROPA,AEROPUERTO INTERNACIONAL JORGE CHÁVEZ,23037
SEPTIEMBRE,ITALIA,EUROPA,CEBAF - TUMBES,135
SEPTIEMBRE,ITALIA,EUROPA,DESAGUADERO,556
SEPTIEMBRE,ITALIA,EUROPA,KASANI,381
SEPTIEMBRE,ITALIA,EUROPA,OTRAS OCM,370
SEPTIEMBRE,ITALIA,EUROPA,SANTA ROSA,111
SEPTIEMBRE,JAMAICA,AMÉRICA CENTRAL,AEROPUERTO INTERNACIONAL JORGE CHÁVEZ,364
SEPTIEMBRE,JAMAICA,AMÉRICA CENTRAL,CEBAF - TUMBES,2
SEPTIEMBRE,JAMAICA,AMÉRICA CENTRAL,DESAGUADERO,0
SEPTIEMBRE,JAMAICA,AMÉRICA CENTRAL,KASANI,0
SEPTIEMBRE,JAMAICA,AMÉRICA CENTRAL,OTRAS OCM,1
SEPTIEMBRE,JAMAICA,AMÉRICA CENTRAL,SANTA ROSA,0
SEPTIEMBRE,JAPÓN,ASIA,AEROPUERTO INTERNACIONAL JORGE CHÁVEZ,9981
SEPTIEMBRE,JAPÓN,ASIA,CEBAF - TUMBES,53
SEPTIEMBRE,JAPÓN,ASIA,DESAGUADERO,50
SEPTIEMBRE,JAPÓN,ASIA,KASANI,57
SEPTIEMBRE,JAPÓN,ASIA,OTRAS OCM,333
SEPTIEMBRE,JAPÓN,ASIA,SANTA ROSA,40
SEPTIEMBRE,JORDANIA,ASIA,AEROPUERTO INTERNACIONAL JORGE CHÁVEZ,31
SEPTIEMBRE,JORDANIA,ASIA,CEBAF - TUMBES,0
SEPTIEMBRE,JORDANIA,ASIA,DESAGUADERO,1
SEPTIEMBRE,JORDANIA,ASIA,KASANI,0
SEPTIEMBRE,JORDANIA,ASIA,OTRAS OCM,1
SEPTIEMBRE,JORDANIA,ASIA,SANTA ROSA,0
SEPTIEMBRE,KATAR,ASIA,AEROPUERTO INTERNACIONAL JORGE CHÁVEZ,11
SEPTIEMBRE,KATAR,ASIA,CEBAF - TUMBES,0
SEPTIEMBRE,KATAR,ASIA,DESAGUADERO,1
SEPTIEMBRE,KATAR,ASIA,KASANI,0
SEPTIEMBRE,KATAR,ASIA,OTRAS OCM,1
SEPTIEMBRE,KATAR,ASIA,SANTA ROSA,0
SEPTIEMBRE,KAZAJSTÁN,ASIA,AEROPUERTO INTERNACIONAL JORGE CHÁVEZ,54
SEPTIEMBRE,KAZAJSTÁN,ASIA,CEBAF - TUMBES,1
SEPTIEMBRE,KAZAJSTÁN,ASIA,DESAGUADERO,0
SEPTIEMBRE,KAZAJSTÁN,ASIA,KASANI,0
SEPTIEMBRE,KAZAJSTÁN,ASIA,OTRAS OCM,5
SEPTIEMBRE,KAZAJSTÁN,ASIA,SANTA ROSA,0
SEPTIEMBRE,KENIA,ÁFRICA,AEROPUERTO INTERNACIONAL JORGE CHÁVEZ,92
SEPTIEMBRE,KENIA,ÁFRICA,CEBAF - TUMBES,0
SEPTIEMBRE,KENIA,ÁFRICA,DESAGUADERO,3
SEPTIEMBRE,KENIA,ÁFRICA,KASANI,1
SEPTIEMBRE,KENIA,ÁFRICA,OTRAS OCM,1
SEPTIEMBRE,KENIA,ÁFRICA,SANTA ROSA,0
SEPTIEMBRE,KIRGUISTÁN,ASIA,AEROPUERTO INTERNACIONAL JORGE CHÁVEZ,6
SEPTIEMBRE,KIRGUISTÁN,ASIA,CEBAF - TUMBES,0
SEPTIEMBRE,KIRGUISTÁN,ASIA,DESAGUADERO,0
SEPTIEMBRE,KIRGUISTÁN,ASIA,KASANI,0
SEPTIEMBRE,KIRGUISTÁN,ASIA,OTRAS OCM,1
SEPTIEMBRE,KIRGUISTÁN,ASIA,SANTA ROSA,0
SEPTIEMBRE,KIRIBATI,OCEANÍA,AEROPUERTO INTERNACIONAL JORGE CHÁVEZ,0
SEPTIEMBRE,KIRIBATI,OCEANÍA,CEBAF - TUMBES,0
SEPTIEMBRE,KIRIBATI,OCEANÍA,DESAGUADERO,0
SEPTIEMBRE,KIRIBATI,OCEANÍA,KASANI,0
SEPTIEMBRE,KIRIBATI,OCEANÍA,OTRAS OCM,2
SEPTIEMBRE,KIRIBATI,OCEANÍA,SANTA ROSA,0
SEPTIEMBRE,KUWAIT,ASIA,AEROPUERTO INTERNACIONAL JORGE CHÁVEZ,32
SEPTIEMBRE,KUWAIT,ASIA,CEBAF - TUMBES,0
SEPTIEMBRE,KUWAIT,ASIA,DESAGUADERO,1
SEPTIEMBRE,KUWAIT,ASIA,KASANI,0
SEPTIEMBRE,KUWAIT,ASIA,OTRAS OCM,1
SEPTIEMBRE,KUWAIT,ASIA,SANTA ROSA,0
SEPTIEMBRE,LAOS,ASIA,AEROPUERTO INTERNACIONAL JORGE CHÁVEZ,4
SEPTIEMBRE,LAOS,ASIA,CEBAF - TUMBES,0
SEPTIEMBRE,LAOS,ASIA,DESAGUADERO,0
SEPTIEMBRE,LAOS,ASIA,KASANI,0
SEPTIEMBRE,LAOS,ASIA,OTRAS OCM,0
SEPTIEMBRE,LAOS,ASIA,SANTA ROSA,0
SEPTIEMBRE,LESOTHO,ÁFRICA,AEROPUERTO INTERNACIONAL JORGE CHÁVEZ,2
SEPTIEMBRE,LESOTHO,ÁFRICA,CEBAF - TUMBES,0
SEPTIEMBRE,LESOTHO,ÁFRICA,DESAGUADERO,0
SEPTIEMBRE,LESOTHO,ÁFRICA,KASANI,0
SEPTIEMBRE,LESOTHO,ÁFRICA,OTRAS OCM,0
SEPTIEMBRE,LESOTHO,ÁFRICA,SANTA ROSA,0
SEPTIEMBRE,LETONIA,EUROPA,AEROPUERTO INTERNACIONAL JORGE CHÁVEZ,395
SEPTIEMBRE,LETONIA,EUROPA,CEBAF - TUMBES,4
SEPTIEMBRE,LETONIA,EUROPA,DESAGUADERO,1
SEPTIEMBRE,LETONIA,EUROPA,KASANI,5
SEPTIEMBRE,LETONIA,EUROPA,OTRAS OCM,6
SEPTIEMBRE,LETONIA,EUROPA,SANTA ROSA,2
SEPTIEMBRE,LIBERIA,ÁFRICA,AEROPUERTO INTERNACIONAL JORGE CHÁVEZ,6
SEPTIEMBRE,LIBERIA,ÁFRICA,CEBAF - TUMBES,0
SEPTIEMBRE,LIBERIA,ÁFRICA,DESAGUADERO,0
SEPTIEMBRE,LIBERIA,ÁFRICA,KASANI,0
SEPTIEMBRE,LIBERIA,ÁFRICA,OTRAS OCM,0
SEPTIEMBRE,LIBERIA,ÁFRICA,SANTA ROSA,0
SEPTIEMBRE,LIBIA,ÁFRICA,AEROPUERTO INTERNACIONAL JORGE CHÁVEZ,3
SEPTIEMBRE,LIBIA,ÁFRICA,CEBAF - TUMBES,0
SEPTIEMBRE,LIBIA,ÁFRICA,DESAGUADERO,0
SEPTIEMBRE,LIBIA,ÁFRICA,KASANI,0
SEPTIEMBRE,LIBIA,ÁFRICA,OTRAS OCM,0
SEPTIEMBRE,LIBIA,ÁFRICA,SANTA ROSA,0
SEPTIEMBRE,LIECHTENSTEIN,EUROPA,AEROPUERTO INTERNACIONAL JORGE CHÁVEZ,41
SEPTIEMBRE,LIECHTENSTEIN,EUROPA,CEBAF - TUMBES,1
SEPTIEMBRE,LIECHTENSTEIN,EUROPA,DESAGUADERO,2
SEPTIEMBRE,LIECHTENSTEIN,EUROPA,KASANI,0
SEPTIEMBRE,LIECHTENSTEIN,EUROPA,OTRAS OCM,1
SEPTIEMBRE,LIECHTENSTEIN,EUROPA,SANTA ROSA,0
SEPTIEMBRE,LITUANIA,EUROPA,AEROPUERTO INTERNACIONAL JORGE CHÁVEZ,582
SEPTIEMBRE,LITUANIA,EUROPA,CEBAF - TUMBES,4
SEPTIEMBRE,LITUANIA,EUROPA,DESAGUADERO,16
SEPTIEMBRE,LITUANIA,EUROPA,KASANI,4
SEPTIEMBRE,LITUANIA,EUROPA,OTRAS OCM,17
SEPTIEMBRE,LITUANIA,EUROPA,SANTA ROSA,5
SEPTIEMBRE,LUXEMBURGO,EUROPA,AEROPUERTO INTERNACIONAL JORGE CHÁVEZ,222
SEPTIEMBRE,LUXEMBURGO,EUROPA,CEBAF - TUMBES,5
SEPTIEMBRE,LUXEMBURGO,EUROPA,DESAGUADERO,8
SEPTIEMBRE,LUXEMBURGO,EUROPA,KASANI,11
SEPTIEMBRE,LUXEMBURGO,EUROPA,OTRAS OCM,11
SEPTIEMBRE,LUXEMBURGO,EUROPA,SANTA ROSA,2
SEPTIEMBRE,LÍBANO,ASIA,AEROPUERTO INTERNACIONAL JORGE CHÁVEZ,74
SEPTIEMBRE,LÍBANO,ASIA,CEBAF - TUMBES,0
SEPTIEMBRE,LÍBANO,ASIA,DESAGUADERO,2
SEPTIEMBRE,LÍBANO,ASIA,KASANI,0
SEPTIEMBRE,LÍBANO,ASIA,OTRAS OCM,1
SEPTIEMBRE,LÍBANO,ASIA,SANTA ROSA,1
SEPTIEMBRE,MADAGASCAR,ÁFRICA,AEROPUERTO INTERNACIONAL JORGE CHÁVEZ,5
SEPTIEMBRE,MADAGASCAR,ÁFRICA,CEBAF - TUMBES,0
SEPTIEMBRE,MADAGASCAR,ÁFRICA,DESAGUADERO,0
SEPTIEMBRE,MADAGASCAR,ÁFRICA,KASANI,0
SEPTIEMBRE,MADAGASCAR,ÁFRICA,OTRAS OCM,0
SEPTIEMBRE,MADAGASCAR,ÁFRICA,SANTA ROSA,0
SEPTIEMBRE,MALASIA,ASIA,AEROPUERTO INTERNACIONAL JORGE CHÁVEZ,868
SEPTIEMBRE,MALASIA,ASIA,CEBAF - TUMBES,7
SEPTIEMBRE,MALASIA,ASIA,DESAGUADERO,1
SEPTIEMBRE,MALASIA,ASIA,KASANI,27
SEPTIEMBRE,MALASIA,ASIA,OTRAS OCM,29
SEPTIEMBRE,MALASIA,ASIA,SANTA ROSA,6
SEPTIEMBRE,MALAWI,ÁFRICA,AEROPUERTO INTERNACIONAL JORGE CHÁVEZ,1
SEPTIEMBRE,MALAWI,ÁFRICA,CEBAF - TUMBES,0
SEPTIEMBRE,MALAWI,ÁFRICA,DESAGUADERO,0
SEPTIEMBRE,MALAWI,ÁFRICA,KASANI,0
SEPTIEMBRE,MALAWI,ÁFRICA,OTRAS OCM,0
SEPTIEMBRE,MALAWI,ÁFRICA,SANTA ROSA,0
SEPTIEMBRE,MALDIVAS,ASIA,AEROPUERTO INTERNACIONAL JORGE CHÁVEZ,8
SEPTIEMBRE,MALDIVAS,ASIA,CEBAF - TUMBES,0
SEPTIEMBRE,MALDIVAS,ASIA,DESAGUADERO,0
SEPTIEMBRE,MALDIVAS,ASIA,KASANI,0
SEPTIEMBRE,MALDIVAS,ASIA,OTRAS OCM,0
SEPTIEMBRE,MALDIVAS,ASIA,SANTA ROSA,0
SEPTIEMBRE,MALTA,EUROPA,AEROPUERTO INTERNACIONAL JORGE CHÁVEZ,201
SEPTIEMBRE,MALTA,EUROPA,CEBAF - TUMBES,1
SEPTIEMBRE,MALTA,EUROPA,DESAGUADERO,4
SEPTIEMBRE,MALTA,EUROPA,KASANI,6
SEPTIEMBRE,MALTA,EUROPA,OTRAS OCM,6
SEPTIEMBRE,MALTA,EUROPA,SANTA ROSA,0
SEPTIEMBRE,MALÍ,ÁFRICA,AEROPUERTO INTERNACIONAL JORGE CHÁVEZ,2
SEPTIEMBRE,MALÍ,ÁFRICA,CEBAF - TUMBES,0
SEPTIEMBRE,MALÍ,ÁFRICA,DESAGUADERO,0
SEPTIEMBRE,MALÍ,ÁFRICA,KASANI,0
SEPTIEMBRE,MALÍ,ÁFRICA,OTRAS OCM,0
SEPTIEMBRE,MALÍ,ÁFRICA,SANTA ROSA,0
SEPTIEMBRE,MARRUECOS,ÁFRICA,AEROPUERTO INTERNACIONAL JORGE CHÁVEZ,168
SEPTIEMBRE,MARRUECOS,ÁFRICA,CEBAF - TUMBES,3
SEPTIEMBRE,MARRUECOS,ÁFRICA,DESAGUADERO,2
SEPTIEMBRE,MARRUECOS,ÁFRICA,KASANI,5
SEPTIEMBRE,MARRUECOS,ÁFRICA,OTRAS OCM,5
SEPTIEMBRE,MARRUECOS,ÁFRICA,SANTA ROSA,3
SEPTIEMBRE,MAURICIO,ÁFRICA,AEROPUERTO INTERNACIONAL JORGE CHÁVEZ,14
SEPTIEMBRE,MAURICIO,ÁFRICA,CEBAF - TUMBES,0
SEPTIEMBRE,MAURICIO,ÁFRICA,DESAGUADERO,0
SEPTIEMBRE,MAURICIO,ÁFRICA,KASANI,1
SEPTIEMBRE,MAURICIO,ÁFRICA,OTRAS OCM,1
SEPTIEMBRE,MAURICIO,ÁFRICA,SANTA ROSA,0
SEPTIEMBRE,MAURITANIA,ÁFRICA,AEROPUERTO INTERNACIONAL JORGE CHÁVEZ,0
SEPTIEMBRE,MAURITANIA,ÁFRICA,CEBAF - TUMBES,0
SEPTIEMBRE,MAURITANIA,ÁFRICA,DESAGUADERO,0
SEPTIEMBRE,MAURITANIA,ÁFRICA,KASANI,0
SEPTIEMBRE,MAURITANIA,ÁFRICA,OTRAS OCM,0
SEPTIEMBRE,MAURITANIA,ÁFRICA,SANTA ROSA,0
SEPTIEMBRE,MONGOLIA,ASIA,AEROPUERTO INTERNACIONAL JORGE CHÁVEZ,51
SEPTIEMBRE,MONGOLIA,ASIA,CEBAF - TUMBES,1
SEPTIEMBRE,MONGOLIA,ASIA,DESAGUADERO,0
SEPTIEMBRE,MONGOLIA,ASIA,KASANI,0
SEPTIEMBRE,MONGOLIA,ASIA,OTRAS OCM,1
SEPTIEMBRE,MONGOLIA,ASIA,SANTA ROSA,1
SEPTIEMBRE,MOZAMBIQUE,ÁFRICA,AEROPUERTO INTERNACIONAL JORGE CHÁVEZ,12
SEPTIEMBRE,MOZAMBIQUE,ÁFRICA,CEBAF - TUMBES,0
SEPTIEMBRE,MOZAMBIQUE,ÁFRICA,DESAGUADERO,0
SEPTIEMBRE,MOZAMBIQUE,ÁFRICA,KASANI,0
SEPTIEMBRE,MOZAMBIQUE,ÁFRICA,OTRAS OCM,4
SEPTIEMBRE,MOZAMBIQUE,ÁFRICA,SANTA ROSA,0
SEPTIEMBRE,MYANMAR,ASIA,AEROPUERTO INTERNACIONAL JORGE CHÁVEZ,54
SEPTIEMBRE,MYANMAR,ASIA,CEBAF - TUMBES,0
SEPTIEMBRE,MYANMAR,ASIA,DESAGUADERO,0
SEPTIEMBRE,MYANMAR,ASIA,KASANI,1
SEPTIEMBRE,MYANMAR,ASIA,OTRAS OCM,36
SEPTIEMBRE,MYANMAR,ASIA,SANTA ROSA,0
SEPTIEMBRE,MÉXICO,AMÉRICA DEL NORTE,AEROPUERTO INTERNACIONAL JORGE CHÁVEZ,54299
SEPTIEMBRE,MÉXICO,AMÉRICA DEL NORTE,CEBAF - TUMBES,119
SEPTIEMBRE,MÉXICO,AMÉRICA DEL NORTE,DESAGUADERO,279
SEPTIEMBRE,MÉXICO,AMÉRICA DEL NORTE,KASANI,143
SEPTIEMBRE,MÉXICO,AMÉRICA DEL NORTE,OTRAS OCM,1321
SEPTIEMBRE,MÉXICO,AMÉRICA DEL NORTE,SANTA ROSA,289
SEPTIEMBRE,MÓNACO,EUROPA,AEROPUERTO INTERNACIONAL JORGE CHÁVEZ,13
SEPTIEMBRE,MÓNACO,EUROPA,CEBAF - TUMBES,0
SEPTIEMBRE,MÓNACO,EUROPA,DESAGUADERO,0
SEPTIEMBRE,MÓNACO,EUROPA,KASANI,0
SEPTIEMBRE,MÓNACO,EUROPA,OTRAS OCM,0
SEPTIEMBRE,MÓNACO,EUROPA,SANTA ROSA,0
SEPTIEMBRE,NAMIBIA,ÁFRICA,AEROPUERTO INTERNACIONAL JORGE CHÁVEZ,17
SEPTIEMBRE,NAMIBIA,ÁFRICA,CEBAF - TUMBES,0
SEPTIEMBRE,NAMIBIA,ÁFRICA,DESAGUADERO,0
SEPTIEMBRE,NAMIBIA,ÁFRICA,KASANI,0
SEPTIEMBRE,NAMIBIA,ÁFRICA,OTRAS OCM,0
SEPTIEMBRE,NAMIBIA,ÁFRICA,SANTA ROSA,0
SEPTIEMBRE,NAURU,OCEANÍA,AEROPUERTO INTERNACIONAL JORGE CHÁVEZ,3
SEPTIEMBRE,NAURU,OCEANÍA,CEBAF - TUMBES,0
SEPTIEMBRE,NAURU,OCEANÍA,DESAGUADERO,0
SEPTIEMBRE,NAURU,OCEANÍA,KASANI,0
SEPTIEMBRE,NAURU,OCEANÍA,OTRAS OCM,0
SEPTIEMBRE,NAURU,OCEANÍA,SANTA ROSA,0
SEPTIEMBRE,NEPAL,ASIA,AEROPUERTO INTERNACIONAL JORGE CHÁVEZ,50
SEPTIEMBRE,NEPAL,ASIA,CEBAF - TUMBES,0
SEPTIEMBRE,NEPAL,ASIA,DESAGUADERO,0
SEPTIEMBRE,NEPAL,ASIA,KASANI,2
SEPTIEMBRE,NEPAL,ASIA,OTRAS OCM,0
SEPTIEMBRE,NEPAL,ASIA,SANTA ROSA,8
SEPTIEMBRE,NICARAGUA,AMÉRICA CENTRAL,AEROPUERTO INTERNACIONAL JORGE CHÁVEZ,888
SEPTIEMBRE,NICARAGUA,AMÉRICA CENTRAL,CEBAF - TUMBES,0
SEPTIEMBRE,NICARAGUA,AMÉRICA CENTRAL,DESAGUADERO,1
SEPTIEMBRE,NICARAGUA,AMÉRICA CENTRAL,KASANI,2
SEPTIEMBRE,NICARAGUA,AMÉRICA CENTRAL,OTRAS OCM,11
SEPTIEMBRE,NICARAGUA,AMÉRICA CENTRAL,SANTA ROSA,9
SEPTIEMBRE,NIGERIA,ÁFRICA,AEROPUERTO INTERNACIONAL JORGE CHÁVEZ,63
SEPTIEMBRE,NIGERIA,ÁFRICA,CEBAF - TUMBES,1
SEPTIEMBRE,NIGERIA,ÁFRICA,DESAGUADERO,0
SEPTIEMBRE,NIGERIA,ÁFRICA,KASANI,0
SEPTIEMBRE,NIGERIA,ÁFRICA,OTRAS OCM,0
SEPTIEMBRE,NIGERIA,ÁFRICA,SANTA ROSA,0
SEPTIEMBRE,NORUEGA,EUROPA,AEROPUERTO INTERNACIONAL JORGE CHÁVEZ,1555
SEPTIEMBRE,NORUEGA,EUROPA,CEBAF - TUMBES,9
SEPTIEMBRE,NORUEGA,EUROPA,DESAGUADERO,33
SEPTIEMBRE,NORUEGA,EUROPA,KASANI,34
SEPTIEMBRE,NORUEGA,EUROPA,OTRAS OCM,53
SEPTIEMBRE,NORUEGA,EUROPA,SANTA ROSA,7
SEPTIEMBRE,NUEVA ZELANDIA,OCEANÍA,AEROPUERTO INTERNACIONAL JORGE CHÁVEZ,2104
SEPTIEMBRE,NUEVA ZELANDIA,OCEANÍA,CEBAF - TUMBES,46
SEPTIEMBRE,NUEVA ZELANDIA,OCEANÍA,DESAGUADERO,62
SEPTIEMBRE,NUEVA ZELANDIA,OCEANÍA,KASANI,84
SEPTIEMBRE,NUEVA ZELANDIA,OCEANÍA,OTRAS OCM,477
SEPTIEMBRE,NUEVA ZELANDIA,OCEANÍA,SANTA ROSA,26
SEPTIEMBRE,NÍGER,ÁFRICA,AEROPUERTO INTERNACIONAL JORGE CHÁVEZ,3
SEPTIEMBRE,NÍGER,ÁFRICA,CEBAF - TUMBES,0
SEPTIEMBRE,NÍGER,ÁFRICA,DESAGUADERO,0
SEPTIEMBRE,NÍGER,ÁFRICA,KASANI,0
SEPTIEMBRE,NÍGER,ÁFRICA,OTRAS OCM,1
SEPTIEMBRE,NÍGER,ÁFRICA,SANTA ROSA,0
SEPTIEMBRE,OMÁN,ASIA,AEROPUERTO INTERNACIONAL JORGE CHÁVEZ,15
SEPTIEMBRE,OMÁN,ASIA,CEBAF - TUMBES,0
SEPTIEMBRE,OMÁN,ASIA,DESAGUADERO,1
SEPTIEMBRE,OMÁN,ASIA,KASANI,0
SEPTIEMBRE,OMÁN,ASIA,OTRAS OCM,0
SEPTIEMBRE,OMÁN,ASIA,SANTA ROSA,0
SEPTIEMBRE,PAKISTÁN,ASIA,AEROPUERTO INTERNACIONAL JORGE CHÁVEZ,86
SEPTIEMBRE,PAKISTÁN,ASIA,CEBAF - TUMBES,2
SEPTIEMBRE,PAKISTÁN,ASIA,DESAGUADERO,2
SEPTIEMBRE,PAKISTÁN,ASIA,KASANI,1
SEPTIEMBRE,PAKISTÁN,ASIA,OTRAS OCM,2
SEPTIEMBRE,PAKISTÁN,ASIA,SANTA ROSA,120
SEPTIEMBRE,PALESTINA,ASIA,AEROPUERTO INTERNACIONAL JORGE CHÁVEZ,10
SEPTIEMBRE,PALESTINA,ASIA,CEBAF - TUMBES,0
SEPTIEMBRE,PALESTINA,ASIA,DESAGUADERO,0
SEPTIEMBRE,PALESTINA,ASIA,KASANI,0
SEPTIEMBRE,PALESTINA,ASIA,OTRAS OCM,0
SEPTIEMBRE,PALESTINA,ASIA,SANTA ROSA,0
SEPTIEMBRE,PANAMÁ,AMÉRICA CENTRAL,AEROPUERTO INTERNACIONAL JORGE CHÁVEZ,8660
SEPTIEMBRE,PANAMÁ,AMÉRICA CENTRAL,CEBAF - TUMBES,17
SEPTIEMBRE,PANAMÁ,AMÉRICA CENTRAL,DESAGUADERO,9
SEPTIEMBRE,PANAMÁ,AMÉRICA CENTRAL,KASANI,8
SEPTIEMBRE,PANAMÁ,AMÉRICA CENTRAL,OTRAS OCM,156
SEPTIEMBRE,PANAMÁ,AMÉRICA CENTRAL,SANTA ROSA,17
SEPTIEMBRE,PAPÚA (NG),OCEANÍA,AEROPUERTO INTERNACIONAL JORGE CHÁVEZ,2
SEPTIEMBRE,PAPÚA (NG),OCEANÍA,CEBAF - TUMBES,0
SEPTIEMBRE,PAPÚA (NG),OCEANÍA,DESAGUADERO,0
SEPTIEMBRE,PAPÚA (NG),OCEANÍA,KASANI,0
SEPTIEMBRE,PAPÚA (NG),OCEANÍA,OTRAS OCM,0
SEPTIEMBRE,PAPÚA (NG),OCEANÍA,SANTA ROSA,0
SEPTIEMBRE,PARAGUAY,AMÉRICA DEL SUR,AEROPUERTO INTERNACIONAL JORGE CHÁVEZ,3704
SEPTIEMBRE,PARAGUAY,AMÉRICA DEL SUR,CEBAF - TUMBES,8
SEPTIEMBRE,PARAGUAY,AMÉRICA DEL SUR,DESAGUADERO,90
SEPTIEMBRE,PARAGUAY,AMÉRICA DEL SUR,KASANI,18
SEPTIEMBRE,PARAGUAY,AMÉRICA DEL SUR,OTRAS OCM,32
SEPTIEMBRE,PARAGUAY,AMÉRICA DEL SUR,SANTA ROSA,273
SEPTIEMBRE,PAÍSES BAJOS (HOLANDA),EUROPA,AEROPUERTO INTERNACIONAL JORGE CHÁVEZ,13665
SEPTIEMBRE,PAÍSES BAJOS (HOLANDA),EUROPA,CEBAF - TUMBES,193
SEPTIEMBRE,PAÍSES BAJOS (HOLANDA),EUROPA,DESAGUADERO,304
SEPTIEMBRE,PAÍSES BAJOS (HOLANDA),EUROPA,KASANI,342
SEPTIEMBRE,PAÍSES BAJOS (HOLANDA),EUROPA,OTRAS OCM,287
SEPTIEMBRE,PAÍSES BAJOS (HOLANDA),EUROPA,SANTA ROSA,73
SEPTIEMBRE,POLONIA,EUROPA,AEROPUERTO INTERNACIONAL JORGE CHÁVEZ,5835
SEPTIEMBRE,POLONIA,EUROPA,CEBAF - TUMBES,43
SEPTIEMBRE,POLONIA,EUROPA,DESAGUADERO,586
SEPTIEMBRE,POLONIA,EUROPA,KASANI,766
SEPTIEMBRE,POLONIA,EUROPA,OTRAS OCM,193
SEPTIEMBRE,POLONIA,EUROPA,SANTA ROSA,28
SEPTIEMBRE,PORTUGAL,EUROPA,AEROPUERTO INTERNACIONAL JORGE CHÁVEZ,2915
SEPTIEMBRE,PORTUGAL,EUROPA,CEBAF - TUMBES,34
SEPTIEMBRE,PORTUGAL,EUROPA,DESAGUADERO,32
SEPTIEMBRE,PORTUGAL,EUROPA,KASANI,42
SEPTIEMBRE,PORTUGAL,EUROPA,OTRAS OCM,80
SEPTIEMBRE,PORTUGAL,EUROPA,SANTA ROSA,21
SEPTIEMBRE,PTO. RICO,AMÉRICA CENTRAL,AEROPUERTO INTERNACIONAL JORGE CHÁVEZ,696
SEPTIEMBRE,PTO. RICO,AMÉRICA CENTRAL,CEBAF - TUMBES,0
SEPTIEMBRE,PTO. RICO,AMÉRICA CENTRAL,DESAGUADERO,1
SEPTIEMBRE,PTO. RICO,AMÉRICA CENTRAL,KASANI,0
SEPTIEMBRE,PTO. RICO,AMÉRICA CENTRAL,OTRAS OCM,3
SEPTIEMBRE,PTO. RICO,AMÉRICA CENTRAL,SANTA ROSA,0
SEPTIEMBRE,R.F. YUGOSLAVIA,EUROPA,AEROPUERTO INTERNACIONAL JORGE CHÁVEZ,0
SEPTIEMBRE,R.F. YUGOSLAVIA,EUROPA,CEBAF - TUMBES,0
SEPTIEMBRE,R.F. YUGOSLAVIA,EUROPA,DESAGUADERO,0
SEPTIEMBRE,R.F. YUGOSLAVIA,EUROPA,KASANI,0
SEPTIEMBRE,R.F. YUGOSLAVIA,EUROPA,OTRAS OCM,0
SEPTIEMBRE,R.F. YUGOSLAVIA,EUROPA,SANTA ROSA,0
SEPTIEMBRE,REINO UNIDO,EUROPA,AEROPUERTO INTERNACIONAL JORGE CHÁVEZ,25287
SEPTIEMBRE,REINO UNIDO,EUROPA,CEBAF - TUMBES,559
SEPTIEMBRE,REINO UNIDO,EUROPA,DESAGUADERO,449
SEPTIEMBRE,REINO UNIDO,EUROPA,KASANI,628
SEPTIEMBRE,REINO UNIDO,EUROPA,OTRAS OCM,1795
SEPTIEMBRE,REINO UNIDO,EUROPA,SANTA ROSA,125
SEPTIEMBRE,REP. CENTROAFRICANA,ÁFRICA,AEROPUERTO INTERNACIONAL JORGE CHÁVEZ,0
SEPTIEMBRE,REP. CENTROAFRICANA,ÁFRICA,CEBAF - TUMBES,0
SEPTIEMBRE,REP. CENTROAFRICANA,ÁFRICA,DESAGUADERO,0
SEPTIEMBRE,REP. CENTROAFRICANA,ÁFRICA,KASANI,0
SEPTIEMBRE,REP. CENTROAFRICANA,ÁFRICA,OTRAS OCM,0
SEPTIEMBRE,REP. CENTROAFRICANA,ÁFRICA,SANTA ROSA,0
SEPTIEMBRE,REP. CHECA,EUROPA,AEROPUERTO INTERNACIONAL JORGE CHÁVEZ,2628
SEPTIEMBRE,REP. CHECA,EUROPA,CEBAF - TUMBES,24
SEPTIEMBRE,REP. CHECA,EUROPA,DESAGUADERO,191
SEPTIEMBRE,REP. CHECA,EUROPA,KASANI,190
SEPTIEMBRE,REP. CHECA,EUROPA,OTRAS OCM,58
SEPTIEMBRE,REP. CHECA,EUROPA,SANTA ROSA,121
SEPTIEMBRE,REP. DOMINICANA,AMÉRICA CENTRAL,AEROPUERTO INTERNACIONAL JORGE CHÁVEZ,5091
SEPTIEMBRE,REP. DOMINICANA,AMÉRICA CENTRAL,CEBAF - TUMBES,269
SEPTIEMBRE,REP. DOMINICANA,AMÉRICA CENTRAL,DESAGUADERO,3
SEPTIEMBRE,REP. DOMINICANA,AMÉRICA CENTRAL,KASANI,7
SEPTIEMBRE,REP. DOMINICANA,AMÉRICA CENTRAL,OTRAS OCM,76
SEPTIEMBRE,REP. DOMINICANA,AMÉRICA CENTRAL,SANTA ROSA,122
SEPTIEMBRE,REP. MOLDOVA,EUROPA,AEROPUERTO INTERNACIONAL JORGE CHÁVEZ,1
SEPTIEMBRE,REP. MOLDOVA,EUROPA,CEBAF - TUMBES,0
SEPTIEMBRE,REP. MOLDOVA,EUROPA,DESAGUADERO,0
SEPTIEMBRE,REP. MOLDOVA,EUROPA,KASANI,0
SEPTIEMBRE,REP. MOLDOVA,EUROPA,OTRAS OCM,0
SEPTIEMBRE,REP. MOLDOVA,EUROPA,SANTA ROSA,0
SEPTIEMBRE,RESTO DEL MUNDO,RESTO DEL MUNDO,AEROPUERTO INTERNACIONAL JORGE CHÁVEZ,443
SEPTIEMBRE,RESTO DEL MUNDO,RESTO DEL MUNDO,CEBAF - TUMBES,3
SEPTIEMBRE,RESTO DEL MUNDO,RESTO DEL MUNDO,DESAGUADERO,0
SEPTIEMBRE,RESTO DEL MUNDO,RESTO DEL MUNDO,KASANI,4
SEPTIEMBRE,RESTO DEL MUNDO,RESTO DEL MUNDO,OTRAS OCM,25
SEPTIEMBRE,RESTO DEL MUNDO,RESTO DEL MUNDO,SANTA ROSA,3
SEPTIEMBRE,RUMANIA,EUROPA,AEROPUERTO INTERNACIONAL JORGE CHÁVEZ,1818
SEPTIEMBRE,RUMANIA,EUROPA,CEBAF - TUMBES,10
SEPTIEMBRE,RUMANIA,EUROPA,DESAGUADERO,20
SEPTIEMBRE,RUMANIA,EUROPA,KASANI,46
SEPTIEMBRE,RUMANIA,EUROPA,OTRAS OCM,73
SEPTIEMBRE,RUMANIA,EUROPA,SANTA ROSA,4
SEPTIEMBRE,RUSIA,EUROPA,AEROPUERTO INTERNACIONAL JORGE CHÁVEZ,2534
SEPTIEMBRE,RUSIA,EUROPA,CEBAF - TUMBES,36
SEPTIEMBRE,RUSIA,EUROPA,DESAGUADERO,38
SEPTIEMBRE,RUSIA,EUROPA,KASANI,28
SEPTIEMBRE,RUSIA,EUROPA,OTRAS OCM,141
SEPTIEMBRE,RUSIA,EUROPA,SANTA ROSA,25
SEPTIEMBRE,RWANDA,ÁFRICA,AEROPUERTO INTERNACIONAL JORGE CHÁVEZ,7
SEPTIEMBRE,RWANDA,ÁFRICA,CEBAF - TUMBES,0
SEPTIEMBRE,RWANDA,ÁFRICA,DESAGUADERO,0
SEPTIEMBRE,RWANDA,ÁFRICA,KASANI,0
SEPTIEMBRE,RWANDA,ÁFRICA,OTRAS OCM,0
SEPTIEMBRE,RWANDA,ÁFRICA,SANTA ROSA,0
SEPTIEMBRE,SAINT KITIS Y NEVIS,AMÉRICA CENTRAL,AEROPUERTO INTERNACIONAL JORGE CHÁVEZ,17
SEPTIEMBRE,SAINT KITIS Y NEVIS,AMÉRICA CENTRAL,CEBAF - TUMBES,0
SEPTIEMBRE,SAINT KITIS Y NEVIS,AMÉRICA CENTRAL,DESAGUADERO,0
SEPTIEMBRE,SAINT KITIS Y NEVIS,AMÉRICA CENTRAL,KASANI,0
SEPTIEMBRE,SAINT KITIS Y NEVIS,AMÉRICA CENTRAL,OTRAS OCM,3
SEPTIEMBRE,SAINT KITIS Y NEVIS,AMÉRICA CENTRAL,SANTA ROSA,0
SEPTIEMBRE,SALOMÓN ISLA,OCEANÍA,AEROPUERTO INTERNACIONAL JORGE CHÁVEZ,24
SEPTIEMBRE,SALOMÓN ISLA,OCEANÍA,CEBAF - TUMBES,0
SEPTIEMBRE,SALOMÓN ISLA,OCEANÍA,DESAGUADERO,0
SEPTIEMBRE,SALOMÓN ISLA,OCEANÍA,KASANI,0
SEPTIEMBRE,SALOMÓN ISLA,OCEANÍA,OTRAS OCM,1
SEPTIEMBRE,SALOMÓN ISLA,OCEANÍA,SANTA ROSA,0
SEPTIEMBRE,SAMOA OCCIDENTAL,OCEANÍA,AEROPUERTO INTERNACIONAL JORGE CHÁVEZ,0
SEPTIEMBRE,SAMOA OCCIDENTAL,OCEANÍA,CEBAF - TUMBES,0
SEPTIEMBRE,SAMOA OCCIDENTAL,OCEANÍA,DESAGUADERO,0
SEPTIEMBRE,SAMOA OCCIDENTAL,OCEANÍA,KASANI,0
SEPTIEMBRE,SAMOA OCCIDENTAL,OCEANÍA,OTRAS OCM,1
SEPTIEMBRE,SAMOA OCCIDENTAL,OCEANÍA,SANTA ROSA,0
SEPTIEMBRE,SAN MARINO,EUROPA,AEROPUERTO INTERNACIONAL JORGE CHÁVEZ,15
SEPTIEMBRE,SAN MARINO,EUROPA,CEBAF - TUMBES,0
SEPTIEMBRE,SAN MARINO,EUROPA,DESAGUADERO,1
SEPTIEMBRE,SAN MARINO,EUROPA,KASANI,0
SEPTIEMBRE,SAN MARINO,EUROPA,OTRAS OCM,0
SEPTIEMBRE,SAN MARINO,EUROPA,SANTA ROSA,0
SEPTIEMBRE,SAN VIC. GRANADINAS,AMÉRICA CENTRAL,AEROPUERTO INTERNACIONAL JORGE CHÁVEZ,9
SEPTIEMBRE,SAN VIC. GRANADINAS,AMÉRICA CENTRAL,CEBAF - TUMBES,1
SEPTIEMBRE,SAN VIC. GRANADINAS,AMÉRICA CENTRAL,DESAGUADERO,0
SEPTIEMBRE,SAN VIC. GRANADINAS,AMÉRICA CENTRAL,KASANI,0
SEPTIEMBRE,SAN VIC. GRANADINAS,AMÉRICA CENTRAL,OTRAS OCM,0
SEPTIEMBRE,SAN VIC. GRANADINAS,AMÉRICA CENTRAL,SANTA ROSA,0
SEPTIEMBRE,SANTA LUCÍA,AMÉRICA CENTRAL,AEROPUERTO INTERNACIONAL JORGE CHÁVEZ,13
SEPTIEMBRE,SANTA LUCÍA,AMÉRICA CENTRAL,CEBAF - TUMBES,0
SEPTIEMBRE,SANTA LUCÍA,AMÉRICA CENTRAL,DESAGUADERO,0
SEPTIEMBRE,SANTA LUCÍA,AMÉRICA CENTRAL,KASANI,0
SEPTIEMBRE,SANTA LUCÍA,AMÉRICA CENTRAL,OTRAS OCM,0
SEPTIEMBRE,SANTA LUCÍA,AMÉRICA CENTRAL,SANTA ROSA,0
SEPTIEMBRE,SENEGAL,ÁFRICA,AEROPUERTO INTERNACIONAL JORGE CHÁVEZ,13
SEPTIEMBRE,SENEGAL,ÁFRICA,CEBAF - TUMBES,0
SEPTIEMBRE,SENEGAL,ÁFRICA,DESAGUADERO,0
SEPTIEMBRE,SENEGAL,ÁFRICA,KASANI,0
SEPTIEMBRE,SENEGAL,ÁFRICA,OTRAS OCM,1
SEPTIEMBRE,SENEGAL,ÁFRICA,SANTA ROSA,0
SEPTIEMBRE,SEYCHELLES,ÁFRICA,AEROPUERTO INTERNACIONAL JORGE CHÁVEZ,1
SEPTIEMBRE,SEYCHELLES,ÁFRICA,CEBAF - TUMBES,0
SEPTIEMBRE,SEYCHELLES,ÁFRICA,DESAGUADERO,0
SEPTIEMBRE,SEYCHELLES,ÁFRICA,KASANI,0
SEPTIEMBRE,SEYCHELLES,ÁFRICA,OTRAS OCM,0
SEPTIEMBRE,SEYCHELLES,ÁFRICA,SANTA ROSA,0
SEPTIEMBRE,SIERRA LEONA,ÁFRICA,AEROPUERTO INTERNACIONAL JORGE CHÁVEZ,1
SEPTIEMBRE,SIERRA LEONA,ÁFRICA,CEBAF - TUMBES,0
SEPTIEMBRE,SIERRA LEONA,ÁFRICA,DESAGUADERO,0
SEPTIEMBRE,SIERRA LEONA,ÁFRICA,KASANI,0
SEPTIEMBRE,SIERRA LEONA,ÁFRICA,OTRAS OCM,0
SEPTIEMBRE,SIERRA LEONA,ÁFRICA,SANTA ROSA,0
SEPTIEMBRE,SIKKIM,ASIA,AEROPUERTO INTERNACIONAL JORGE CHÁVEZ,0
SEPTIEMBRE,SIKKIM,ASIA,CEBAF - TUMBES,0
SEPTIEMBRE,SIKKIM,ASIA,DESAGUADERO,0
SEPTIEMBRE,SIKKIM,ASIA,KASANI,0
SEPTIEMBRE,SIKKIM,ASIA,OTRAS OCM,0
SEPTIEMBRE,SIKKIM,ASIA,SANTA ROSA,0
SEPTIEMBRE,SINGAPUR,ASIA,AEROPUERTO INTERNACIONAL JORGE CHÁVEZ,1072
SEPTIEMBRE,SINGAPUR,ASIA,CEBAF - TUMBES,4
SEPTIEMBRE,SINGAPUR,ASIA,DESAGUADERO,10
SEPTIEMBRE,SINGAPUR,ASIA,KASANI,8
SEPTIEMBRE,SINGAPUR,ASIA,OTRAS OCM,78
SEPTIEMBRE,SINGAPUR,ASIA,SANTA ROSA,4
SEPTIEMBRE,SIRIA,ASIA,AEROPUERTO INTERNACIONAL JORGE CHÁVEZ,18
SEPTIEMBRE,SIRIA,ASIA,CEBAF - TUMBES,0
SEPTIEMBRE,SIRIA,ASIA,DESAGUADERO,0
SEPTIEMBRE,SIRIA,ASIA,KASANI,0
SEPTIEMBRE,SIRIA,ASIA,OTRAS OCM,0
SEPTIEMBRE,SIRIA,ASIA,SANTA ROSA,0
SEPTIEMBRE,SOMALIA,ÁFRICA,AEROPUERTO INTERNACIONAL JORGE CHÁVEZ,4
SEPTIEMBRE,SOMALIA,ÁFRICA,CEBAF - TUMBES,0
SEPTIEMBRE,SOMALIA,ÁFRICA,DESAGUADERO,0
SEPTIEMBRE,SOMALIA,ÁFRICA,KASANI,0
SEPTIEMBRE,SOMALIA,ÁFRICA,OTRAS OCM,0
SEPTIEMBRE,SOMALIA,ÁFRICA,SANTA ROSA,0
SEPTIEMBRE,SRI LANKA,ASIA,AEROPUERTO INTERNACIONAL JORGE CHÁVEZ,51
SEPTIEMBRE,SRI LANKA,ASIA,CEBAF - TUMBES,0
SEPTIEMBRE,SRI LANKA,ASIA,DESAGUADERO,8
SEPTIEMBRE,SRI LANKA,ASIA,KASANI,1
SEPTIEMBRE,SRI LANKA,ASIA,OTRAS OCM,6
SEPTIEMBRE,SRI LANKA,ASIA,SANTA ROSA,0
SEPTIEMBRE,STO. TOMÉ Y PRÍNCIPE,ÁFRICA,AEROPUERTO INTERNACIONAL JORGE CHÁVEZ,0
SEPTIEMBRE,STO. TOMÉ Y PRÍNCIPE,ÁFRICA,CEBAF - TUMBES,0
SEPTIEMBRE,STO. TOMÉ Y PRÍNCIPE,ÁFRICA,DESAGUADERO,0
SEPTIEMBRE,STO. TOMÉ Y PRÍNCIPE,ÁFRICA,KASANI,0
SEPTIEMBRE,STO. TOMÉ Y PRÍNCIPE,ÁFRICA,OTRAS OCM,2
SEPTIEMBRE,STO. TOMÉ Y PRÍNCIPE,ÁFRICA,SANTA ROSA,0
SEPTIEMBRE,SUDÁFRICA,ÁFRICA,AEROPUERTO INTERNACIONAL JORGE CHÁVEZ,914
SEPTIEMBRE,SUDÁFRICA,ÁFRICA,CEBAF - TUMBES,15
SEPTIEMBRE,SUDÁFRICA,ÁFRICA,DESAGUADERO,58
SEPTIEMBRE,SUDÁFRICA,ÁFRICA,KASANI,6
SEPTIEMBRE,SUDÁFRICA,ÁFRICA,OTRAS OCM,39
SEPTIEMBRE,SUDÁFRICA,ÁFRICA,SANTA ROSA,23
SEPTIEMBRE,SUDÁN,ÁFRICA,AEROPUERTO INTERNACIONAL JORGE CHÁVEZ,2
SEPTIEMBRE,SUDÁN,ÁFRICA,CEBAF - TUMBES,0
SEPTIEMBRE,SUDÁN,ÁFRICA,DESAGUADERO,0
SEPTIEMBRE,SUDÁN,ÁFRICA,KASANI,0
SEPTIEMBRE,SUDÁN,ÁFRICA,OTRAS OCM,0
SEPTIEMBRE,SUDÁN,ÁFRICA,SANTA ROSA,0
SEPTIEMBRE,SUECIA,EUROPA,AEROPUERTO INTERNACIONAL JORGE CHÁVEZ,2523
SEPTIEMBRE,SUECIA,EUROPA,CEBAF - TUMBES,15
SEPTIEMBRE,SUECIA,EUROPA,DESAGUADERO,27
SEPTIEMBRE,SUECIA,EUROPA,KASANI,41
SEPTIEMBRE,SUECIA,EUROPA,OTRAS OCM,70
SEPTIEMBRE,SUECIA,EUROPA,SANTA ROSA,31
SEPTIEMBRE,SUIZA,EUROPA,AEROPUERTO INTERNACIONAL JORGE CHÁVEZ,6210
SEPTIEMBRE,SUIZA,EUROPA,CEBAF - TUMBES,172
SEPTIEMBRE,SUIZA,EUROPA,DESAGUADERO,247
SEPTIEMBRE,SUIZA,EUROPA,KASANI,220
SEPTIEMBRE,SUIZA,EUROPA,OTRAS OCM,214
SEPTIEMBRE,SUIZA,EUROPA,SANTA ROSA,76
SEPTIEMBRE,SURINAM,AMÉRICA DEL SUR,AEROPUERTO INTERNACIONAL JORGE CHÁVEZ,122
SEPTIEMBRE,SURINAM,AMÉRICA DEL SUR,CEBAF - TUMBES,1
SEPTIEMBRE,SURINAM,AMÉRICA DEL SUR,DESAGUADERO,0
SEPTIEMBRE,SURINAM,AMÉRICA DEL SUR,KASANI,0
SEPTIEMBRE,SURINAM,AMÉRICA DEL SUR,OTRAS OCM,1
SEPTIEMBRE,SURINAM,AMÉRICA DEL SUR,SANTA ROSA,0
SEPTIEMBRE,SWAZILANDIA,ÁFRICA,AEROPUERTO INTERNACIONAL JORGE CHÁVEZ,0
SEPTIEMBRE,SWAZILANDIA,ÁFRICA,CEBAF - TUMBES,0
SEPTIEMBRE,SWAZILANDIA,ÁFRICA,DESAGUADERO,0
SEPTIEMBRE,SWAZILANDIA,ÁFRICA,KASANI,0
SEPTIEMBRE,SWAZILANDIA,ÁFRICA,OTRAS OCM,0
SEPTIEMBRE,SWAZILANDIA,ÁFRICA,SANTA ROSA,0
SEPTIEMBRE,TAILANDIA,ASIA,AEROPUERTO INTERNACIONAL JORGE CHÁVEZ,447
SEPTIEMBRE,TAILANDIA,ASIA,CEBAF - TUMBES,3
SEPTIEMBRE,TAILANDIA,ASIA,DESAGUADERO,3
SEPTIEMBRE,TAILANDIA,ASIA,KASANI,3
SEPTIEMBRE,TAILANDIA,ASIA,OTRAS OCM,27
SEPTIEMBRE,TAILANDIA,ASIA,SANTA ROSA,1
SEPTIEMBRE,TAIWÁN,ASIA,AEROPUERTO INTERNACIONAL JORGE CHÁVEZ,2385
SEPTIEMBRE,TAIWÁN,ASIA,CEBAF - TUMBES,12
SEPTIEMBRE,TAIWÁN,ASIA,DESAGUADERO,20
SEPTIEMBRE,TAIWÁN,ASIA,KASANI,11
SEPTIEMBRE,TAIWÁN,ASIA,OTRAS OCM,57
SEPTIEMBRE,TAIWÁN,ASIA,SANTA ROSA,28
SEPTIEMBRE,TANZANIA,ÁFRICA,AEROPUERTO INTERNACIONAL JORGE CHÁVEZ,24
SEPTIEMBRE,TANZANIA,ÁFRICA,CEBAF - TUMBES,0
SEPTIEMBRE,TANZANIA,ÁFRICA,DESAGUADERO,0
SEPTIEMBRE,TANZANIA,ÁFRICA,KASANI,0
SEPTIEMBRE,TANZANIA,ÁFRICA,OTRAS OCM,3
SEPTIEMBRE,TANZANIA,ÁFRICA,SANTA ROSA,0
SEPTIEMBRE,TAYIKISTÁN,ASIA,AEROPUERTO INTERNACIONAL JORGE CHÁVEZ,4
SEPTIEMBRE,TAYIKISTÁN,ASIA,CEBAF - TUMBES,0
SEPTIEMBRE,TAYIKISTÁN,ASIA,DESAGUADERO,1
SEPTIEMBRE,TAYIKISTÁN,ASIA,KASANI,0
SEPTIEMBRE,TAYIKISTÁN,ASIA,OTRAS OCM,0
SEPTIEMBRE,TAYIKISTÁN,ASIA,SANTA ROSA,0
SEPTIEMBRE,TOGO,ÁFRICA,AEROPUERTO INTERNACIONAL JORGE CHÁVEZ,3
SEPTIEMBRE,TOGO,ÁFRICA,CEBAF - TUMBES,0
SEPTIEMBRE,TOGO,ÁFRICA,DESAGUADERO,0
SEPTIEMBRE,TOGO,ÁFRICA,KASANI,0
SEPTIEMBRE,TOGO,ÁFRICA,OTRAS OCM,0
SEPTIEMBRE,TOGO,ÁFRICA,SANTA ROSA,0
SEPTIEMBRE,TONGA,OCEANÍA,AEROPUERTO INTERNACIONAL JORGE CHÁVEZ,3
SEPTIEMBRE,TONGA,OCEANÍA,CEBAF - TUMBES,0
SEPTIEMBRE,TONGA,OCEANÍA,DESAGUADERO,0
SEPTIEMBRE,TONGA,OCEANÍA,KASANI,0
SEPTIEMBRE,TONGA,OCEANÍA,OTRAS OCM,0
SEPTIEMBRE,TONGA,OCEANÍA,SANTA ROSA,0
SEPTIEMBRE,TRINIDAD Y TOBAGO,AMÉRICA CENTRAL,AEROPUERTO INTERNACIONAL JORGE CHÁVEZ,266
SEPTIEMBRE,TRINIDAD Y TOBAGO,AMÉRICA CENTRAL,CEBAF - TUMBES,0
SEPTIEMBRE,TRINIDAD Y TOBAGO,AMÉRICA CENTRAL,DESAGUADERO,0
SEPTIEMBRE,TRINIDAD Y TOBAGO,AMÉRICA CENTRAL,KASANI,3
SEPTIEMBRE,TRINIDAD Y TOBAGO,AMÉRICA CENTRAL,OTRAS OCM,4
SEPTIEMBRE,TRINIDAD Y TOBAGO,AMÉRICA CENTRAL,SANTA ROSA,0
SEPTIEMBRE,TURKMENISTÁN,ASIA,AEROPUERTO INTERNACIONAL JORGE CHÁVEZ,0
SEPTIEMBRE,TURKMENISTÁN,ASIA,CEBAF - TUMBES,0
SEPTIEMBRE,TURKMENISTÁN,ASIA,DESAGUADERO,0
SEPTIEMBRE,TURKMENISTÁN,ASIA,KASANI,0
SEPTIEMBRE,TURKMENISTÁN,ASIA,OTRAS OCM,0
SEPTIEMBRE,TURKMENISTÁN,ASIA,SANTA ROSA,0
SEPTIEMBRE,TURQUÍA,ASIA,AEROPUERTO INTERNACIONAL JORGE CHÁVEZ,1032
SEPTIEMBRE,TURQUÍA,ASIA,CEBAF - TUMBES,16
SEPTIEMBRE,TURQUÍA,ASIA,DESAGUADERO,17
SEPTIEMBRE,TURQUÍA,ASIA,KASANI,17
SEPTIEMBRE,TURQUÍA,ASIA,OTRAS OCM,63
SEPTIEMBRE,TURQUÍA,ASIA,SANTA ROSA,35
SEPTIEMBRE,TUVALU,OCEANÍA,AEROPUERTO INTERNACIONAL JORGE CHÁVEZ,0
SEPTIEMBRE,TUVALU,OCEANÍA,CEBAF - TUMBES,0
SEPTIEMBRE,TUVALU,OCEANÍA,DESAGUADERO,0
SEPTIEMBRE,TUVALU,OCEANÍA,KASANI,0
SEPTIEMBRE,TUVALU,OCEANÍA,OTRAS OCM,0
SEPTIEMBRE,TUVALU,OCEANÍA,SANTA ROSA,0
SEPTIEMBRE,TÚNEZ,ÁFRICA,AEROPUERTO INTERNACIONAL JORGE CHÁVEZ,40
SEPTIEMBRE,TÚNEZ,ÁFRICA,CEBAF - TUMBES,0
SEPTIEMBRE,TÚNEZ,ÁFRICA,DESAGUADERO,0
SEPTIEMBRE,TÚNEZ,ÁFRICA,KASANI,0
SEPTIEMBRE,TÚNEZ,ÁFRICA,OTRAS OCM,0
SEPTIEMBRE,TÚNEZ,ÁFRICA,SANTA ROSA,0
SEPTIEMBRE,UCRANIA,EUROPA,AEROPUERTO INTERNACIONAL JORGE CHÁVEZ,1068
SEPTIEMBRE,UCRANIA,EUROPA,CEBAF - TUMBES,9
SEPTIEMBRE,UCRANIA,EUROPA,DESAGUADERO,7
SEPTIEMBRE,UCRANIA,EUROPA,KASANI,7
SEPTIEMBRE,UCRANIA,EUROPA,OTRAS OCM,143
SEPTIEMBRE,UCRANIA,EUROPA,SANTA ROSA,9
SEPTIEMBRE,UGANDA,ÁFRICA,AEROPUERTO INTERNACIONAL JORGE CHÁVEZ,23
SEPTIEMBRE,UGANDA,ÁFRICA,CEBAF - TUMBES,0
SEPTIEMBRE,UGANDA,ÁFRICA,DESAGUADERO,1
SEPTIEMBRE,UGANDA,ÁFRICA,KASANI,0
SEPTIEMBRE,UGANDA,ÁFRICA,OTRAS OCM,0
SEPTIEMBRE,UGANDA,ÁFRICA,SANTA ROSA,0
SEPTIEMBRE,URUGUAY,AMÉRICA DEL SUR,AEROPUERTO INTERNACIONAL JORGE CHÁVEZ,7565
SEPTIEMBRE,URUGUAY,AMÉRICA DEL SUR,CEBAF - TUMBES,60
SEPTIEMBRE,URUGUAY,AMÉRICA DEL SUR,DESAGUADERO,51
SEPTIEMBRE,URUGUAY,AMÉRICA DEL SUR,KASANI,60
SEPTIEMBRE,URUGUAY,AMÉRICA DEL SUR,OTRAS OCM,327
SEPTIEMBRE,URUGUAY,AMÉRICA DEL SUR,SANTA ROSA,159
SEPTIEMBRE,UZBEKISTÁN,ASIA,AEROPUERTO INTERNACIONAL JORGE CHÁVEZ,24
SEPTIEMBRE,UZBEKISTÁN,ASIA,CEBAF - TUMBES,0
SEPTIEMBRE,UZBEKISTÁN,ASIA,DESAGUADERO,0
SEPTIEMBRE,UZBEKISTÁN,ASIA,KASANI,0
SEPTIEMBRE,UZBEKISTÁN,ASIA,OTRAS OCM,0
SEPTIEMBRE,UZBEKISTÁN,ASIA,SANTA ROSA,0
SEPTIEMBRE,VANUATU,OCEANÍA,AEROPUERTO INTERNACIONAL JORGE CHÁVEZ,2
SEPTIEMBRE,VANUATU,OCEANÍA,CEBAF - TUMBES,0
SEPTIEMBRE,VANUATU,OCEANÍA,DESAGUADERO,0
SEPTIEMBRE,VANUATU,OCEANÍA,KASANI,1
SEPTIEMBRE,VANUATU,OCEANÍA,OTRAS OCM,1
SEPTIEMBRE,VANUATU,OCEANÍA,SANTA ROSA,0
SEPTIEMBRE,VATICANO,EUROPA,AEROPUERTO INTERNACIONAL JORGE CHÁVEZ,0
SEPTIEMBRE,VATICANO,EUROPA,CEBAF - TUMBES,0
SEPTIEMBRE,VATICANO,EUROPA,DESAGUADERO,0
SEPTIEMBRE,VATICANO,EUROPA,KASANI,0
SEPTIEMBRE,VATICANO,EUROPA,OTRAS OCM,0
SEPTIEMBRE,VATICANO,EUROPA,SANTA ROSA,0
SEPTIEMBRE,VENEZUELA,AMÉRICA DEL SUR,AEROPUERTO INTERNACIONAL JORGE CHÁVEZ,2860
SEPTIEMBRE,VENEZUELA,AMÉRICA DEL SUR,CEBAF - TUMBES,1839
SEPTIEMBRE,VENEZUELA,AMÉRICA DEL SUR,DESAGUADERO,31
SEPTIEMBRE,VENEZUELA,AMÉRICA DEL SUR,KASANI,8
SEPTIEMBRE,VENEZUELA,AMÉRICA DEL SUR,OTRAS OCM,254
SEPTIEMBRE,VENEZUELA,AMÉRICA DEL SUR,SANTA ROSA,215
SEPTIEMBRE,VIETNAM,ASIA,AEROPUERTO INTERNACIONAL JORGE CHÁVEZ,259
SEPTIEMBRE,VIETNAM,ASIA,CEBAF - TUMBES,2
SEPTIEMBRE,VIETNAM,ASIA,DESAGUADERO,4
SEPTIEMBRE,VIETNAM,ASIA,KASANI,0
SEPTIEMBRE,VIETNAM,ASIA,OTRAS OCM,33
SEPTIEMBRE,VIETNAM,ASIA,SANTA ROSA,0
SEPTIEMBRE,YEMEN,ASIA,AEROPUERTO INTERNACIONAL JORGE CHÁVEZ,4
SEPTIEMBRE,YEMEN,ASIA,CEBAF - TUMBES,0
SEPTIEMBRE,YEMEN,ASIA,DESAGUADERO,0
SEPTIEMBRE,YEMEN,ASIA,KASANI,0
SEPTIEMBRE,YEMEN,ASIA,OTRAS OCM,0
SEPTIEMBRE,YEMEN,ASIA,SANTA ROSA,0
SEPTIEMBRE,ZAMBIA,ÁFRICA,AEROPUERTO INTERNACIONAL JORGE CHÁVEZ,11
SEPTIEMBRE,ZAMBIA,ÁFRICA,CEBAF - TUMBES,0
SEPTIEMBRE,ZAMBIA,ÁFRICA,DESAGUADERO,0
SEPTIEMBRE,ZAMBIA,ÁFRICA,KASANI,0
SEPTIEMBRE,ZAMBIA,ÁFRICA,OTRAS OCM,0
SEPTIEMBRE,ZAMBIA,ÁFRICA,SANTA ROSA,0
SEPTIEMBRE,ZIMBABWE,ÁFRICA,AEROPUERTO INTERNACIONAL JORGE CHÁVEZ,24
SEPTIEMBRE,ZIMBABWE,ÁFRICA,CEBAF - TUMBES,0
SEPTIEMBRE,ZIMBABWE,ÁFRICA,DESAGUADERO,0
SEPTIEMBRE,ZIMBABWE,ÁFRICA,KASANI,0
SEPTIEMBRE,ZIMBABWE,ÁFRICA,OTRAS OCM,0
SEPTIEMBRE,ZIMBABWE,ÁFRICA,SANTA ROSA,0
